ID,train_number,planned_arrival,planned_departure,planned_platform,planned_status,category_train,train,path,eva_nr,station_name,station_state,station_city,station_zipcode,station_long,station_lat,station_category,changed_arrival,changed_platform_arrival,changed_departure,changed_platform_departure,message_status,priority,info,arrival_hidden,departure_hidden,arrival_path,departure_path,arrival_status,departure_status,arrival_delay_m,departure_delay_m
9072809401414477062-2608261550-6,7147,2608261609,2608261610,3,,S,S1,Kirchheim(Teck)|Kirchheim(Teck)-Ötlingen|Wendlingen(Neckar)|Wernau(Neckar)|Plochingen,8000508,Altbach,Baden-Württemberg,Altbach,73776,9.382434033,48.72031354,3,2608261609,,2608261610,,,,,,,,,,,0.0,0.0
1890742567431507346-2608261625-10,7146,2608261650,2608261650,4,,S,S1,Stuttgart Hbf|Stuttgart-Bad Cannstatt|Stuttgart Neckarpark|Stuttgart-Untertürkheim|Stuttgart-Obertürkheim|Esslingen-Mettingen|Esslingen(Neckar)|Oberesslingen|Esslingen-Zell,8000508,Altbach,Baden-Württemberg,Altbach,73776,9.382434033,48.72031354,3,2608261659,,2608261700,,,,,,,,,,,9.0,10.0
6037772526634891708-2608261555-10,7144,2608261620,2608261620,4,,S,S1,Stuttgart Hbf|Stuttgart-Bad Cannstatt|Stuttgart Neckarpark|Stuttgart-Untertürkheim|Stuttgart-Obertürkheim|Esslingen-Mettingen|Esslingen(Neckar)|Oberesslingen|Esslingen-Zell,8000508,Altbach,Baden-Württemberg,Altbach,73776,9.382434033,48.72031354,3,2608261620,,2608261620,,,,,,,,,,,0.0,0.0
-7851813684664054699-2608261620-6,7149,2608261639,2608261640,3,,S,S1,Kirchheim(Teck)|Kirchheim(Teck)-Ötlingen|Wendlingen(Neckar)|Wernau(Neckar)|Plochingen,8000508,Altbach,Baden-Württemberg,Altbach,73776,9.382434033,48.72031354,3,2608261639,,2608261640,,,,,,,,,,,0.0,0.0
-3254435403021853572-2608261603-1,7447,,2608261603,,,S,S4,,8000016,Backnang,Baden-Württemberg,Backnang,71522,9.425986107,48.94264844,3,,,2608261603,,,,,,,,,,,0.0,0.0
4033286785786260573-2608261532-7,17546,2608261606,,4,,RB,,Gaildorf West|Fichtenberg|Fornsbach|Murrhardt|Sulzbach(Murr)|Oppenweiler(Württ),8000016,Backnang,Baden-Württemberg,Backnang,71522,9.425986107,48.94264844,3,2608261606,,,,,,,,,,,,,0.0,0.0
-7819160470553148770-2608261641-1,7349,,2608261641,,,S,S3,,8000016,Backnang,Baden-Württemberg,Backnang,71522,9.425986107,48.94264844,3,,,2608261641,,,,,,,,,,,0.0,0.0
-4004274244229684776-2608261612-12,7344,2608261648,,5,,S,,Stuttgart Hbf|Stuttgart-Bad Cannstatt|Stuttgart Nürnberger Str.|Stuttgart-Sommerrain|Fellbach|Waiblingen|Neustadt-Hohenacker|Schwaikheim|Winnenden|Nellmersbach|Maubach,8000016,Backnang,Baden-Württemberg,Backnang,71522,9.425986107,48.94264844,3,2608261656,,,,,,,,,,,,,8.0,0.0
-7748732492772087501-2608261607-14,7442,2608261652,,1,,S,,Stuttgart Hbf|Stuttgart Nordbahnhof|Stuttgart-Feuerbach|Stuttgart-Zuffenhausen|Kornwestheim Pbf|Ludwigsburg|Favoritepark|Freiberg(Neckar)|Benningen(Neckar)|Marbach(Neckar)|Erdmannhausen|Kirchberg(Murr)|Burgstall(Murr),8000016,Backnang,Baden-Württemberg,Backnang,71522,9.425986107,48.94264844,3,2608261652,,,,,,,,,,,,,0.0,0.0
-2983041268716826074-2608261611-1,7347,,2608261611,,,S,S3,,8000016,Backnang,Baden-Württemberg,Backnang,71522,9.425986107,48.94264844,3,,,2608261611,,,,,,,,,,,0.0,0.0
3730084801101419243-2608261621-1,17539,,2608261621,,,RE,MEX90,,8000016,Backnang,Baden-Württemberg,Backnang,71522,9.425986107,48.94264844,3,,,2608261621,,h,2,Störung,,,,,,,0.0,0.0
3420342321820958894-2608261438-16,88618,2608261636,2608261638,4,,ARV,RE90,Nürnberg Hbf|Roßtal|Heilsbronn|Wicklesgreuth|Ansbach|Leutershausen-Wiedersbach|Dombühl|Schnelldorf|Crailsheim|Eckartshausen-Ilshofen|Schwäbisch Hall-Hessental|Gaildorf West|Murrhardt|Sulzbach(Murr)|Oppenweiler(Württ),8000016,Backnang,Baden-Württemberg,Backnang,71522,9.425986107,48.94264844,3,2608261659,,2608261700,,,,,,,,,,,23.0,22.0
-2365839264405796350-2608261537-14,7440,2608261622,,1,,S,,Stuttgart Hbf|Stuttgart Nordbahnhof|Stuttgart-Feuerbach|Stuttgart-Zuffenhausen|Kornwestheim Pbf|Ludwigsburg|Favoritepark|Freiberg(Neckar)|Benningen(Neckar)|Marbach(Neckar)|Erdmannhausen|Kirchberg(Murr)|Burgstall(Murr),8000016,Backnang,Baden-Württemberg,Backnang,71522,9.425986107,48.94264844,3,2608261623,,,,,,,,,,,,,1.0,0.0
-1516279282303081361-2608261542-12,7342,2608261618,,5,,S,,Stuttgart Hbf|Stuttgart-Bad Cannstatt|Stuttgart Nürnberger Str.|Stuttgart-Sommerrain|Fellbach|Waiblingen|Neustadt-Hohenacker|Schwaikheim|Winnenden|Nellmersbach|Maubach,8000016,Backnang,Baden-Württemberg,Backnang,71522,9.425986107,48.94264844,3,2608261619,,,,,,,,,,,,,1.0,0.0
-6941686648187494295-2608261633-1,7449,,2608261633,,,S,S4,,8000016,Backnang,Baden-Württemberg,Backnang,71522,9.425986107,48.94264844,3,,,2608261633,,,,,,,,,,,0.0,0.0
8256892323728512755-2608261626-5,17541,2608261651,2608261652,4,,RB,MEX90,Stuttgart Hbf|Stuttgart-Bad Cannstatt|Waiblingen|Winnenden,8000016,Backnang,Baden-Württemberg,Backnang,71522,9.425986107,48.94264844,3,2608261706,,2608261707,,h,2,Störung,,,,,,,15.0,15.0
-3254435403021853572-2608261603-6,7447,2608261627,2608261627,2,,S,S4,Backnang|Burgstall(Murr)|Kirchberg(Murr)|Erdmannhausen|Marbach(Neckar),8000873,Benningen (Neckar),Baden-Württemberg,Benningen am Neckar,71726,9.244299075,48.94379773,5,2608261627,,2608261628,,,,,,,,,,,0.0,1.0
-7748732492772087501-2608261607-9,7442,2608261632,2608261633,1,,S,S4,Stuttgart Hbf|Stuttgart Nordbahnhof|Stuttgart-Feuerbach|Stuttgart-Zuffenhausen|Kornwestheim Pbf|Ludwigsburg|Favoritepark|Freiberg(Neckar),8000873,Benningen (Neckar),Baden-Württemberg,Benningen am Neckar,71726,9.244299075,48.94379773,5,2608261633,,2608261633,,,,,,,,,,,1.0,0.0
-2365839264405796350-2608261537-9,7440,2608261602,2608261603,1,,S,S4,Stuttgart Hbf|Stuttgart Nordbahnhof|Stuttgart-Feuerbach|Stuttgart-Zuffenhausen|Kornwestheim Pbf|Ludwigsburg|Favoritepark|Freiberg(Neckar),8000873,Benningen (Neckar),Baden-Württemberg,Benningen am Neckar,71726,9.244299075,48.94379773,5,2608261604,,2608261605,,,,,,,,,,,2.0,2.0
-6941686648187494295-2608261633-6,7449,2608261657,2608261657,2,,S,S4,Backnang|Burgstall(Murr)|Kirchberg(Murr)|Erdmannhausen|Marbach(Neckar),8000873,Benningen (Neckar),Baden-Württemberg,Benningen am Neckar,71726,9.244299075,48.94379773,5,2608261657,,2608261658,,,,,,,,,,,0.0,1.0
6086544143608493018-2608261633-6,7249,2608261645,2608261645,2,,S,S2,Schorndorf|Weiler(Rems)|Winterbach(b Schorndorf)|Geradstetten|Grunbach,8000934,Beutelsbach,Baden-Württemberg,Weinstadt,71384,9.38551589,48.81038925,5,2608261647,,2608261647,,h,1,Bauarbeiten,,,,,,,2.0,2.0
-5445906738201891339-2608261603-6,7247,2608261615,2608261615,2,,S,S2,Schorndorf|Weiler(Rems)|Winterbach(b Schorndorf)|Geradstetten|Grunbach,8000934,Beutelsbach,Baden-Württemberg,Weinstadt,71384,9.38551589,48.81038925,5,2608261615,,2608261615,,h,1,Bauarbeiten,,,,,,,0.0,0.0
60204090947316905-2608261620-10,7244,2608261643,2608261643,1,,S,S2,Stuttgart Hbf|Stuttgart-Bad Cannstatt|Stuttgart Nürnberger Str.|Stuttgart-Sommerrain|Fellbach|Waiblingen|Rommelshausen|Stetten-Beinstein|Endersbach,8000934,Beutelsbach,Baden-Württemberg,Weinstadt,71384,9.38551589,48.81038925,5,2608261650,,2608261651,,h,1,Bauarbeiten,,,,,,,7.0,8.0
1014763779494518341-2608261550-10,7242,2608261613,2608261613,1,,S,S2,Stuttgart Hbf|Stuttgart-Bad Cannstatt|Stuttgart Nürnberger Str.|Stuttgart-Sommerrain|Fellbach|Waiblingen|Rommelshausen|Stetten-Beinstein|Endersbach,8000934,Beutelsbach,Baden-Württemberg,Weinstadt,71384,9.38551589,48.81038925,5,2608261616,,2608261616,,h,1,Bauarbeiten,,,,,,,3.0,3.0
850856536630072674-2608261512-15,19525,2608261624,,4,,RE,,Karlsruhe Hbf|Karlsruhe-Durlach|Wilferdingen-Singen|Pforzheim Hbf|Eutingen(Baden)|Niefern|Enzberg|Mühlacker|Mühlacker Rößlesweg|Illingen(Württ)|Vaihingen(Enz)|Sersheim|Sachsenheim|Ellental,8000038,Bietigheim-Bissingen,Baden-Württemberg,Bietigheim-Bissingen,74321,9.137217396,48.94794988,2,2608261630,7,,,h,2,Bauarbeiten,,,,,,,6.0,0.0
-8025083312836719699-2608261636-1,19622,,2608261636,,,RE,MEX17,,8000038,Bietigheim-Bissingen,Baden-Württemberg,Bietigheim-Bissingen,74321,9.137217396,48.94794988,2,,,2608261636,,h,2,Bauarbeiten,,,,,,,0.0,0.0
4610662913402273988-2608261636-1,19522,,2608261636,,,RE,MEX17,,8000038,Bietigheim-Bissingen,Baden-Württemberg,Bietigheim-Bissingen,74321,9.137217396,48.94794988,2,,,2608261636,,h,2,Bauarbeiten,,,,,,,0.0,0.0
-3633189876618963402-2608261604-1,19520,,2608261604,,,RE,MEX17,,8000038,Bietigheim-Bissingen,Baden-Württemberg,Bietigheim-Bissingen,74321,9.137217396,48.94794988,2,,,2608261605,,h,2,Bauarbeiten,,,,,,,0.0,1.0
-7374615005335437929-2608261614-12,19527,2608261649,,4,,RE,,Pforzheim Hbf|Eutingen(Baden)|Niefern|Enzberg|Mühlacker|Mühlacker Rößlesweg|Illingen(Württ)|Vaihingen(Enz)|Sersheim|Sachsenheim|Ellental,8000038,Bietigheim-Bissingen,Baden-Württemberg,Bietigheim-Bissingen,74321,9.137217396,48.94794988,2,2608261651,7,,,h,2,Bauarbeiten,,,,,,,2.0,0.0
-700744146323234249-2608261616-6,7748,2608261630,2608261630,3,,S,S1,Herrenberg|Nufringen|Gärtringen|Ehningen(b Böblingen)|Hulb,8001055,Böblingen,Baden-Württemberg,Böblingen,71034,9.004531864,48.68784871,3,2608261632,,2608261634,,,,,,,,,,,2.0,4.0
-4934377407582477101-2608261538-16,7046,2608261626,,5,,S,,Stuttgart-Feuerbach|Stuttgart-Zuffenhausen|Neuwirtshaus(Porscheplatz)|Korntal|Weilimdorf|Ditzingen|Höfingen|Leonberg|Rutesheim|Renningen|Renningen Süd|Magstadt|Maichingen Nord|Maichingen|Sindelfingen,8001055,Böblingen,Baden-Württemberg,Böblingen,71034,9.004531864,48.68784871,3,2608261626,,,,,,,,,,,,,0.0,0.0
4046308478119658372-2608261546-6,7746,2608261600,2608261600,3,,S,S1,Herrenberg|Nufringen|Gärtringen|Ehningen(b Böblingen)|Hulb,8001055,Böblingen,Baden-Württemberg,Böblingen,71034,9.004531864,48.68784871,3,2608261600,,2608261601,,,,,,,,,,,0.0,1.0
-4254138139029607975-2608261632-12,8133,2608261655,,1,,WEG,,Dettenhausen|Weil im Schönbuch Untere Halde|Weil im Schönbuch Röte|Weil im Schönbuch Troppel|Holzgerlingen Buch|Holzgerlingen Bf|Holzgerlingen Hülben|Böblingen Zimmerschlag|Böblingen Heusteigstr|Böblingen Südbf|Böblingen Danziger Str,8001055,Böblingen,Baden-Württemberg,Böblingen,71034,9.004531864,48.68784871,3,2608261656,,,,,,,,,,,,,1.0,0.0
-3857587200421256648-2608261633-1,28488,,2608261633,,,RE,RESB,,8001055,Böblingen,Baden-Württemberg,Böblingen,71034,9.004531864,48.68784871,3,,,,,,,,,,,,,c,0.0,0.0
3052355004880075210-2608261634-1,7047,,2608261634,,,S,S60,,8001055,Böblingen,Baden-Württemberg,Böblingen,71034,9.004531864,48.68784871,3,,,2608261635,,,,,,,,,,,0.0,1.0
1385355651314404449-2608261603-3,28489,2608261626,,2,,RE,,Stuttgart Hbf|Stuttgart-Vaihingen,8001055,Böblingen,Baden-Württemberg,Böblingen,71034,9.004531864,48.68784871,3,2608261643,,,,,,,,,,,c,,17.0,0.0
-8351377194669505707-2608261612-3,17653,2608261638,2608261639,5,,RE,RE14b,Stuttgart Hbf|Stuttgart-Vaihingen,8001055,Böblingen,Baden-Württemberg,Böblingen,71034,9.004531864,48.68784871,3,2608261639,,2608261641,,h,1,Störung,,,,,,,1.0,2.0
-8635994245092485777-2608261605-1,8128,,2608261605,,,WEG,RB46,,8001055,Böblingen,Baden-Württemberg,Böblingen,71034,9.004531864,48.68784871,3,,,2608261605,,,,,,,,,,,0.0,0.0
2623969724242618233-2608261612-3,17655,2608261638,2608261639,5,,RE,RE14a,Stuttgart Hbf|Stuttgart-Vaihingen,8001055,Böblingen,Baden-Württemberg,Böblingen,71034,9.004531864,48.68784871,3,2608261639,,2608261641,,h,1,Störung,,,,,,,1.0,2.0
-3536192323965020429-2608261616-4,7745,2608261630,2608261630,4,,S,S1,Stuttgart-Vaihingen|Stuttgart-Rohr|Goldberg(Württ),8001055,Böblingen,Baden-Württemberg,Böblingen,71034,9.004531864,48.68784871,3,2608261630,,2608261630,,,,,,,,,,,0.0,0.0
-3938449558083296947-2608261608-16,7048,2608261656,,5,,S,,Stuttgart-Feuerbach|Stuttgart-Zuffenhausen|Neuwirtshaus(Porscheplatz)|Korntal|Weilimdorf|Ditzingen|Höfingen|Leonberg|Rutesheim|Renningen|Renningen Süd|Magstadt|Maichingen Nord|Maichingen|Sindelfingen,8001055,Böblingen,Baden-Württemberg,Böblingen,71034,9.004531864,48.68784871,3,2608261657,,,,,,,,,,,,,1.0,0.0
-3098895725265062817-2608261610-1,17651,,2608261610,,,RB,RB14a,,8001055,Böblingen,Baden-Württemberg,Böblingen,71034,9.004531864,48.68784871,3,,,2608261610,2,h,1,Störung,,,,,,,0.0,0.0
-6914583863248620869-2608261602-12,8129,2608261625,,1,,WEG,,Dettenhausen|Weil im Schönbuch Untere Halde|Weil im Schönbuch Röte|Weil im Schönbuch Troppel|Holzgerlingen Buch|Holzgerlingen Bf|Holzgerlingen Hülben|Böblingen Zimmerschlag|Böblingen Heusteigstr|Böblingen Südbf|Böblingen Danziger Str,8001055,Böblingen,Baden-Württemberg,Böblingen,71034,9.004531864,48.68784871,3,2608261627,,,,,,,,,,,,,2.0,0.0
-4320397447687881024-2608261604-1,7045,,2608261604,,,S,S60,,8001055,Böblingen,Baden-Württemberg,Böblingen,71034,9.004531864,48.68784871,3,,,2608261606,,,,,,,,,,,0.0,2.0
6036503238720280244-2608261546-4,7743,2608261600,2608261600,4,,S,S1,Stuttgart-Vaihingen|Stuttgart-Rohr|Goldberg(Württ),8001055,Böblingen,Baden-Württemberg,Böblingen,71034,9.004531864,48.68784871,3,2608261600,,2608261601,,,,,,,,,,,0.0,1.0
6681912046571042819-2608261635-1,8132,,2608261635,,,WEG,RB46,,8001055,Böblingen,Baden-Württemberg,Böblingen,71034,9.004531864,48.68784871,3,,,2608261636,,,,,,,,,,,0.0,1.0
-3254435403021853572-2608261603-2,7447,2608261607,2608261608,1,,S,S4,Backnang,8001296,Burgstall (Murr),Baden-Württemberg,Burgstetten,71576,9.36973562,48.92851826,6,2608261607,,2608261608,,,,,,,,,,,0.0,0.0
-7748732492772087501-2608261607-13,7442,2608261647,2608261647,1,,S,S4,Stuttgart Hbf|Stuttgart Nordbahnhof|Stuttgart-Feuerbach|Stuttgart-Zuffenhausen|Kornwestheim Pbf|Ludwigsburg|Favoritepark|Freiberg(Neckar)|Benningen(Neckar)|Marbach(Neckar)|Erdmannhausen|Kirchberg(Murr),8001296,Burgstall (Murr),Baden-Württemberg,Burgstetten,71576,9.36973562,48.92851826,6,2608261647,,2608261647,,,,,,,,,,,0.0,0.0
-2365839264405796350-2608261537-13,7440,2608261617,2608261617,1,,S,S4,Stuttgart Hbf|Stuttgart Nordbahnhof|Stuttgart-Feuerbach|Stuttgart-Zuffenhausen|Kornwestheim Pbf|Ludwigsburg|Favoritepark|Freiberg(Neckar)|Benningen(Neckar)|Marbach(Neckar)|Erdmannhausen|Kirchberg(Murr),8001296,Burgstall (Murr),Baden-Württemberg,Burgstetten,71576,9.36973562,48.92851826,6,2608261619,,2608261619,,,,,,,,,,,2.0,2.0
-6941686648187494295-2608261633-2,7449,2608261637,2608261638,1,,S,S4,Backnang,8001296,Burgstall (Murr),Baden-Württemberg,Burgstetten,71576,9.36973562,48.92851826,6,2608261637,,2608261638,,,,,,,,,,,0.0,0.0
-922318236278418485-2608261633-7,7649,2608261654,2608261654,3,,S,S6,Weil der Stadt|Malmsheim|Renningen|Rutesheim|Leonberg|Höfingen,8001476,Ditzingen,Baden-Württemberg,Ditzingen,71254,9.067095186,48.82358726,4,2608261654,,2608261654,,,,,,,,,,,0.0,0.0
-6317899099651385370-2608261534-11,7043,2608261609,2608261609,3,,S,S60,Böblingen|Sindelfingen|Maichingen|Maichingen Nord|Magstadt|Renningen Süd|Renningen|Rutesheim|Leonberg|Höfingen,8001476,Ditzingen,Baden-Württemberg,Ditzingen,71254,9.067095186,48.82358726,4,2608261609,,2608261609,,,,,,,,,,,0.0,0.0
-193680393512143758-2608261638-6,7050,2608261651,2608261651,2,,S,S60,Stuttgart-Feuerbach|Stuttgart-Zuffenhausen|Neuwirtshaus(Porscheplatz)|Korntal|Weilimdorf,8001476,Ditzingen,Baden-Württemberg,Ditzingen,71254,9.067095186,48.82358726,4,2608261651,,2608261651,,,,,,,,,,,0.0,0.0
-3938449558083296947-2608261608-6,7048,2608261621,2608261621,2,,S,S60,Stuttgart-Feuerbach|Stuttgart-Zuffenhausen|Neuwirtshaus(Porscheplatz)|Korntal|Weilimdorf,8001476,Ditzingen,Baden-Württemberg,Ditzingen,71254,9.067095186,48.82358726,4,2608261621,,2608261622,,,,,,,,,,,0.0,1.0
7725913400382290286-2608261603-7,7647,2608261624,2608261624,3,,S,S6,Weil der Stadt|Malmsheim|Renningen|Rutesheim|Leonberg|Höfingen,8001476,Ditzingen,Baden-Württemberg,Ditzingen,71254,9.067095186,48.82358726,4,2608261624,,2608261625,,,,,,,,,,,0.0,1.0
-434662733066569795-2608261547-8,7642,2608261606,2608261606,2,,S,S6,Stuttgart Hbf|Stuttgart Nordbahnhof|Stuttgart-Feuerbach|Stuttgart-Zuffenhausen|Neuwirtshaus(Porscheplatz)|Korntal|Weilimdorf,8001476,Ditzingen,Baden-Württemberg,Ditzingen,71254,9.067095186,48.82358726,4,2608261606,,2608261606,,,,,,,,,,,0.0,0.0
-4320397447687881024-2608261604-11,7045,2608261639,2608261639,3,,S,S60,Böblingen|Sindelfingen|Maichingen|Maichingen Nord|Magstadt|Renningen Süd|Renningen|Rutesheim|Leonberg|Höfingen,8001476,Ditzingen,Baden-Württemberg,Ditzingen,71254,9.067095186,48.82358726,4,2608261639,,2608261639,,,,,,,,,,,0.0,0.0
924644417488732877-2608261617-8,7644,2608261636,2608261636,2,,S,S6,Stuttgart Hbf|Stuttgart Nordbahnhof|Stuttgart-Feuerbach|Stuttgart-Zuffenhausen|Neuwirtshaus(Porscheplatz)|Korntal|Weilimdorf,8001476,Ditzingen,Baden-Württemberg,Ditzingen,71254,9.067095186,48.82358726,4,2608261636,,2608261636,,,,,,,,,,,0.0,0.0
-7890265662573644504-2608261605-5,7945,2608261619,2608261620,1,,S,S2,Stuttgart-Vaihingen|Stuttgart-Rohr|Oberaichen|Leinfelden,8001650,Echterdingen,Baden-Württemberg,Echterdingen,70771,9.169307175,48.69214787,4,2608261619,,2608261620,,,,,,,,,,,0.0,0.0
378305189179015240-2608261635-5,7947,2608261649,2608261650,1,,S,S2,Stuttgart-Vaihingen|Stuttgart-Rohr|Oberaichen|Leinfelden,8001650,Echterdingen,Baden-Württemberg,Echterdingen,70771,9.169307175,48.69214787,4,2608261649,,2608261650,,,,,,,,,,,0.0,0.0
7145149212361785028-2608261603-3,7944,2608261610,2608261610,2,,S,S2,Filderstadt|Stuttgart Flughafen/Messe,8001650,Echterdingen,Baden-Württemberg,Echterdingen,70771,9.169307175,48.69214787,4,2608261610,,2608261610,,,,,,,,,,,0.0,0.0
1877783574861069288-2608261633-3,7946,2608261640,2608261640,2,,S,S2,Filderstadt|Stuttgart Flughafen/Messe,8001650,Echterdingen,Baden-Württemberg,Echterdingen,70771,9.169307175,48.69214787,4,2608261640,,2608261640,,,,,,,,,,,0.0,0.0
-700744146323234249-2608261616-4,7748,2608261625,2608261625,1,,S,S1,Herrenberg|Nufringen|Gärtringen,8001689,Ehningen (b Böblingen),Baden-Württemberg,Ehningen,71139,8.944310368,48.66275549,4,2608261626,,2608261628,,,,,,,,,,,1.0,3.0
-7101481629715291400-2608261646-4,7750,2608261655,2608261655,1,,S,S1,Herrenberg|Nufringen|Gärtringen,8001689,Ehningen (b Böblingen),Baden-Württemberg,Ehningen,71139,8.944310368,48.66275549,4,2608261656,,2608261656,,,,,,,,,,,1.0,1.0
-3536192323965020429-2608261616-6,7745,2608261635,2608261635,2,,S,S1,Stuttgart-Vaihingen|Stuttgart-Rohr|Goldberg(Württ)|Böblingen|Hulb,8001689,Ehningen (b Böblingen),Baden-Württemberg,Ehningen,71139,8.944310368,48.66275549,4,2608261635,,2608261636,,,,,,,,,,,0.0,1.0
6036503238720280244-2608261546-6,7743,2608261605,2608261605,2,,S,S1,Stuttgart-Vaihingen|Stuttgart-Rohr|Goldberg(Württ)|Böblingen|Hulb,8001689,Ehningen (b Böblingen),Baden-Württemberg,Ehningen,71139,8.944310368,48.66275549,4,2608261605,,2608261606,,,,,,,,,,,0.0,1.0
6086544143608493018-2608261633-7,7249,2608261647,2608261647,3,,S,S2,Schorndorf|Weiler(Rems)|Winterbach(b Schorndorf)|Geradstetten|Grunbach|Beutelsbach,8001785,Endersbach,Baden-Württemberg,Weinstadt,71384,9.370192421,48.81317323,4,2608261648,,2608261649,,h,1,Bauarbeiten,,,,,,,1.0,2.0
-5445906738201891339-2608261603-7,7247,2608261617,2608261617,3,,S,S2,Schorndorf|Weiler(Rems)|Winterbach(b Schorndorf)|Geradstetten|Grunbach|Beutelsbach,8001785,Endersbach,Baden-Württemberg,Weinstadt,71384,9.370192421,48.81317323,4,2608261617,,2608261617,,h,1,Bauarbeiten,,,,,,,0.0,0.0
60204090947316905-2608261620-9,7244,2608261641,2608261641,2,,S,S2,Stuttgart Hbf|Stuttgart-Bad Cannstatt|Stuttgart Nürnberger Str.|Stuttgart-Sommerrain|Fellbach|Waiblingen|Rommelshausen|Stetten-Beinstein,8001785,Endersbach,Baden-Württemberg,Weinstadt,71384,9.370192421,48.81317323,4,2608261648,,2608261649,,h,1,Bauarbeiten,,,,,,,7.0,8.0
1014763779494518341-2608261550-9,7242,2608261611,2608261611,2,,S,S2,Stuttgart Hbf|Stuttgart-Bad Cannstatt|Stuttgart Nürnberger Str.|Stuttgart-Sommerrain|Fellbach|Waiblingen|Rommelshausen|Stetten-Beinstein,8001785,Endersbach,Baden-Württemberg,Weinstadt,71384,9.370192421,48.81317323,4,2608261613,,2608261615,,h,1,Bauarbeiten,,,,,,,2.0,4.0
-3254435403021853572-2608261603-4,7447,2608261617,2608261618,1,,S,S4,Backnang|Burgstall(Murr)|Kirchberg(Murr),8001827,Erdmannhausen,Baden-Württemberg,Erdmannhausen,71729,9.298930848,48.9483447,6,2608261618,,2608261619,,,,,,,,,,,1.0,1.0
-7748732492772087501-2608261607-11,7442,2608261640,2608261640,1,,S,S4,Stuttgart Hbf|Stuttgart Nordbahnhof|Stuttgart-Feuerbach|Stuttgart-Zuffenhausen|Kornwestheim Pbf|Ludwigsburg|Favoritepark|Freiberg(Neckar)|Benningen(Neckar)|Marbach(Neckar),8001827,Erdmannhausen,Baden-Württemberg,Erdmannhausen,71729,9.298930848,48.9483447,6,2608261640,,2608261641,,,,,,,,,,,0.0,1.0
-2365839264405796350-2608261537-11,7440,2608261610,2608261610,1,,S,S4,Stuttgart Hbf|Stuttgart Nordbahnhof|Stuttgart-Feuerbach|Stuttgart-Zuffenhausen|Kornwestheim Pbf|Ludwigsburg|Favoritepark|Freiberg(Neckar)|Benningen(Neckar)|Marbach(Neckar),8001827,Erdmannhausen,Baden-Württemberg,Erdmannhausen,71729,9.298930848,48.9483447,6,2608261612,,2608261613,,,,,,,,,,,2.0,3.0
-6941686648187494295-2608261633-4,7449,2608261647,2608261648,1,,S,S4,Backnang|Burgstall(Murr)|Kirchberg(Murr),8001827,Erdmannhausen,Baden-Württemberg,Erdmannhausen,71729,9.298930848,48.9483447,6,2608261647,,2608261648,,,,,,,,,,,0.0,0.0
9072809401414477062-2608261550-9,7147,2608261617,2608261617,7,,S,S1,Kirchheim(Teck)|Kirchheim(Teck)-Ötlingen|Wendlingen(Neckar)|Wernau(Neckar)|Plochingen|Altbach|Esslingen-Zell|Oberesslingen,8001920,Esslingen (Neckar),Baden-Württemberg,Esslingen am Neckar,73728,9.300578149,48.73854148,3,2608261617,,2608261618,,,,,,,,,,,0.0,1.0
6036019531344774327-2608261616-8,19238,2608261655,2608261655,7,,RE,MEX12,Reutlingen Hbf|Metzingen(Württ)|Bempflingen|Nürtingen|Oberboihingen|Wendlingen(Neckar)|Plochingen,8001920,Esslingen (Neckar),Baden-Württemberg,Esslingen am Neckar,73728,9.300578149,48.73854148,3,2608261655,,2608261655,,h,2,Bauarbeiten,,,,,,,0.0,0.0
2152293342088146683-2608261403-12,4220,2608261612,2608261613,3,,RE,RE5,Friedrichshafen Stadt|Meckenbeuren|Ravensburg|Aulendorf|Bad Schussenried|Biberach(Riß)|Laupheim West|Ulm Hbf|Geislingen(Steige)|Göppingen|Plochingen,8001920,Esslingen (Neckar),Baden-Württemberg,Esslingen am Neckar,73728,9.300578149,48.73854148,3,2608261629,,2608261630,,h,2,Störung,,,,,,,17.0,17.0
-2011080657640237201-2608261612-2,19326,2608261622,2608261623,3,,RE,MEX18,Plochingen,8001920,Esslingen (Neckar),Baden-Württemberg,Esslingen am Neckar,73728,9.300578149,48.73854148,3,2608261618,,2608261623,,h,2,Störung,,,,,,,-4.0,0.0
-6750794421454638985-2608261420-4,224,2608261607,2608261609,3,,ICE,,München Hbf|Augsburg Hbf|Ulm Hbf,8001920,Esslingen (Neckar),Baden-Württemberg,Esslingen am Neckar,73728,9.300578149,48.73854148,3,2608261607,,2608261611,,,,,,,,,,,0.0,2.0
1890742567431507346-2608261625-7,7146,2608261642,2608261643,8,,S,S1,Stuttgart Hbf|Stuttgart-Bad Cannstatt|Stuttgart Neckarpark|Stuttgart-Untertürkheim|Stuttgart-Obertürkheim|Esslingen-Mettingen,8001920,Esslingen (Neckar),Baden-Württemberg,Esslingen am Neckar,73728,9.300578149,48.73854148,3,2608261653,,2608261653,,,,,,,,,,,11.0,10.0
-4231133478684104410-2608261513-14,19152,2608261601,2608261602,3,,ARV,MEX16,Geislingen(Steige)|Geislingen(Steige)West|Kuchen|Gingen(Fils)|Süßen|Salach|Eislingen(Fils)|Göppingen|Faurndau|Uhingen|Ebersbach(Fils)|Reichenbach(Fils)|Plochingen,8001920,Esslingen (Neckar),Baden-Württemberg,Esslingen am Neckar,73728,9.300578149,48.73854148,3,2608261604,2,2608261607,2,,,,,,,,,,3.0,5.0
2814171890406331384-2608261551-3,19229,2608261604,2608261605,6,,RE,MEX12,Stuttgart Hbf|Stuttgart-Bad Cannstatt,8001920,Esslingen (Neckar),Baden-Württemberg,Esslingen am Neckar,73728,9.300578149,48.73854148,3,2608261605,8,2608261606,8,h,2,Bauarbeiten,,,,,,,1.0,1.0
5506469601342734593-2608261642-3,19157,2608261653,2608261654,5,,ARV,MEX16,Stuttgart Hbf|Stuttgart-Bad Cannstatt,8001920,Esslingen (Neckar),Baden-Württemberg,Esslingen am Neckar,73728,9.300578149,48.73854148,3,2608261655,,2608261656,,,,,,,,,,,2.0,2.0
-8415102531932798272-2608261639-2,4225,2608261648,2608261648,5,,RE,RE5,Stuttgart Hbf,8001920,Esslingen (Neckar),Baden-Württemberg,Esslingen am Neckar,73728,9.300578149,48.73854148,3,2608261650,,2608261652,,h,2,Störung,,,,,,,2.0,4.0
4082287355771743349-2608261620-2,19325,2608261634,2608261635,6,,RE,MEX18,Kornwestheim Pbf,8001920,Esslingen (Neckar),Baden-Württemberg,Esslingen am Neckar,73728,9.300578149,48.73854148,3,2608261636,5,2608261636,5,h,2,Störung,,,,,,,2.0,1.0
-7759827436146803415-2608261605-4,569,2608261658,2608261700,5,,ICE,,Karlsruhe Hbf|Bruchsal|Vaihingen(Enz),8001920,Esslingen (Neckar),Baden-Württemberg,Esslingen am Neckar,73728,9.300578149,48.73854148,3,2608261658,6,2608261700,6,h,2,Information,,,,,,,0.0,0.0
6037772526634891708-2608261555-7,7144,2608261612,2608261613,8,,S,S1,Stuttgart Hbf|Stuttgart-Bad Cannstatt|Stuttgart Neckarpark|Stuttgart-Untertürkheim|Stuttgart-Obertürkheim|Esslingen-Mettingen,8001920,Esslingen (Neckar),Baden-Württemberg,Esslingen am Neckar,73728,9.300578149,48.73854148,3,2608261612,,2608261613,,,,,,,,,,,0.0,0.0
5995165262498243987-2608261604-3,19155,2608261615,2608261615,5,,ARV,MEX16,Stuttgart Hbf|Stuttgart-Bad Cannstatt,8001920,Esslingen (Neckar),Baden-Württemberg,Esslingen am Neckar,73728,9.300578149,48.73854148,3,2608261616,,2608261617,,,,,,,,,,,1.0,2.0
6798270359717880545-2608261548-14,19154,2608261640,2608261640,3,,ARV,MEX16,Geislingen(Steige)|Geislingen(Steige)West|Kuchen|Gingen(Fils)|Süßen|Salach|Eislingen(Fils)|Göppingen|Faurndau|Uhingen|Ebersbach(Fils)|Reichenbach(Fils)|Plochingen,8001920,Esslingen (Neckar),Baden-Württemberg,Esslingen am Neckar,73728,9.300578149,48.73854148,3,2608261640,,2608261640,,,,,,,,,,,0.0,0.0
6107646079787836440-2608261411-6,1095,2608261558,2608261600,5,,ICE,,Frankfurt(Main)Hbf|Darmstadt Hbf|Bensheim|Weinheim(Bergstr)Hbf|Heidelberg Hbf,8001920,Esslingen (Neckar),Baden-Württemberg,Esslingen am Neckar,73728,9.300578149,48.73854148,3,2608261640,6,2608261643,6,h,1,Störung,,,Frankfurt(Main)Hbf|Darmstadt Hbf|Bensheim|Weinheim(Bergstr)Hbf|Heidelberg Hbf,Ulm Hbf|Günzburg|Augsburg Hbf|München Hbf,,,42.0,43.0
-6869650552962585885-2608261502-5,562,2608261658,2608261701,2,,ICE,,München Hbf|München-Pasing|Augsburg Hbf|Ulm Hbf,8001920,Esslingen (Neckar),Baden-Württemberg,Esslingen am Neckar,73728,9.300578149,48.73854148,3,2608261658,,2608261701,,,,,,,,,,,0.0,0.0
-7851813684664054699-2608261620-9,7149,2608261647,2608261647,7,,S,S1,Kirchheim(Teck)|Kirchheim(Teck)-Ötlingen|Wendlingen(Neckar)|Wernau(Neckar)|Plochingen|Altbach|Esslingen-Zell|Oberesslingen,8001920,Esslingen (Neckar),Baden-Württemberg,Esslingen am Neckar,73728,9.300578149,48.73854148,3,2608261647,,2608261647,,,,,,,,,,,0.0,0.0
9072809401414477062-2608261550-10,7147,2608261619,2608261620,3,,S,S1,Kirchheim(Teck)|Kirchheim(Teck)-Ötlingen|Wendlingen(Neckar)|Wernau(Neckar)|Plochingen|Altbach|Esslingen-Zell|Oberesslingen|Esslingen(Neckar),8001921,Esslingen-Mettingen,Baden-Württemberg,Esslingen am Neckar,73733,9.275799007,48.74696655,3,2608261620,,2608261621,,,,,,,,,,,1.0,1.0
1890742567431507346-2608261625-6,7146,2608261639,2608261639,4,,S,S1,Stuttgart Hbf|Stuttgart-Bad Cannstatt|Stuttgart Neckarpark|Stuttgart-Untertürkheim|Stuttgart-Obertürkheim,8001921,Esslingen-Mettingen,Baden-Württemberg,Esslingen am Neckar,73733,9.275799007,48.74696655,3,2608261651,,2608261651,,,,,,,,,,,12.0,12.0
6037772526634891708-2608261555-6,7144,2608261609,2608261609,4,,S,S1,Stuttgart Hbf|Stuttgart-Bad Cannstatt|Stuttgart Neckarpark|Stuttgart-Untertürkheim|Stuttgart-Obertürkheim,8001921,Esslingen-Mettingen,Baden-Württemberg,Esslingen am Neckar,73733,9.275799007,48.74696655,3,2608261609,,2608261609,,,,,,,,,,,0.0,0.0
-7851813684664054699-2608261620-10,7149,2608261649,2608261650,3,,S,S1,Kirchheim(Teck)|Kirchheim(Teck)-Ötlingen|Wendlingen(Neckar)|Wernau(Neckar)|Plochingen|Altbach|Esslingen-Zell|Oberesslingen|Esslingen(Neckar),8001921,Esslingen-Mettingen,Baden-Württemberg,Esslingen am Neckar,73733,9.275799007,48.74696655,3,2608261649,,2608261650,,,,,,,,,,,0.0,0.0
9072809401414477062-2608261550-7,7147,2608261612,2608261612,3,,S,S1,Kirchheim(Teck)|Kirchheim(Teck)-Ötlingen|Wendlingen(Neckar)|Wernau(Neckar)|Plochingen|Altbach,8006642,Esslingen-Zell,Baden-Württemberg,Esslingen am Neckar,73730,9.359739507,48.72436142,3,2608261612,,2608261612,,,,,,,,,,,0.0,0.0
1890742567431507346-2608261625-9,7146,2608261647,2608261648,4,,S,S1,Stuttgart Hbf|Stuttgart-Bad Cannstatt|Stuttgart Neckarpark|Stuttgart-Untertürkheim|Stuttgart-Obertürkheim|Esslingen-Mettingen|Esslingen(Neckar)|Oberesslingen,8006642,Esslingen-Zell,Baden-Württemberg,Esslingen am Neckar,73730,9.359739507,48.72436142,3,2608261658,,2608261658,,,,,,,,,,,11.0,10.0
6037772526634891708-2608261555-9,7144,2608261617,2608261618,4,,S,S1,Stuttgart Hbf|Stuttgart-Bad Cannstatt|Stuttgart Neckarpark|Stuttgart-Untertürkheim|Stuttgart-Obertürkheim|Esslingen-Mettingen|Esslingen(Neckar)|Oberesslingen,8006642,Esslingen-Zell,Baden-Württemberg,Esslingen am Neckar,73730,9.359739507,48.72436142,3,2608261617,,2608261618,,,,,,,,,,,0.0,0.0
-7851813684664054699-2608261620-7,7149,2608261642,2608261642,3,,S,S1,Kirchheim(Teck)|Kirchheim(Teck)-Ötlingen|Wendlingen(Neckar)|Wernau(Neckar)|Plochingen|Altbach,8006642,Esslingen-Zell,Baden-Württemberg,Esslingen am Neckar,73730,9.359739507,48.72436142,3,2608261642,,2608261642,,,,,,,,,,,0.0,0.0
-3254435403021853572-2608261603-8,7447,2608261633,2608261634,2,,S,S4,Backnang|Burgstall(Murr)|Kirchberg(Murr)|Erdmannhausen|Marbach(Neckar)|Benningen(Neckar)|Freiberg(Neckar),8001967,Favoritepark,Baden-Württemberg,Ludwigsburg,71634,9.180574277,48.90948451,5,2608261634,,2608261635,,,,,,,,,,,1.0,1.0
-7748732492772087501-2608261607-7,7442,2608261626,2608261626,1,,S,S4,Stuttgart Hbf|Stuttgart Nordbahnhof|Stuttgart-Feuerbach|Stuttgart-Zuffenhausen|Kornwestheim Pbf|Ludwigsburg,8001967,Favoritepark,Baden-Württemberg,Ludwigsburg,71634,9.180574277,48.90948451,5,2608261627,,2608261627,,,,,,,,,,,1.0,1.0
-8547743709603473957-2608261533-8,7445,2608261603,2608261604,2,,S,S4,Backnang|Burgstall(Murr)|Kirchberg(Murr)|Erdmannhausen|Marbach(Neckar)|Benningen(Neckar)|Freiberg(Neckar),8001967,Favoritepark,Baden-Württemberg,Ludwigsburg,71634,9.180574277,48.90948451,5,2608261603,,2608261604,,,,,,,,,,,0.0,0.0
6027149644914886165-2608261637-7,7444,2608261656,2608261656,1,,S,S4,Stuttgart Hbf|Stuttgart Nordbahnhof|Stuttgart-Feuerbach|Stuttgart-Zuffenhausen|Kornwestheim Pbf|Ludwigsburg,8001967,Favoritepark,Baden-Württemberg,Ludwigsburg,71634,9.180574277,48.90948451,5,2608261657,,2608261658,,,,,,,,,,,1.0,2.0
6086544143608493018-2608261633-11,7249,2608261657,2608261658,4,,S,S2,Schorndorf|Weiler(Rems)|Winterbach(b Schorndorf)|Geradstetten|Grunbach|Beutelsbach|Endersbach|Stetten-Beinstein|Rommelshausen|Waiblingen,8001974,Fellbach,Baden-Württemberg,Fellbach,70736,9.270645988,48.8202936,3,2608261658,,2608261659,,h,1,Bauarbeiten,,,,,,,1.0,1.0
-6739253170809320051-2608261642-5,7346,2608261656,2608261657,1,,S,S3,Stuttgart Hbf|Stuttgart-Bad Cannstatt|Stuttgart Nürnberger Str.|Stuttgart-Sommerrain,8001974,Fellbach,Baden-Württemberg,Fellbach,70736,9.270645988,48.8202936,3,2608261701,,2608261702,,,,,,,,,,,5.0,5.0
-5445906738201891339-2608261603-11,7247,2608261627,2608261628,4,,S,S2,Schorndorf|Weiler(Rems)|Winterbach(b Schorndorf)|Geradstetten|Grunbach|Beutelsbach|Endersbach|Stetten-Beinstein|Rommelshausen|Waiblingen,8001974,Fellbach,Baden-Württemberg,Fellbach,70736,9.270645988,48.8202936,3,2608261627,,2608261628,,h,1,Bauarbeiten,,,,,,,0.0,0.0
-3924626970669458370-2608261541-8,7345,2608261602,2608261603,4,,S,S3,Backnang|Maubach|Nellmersbach|Winnenden|Schwaikheim|Neustadt-Hohenacker|Waiblingen,8001974,Fellbach,Baden-Württemberg,Fellbach,70736,9.270645988,48.8202936,3,2608261602,,2608261604,,,,,,,,,,,0.0,1.0
-4004274244229684776-2608261612-5,7344,2608261626,2608261627,1,,S,S3,Stuttgart Hbf|Stuttgart-Bad Cannstatt|Stuttgart Nürnberger Str.|Stuttgart-Sommerrain,8001974,Fellbach,Baden-Württemberg,Fellbach,70736,9.270645988,48.8202936,3,2608261635,,2608261636,,,,,,,,,,,9.0,9.0
-2983041268716826074-2608261611-8,7347,2608261632,2608261633,4,,S,S3,Backnang|Maubach|Nellmersbach|Winnenden|Schwaikheim|Neustadt-Hohenacker|Waiblingen,8001974,Fellbach,Baden-Württemberg,Fellbach,70736,9.270645988,48.8202936,3,2608261632,,2608261633,,,,,,,,,,,0.0,0.0
60204090947316905-2608261620-5,7244,2608261631,2608261632,1,,S,S2,Stuttgart Hbf|Stuttgart-Bad Cannstatt|Stuttgart Nürnberger Str.|Stuttgart-Sommerrain,8001974,Fellbach,Baden-Württemberg,Fellbach,70736,9.270645988,48.8202936,3,2608261639,,2608261640,,h,1,Bauarbeiten,,,,,,,8.0,8.0
1014763779494518341-2608261550-5,7242,2608261601,2608261602,1,,S,S2,Stuttgart Hbf|Stuttgart-Bad Cannstatt|Stuttgart Nürnberger Str.|Stuttgart-Sommerrain,8001974,Fellbach,Baden-Württemberg,Fellbach,70736,9.270645988,48.8202936,3,2608261601,,2608261604,,h,1,Bauarbeiten,,,,,,,0.0,2.0
-7890265662573644504-2608261605-6,7945,2608261622,2608261623,1,,S,S2,Stuttgart-Vaihingen|Stuttgart-Rohr|Oberaichen|Leinfelden|Echterdingen,8005768,Stuttgart Flughafen/Messe,Baden-Württemberg,Leinfelden-Echterdingen,70629,9.193411574,48.69075193,4,2608261623,,2608261623,,,,,,,,,,,1.0,0.0
378305189179015240-2608261635-6,7947,2608261652,2608261653,1,,S,S2,Stuttgart-Vaihingen|Stuttgart-Rohr|Oberaichen|Leinfelden|Echterdingen,8005768,Stuttgart Flughafen/Messe,Baden-Württemberg,Leinfelden-Echterdingen,70629,9.193411574,48.69075193,4,2608261652,,2608261653,,,,,,,,,,,0.0,0.0
7145149212361785028-2608261603-2,7944,2608261607,2608261608,2,,S,S2,Filderstadt,8005768,Stuttgart Flughafen/Messe,Baden-Württemberg,Leinfelden-Echterdingen,70629,9.193411574,48.69075193,4,2608261607,,2608261608,,,,,,,,,,,0.0,0.0
1877783574861069288-2608261633-2,7946,2608261637,2608261638,2,,S,S2,Filderstadt,8005768,Stuttgart Flughafen/Messe,Baden-Württemberg,Leinfelden-Echterdingen,70629,9.193411574,48.69075193,4,2608261637,,2608261638,,,,,,,,,,,0.0,0.0
-3254435403021853572-2608261603-7,7447,2608261630,2608261631,2,,S,S4,Backnang|Burgstall(Murr)|Kirchberg(Murr)|Erdmannhausen|Marbach(Neckar)|Benningen(Neckar),8002065,Freiberg (Neckar),Baden-Württemberg,Freiberg am Neckar,71691,9.197530085,48.92994974,5,2608261631,,2608261631,,,,,,,,,,,1.0,0.0
-7748732492772087501-2608261607-8,7442,2608261629,2608261629,3,,S,S4,Stuttgart Hbf|Stuttgart Nordbahnhof|Stuttgart-Feuerbach|Stuttgart-Zuffenhausen|Kornwestheim Pbf|Ludwigsburg|Favoritepark,8002065,Freiberg (Neckar),Baden-Württemberg,Freiberg am Neckar,71691,9.197530085,48.92994974,5,2608261629,,2608261630,,,,,,,,,,,0.0,1.0
-8547743709603473957-2608261533-7,7445,2608261600,2608261601,2,,S,S4,Backnang|Burgstall(Murr)|Kirchberg(Murr)|Erdmannhausen|Marbach(Neckar)|Benningen(Neckar),8002065,Freiberg (Neckar),Baden-Württemberg,Freiberg am Neckar,71691,9.197530085,48.92994974,5,2608261600,,2608261601,,,,,,,,,,,0.0,0.0
6027149644914886165-2608261637-8,7444,2608261659,2608261659,3,,S,S4,Stuttgart Hbf|Stuttgart Nordbahnhof|Stuttgart-Feuerbach|Stuttgart-Zuffenhausen|Kornwestheim Pbf|Ludwigsburg|Favoritepark,8002065,Freiberg (Neckar),Baden-Württemberg,Freiberg am Neckar,71691,9.197530085,48.92994974,5,2608261700,,2608261700,,,,,,,,,,,1.0,1.0
-700744146323234249-2608261616-3,7748,2608261622,2608261622,2,,S,S1,Herrenberg|Nufringen,8002165,Gärtringen,Baden-Württemberg,Gärtringen,71116,8.908864487,48.64080021,5,2608261623,,2608261624,,,,,,,,,,,1.0,2.0
-7101481629715291400-2608261646-3,7750,2608261652,2608261652,2,,S,S1,Herrenberg|Nufringen,8002165,Gärtringen,Baden-Württemberg,Gärtringen,71116,8.908864487,48.64080021,5,2608261653,,2608261653,,,,,,,,,,,1.0,1.0
-3536192323965020429-2608261616-7,7745,2608261638,2608261638,1,,S,S1,Stuttgart-Vaihingen|Stuttgart-Rohr|Goldberg(Württ)|Böblingen|Hulb|Ehningen(b Böblingen),8002165,Gärtringen,Baden-Württemberg,Gärtringen,71116,8.908864487,48.64080021,5,2608261638,,2608261639,,,,,,,,,,,0.0,1.0
6036503238720280244-2608261546-7,7743,2608261608,2608261608,1,,S,S1,Stuttgart-Vaihingen|Stuttgart-Rohr|Goldberg(Württ)|Böblingen|Hulb|Ehningen(b Böblingen),8002165,Gärtringen,Baden-Württemberg,Gärtringen,71116,8.908864487,48.64080021,5,2608261608,,2608261609,,,,,,,,,,,0.0,1.0
6086544143608493018-2608261633-4,7249,2608261640,2608261641,1,,S,S2,Schorndorf|Weiler(Rems)|Winterbach(b Schorndorf),8002240,Geradstetten,Baden-Württemberg,Remshalden,73630,9.439522346,48.80527689,5,2608261642,,2608261643,,h,1,Bauarbeiten,,,,,,,2.0,2.0
-5445906738201891339-2608261603-4,7247,2608261610,2608261611,1,,S,S2,Schorndorf|Weiler(Rems)|Winterbach(b Schorndorf),8002240,Geradstetten,Baden-Württemberg,Remshalden,73630,9.439522346,48.80527689,5,2608261610,,2608261611,,h,1,Bauarbeiten,,,,,,,0.0,0.0
60204090947316905-2608261620-12,7244,2608261647,2608261647,2,,S,S2,Stuttgart Hbf|Stuttgart-Bad Cannstatt|Stuttgart Nürnberger Str.|Stuttgart-Sommerrain|Fellbach|Waiblingen|Rommelshausen|Stetten-Beinstein|Endersbach|Beutelsbach|Grunbach,8002240,Geradstetten,Baden-Württemberg,Remshalden,73630,9.439522346,48.80527689,5,2608261655,,2608261655,,h,1,Bauarbeiten,,,,,,,8.0,8.0
1014763779494518341-2608261550-12,7242,2608261617,2608261617,2,,S,S2,Stuttgart Hbf|Stuttgart-Bad Cannstatt|Stuttgart Nürnberger Str.|Stuttgart-Sommerrain|Fellbach|Waiblingen|Rommelshausen|Stetten-Beinstein|Endersbach|Beutelsbach|Grunbach,8002240,Geradstetten,Baden-Württemberg,Remshalden,73630,9.439522346,48.80527689,5,2608261620,,2608261621,,h,1,Bauarbeiten,,,,,,,3.0,4.0
-700744146323234249-2608261616-7,7748,2608261632,2608261632,2,,S,S1,Herrenberg|Nufringen|Gärtringen|Ehningen(b Böblingen)|Hulb|Böblingen,8005201,Goldberg,Baden-Württemberg,Böblingen,71032,9.019733387,48.69651581,5,2608261636,,2608261636,,,,,,,,,,,4.0,4.0
4046308478119658372-2608261546-7,7746,2608261602,2608261602,2,,S,S1,Herrenberg|Nufringen|Gärtringen|Ehningen(b Böblingen)|Hulb|Böblingen,8005201,Goldberg,Baden-Württemberg,Böblingen,71032,9.019733387,48.69651581,5,2608261602,,2608261603,,,,,,,,,,,0.0,1.0
6295831457013207177-2608261646-3,7747,2608261658,2608261658,1,,S,S1,Stuttgart-Vaihingen|Stuttgart-Rohr,8005201,Goldberg,Baden-Württemberg,Böblingen,71032,9.019733387,48.69651581,5,2608261658,,2608261659,,,,,,,,,,,0.0,1.0
-3536192323965020429-2608261616-3,7745,2608261628,2608261628,1,,S,S1,Stuttgart-Vaihingen|Stuttgart-Rohr,8005201,Goldberg,Baden-Württemberg,Böblingen,71032,9.019733387,48.69651581,5,2608261628,,2608261628,,,,,,,,,,,0.0,0.0
6086544143608493018-2608261633-5,7249,2608261642,2608261643,2,,S,S2,Schorndorf|Weiler(Rems)|Winterbach(b Schorndorf)|Geradstetten,8002448,Grunbach,Baden-Württemberg,Remshalden,73630,9.419580601,48.810414,4,2608261644,,2608261645,,h,1,Bauarbeiten,,,,,,,2.0,2.0
-5445906738201891339-2608261603-5,7247,2608261612,2608261613,2,,S,S2,Schorndorf|Weiler(Rems)|Winterbach(b Schorndorf)|Geradstetten,8002448,Grunbach,Baden-Württemberg,Remshalden,73630,9.419580601,48.810414,4,2608261612,,2608261613,,h,1,Bauarbeiten,,,,,,,0.0,0.0
60204090947316905-2608261620-11,7244,2608261645,2608261645,3,,S,S2,Stuttgart Hbf|Stuttgart-Bad Cannstatt|Stuttgart Nürnberger Str.|Stuttgart-Sommerrain|Fellbach|Waiblingen|Rommelshausen|Stetten-Beinstein|Endersbach|Beutelsbach,8002448,Grunbach,Baden-Württemberg,Remshalden,73630,9.419580601,48.810414,4,2608261653,,2608261653,,h,1,Bauarbeiten,,,,,,,8.0,8.0
1014763779494518341-2608261550-11,7242,2608261615,2608261615,3,,S,S2,Stuttgart Hbf|Stuttgart-Bad Cannstatt|Stuttgart Nürnberger Str.|Stuttgart-Sommerrain|Fellbach|Waiblingen|Rommelshausen|Stetten-Beinstein|Endersbach|Beutelsbach,8002448,Grunbach,Baden-Württemberg,Remshalden,73630,9.419580601,48.810414,4,2608261618,,2608261619,,h,1,Bauarbeiten,,,,,,,3.0,4.0
-700744146323234249-2608261616-1,7748,,2608261616,,,S,S1,,8002785,Herrenberg,Baden-Württemberg,Herrenberg,71083,8.862625253,48.59395697,3,,,2608261616,,,,,,,,,,,0.0,0.0
-6747797313256785096-2608261611-10,22821,2608261641,,102,,RB,,Tübingen Hbf|Tübingen West|Unterjesingen Sandäcker|Unterjesingen Mitte|Pfäffingen|Entringen|Altingen(Württ)|Gültstein|Herrenberg Zwerchweg,8002785,Herrenberg,Baden-Württemberg,Herrenberg,71083,8.862625253,48.59395697,3,2608261641,,,,h,2,Bauarbeiten,,,,,,,0.0,0.0
-5010270753819630786-2608261541-10,22815,2608261611,,102,,RB,,Tübingen Hbf|Tübingen West|Unterjesingen Sandäcker|Unterjesingen Mitte|Pfäffingen|Entringen|Altingen(Württ)|Gültstein|Herrenberg Zwerchweg,8002785,Herrenberg,Baden-Württemberg,Herrenberg,71083,8.862625253,48.59395697,3,2608261611,,,,h,2,Bauarbeiten,,,,,,,0.0,0.0
1686074082172148857-2608261649-1,22822,,2608261649,,,RB,RB63,,8002785,Herrenberg,Baden-Württemberg,Herrenberg,71083,8.862625253,48.59395697,3,,,2608261650,,h,2,Bauarbeiten,,,,,,,0.0,1.0
-4971194463444983518-2608261641-5,17660,2608261656,2608261656,1,,RE,RE14a,Eutingen im Gäu|Ergenzingen|Bondorf(b Herrenberg)|Gäufelden,8002785,Herrenberg,Baden-Württemberg,Herrenberg,71083,8.862625253,48.59395697,3,2608261656,,2608261656,,h,1,Störung,,,,,,,0.0,0.0
-7101481629715291400-2608261646-1,7750,,2608261646,,,S,S1,,8002785,Herrenberg,Baden-Württemberg,Herrenberg,71083,8.862625253,48.59395697,3,,,2608261646,,,,,,,,,,,0.0,0.0
-8351377194669505707-2608261612-4,17653,2608261648,2608261648,4,,RE,RE14b,Stuttgart Hbf|Stuttgart-Vaihingen|Böblingen,8002785,Herrenberg,Baden-Württemberg,Herrenberg,71083,8.862625253,48.59395697,3,2608261649,,2608261650,,h,1,Störung,,,,,,,1.0,2.0
2623969724242618233-2608261612-4,17655,2608261648,2608261648,4,,RE,RE14a,Stuttgart Hbf|Stuttgart-Vaihingen|Böblingen,8002785,Herrenberg,Baden-Württemberg,Herrenberg,71083,8.862625253,48.59395697,3,2608261649,,2608261650,,h,1,Störung,,,,,,,1.0,2.0
-3536192323965020429-2608261616-9,7745,2608261645,,3,,S,,Stuttgart-Vaihingen|Stuttgart-Rohr|Goldberg(Württ)|Böblingen|Hulb|Ehningen(b Böblingen)|Gärtringen|Nufringen,8002785,Herrenberg,Baden-Württemberg,Herrenberg,71083,8.862625253,48.59395697,3,2608261645,,,,,,,,,,,,,0.0,0.0
-3098895725265062817-2608261610-2,17651,2608261619,2608261622,4,,RB,RB14a,Böblingen,8002785,Herrenberg,Baden-Württemberg,Herrenberg,71083,8.862625253,48.59395697,3,2608261620,,2608261621,,h,1,Störung,,,,,,,1.0,-1.0
9123239233010098794-2608261619-1,22816,,2608261619,,,RB,RB63,,8002785,Herrenberg,Baden-Württemberg,Herrenberg,71083,8.862625253,48.59395697,3,,,2608261620,,h,2,Bauarbeiten,,,,,,,0.0,1.0
6036503238720280244-2608261546-9,7743,2608261615,,3,,S,,Stuttgart-Vaihingen|Stuttgart-Rohr|Goldberg(Württ)|Böblingen|Hulb|Ehningen(b Böblingen)|Gärtringen|Nufringen,8002785,Herrenberg,Baden-Württemberg,Herrenberg,71083,8.862625253,48.59395697,3,2608261616,,,,,,,,,,,,,1.0,0.0
-922318236278418485-2608261633-6,7649,2608261650,2608261651,1,,S,S6,Weil der Stadt|Malmsheim|Renningen|Rutesheim|Leonberg,8002892,Höfingen,Baden-Württemberg,Leonberg,71229,9.026180834,48.81503436,5,2608261650,,2608261651,,,,,,,,,,,0.0,0.0
-6317899099651385370-2608261534-10,7043,2608261605,2608261606,1,,S,S60,Böblingen|Sindelfingen|Maichingen|Maichingen Nord|Magstadt|Renningen Süd|Renningen|Rutesheim|Leonberg,8002892,Höfingen,Baden-Württemberg,Leonberg,71229,9.026180834,48.81503436,5,2608261605,,2608261606,,,,,,,,,,,0.0,0.0
-193680393512143758-2608261638-7,7050,2608261654,2608261654,2,,S,S60,Stuttgart-Feuerbach|Stuttgart-Zuffenhausen|Neuwirtshaus(Porscheplatz)|Korntal|Weilimdorf|Ditzingen,8002892,Höfingen,Baden-Württemberg,Leonberg,71229,9.026180834,48.81503436,5,2608261654,,2608261655,,,,,,,,,,,0.0,1.0
-3938449558083296947-2608261608-7,7048,2608261624,2608261624,2,,S,S60,Stuttgart-Feuerbach|Stuttgart-Zuffenhausen|Neuwirtshaus(Porscheplatz)|Korntal|Weilimdorf|Ditzingen,8002892,Höfingen,Baden-Württemberg,Leonberg,71229,9.026180834,48.81503436,5,2608261625,,2608261626,,,,,,,,,,,1.0,2.0
7725913400382290286-2608261603-6,7647,2608261620,2608261621,1,,S,S6,Weil der Stadt|Malmsheim|Renningen|Rutesheim|Leonberg,8002892,Höfingen,Baden-Württemberg,Leonberg,71229,9.026180834,48.81503436,5,2608261621,,2608261622,,,,,,,,,,,1.0,1.0
-434662733066569795-2608261547-9,7642,2608261609,2608261609,2,,S,S6,Stuttgart Hbf|Stuttgart Nordbahnhof|Stuttgart-Feuerbach|Stuttgart-Zuffenhausen|Neuwirtshaus(Porscheplatz)|Korntal|Weilimdorf|Ditzingen,8002892,Höfingen,Baden-Württemberg,Leonberg,71229,9.026180834,48.81503436,5,2608261609,,2608261610,,,,,,,,,,,0.0,1.0
-4320397447687881024-2608261604-10,7045,2608261635,2608261636,1,,S,S60,Böblingen|Sindelfingen|Maichingen|Maichingen Nord|Magstadt|Renningen Süd|Renningen|Rutesheim|Leonberg,8002892,Höfingen,Baden-Württemberg,Leonberg,71229,9.026180834,48.81503436,5,2608261635,,2608261636,,,,,,,,,,,0.0,0.0
924644417488732877-2608261617-9,7644,2608261639,2608261639,2,,S,S6,Stuttgart Hbf|Stuttgart Nordbahnhof|Stuttgart-Feuerbach|Stuttgart-Zuffenhausen|Neuwirtshaus(Porscheplatz)|Korntal|Weilimdorf|Ditzingen,8002892,Höfingen,Baden-Württemberg,Leonberg,71229,9.026180834,48.81503436,5,2608261639,,2608261640,,,,,,,,,,,0.0,1.0
-700744146323234249-2608261616-5,7748,2608261628,2608261628,2,,S,S1,Herrenberg|Nufringen|Gärtringen|Ehningen(b Böblingen),8003022,Hulb,Baden-Württemberg,Böblingen-Hulb,71032,8.982396429,48.67924173,5,2608261630,,2608261631,,,,,,,,,,,2.0,3.0
-7101481629715291400-2608261646-5,7750,2608261658,2608261658,2,,S,S1,Herrenberg|Nufringen|Gärtringen|Ehningen(b Böblingen),8003022,Hulb,Baden-Württemberg,Böblingen-Hulb,71032,8.982396429,48.67924173,5,2608261659,,2608261659,,,,,,,,,,,1.0,1.0
-3536192323965020429-2608261616-5,7745,2608261632,2608261632,1,,S,S1,Stuttgart-Vaihingen|Stuttgart-Rohr|Goldberg(Württ)|Böblingen,8003022,Hulb,Baden-Württemberg,Böblingen-Hulb,71032,8.982396429,48.67924173,5,2608261632,,2608261632,,,,,,,,,,,0.0,0.0
6036503238720280244-2608261546-5,7743,2608261602,2608261602,1,,S,S1,Stuttgart-Vaihingen|Stuttgart-Rohr|Goldberg(Württ)|Böblingen,8003022,Hulb,Baden-Württemberg,Böblingen-Hulb,71032,8.982396429,48.67924173,5,2608261602,,2608261603,,,,,,,,,,,0.0,1.0
-7890265662573644504-2608261605-7,7945,2608261627,,1,,S,,Stuttgart-Vaihingen|Stuttgart-Rohr|Oberaichen|Leinfelden|Echterdingen|Stuttgart Flughafen/Messe,8001984,Filderstadt,Baden-Württemberg,Filderstadt,70794,9.217581315,48.67649151,5,2608261627,,,,,,,,,,,,,0.0,0.0
378305189179015240-2608261635-7,7947,2608261657,,1,,S,,Stuttgart-Vaihingen|Stuttgart-Rohr|Oberaichen|Leinfelden|Echterdingen|Stuttgart Flughafen/Messe,8001984,Filderstadt,Baden-Württemberg,Filderstadt,70794,9.217581315,48.67649151,5,2608261657,,,,,,,,,,,,,0.0,0.0
7145149212361785028-2608261603-1,7944,,2608261603,,,S,S2,,8001984,Filderstadt,Baden-Württemberg,Filderstadt,70794,9.217581315,48.67649151,5,,,2608261603,,,,,,,,,,,0.0,0.0
1877783574861069288-2608261633-1,7946,,2608261633,,,S,S2,,8001984,Filderstadt,Baden-Württemberg,Filderstadt,70794,9.217581315,48.67649151,5,,,2608261633,,,,,,,,,,,0.0,0.0
-3254435403021853572-2608261603-3,7447,2608261612,2608261615,1,,S,S4,Backnang|Burgstall(Murr),8003266,Kirchberg (Murr),Baden-Württemberg,Kirchberg an der Murr,71737,9.328210283,48.93928182,6,2608261612,,2608261616,,,,,,,,,,,0.0,1.0
-7748732492772087501-2608261607-12,7442,2608261643,2608261643,2,,S,S4,Stuttgart Hbf|Stuttgart Nordbahnhof|Stuttgart-Feuerbach|Stuttgart-Zuffenhausen|Kornwestheim Pbf|Ludwigsburg|Favoritepark|Freiberg(Neckar)|Benningen(Neckar)|Marbach(Neckar)|Erdmannhausen,8003266,Kirchberg (Murr),Baden-Württemberg,Kirchberg an der Murr,71737,9.328210283,48.93928182,6,2608261643,,2608261644,,,,,,,,,,,0.0,1.0
-2365839264405796350-2608261537-12,7440,2608261613,2608261613,2,,S,S4,Stuttgart Hbf|Stuttgart Nordbahnhof|Stuttgart-Feuerbach|Stuttgart-Zuffenhausen|Kornwestheim Pbf|Ludwigsburg|Favoritepark|Freiberg(Neckar)|Benningen(Neckar)|Marbach(Neckar)|Erdmannhausen,8003266,Kirchberg (Murr),Baden-Württemberg,Kirchberg an der Murr,71737,9.328210283,48.93928182,6,2608261615,,2608261616,,,,,,,,,,,2.0,3.0
-6941686648187494295-2608261633-3,7449,2608261642,2608261645,1,,S,S4,Backnang|Burgstall(Murr),8003266,Kirchberg (Murr),Baden-Württemberg,Kirchberg an der Murr,71737,9.328210283,48.93928182,6,2608261642,,2608261645,,,,,,,,,,,0.0,0.0
-6176428807824195191-2608261525-15,7142,2608261609,,2,,S,,Stuttgart Hbf|Stuttgart-Bad Cannstatt|Stuttgart Neckarpark|Stuttgart-Untertürkheim|Stuttgart-Obertürkheim|Esslingen-Mettingen|Esslingen(Neckar)|Oberesslingen|Esslingen-Zell|Altbach|Plochingen|Wernau(Neckar)|Wendlingen(Neckar)|Kirchheim(Teck)-Ötlingen,8003280,Kirchheim (Teck),Baden-Württemberg,Kirchheim unter Teck,73230,9.443872422,48.64415981,4,2608261609,,,,,,,,,,,,,0.0,0.0
2843277745933048156-2608261617-1,37973,,2608261617,,,RB,RB64,,8003280,Kirchheim (Teck),Baden-Württemberg,Kirchheim unter Teck,73230,9.443872422,48.64415981,4,,,2608261617,,,,,,,,,,,0.0,0.0
-3318893360509076190-2608261554-7,37972,2608261612,,1,,RB,,Oberlenningen|Unterlenningen|Brucken|Owen(Teck)|Dettingen(Teck)|Kirchheim(Teck)Süd,8003280,Kirchheim (Teck),Baden-Württemberg,Kirchheim unter Teck,73230,9.443872422,48.64415981,4,2608261612,,,,,,,,,,,,,0.0,0.0
6037772526634891708-2608261555-15,7144,2608261639,,2,,S,,Stuttgart Hbf|Stuttgart-Bad Cannstatt|Stuttgart Neckarpark|Stuttgart-Untertürkheim|Stuttgart-Obertürkheim|Esslingen-Mettingen|Esslingen(Neckar)|Oberesslingen|Esslingen-Zell|Altbach|Plochingen|Wernau(Neckar)|Wendlingen(Neckar)|Kirchheim(Teck)-Ötlingen,8003280,Kirchheim (Teck),Baden-Württemberg,Kirchheim unter Teck,73230,9.443872422,48.64415981,4,2608261639,,,,,,,,,,,,,0.0,0.0
713199971080468435-2608261650-1,7151,,2608261650,,,S,S1,,8003280,Kirchheim (Teck),Baden-Württemberg,Kirchheim unter Teck,73230,9.443872422,48.64415981,4,,,2608261651,,,,,,,,,,,0.0,1.0
-7851813684664054699-2608261620-1,7149,,2608261620,,,S,S1,,8003280,Kirchheim (Teck),Baden-Württemberg,Kirchheim unter Teck,73230,9.443872422,48.64415981,4,,,2608261620,,,,,,,,,,,0.0,0.0
-6176428807824195191-2608261525-14,7142,2608261606,2608261607,1,,S,S1,Stuttgart Hbf|Stuttgart-Bad Cannstatt|Stuttgart Neckarpark|Stuttgart-Untertürkheim|Stuttgart-Obertürkheim|Esslingen-Mettingen|Esslingen(Neckar)|Oberesslingen|Esslingen-Zell|Altbach|Plochingen|Wernau(Neckar)|Wendlingen(Neckar),8003282,Kirchheim (Teck)-Ötlingen,Baden-Württemberg,Kirchheim unter Teck,73230,9.416261302,48.65782388,5,2608261606,,2608261608,,,,,,,,,,,0.0,1.0
6037772526634891708-2608261555-14,7144,2608261636,2608261637,1,,S,S1,Stuttgart Hbf|Stuttgart-Bad Cannstatt|Stuttgart Neckarpark|Stuttgart-Untertürkheim|Stuttgart-Obertürkheim|Esslingen-Mettingen|Esslingen(Neckar)|Oberesslingen|Esslingen-Zell|Altbach|Plochingen|Wernau(Neckar)|Wendlingen(Neckar),8003282,Kirchheim (Teck)-Ötlingen,Baden-Württemberg,Kirchheim unter Teck,73230,9.416261302,48.65782388,5,2608261636,,2608261638,,,,,,,,,,,0.0,1.0
713199971080468435-2608261650-2,7151,2608261653,2608261653,1,,S,S1,Kirchheim(Teck),8003282,Kirchheim (Teck)-Ötlingen,Baden-Württemberg,Kirchheim unter Teck,73230,9.416261302,48.65782388,5,2608261653,,2608261654,,,,,,,,,,,0.0,1.0
-7851813684664054699-2608261620-2,7149,2608261623,2608261623,1,,S,S1,Kirchheim(Teck),8003282,Kirchheim (Teck)-Ötlingen,Baden-Württemberg,Kirchheim unter Teck,73230,9.416261302,48.65782388,5,2608261623,,2608261623,,,,,,,,,,,0.0,0.0
-922318236278418485-2608261633-9,7649,2608261658,2608261659,3,,S,S6,Weil der Stadt|Malmsheim|Renningen|Rutesheim|Leonberg|Höfingen|Ditzingen|Weilimdorf,8003409,Korntal,Baden-Württemberg,Korntal,70825,9.121099128,48.82640246,4,2608261658,,2608261659,,,,,,,,,,,0.0,0.0
-6317899099651385370-2608261534-13,7043,2608261613,2608261614,3,,S,S60,Böblingen|Sindelfingen|Maichingen|Maichingen Nord|Magstadt|Renningen Süd|Renningen|Rutesheim|Leonberg|Höfingen|Ditzingen|Weilimdorf,8003409,Korntal,Baden-Württemberg,Korntal,70825,9.121099128,48.82640246,4,2608261613,,2608261614,,,,,,,,,,,0.0,0.0
-5340157616503979662-2608261601-7,1193,2608261624,,7,,WEG,,Heimerdingen|Hemmingen|Schwieberdingen|Münchingen|Münchingen Rührberg|Korntal Gymnasium,8003409,Korntal,Baden-Württemberg,Korntal,70825,9.121099128,48.82640246,4,2608261624,,,,,,,,,,,,,0.0,0.0
-7551061035899038142-2608261635-1,1198,,2608261635,,,WEG,RB47,,8003409,Korntal,Baden-Württemberg,Korntal,70825,9.121099128,48.82640246,4,,,2608261635,,,,,,,,,,,0.0,0.0
-193680393512143758-2608261638-4,7050,2608261646,2608261646,1,,S,S60,Stuttgart-Feuerbach|Stuttgart-Zuffenhausen|Neuwirtshaus(Porscheplatz),8003409,Korntal,Baden-Württemberg,Korntal,70825,9.121099128,48.82640246,4,2608261646,,2608261646,,,,,,,,,,,0.0,0.0
-3938449558083296947-2608261608-4,7048,2608261616,2608261616,1,,S,S60,Stuttgart-Feuerbach|Stuttgart-Zuffenhausen|Neuwirtshaus(Porscheplatz),8003409,Korntal,Baden-Württemberg,Korntal,70825,9.121099128,48.82640246,4,2608261617,,2608261617,,,,,,,,,,,1.0,1.0
7725913400382290286-2608261603-9,7647,2608261628,2608261629,3,,S,S6,Weil der Stadt|Malmsheim|Renningen|Rutesheim|Leonberg|Höfingen|Ditzingen|Weilimdorf,8003409,Korntal,Baden-Württemberg,Korntal,70825,9.121099128,48.82640246,4,2608261630,,2608261631,,,,,,,,,,,2.0,2.0
-434662733066569795-2608261547-6,7642,2608261601,2608261601,1,,S,S6,Stuttgart Hbf|Stuttgart Nordbahnhof|Stuttgart-Feuerbach|Stuttgart-Zuffenhausen|Neuwirtshaus(Porscheplatz),8003409,Korntal,Baden-Württemberg,Korntal,70825,9.121099128,48.82640246,4,2608261601,,2608261602,,,,,,,,,,,0.0,1.0
-4320397447687881024-2608261604-13,7045,2608261643,2608261644,3,,S,S60,Böblingen|Sindelfingen|Maichingen|Maichingen Nord|Magstadt|Renningen Süd|Renningen|Rutesheim|Leonberg|Höfingen|Ditzingen|Weilimdorf,8003409,Korntal,Baden-Württemberg,Korntal,70825,9.121099128,48.82640246,4,2608261643,,2608261644,,,,,,,,,,,0.0,0.0
924644417488732877-2608261617-6,7644,2608261631,2608261631,1,,S,S6,Stuttgart Hbf|Stuttgart Nordbahnhof|Stuttgart-Feuerbach|Stuttgart-Zuffenhausen|Neuwirtshaus(Porscheplatz),8003409,Korntal,Baden-Württemberg,Korntal,70825,9.121099128,48.82640246,4,2608261631,,2608261632,,,,,,,,,,,0.0,1.0
4487797687304659892-2608261631-7,1199,2608261654,,7,,WEG,,Heimerdingen|Hemmingen|Schwieberdingen|Münchingen|Münchingen Rührberg|Korntal Gymnasium,8003409,Korntal,Baden-Württemberg,Korntal,70825,9.121099128,48.82640246,4,2608261654,,,,,,,,,,,,,0.0,0.0
-7009205134762395417-2608261605-1,1192,,2608261605,,,WEG,RB47,,8003409,Korntal,Baden-Württemberg,Korntal,70825,9.121099128,48.82640246,4,,,2608261605,,,,,,,,,,,0.0,0.0
-3254435403021853572-2608261603-10,7447,2608261640,2608261640,3,,S,S4,Backnang|Burgstall(Murr)|Kirchberg(Murr)|Erdmannhausen|Marbach(Neckar)|Benningen(Neckar)|Freiberg(Neckar)|Favoritepark|Ludwigsburg,8003411,Kornwestheim Pbf,Baden-Württemberg,Kornwestheim,70806,9.179967278,48.86215948,3,2608261640,,2608261641,,,,,,,,,,,0.0,1.0
4626892396658662892-2608261627-5,7546,2608261640,2608261640,4,,S,S5,Stuttgart Hbf|Stuttgart Nordbahnhof|Stuttgart-Feuerbach|Stuttgart-Zuffenhausen,8003411,Kornwestheim Pbf,Baden-Württemberg,Kornwestheim,70806,9.179967278,48.86215948,3,2608261640,,2608261641,,h,2,Bauarbeiten,,,,,,,0.0,1.0
-2011080657640237201-2608261612-3,19326,2608261642,,6,,RE,,Plochingen|Esslingen(Neckar),8003411,Kornwestheim Pbf,Baden-Württemberg,Kornwestheim,70806,9.179967278,48.86215948,3,2608261638,,,,h,2,Störung,,,,,,,-4.0,0.0
-7748732492772087501-2608261607-5,7442,2608261620,2608261620,4,,S,S4,Stuttgart Hbf|Stuttgart Nordbahnhof|Stuttgart-Feuerbach|Stuttgart-Zuffenhausen,8003411,Kornwestheim Pbf,Baden-Württemberg,Kornwestheim,70806,9.179967278,48.86215948,3,2608261620,,2608261621,,,,,,,,,,,0.0,1.0
-4628505577045451249-2608261557-5,7544,2608261610,2608261610,4,,S,S5,Stuttgart Hbf|Stuttgart Nordbahnhof|Stuttgart-Feuerbach|Stuttgart-Zuffenhausen,8003411,Kornwestheim Pbf,Baden-Württemberg,Kornwestheim,70806,9.179967278,48.86215948,3,2608261610,,2608261611,,h,2,Bauarbeiten,,,,,,,0.0,1.0
-2709738596287664472-2608261516-9,19324,2608261609,,6,,RE,,Reutlingen Hbf|Metzingen(Württ)|Bempflingen|Nürtingen|Oberboihingen|Wendlingen(Neckar)|Plochingen|Esslingen(Neckar),8003411,Kornwestheim Pbf,Baden-Württemberg,Kornwestheim,70806,9.179967278,48.86215948,3,2608261619,,,,h,2,Störung,,,,,,,10.0,0.0
7262599140160735967-2608261616-2,7547,2608261619,2608261620,3,,S,S5,Ludwigsburg,8003411,Kornwestheim Pbf,Baden-Württemberg,Kornwestheim,70806,9.179967278,48.86215948,3,2608261620,,2608261621,,h,2,Bauarbeiten,,,,,,,1.0,1.0
-8547743709603473957-2608261533-10,7445,2608261610,2608261610,3,,S,S4,Backnang|Burgstall(Murr)|Kirchberg(Murr)|Erdmannhausen|Marbach(Neckar)|Benningen(Neckar)|Freiberg(Neckar)|Favoritepark|Ludwigsburg,8003411,Kornwestheim Pbf,Baden-Württemberg,Kornwestheim,70806,9.179967278,48.86215948,3,2608261610,,2608261610,,,,,,,,,,,0.0,0.0
4082287355771743349-2608261620-1,19325,,2608261620,,,RE,MEX18,,8003411,Kornwestheim Pbf,Baden-Württemberg,Kornwestheim,70806,9.179967278,48.86215948,3,,,2608261622,,h,2,Störung,,,,,,,0.0,2.0
-7181572303715472389-2608261646-2,7549,2608261649,2608261650,3,,S,S5,Ludwigsburg,8003411,Kornwestheim Pbf,Baden-Württemberg,Kornwestheim,70806,9.179967278,48.86215948,3,2608261651,,2608261651,,h,2,Bauarbeiten,,,,,,,2.0,1.0
6027149644914886165-2608261637-5,7444,2608261650,2608261650,4,,S,S4,Stuttgart Hbf|Stuttgart Nordbahnhof|Stuttgart-Feuerbach|Stuttgart-Zuffenhausen,8003411,Kornwestheim Pbf,Baden-Württemberg,Kornwestheim,70806,9.179967278,48.86215948,3,2608261650,,2608261651,,,,,,,,,,,0.0,1.0
-7890265662573644504-2608261605-4,7945,2608261616,2608261617,1,,S,S2,Stuttgart-Vaihingen|Stuttgart-Rohr|Oberaichen,8003622,Leinfelden,Baden-Württemberg,Leinfelden-Echterdingen,70771,9.142859698,48.6964193,4,2608261616,,2608261618,,,,,,,,,,,0.0,1.0
378305189179015240-2608261635-4,7947,2608261646,2608261647,1,,S,S2,Stuttgart-Vaihingen|Stuttgart-Rohr|Oberaichen,8003622,Leinfelden,Baden-Württemberg,Leinfelden-Echterdingen,70771,9.142859698,48.6964193,4,2608261646,,2608261647,,,,,,,,,,,0.0,0.0
7145149212361785028-2608261603-4,7944,2608261612,2608261613,2,,S,S2,Filderstadt|Stuttgart Flughafen/Messe|Echterdingen,8003622,Leinfelden,Baden-Württemberg,Leinfelden-Echterdingen,70771,9.142859698,48.6964193,4,2608261612,,2608261614,,,,,,,,,,,0.0,1.0
1877783574861069288-2608261633-4,7946,2608261642,2608261643,2,,S,S2,Filderstadt|Stuttgart Flughafen/Messe|Echterdingen,8003622,Leinfelden,Baden-Württemberg,Leinfelden-Echterdingen,70771,9.142859698,48.6964193,4,2608261642,,2608261643,,,,,,,,,,,0.0,0.0
-922318236278418485-2608261633-5,7649,2608261647,2608261647,1,,S,S6,Weil der Stadt|Malmsheim|Renningen|Rutesheim,8003652,Leonberg,Baden-Württemberg,Leonberg,71229,9.004025993,48.79970547,3,2608261647,,2608261647,,,,,,,,,,,0.0,0.0
-6317899099651385370-2608261534-9,7043,2608261602,2608261602,1,,S,S60,Böblingen|Sindelfingen|Maichingen|Maichingen Nord|Magstadt|Renningen Süd|Renningen|Rutesheim,8003652,Leonberg,Baden-Württemberg,Leonberg,71229,9.004025993,48.79970547,3,2608261602,,2608261602,,,,,,,,,,,0.0,0.0
-193680393512143758-2608261638-8,7050,2608261658,2608261658,2,,S,S60,Stuttgart-Feuerbach|Stuttgart-Zuffenhausen|Neuwirtshaus(Porscheplatz)|Korntal|Weilimdorf|Ditzingen|Höfingen,8003652,Leonberg,Baden-Württemberg,Leonberg,71229,9.004025993,48.79970547,3,2608261658,,2608261658,,,,,,,,,,,0.0,0.0
-3938449558083296947-2608261608-8,7048,2608261628,2608261628,2,,S,S60,Stuttgart-Feuerbach|Stuttgart-Zuffenhausen|Neuwirtshaus(Porscheplatz)|Korntal|Weilimdorf|Ditzingen|Höfingen,8003652,Leonberg,Baden-Württemberg,Leonberg,71229,9.004025993,48.79970547,3,2608261629,,2608261630,,,,,,,,,,,1.0,2.0
7725913400382290286-2608261603-5,7647,2608261617,2608261617,1,,S,S6,Weil der Stadt|Malmsheim|Renningen|Rutesheim,8003652,Leonberg,Baden-Württemberg,Leonberg,71229,9.004025993,48.79970547,3,2608261617,,2608261618,,,,,,,,,,,0.0,1.0
-434662733066569795-2608261547-10,7642,2608261613,2608261613,2,,S,S6,Stuttgart Hbf|Stuttgart Nordbahnhof|Stuttgart-Feuerbach|Stuttgart-Zuffenhausen|Neuwirtshaus(Porscheplatz)|Korntal|Weilimdorf|Ditzingen|Höfingen,8003652,Leonberg,Baden-Württemberg,Leonberg,71229,9.004025993,48.79970547,3,2608261613,,2608261613,,,,,,,,,,,0.0,0.0
-4320397447687881024-2608261604-9,7045,2608261632,2608261632,1,,S,S60,Böblingen|Sindelfingen|Maichingen|Maichingen Nord|Magstadt|Renningen Süd|Renningen|Rutesheim,8003652,Leonberg,Baden-Württemberg,Leonberg,71229,9.004025993,48.79970547,3,2608261632,,2608261632,,,,,,,,,,,0.0,0.0
924644417488732877-2608261617-10,7644,2608261643,2608261643,2,,S,S6,Stuttgart Hbf|Stuttgart Nordbahnhof|Stuttgart-Feuerbach|Stuttgart-Zuffenhausen|Neuwirtshaus(Porscheplatz)|Korntal|Weilimdorf|Ditzingen|Höfingen,8003652,Leonberg,Baden-Württemberg,Leonberg,71229,9.004025993,48.79970547,3,2608261643,,2608261643,,,,,,,,,,,0.0,0.0
-3254435403021853572-2608261603-9,7447,2608261636,2608261637,3,,S,S4,Backnang|Burgstall(Murr)|Kirchberg(Murr)|Erdmannhausen|Marbach(Neckar)|Benningen(Neckar)|Freiberg(Neckar)|Favoritepark,8000235,Ludwigsburg,Baden-Württemberg,Ludwigsburg,71638,9.185229823,48.89208622,3,2608261636,,2608261638,,,,,,,,,,,0.0,1.0
4626892396658662892-2608261627-6,7546,2608261643,,2,,S,,Stuttgart Hbf|Stuttgart Nordbahnhof|Stuttgart-Feuerbach|Stuttgart-Zuffenhausen|Kornwestheim Pbf,8000235,Ludwigsburg,Baden-Württemberg,Ludwigsburg,71638,9.185229823,48.89208622,3,2608261644,3,,,h,2,Bauarbeiten,,,,,,,1.0,0.0
-7748732492772087501-2608261607-6,7442,2608261623,2608261624,2,,S,S4,Stuttgart Hbf|Stuttgart Nordbahnhof|Stuttgart-Feuerbach|Stuttgart-Zuffenhausen|Kornwestheim Pbf,8000235,Ludwigsburg,Baden-Württemberg,Ludwigsburg,71638,9.185229823,48.89208622,3,2608261624,,2608261624,,,,,,,,,,,1.0,0.0
-4628505577045451249-2608261557-6,7544,2608261613,,2,,S,,Stuttgart Hbf|Stuttgart Nordbahnhof|Stuttgart-Feuerbach|Stuttgart-Zuffenhausen|Kornwestheim Pbf,8000235,Ludwigsburg,Baden-Württemberg,Ludwigsburg,71638,9.185229823,48.89208622,3,2608261615,3,,,h,2,Bauarbeiten,,,,,,,2.0,0.0
7262599140160735967-2608261616-1,7547,,2608261616,,,S,S5,,8000235,Ludwigsburg,Baden-Württemberg,Ludwigsburg,71638,9.185229823,48.89208622,3,,,2608261618,,h,2,Bauarbeiten,,,,,,,0.0,2.0
-8547743709603473957-2608261533-9,7445,2608261606,2608261607,3,,S,S4,Backnang|Burgstall(Murr)|Kirchberg(Murr)|Erdmannhausen|Marbach(Neckar)|Benningen(Neckar)|Freiberg(Neckar)|Favoritepark,8000235,Ludwigsburg,Baden-Württemberg,Ludwigsburg,71638,9.185229823,48.89208622,3,2608261606,,2608261607,,,,,,,,,,,0.0,0.0
-7181572303715472389-2608261646-1,7549,,2608261646,,,S,S5,,8000235,Ludwigsburg,Baden-Württemberg,Ludwigsburg,71638,9.185229823,48.89208622,3,,,2608261648,,h,2,Bauarbeiten,,,,,,,0.0,2.0
6027149644914886165-2608261637-6,7444,2608261653,2608261654,2,,S,S4,Stuttgart Hbf|Stuttgart Nordbahnhof|Stuttgart-Feuerbach|Stuttgart-Zuffenhausen|Kornwestheim Pbf,8000235,Ludwigsburg,Baden-Württemberg,Ludwigsburg,71638,9.185229823,48.89208622,3,2608261654,,2608261654,,,,,,,,,,,1.0,0.0
-922318236278418485-2608261633-2,7649,2608261635,2608261635,2,,S,S6,Weil der Stadt,8003831,Malmsheim,Baden-Württemberg,Renningen,71272,8.905105557,48.77183564,5,2608261635,,2608261636,,,,,,,,,,,0.0,1.0
7725913400382290286-2608261603-2,7647,2608261605,2608261605,2,,S,S6,Weil der Stadt,8003831,Malmsheim,Baden-Württemberg,Renningen,71272,8.905105557,48.77183564,5,2608261606,,2608261606,,,,,,,,,,,1.0,1.0
-434662733066569795-2608261547-13,7642,2608261624,2608261624,1,,S,S6,Stuttgart Hbf|Stuttgart Nordbahnhof|Stuttgart-Feuerbach|Stuttgart-Zuffenhausen|Neuwirtshaus(Porscheplatz)|Korntal|Weilimdorf|Ditzingen|Höfingen|Leonberg|Rutesheim|Renningen,8003831,Malmsheim,Baden-Württemberg,Renningen,71272,8.905105557,48.77183564,5,2608261624,,2608261624,,,,,,,,,,,0.0,0.0
924644417488732877-2608261617-13,7644,2608261654,2608261654,1,,S,S6,Stuttgart Hbf|Stuttgart Nordbahnhof|Stuttgart-Feuerbach|Stuttgart-Zuffenhausen|Neuwirtshaus(Porscheplatz)|Korntal|Weilimdorf|Ditzingen|Höfingen|Leonberg|Rutesheim|Renningen,8003831,Malmsheim,Baden-Württemberg,Renningen,71272,8.905105557,48.77183564,5,2608261655,,2608261656,,,,,,,,,,,1.0,2.0
-3254435403021853572-2608261603-5,7447,2608261621,2608261625,1,,S,S4,Backnang|Burgstall(Murr)|Kirchberg(Murr)|Erdmannhausen,8003853,Marbach (Neckar),Baden-Württemberg,Marbach am Neckar,71672,9.264611825,48.9437708,3,2608261621,,2608261625,,,,,,,,,,,0.0,0.0
-7748732492772087501-2608261607-10,7442,2608261635,2608261638,1,,S,S4,Stuttgart Hbf|Stuttgart Nordbahnhof|Stuttgart-Feuerbach|Stuttgart-Zuffenhausen|Kornwestheim Pbf|Ludwigsburg|Favoritepark|Freiberg(Neckar)|Benningen(Neckar),8003853,Marbach (Neckar),Baden-Württemberg,Marbach am Neckar,71672,9.264611825,48.9437708,3,2608261635,,2608261638,,,,,,,,,,,0.0,0.0
-2365839264405796350-2608261537-10,7440,2608261605,2608261608,1,,S,S4,Stuttgart Hbf|Stuttgart Nordbahnhof|Stuttgart-Feuerbach|Stuttgart-Zuffenhausen|Kornwestheim Pbf|Ludwigsburg|Favoritepark|Freiberg(Neckar)|Benningen(Neckar),8003853,Marbach (Neckar),Baden-Württemberg,Marbach am Neckar,71672,9.264611825,48.9437708,3,2608261606,,2608261610,,,,,,,,,,,1.0,2.0
-6941686648187494295-2608261633-5,7449,2608261651,2608261655,1,,S,S4,Backnang|Burgstall(Murr)|Kirchberg(Murr)|Erdmannhausen,8003853,Marbach (Neckar),Baden-Württemberg,Marbach am Neckar,71672,9.264611825,48.9437708,3,2608261651,,2608261656,,,,,,,,,,,0.0,1.0
-7819160470553148770-2608261641-2,7349,2608261643,2608261644,1,,S,S3,Backnang,8003913,Maubach,Baden-Württemberg,Backnang,71522,9.419487062,48.92623463,4,2608261644,,2608261645,,,,,,,,,,,1.0,1.0
-4004274244229684776-2608261612-11,7344,2608261644,2608261645,2,,S,S3,Stuttgart Hbf|Stuttgart-Bad Cannstatt|Stuttgart Nürnberger Str.|Stuttgart-Sommerrain|Fellbach|Waiblingen|Neustadt-Hohenacker|Schwaikheim|Winnenden|Nellmersbach,8003913,Maubach,Baden-Württemberg,Backnang,71522,9.419487062,48.92623463,4,2608261653,,2608261654,,,,,,,,,,,9.0,9.0
-2983041268716826074-2608261611-2,7347,2608261613,2608261614,1,,S,S3,Backnang,8003913,Maubach,Baden-Württemberg,Backnang,71522,9.419487062,48.92623463,4,2608261613,,2608261614,,,,,,,,,,,0.0,0.0
-1516279282303081361-2608261542-11,7342,2608261614,2608261615,2,,S,S3,Stuttgart Hbf|Stuttgart-Bad Cannstatt|Stuttgart Nürnberger Str.|Stuttgart-Sommerrain|Fellbach|Waiblingen|Neustadt-Hohenacker|Schwaikheim|Winnenden|Nellmersbach,8003913,Maubach,Baden-Württemberg,Backnang,71522,9.419487062,48.92623463,4,2608261615,,2608261616,,,,,,,,,,,1.0,1.0
-7819160470553148770-2608261641-3,7349,2608261646,2608261646,1,,S,S3,Backnang|Maubach,8004233,Nellmersbach,Baden-Württemberg,Leutenbach,71397,9.415421538,48.90336425,5,2608261646,,2608261648,,,,,,,,,,,0.0,2.0
-4004274244229684776-2608261612-10,7344,2608261641,2608261642,2,,S,S3,Stuttgart Hbf|Stuttgart-Bad Cannstatt|Stuttgart Nürnberger Str.|Stuttgart-Sommerrain|Fellbach|Waiblingen|Neustadt-Hohenacker|Schwaikheim|Winnenden,8004233,Nellmersbach,Baden-Württemberg,Leutenbach,71397,9.415421538,48.90336425,5,2608261650,,2608261651,,,,,,,,,,,9.0,9.0
-2983041268716826074-2608261611-3,7347,2608261616,2608261616,1,,S,S3,Backnang|Maubach,8004233,Nellmersbach,Baden-Württemberg,Leutenbach,71397,9.415421538,48.90336425,5,2608261616,,2608261617,,,,,,,,,,,0.0,1.0
-1516279282303081361-2608261542-10,7342,2608261611,2608261612,2,,S,S3,Stuttgart Hbf|Stuttgart-Bad Cannstatt|Stuttgart Nürnberger Str.|Stuttgart-Sommerrain|Fellbach|Waiblingen|Neustadt-Hohenacker|Schwaikheim|Winnenden,8004233,Nellmersbach,Baden-Württemberg,Leutenbach,71397,9.415421538,48.90336425,5,2608261612,,2608261613,,,,,,,,,,,1.0,1.0
-7819160470553148770-2608261641-6,7349,2608261655,2608261655,2,,S,S3,Backnang|Maubach|Nellmersbach|Winnenden|Schwaikheim,8004333,Neustadt-Hohenacker,Baden-Württemberg,Waiblingen,71336,9.32455106,48.85921668,5,2608261656,,2608261657,,,,,,,,,,,1.0,2.0
-4004274244229684776-2608261612-7,7344,2608261633,2608261633,1,,S,S3,Stuttgart Hbf|Stuttgart-Bad Cannstatt|Stuttgart Nürnberger Str.|Stuttgart-Sommerrain|Fellbach|Waiblingen,8004333,Neustadt-Hohenacker,Baden-Württemberg,Waiblingen,71336,9.32455106,48.85921668,5,2608261642,,2608261643,,,,,,,,,,,9.0,10.0
-2983041268716826074-2608261611-6,7347,2608261625,2608261625,2,,S,S3,Backnang|Maubach|Nellmersbach|Winnenden|Schwaikheim,8004333,Neustadt-Hohenacker,Baden-Württemberg,Waiblingen,71336,9.32455106,48.85921668,5,2608261625,,2608261626,,,,,,,,,,,0.0,1.0
-1516279282303081361-2608261542-7,7342,2608261603,2608261603,1,,S,S3,Stuttgart Hbf|Stuttgart-Bad Cannstatt|Stuttgart Nürnberger Str.|Stuttgart-Sommerrain|Fellbach|Waiblingen,8004333,Neustadt-Hohenacker,Baden-Württemberg,Waiblingen,71336,9.32455106,48.85921668,5,2608261603,,2608261604,,,,,,,,,,,0.0,1.0
-6317899099651385370-2608261534-14,7043,2608261616,2608261616,2,,S,S60,Böblingen|Sindelfingen|Maichingen|Maichingen Nord|Magstadt|Renningen Süd|Renningen|Rutesheim|Leonberg|Höfingen|Ditzingen|Weilimdorf|Korntal,8004338,Neuwirtshaus (Porscheplatz),Baden-Württemberg,Stuttgart,70435,9.151955614,48.83384734,4,2608261616,,2608261617,,,,,,,,,,,0.0,1.0
-3211478262182188991-2608261533-10,7645,2608261601,2608261601,2,,S,S6,Weil der Stadt|Malmsheim|Renningen|Rutesheim|Leonberg|Höfingen|Ditzingen|Weilimdorf|Korntal,8004338,Neuwirtshaus (Porscheplatz),Baden-Württemberg,Stuttgart,70435,9.151955614,48.83384734,4,2608261601,,2608261601,,,,,,,,,,,0.0,0.0
-193680393512143758-2608261638-3,7050,2608261643,2608261643,1,,S,S60,Stuttgart-Feuerbach|Stuttgart-Zuffenhausen,8004338,Neuwirtshaus (Porscheplatz),Baden-Württemberg,Stuttgart,70435,9.151955614,48.83384734,4,2608261643,,2608261644,,,,,,,,,,,0.0,1.0
-3938449558083296947-2608261608-3,7048,2608261613,2608261613,1,,S,S60,Stuttgart-Feuerbach|Stuttgart-Zuffenhausen,8004338,Neuwirtshaus (Porscheplatz),Baden-Württemberg,Stuttgart,70435,9.151955614,48.83384734,4,2608261614,,2608261615,,,,,,,,,,,1.0,2.0
-3086228637643871650-2608261647-5,7646,2608261658,2608261659,1,,S,S6,Stuttgart Hbf|Stuttgart Nordbahnhof|Stuttgart-Feuerbach|Stuttgart-Zuffenhausen,8004338,Neuwirtshaus (Porscheplatz),Baden-Württemberg,Stuttgart,70435,9.151955614,48.83384734,4,2608261659,,2608261700,,,,,,,,,,,1.0,1.0
7725913400382290286-2608261603-10,7647,2608261631,2608261631,2,,S,S6,Weil der Stadt|Malmsheim|Renningen|Rutesheim|Leonberg|Höfingen|Ditzingen|Weilimdorf|Korntal,8004338,Neuwirtshaus (Porscheplatz),Baden-Württemberg,Stuttgart,70435,9.151955614,48.83384734,4,2608261633,,2608261634,,,,,,,,,,,2.0,3.0
-4320397447687881024-2608261604-14,7045,2608261646,2608261646,2,,S,S60,Böblingen|Sindelfingen|Maichingen|Maichingen Nord|Magstadt|Renningen Süd|Renningen|Rutesheim|Leonberg|Höfingen|Ditzingen|Weilimdorf|Korntal,8004338,Neuwirtshaus (Porscheplatz),Baden-Württemberg,Stuttgart,70435,9.151955614,48.83384734,4,2608261646,,2608261647,,,,,,,,,,,0.0,1.0
924644417488732877-2608261617-5,7644,2608261628,2608261629,1,,S,S6,Stuttgart Hbf|Stuttgart Nordbahnhof|Stuttgart-Feuerbach|Stuttgart-Zuffenhausen,8004338,Neuwirtshaus (Porscheplatz),Baden-Württemberg,Stuttgart,70435,9.151955614,48.83384734,4,2608261628,,2608261629,,,,,,,,,,,0.0,0.0
-700744146323234249-2608261616-2,7748,2608261619,2608261619,2,,S,S1,Herrenberg,8004490,Nufringen,Baden-Württemberg,Nufringen,71154,8.889817485,48.62010967,5,2608261620,,2608261621,,,,,,,,,,,1.0,2.0
-7101481629715291400-2608261646-2,7750,2608261649,2608261649,2,,S,S1,Herrenberg,8004490,Nufringen,Baden-Württemberg,Nufringen,71154,8.889817485,48.62010967,5,2608261650,,2608261650,,,,,,,,,,,1.0,1.0
-3536192323965020429-2608261616-8,7745,2608261641,2608261641,1,,S,S1,Stuttgart-Vaihingen|Stuttgart-Rohr|Goldberg(Württ)|Böblingen|Hulb|Ehningen(b Böblingen)|Gärtringen,8004490,Nufringen,Baden-Württemberg,Nufringen,71154,8.889817485,48.62010967,5,2608261641,,2608261641,,,,,,,,,,,0.0,0.0
6036503238720280244-2608261546-8,7743,2608261611,2608261611,1,,S,S1,Stuttgart-Vaihingen|Stuttgart-Rohr|Goldberg(Württ)|Böblingen|Hulb|Ehningen(b Böblingen)|Gärtringen,8004490,Nufringen,Baden-Württemberg,Nufringen,71154,8.889817485,48.62010967,5,2608261611,,2608261612,,,,,,,,,,,0.0,1.0
-7890265662573644504-2608261605-3,7945,2608261614,2608261614,1,,S,S2,Stuttgart-Vaihingen|Stuttgart-Rohr,8004496,Oberaichen,Baden-Württemberg,Leinfelden-Echterdingen,70771,9.12743664,48.70512422,5,2608261614,,2608261615,,,,,,,,,,,0.0,1.0
378305189179015240-2608261635-3,7947,2608261644,2608261644,1,,S,S2,Stuttgart-Vaihingen|Stuttgart-Rohr,8004496,Oberaichen,Baden-Württemberg,Leinfelden-Echterdingen,70771,9.12743664,48.70512422,5,2608261644,,2608261645,,,,,,,,,,,0.0,1.0
7145149212361785028-2608261603-5,7944,2608261615,2608261615,2,,S,S2,Filderstadt|Stuttgart Flughafen/Messe|Echterdingen|Leinfelden,8004496,Oberaichen,Baden-Württemberg,Leinfelden-Echterdingen,70771,9.12743664,48.70512422,5,2608261615,,2608261617,,,,,,,,,,,0.0,2.0
1877783574861069288-2608261633-5,7946,2608261645,2608261645,2,,S,S2,Filderstadt|Stuttgart Flughafen/Messe|Echterdingen|Leinfelden,8004496,Oberaichen,Baden-Württemberg,Leinfelden-Echterdingen,70771,9.12743664,48.70512422,5,2608261645,,2608261646,,,,,,,,,,,0.0,1.0
9072809401414477062-2608261550-8,7147,2608261614,2608261615,3,,S,S1,Kirchheim(Teck)|Kirchheim(Teck)-Ötlingen|Wendlingen(Neckar)|Wernau(Neckar)|Plochingen|Altbach|Esslingen-Zell,8004528,Oberesslingen,Baden-Württemberg,Esslingen am Neckar,73730,9.327277435,48.72983585,3,2608261614,,2608261615,,,,,,,,,,,0.0,0.0
1890742567431507346-2608261625-8,7146,2608261645,2608261645,4,,S,S1,Stuttgart Hbf|Stuttgart-Bad Cannstatt|Stuttgart Neckarpark|Stuttgart-Untertürkheim|Stuttgart-Obertürkheim|Esslingen-Mettingen|Esslingen(Neckar),8004528,Oberesslingen,Baden-Württemberg,Esslingen am Neckar,73730,9.327277435,48.72983585,3,2608261655,,2608261656,,,,,,,,,,,10.0,11.0
6037772526634891708-2608261555-8,7144,2608261615,2608261615,4,,S,S1,Stuttgart Hbf|Stuttgart-Bad Cannstatt|Stuttgart Neckarpark|Stuttgart-Untertürkheim|Stuttgart-Obertürkheim|Esslingen-Mettingen|Esslingen(Neckar),8004528,Oberesslingen,Baden-Württemberg,Esslingen am Neckar,73730,9.327277435,48.72983585,3,2608261615,,2608261615,,,,,,,,,,,0.0,0.0
-7851813684664054699-2608261620-8,7149,2608261644,2608261645,3,,S,S1,Kirchheim(Teck)|Kirchheim(Teck)-Ötlingen|Wendlingen(Neckar)|Wernau(Neckar)|Plochingen|Altbach|Esslingen-Zell,8004528,Oberesslingen,Baden-Württemberg,Esslingen am Neckar,73730,9.327277435,48.72983585,3,2608261644,,2608261645,,,,,,,,,,,0.0,0.0
9072809401414477062-2608261550-5,7147,2608261605,2608261607,9,,S,S1,Kirchheim(Teck)|Kirchheim(Teck)-Ötlingen|Wendlingen(Neckar)|Wernau(Neckar),8000302,Plochingen,Baden-Württemberg,Plochingen,73207,9.411294578,48.71293906,2,2608261605,,2608261607,,,,,,,,,,,0.0,0.0
6036019531344774327-2608261616-7,19238,2608261646,2608261647,7,,RE,MEX12,Reutlingen Hbf|Metzingen(Württ)|Bempflingen|Nürtingen|Oberboihingen|Wendlingen(Neckar),8000302,Plochingen,Baden-Württemberg,Plochingen,73207,9.411294578,48.71293906,2,2608261647,,2608261648,,h,2,Bauarbeiten,,,,,,,1.0,1.0
2152293342088146683-2608261403-11,4220,2608261602,2608261606,1,,RE,RE5,Friedrichshafen Stadt|Meckenbeuren|Ravensburg|Aulendorf|Bad Schussenried|Biberach(Riß)|Laupheim West|Ulm Hbf|Geislingen(Steige)|Göppingen,8000302,Plochingen,Baden-Württemberg,Plochingen,73207,9.411294578,48.71293906,2,2608261622,,2608261624,,h,2,Störung,,,,,,,20.0,18.0
-2011080657640237201-2608261612-1,19326,,2608261612,,,RE,MEX18,,8000302,Plochingen,Baden-Württemberg,Plochingen,73207,9.411294578,48.71293906,2,,,2608261612,3,h,2,Störung,,,,,,,0.0,0.0
-4114242842381462175-2608261542-4,19153,2608261600,2608261600,4,,ARV,MEX16,Stuttgart Hbf|Stuttgart-Bad Cannstatt|Esslingen(Neckar),8000302,Plochingen,Baden-Württemberg,Plochingen,73207,9.411294578,48.71293906,2,2608261606,,2608261609,,,,,,,,,,,6.0,9.0
1890742567431507346-2608261625-11,7146,2608261653,2608261655,9,,S,S1,Stuttgart Hbf|Stuttgart-Bad Cannstatt|Stuttgart Neckarpark|Stuttgart-Untertürkheim|Stuttgart-Obertürkheim|Esslingen-Mettingen|Esslingen(Neckar)|Oberesslingen|Esslingen-Zell|Altbach,8000302,Plochingen,Baden-Württemberg,Plochingen,73207,9.411294578,48.71293906,2,2608261703,,2608261704,,,,,,,,,,,10.0,9.0
2814171890406331384-2608261551-4,19229,2608261611,2608261612,9,,RE,MEX12,Stuttgart Hbf|Stuttgart-Bad Cannstatt|Esslingen(Neckar),8000302,Plochingen,Baden-Württemberg,Plochingen,73207,9.411294578,48.71293906,2,2608261613,,2608261614,,h,2,Bauarbeiten,,,,,,,2.0,2.0
-8415102531932798272-2608261639-3,4225,2608261654,2608261656,4,,RE,RE5,Stuttgart Hbf|Esslingen(Neckar),8000302,Plochingen,Baden-Württemberg,Plochingen,73207,9.411294578,48.71293906,2,2608261659,,2608261701,,h,2,Störung,,,,,,,5.0,5.0
4082287355771743349-2608261620-3,19325,2608261642,,6,,RE,,Kornwestheim Pbf|Esslingen(Neckar),8000302,Plochingen,Baden-Württemberg,Plochingen,73207,9.411294578,48.71293906,2,2608261642,3,,,h,2,Störung,,,,,,,0.0,0.0
6037772526634891708-2608261555-11,7144,2608261623,2608261625,9,,S,S1,Stuttgart Hbf|Stuttgart-Bad Cannstatt|Stuttgart Neckarpark|Stuttgart-Untertürkheim|Stuttgart-Obertürkheim|Esslingen-Mettingen|Esslingen(Neckar)|Oberesslingen|Esslingen-Zell|Altbach,8000302,Plochingen,Baden-Württemberg,Plochingen,73207,9.411294578,48.71293906,2,2608261623,,2608261625,,,,,,,,,,,0.0,0.0
5995165262498243987-2608261604-4,19155,2608261623,2608261633,6,,ARV,MEX16,Stuttgart Hbf|Stuttgart-Bad Cannstatt|Esslingen(Neckar),8000302,Plochingen,Baden-Württemberg,Plochingen,73207,9.411294578,48.71293906,2,2608261623,4,2608261633,4,,,,,,,,,,0.0,0.0
6798270359717880545-2608261548-13,19154,2608261628,2608261634,1,,ARV,MEX16,Geislingen(Steige)|Geislingen(Steige)West|Kuchen|Gingen(Fils)|Süßen|Salach|Eislingen(Fils)|Göppingen|Faurndau|Uhingen|Ebersbach(Fils)|Reichenbach(Fils),8000302,Plochingen,Baden-Württemberg,Plochingen,73207,9.411294578,48.71293906,2,2608261631,,2608261634,,,,,,,,,,,3.0,0.0
-7851813684664054699-2608261620-5,7149,2608261635,2608261637,9,,S,S1,Kirchheim(Teck)|Kirchheim(Teck)-Ötlingen|Wendlingen(Neckar)|Wernau(Neckar),8000302,Plochingen,Baden-Württemberg,Plochingen,73207,9.411294578,48.71293906,2,2608261636,,2608261637,,,,,,,,,,,1.0,0.0
8824015025513515832-2608261616-13,19156,2608261656,2608261657,1,,ARV,MEX16,Geislingen(Steige)|Geislingen(Steige)West|Kuchen|Gingen(Fils)|Süßen|Salach|Eislingen(Fils)|Göppingen|Faurndau|Uhingen|Ebersbach(Fils)|Reichenbach(Fils),8000302,Plochingen,Baden-Württemberg,Plochingen,73207,9.411294578,48.71293906,2,2608261656,,2608261657,,,,,,,,,,,0.0,0.0
-4934377407582477101-2608261538-10,7046,2608261604,2608261609,3,,S,S60,Stuttgart-Feuerbach|Stuttgart-Zuffenhausen|Neuwirtshaus(Porscheplatz)|Korntal|Weilimdorf|Ditzingen|Höfingen|Leonberg|Rutesheim,8000313,Renningen,Baden-Württemberg,Renningen,71272,8.932650148,48.77515509,3,2608261606,,2608261609,,,,,,,,,,,2.0,0.0
-922318236278418485-2608261633-3,7649,2608261637,2608261641,2,,S,S6,Weil der Stadt|Malmsheim,8000313,Renningen,Baden-Württemberg,Renningen,71272,8.932650148,48.77515509,3,2608261638,,2608261641,,,,,,,,,,,1.0,0.0
3839736467023405751-2608261658-1,26168,,2608261658,,,SWE,RB76,,8000313,Renningen,Baden-Württemberg,Renningen,71272,8.932650148,48.77515509,3,,,2608261658,,h,1,Störung,,,,,,,0.0,0.0
3052355004880075210-2608261634-7,7047,2608261650,2608261656,2,,S,S60,Böblingen|Sindelfingen|Maichingen|Maichingen Nord|Magstadt|Renningen Süd,8000313,Renningen,Baden-Württemberg,Renningen,71272,8.932650148,48.77515509,3,2608261653,,2608261656,,,,,,,,,,,3.0,0.0
313908366016308696-2608261626-6,26167,2608261648,,4,,SWE,,Calw|Calw-Heumaden|Althengstett|Ostelsheim|Weil der Stadt,8000313,Renningen,Baden-Württemberg,Renningen,71272,8.932650148,48.77515509,3,2608261648,,,,h,1,Störung,,,,,,,0.0,0.0
-3938449558083296947-2608261608-10,7048,2608261634,2608261639,3,,S,S60,Stuttgart-Feuerbach|Stuttgart-Zuffenhausen|Neuwirtshaus(Porscheplatz)|Korntal|Weilimdorf|Ditzingen|Höfingen|Leonberg|Rutesheim,8000313,Renningen,Baden-Württemberg,Renningen,71272,8.932650148,48.77515509,3,2608261637,,2608261639,,,,,,,,,,,3.0,0.0
7725913400382290286-2608261603-3,7647,2608261607,2608261611,2,,S,S6,Weil der Stadt|Malmsheim,8000313,Renningen,Baden-Württemberg,Renningen,71272,8.932650148,48.77515509,3,2608261608,,2608261611,,,,,,,,,,,1.0,0.0
-434662733066569795-2608261547-12,7642,2608261619,2608261622,3,,S,S6,Stuttgart Hbf|Stuttgart Nordbahnhof|Stuttgart-Feuerbach|Stuttgart-Zuffenhausen|Neuwirtshaus(Porscheplatz)|Korntal|Weilimdorf|Ditzingen|Höfingen|Leonberg|Rutesheim,8000313,Renningen,Baden-Württemberg,Renningen,71272,8.932650148,48.77515509,3,2608261619,,2608261622,,,,,,,,,,,0.0,0.0
-4320397447687881024-2608261604-7,7045,2608261620,2608261626,2,,S,S60,Böblingen|Sindelfingen|Maichingen|Maichingen Nord|Magstadt|Renningen Süd,8000313,Renningen,Baden-Württemberg,Renningen,71272,8.932650148,48.77515509,3,2608261624,,2608261626,,,,,,,,,,,4.0,0.0
924644417488732877-2608261617-12,7644,2608261649,2608261652,3,,S,S6,Stuttgart Hbf|Stuttgart Nordbahnhof|Stuttgart-Feuerbach|Stuttgart-Zuffenhausen|Neuwirtshaus(Porscheplatz)|Korntal|Weilimdorf|Ditzingen|Höfingen|Leonberg|Rutesheim,8000313,Renningen,Baden-Württemberg,Renningen,71272,8.932650148,48.77515509,3,2608261650,,2608261653,,,,,,,,,,,1.0,1.0
6086544143608493018-2608261633-9,7249,2608261651,2608261652,2,,S,S2,Schorndorf|Weiler(Rems)|Winterbach(b Schorndorf)|Geradstetten|Grunbach|Beutelsbach|Endersbach|Stetten-Beinstein,8005157,Rommelshausen,Baden-Württemberg,Kernen,71394,9.319175885,48.81552017,4,2608261653,,2608261654,,h,1,Bauarbeiten,,,,,,,2.0,2.0
-5445906738201891339-2608261603-9,7247,2608261621,2608261622,2,,S,S2,Schorndorf|Weiler(Rems)|Winterbach(b Schorndorf)|Geradstetten|Grunbach|Beutelsbach|Endersbach|Stetten-Beinstein,8005157,Rommelshausen,Baden-Württemberg,Kernen,71394,9.319175885,48.81552017,4,2608261621,,2608261622,,h,1,Bauarbeiten,,,,,,,0.0,0.0
60204090947316905-2608261620-7,7244,2608261637,2608261637,1,,S,S2,Stuttgart Hbf|Stuttgart-Bad Cannstatt|Stuttgart Nürnberger Str.|Stuttgart-Sommerrain|Fellbach|Waiblingen,8005157,Rommelshausen,Baden-Württemberg,Kernen,71394,9.319175885,48.81552017,4,2608261644,,2608261645,,h,1,Bauarbeiten,,,,,,,7.0,8.0
1014763779494518341-2608261550-7,7242,2608261607,2608261607,1,,S,S2,Stuttgart Hbf|Stuttgart-Bad Cannstatt|Stuttgart Nürnberger Str.|Stuttgart-Sommerrain|Fellbach|Waiblingen,8005157,Rommelshausen,Baden-Württemberg,Kernen,71394,9.319175885,48.81552017,4,2608261609,,2608261610,,h,1,Bauarbeiten,,,,,,,2.0,3.0
-4934377407582477101-2608261538-9,7046,2608261601,2608261601,2,,S,S60,Stuttgart-Feuerbach|Stuttgart-Zuffenhausen|Neuwirtshaus(Porscheplatz)|Korntal|Weilimdorf|Ditzingen|Höfingen|Leonberg,8005236,Rutesheim,Baden-Württemberg,Leonberg,71229,8.960325242,48.79031093,5,2608261602,,2608261603,,,,,,,,,,,1.0,2.0
-922318236278418485-2608261633-4,7649,2608261643,2608261644,1,,S,S6,Weil der Stadt|Malmsheim|Renningen,8005236,Rutesheim,Baden-Württemberg,Leonberg,71229,8.960325242,48.79031093,5,2608261644,,2608261644,,,,,,,,,,,1.0,0.0
3052355004880075210-2608261634-8,7047,2608261658,2608261659,1,,S,S60,Böblingen|Sindelfingen|Maichingen|Maichingen Nord|Magstadt|Renningen Süd|Renningen,8005236,Rutesheim,Baden-Württemberg,Leonberg,71229,8.960325242,48.79031093,5,2608261659,,2608261700,,,,,,,,,,,1.0,1.0
-3938449558083296947-2608261608-9,7048,2608261631,2608261631,2,,S,S60,Stuttgart-Feuerbach|Stuttgart-Zuffenhausen|Neuwirtshaus(Porscheplatz)|Korntal|Weilimdorf|Ditzingen|Höfingen|Leonberg,8005236,Rutesheim,Baden-Württemberg,Leonberg,71229,8.960325242,48.79031093,5,2608261634,,2608261634,,,,,,,,,,,3.0,3.0
7725913400382290286-2608261603-4,7647,2608261613,2608261614,1,,S,S6,Weil der Stadt|Malmsheim|Renningen,8005236,Rutesheim,Baden-Württemberg,Leonberg,71229,8.960325242,48.79031093,5,2608261614,,2608261614,,,,,,,,,,,1.0,0.0
-434662733066569795-2608261547-11,7642,2608261616,2608261616,2,,S,S6,Stuttgart Hbf|Stuttgart Nordbahnhof|Stuttgart-Feuerbach|Stuttgart-Zuffenhausen|Neuwirtshaus(Porscheplatz)|Korntal|Weilimdorf|Ditzingen|Höfingen|Leonberg,8005236,Rutesheim,Baden-Württemberg,Leonberg,71229,8.960325242,48.79031093,5,2608261616,,2608261617,,,,,,,,,,,0.0,1.0
-4320397447687881024-2608261604-8,7045,2608261628,2608261629,1,,S,S60,Böblingen|Sindelfingen|Maichingen|Maichingen Nord|Magstadt|Renningen Süd|Renningen,8005236,Rutesheim,Baden-Württemberg,Leonberg,71229,8.960325242,48.79031093,5,2608261628,,2608261629,,,,,,,,,,,0.0,0.0
924644417488732877-2608261617-11,7644,2608261646,2608261646,2,,S,S6,Stuttgart Hbf|Stuttgart Nordbahnhof|Stuttgart-Feuerbach|Stuttgart-Zuffenhausen|Neuwirtshaus(Porscheplatz)|Korntal|Weilimdorf|Ditzingen|Höfingen|Leonberg,8005236,Rutesheim,Baden-Württemberg,Leonberg,71229,8.960325242,48.79031093,5,2608261647,,2608261647,,,,,,,,,,,1.0,1.0
6086544143608493018-2608261633-1,7249,,2608261633,,,S,S2,,8005424,Schorndorf,Baden-Württemberg,Schorndorf,73614,9.525686251,48.80693898,3,,,2608261635,,h,1,Bauarbeiten,,,,,,,0.0,2.0
-273547766285307951-2608261511-15,19476,2608261613,2608261614,3,,ARV,MEX13,Ellwangen|Schrezheim|Schwabsberg|Goldshöfe|Hofen(b Aalen)|Wasseralfingen|Aalen Hbf|Mögglingen(Gmünd)|Böbingen(Rems)|Schwäbisch Gmünd|Lorch(Württ)|Waldhausen(b Schorndorf)|Plüderhausen|Urbach(b Schorndorf),8005424,Schorndorf,Baden-Württemberg,Schorndorf,73614,9.525686251,48.80693898,3,2608261613,,2608261615,,,,,,,,,,,0.0,1.0
-5168618100041663203-2608261620-4,19475,2608261643,2608261644,2,,ARV,MEX13,Stuttgart Hbf|Stuttgart-Bad Cannstatt|Waiblingen,8005424,Schorndorf,Baden-Württemberg,Schorndorf,73614,9.525686251,48.80693898,3,2608261643,,2608261644,,h,2,Störung,,,,,,,0.0,0.0
-5445906738201891339-2608261603-1,7247,,2608261603,,,S,S2,,8005424,Schorndorf,Baden-Württemberg,Schorndorf,73614,9.525686251,48.80693898,3,,,2608261603,,h,1,Bauarbeiten,,,,,,,0.0,0.0
-6396384465199611007-2608261546-4,19423,2608261613,2608261614,2,,ARV,MEX13,Stuttgart Hbf|Stuttgart-Bad Cannstatt|Waiblingen,8005424,Schorndorf,Baden-Württemberg,Schorndorf,73614,9.525686251,48.80693898,3,2608261613,,2608261615,,,,,,,,,,,0.0,1.0
7739469546965709297-2608261511-5,19680,2608261628,2608261629,3,,ARV,RE1,Crailsheim|Ellwangen|Aalen Hbf|Schwäbisch Gmünd,8005424,Schorndorf,Baden-Württemberg,Schorndorf,73614,9.525686251,48.80693898,3,2608261630,,2608261631,,r,,,,,,,,,2.0,2.0
60204090947316905-2608261620-15,7244,2608261655,,1,,S,,Stuttgart Hbf|Stuttgart-Bad Cannstatt|Stuttgart Nürnberger Str.|Stuttgart-Sommerrain|Fellbach|Waiblingen|Rommelshausen|Stetten-Beinstein|Endersbach|Beutelsbach|Grunbach|Geradstetten|Winterbach(b Schorndorf)|Weiler(Rems),8005424,Schorndorf,Baden-Württemberg,Schorndorf,73614,9.525686251,48.80693898,3,2608261701,,,,h,1,Bauarbeiten,,,,,,,6.0,0.0
-7555129147761723302-2608261607-9,19428,2608261643,2608261644,3,,ARV,MEX13,Aalen Hbf|Mögglingen(Gmünd)|Böbingen(Rems)|Schwäbisch Gmünd|Lorch(Württ)|Waldhausen(b Schorndorf)|Plüderhausen|Urbach(b Schorndorf),8005424,Schorndorf,Baden-Württemberg,Schorndorf,73614,9.525686251,48.80693898,3,2608261653,,2608261654,,,,,,,,,,,10.0,10.0
1014763779494518341-2608261550-15,7242,2608261625,,14,,S,,Stuttgart Hbf|Stuttgart-Bad Cannstatt|Stuttgart Nürnberger Str.|Stuttgart-Sommerrain|Fellbach|Waiblingen|Rommelshausen|Stetten-Beinstein|Endersbach|Beutelsbach|Grunbach|Geradstetten|Winterbach(b Schorndorf)|Weiler(Rems),8005424,Schorndorf,Baden-Württemberg,Schorndorf,73614,9.525686251,48.80693898,3,2608261627,,,,h,1,Bauarbeiten,,,,,,,2.0,0.0
-7819160470553148770-2608261641-5,7349,2608261652,2608261653,1,,S,S3,Backnang|Maubach|Nellmersbach|Winnenden,8005454,Schwaikheim,Baden-Württemberg,Schwaikheim,71409,9.354747358,48.86832665,4,2608261653,,2608261654,,,,,,,,,,,1.0,1.0
-4004274244229684776-2608261612-8,7344,2608261636,2608261636,2,,S,S3,Stuttgart Hbf|Stuttgart-Bad Cannstatt|Stuttgart Nürnberger Str.|Stuttgart-Sommerrain|Fellbach|Waiblingen|Neustadt-Hohenacker,8005454,Schwaikheim,Baden-Württemberg,Schwaikheim,71409,9.354747358,48.86832665,4,2608261645,,2608261646,,,,,,,,,,,9.0,10.0
-2983041268716826074-2608261611-5,7347,2608261622,2608261623,1,,S,S3,Backnang|Maubach|Nellmersbach|Winnenden,8005454,Schwaikheim,Baden-Württemberg,Schwaikheim,71409,9.354747358,48.86832665,4,2608261622,,2608261623,,,,,,,,,,,0.0,0.0
-1516279282303081361-2608261542-8,7342,2608261606,2608261606,2,,S,S3,Stuttgart Hbf|Stuttgart-Bad Cannstatt|Stuttgart Nürnberger Str.|Stuttgart-Sommerrain|Fellbach|Waiblingen|Neustadt-Hohenacker,8005454,Schwaikheim,Baden-Württemberg,Schwaikheim,71409,9.354747358,48.86832665,4,2608261606,,2608261607,,,,,,,,,,,0.0,1.0
-4934377407582477101-2608261538-15,7046,2608261622,2608261623,1,,S,S60,Stuttgart-Feuerbach|Stuttgart-Zuffenhausen|Neuwirtshaus(Porscheplatz)|Korntal|Weilimdorf|Ditzingen|Höfingen|Leonberg|Rutesheim|Renningen|Renningen Süd|Magstadt|Maichingen Nord|Maichingen,8005574,Sindelfingen,Baden-Württemberg,Sindelfingen,71063,8.999262079,48.70387346,6,2608261623,,2608261624,,,,,,,,,,,1.0,1.0
3052355004880075210-2608261634-2,7047,2608261636,2608261637,1,,S,S60,Böblingen,8005574,Sindelfingen,Baden-Württemberg,Sindelfingen,71063,8.999262079,48.70387346,6,2608261639,,2608261639,,,,,,,,,,,3.0,2.0
-3938449558083296947-2608261608-15,7048,2608261652,2608261653,1,,S,S60,Stuttgart-Feuerbach|Stuttgart-Zuffenhausen|Neuwirtshaus(Porscheplatz)|Korntal|Weilimdorf|Ditzingen|Höfingen|Leonberg|Rutesheim|Renningen|Renningen Süd|Magstadt|Maichingen Nord|Maichingen,8005574,Sindelfingen,Baden-Württemberg,Sindelfingen,71063,8.999262079,48.70387346,6,2608261653,,2608261654,,,,,,,,,,,1.0,1.0
-4320397447687881024-2608261604-2,7045,2608261606,2608261607,1,,S,S60,Böblingen,8005574,Sindelfingen,Baden-Württemberg,Sindelfingen,71063,8.999262079,48.70387346,6,2608261609,,2608261610,,,,,,,,,,,3.0,3.0
6086544143608493018-2608261633-8,7249,2608261649,2608261649,2,,S,S2,Schorndorf|Weiler(Rems)|Winterbach(b Schorndorf)|Geradstetten|Grunbach|Beutelsbach|Endersbach,8005726,Stetten-Beinstein,Baden-Württemberg,Weinstadt,71384,9.352769725,48.81199601,5,2608261650,,2608261651,,h,1,Bauarbeiten,,,,,,,1.0,2.0
-5445906738201891339-2608261603-8,7247,2608261619,2608261619,2,,S,S2,Schorndorf|Weiler(Rems)|Winterbach(b Schorndorf)|Geradstetten|Grunbach|Beutelsbach|Endersbach,8005726,Stetten-Beinstein,Baden-Württemberg,Weinstadt,71384,9.352769725,48.81199601,5,2608261619,,2608261619,,h,1,Bauarbeiten,,,,,,,0.0,0.0
60204090947316905-2608261620-8,7244,2608261639,2608261639,1,,S,S2,Stuttgart Hbf|Stuttgart-Bad Cannstatt|Stuttgart Nürnberger Str.|Stuttgart-Sommerrain|Fellbach|Waiblingen|Rommelshausen,8005726,Stetten-Beinstein,Baden-Württemberg,Weinstadt,71384,9.352769725,48.81199601,5,2608261647,,2608261647,,h,1,Bauarbeiten,,,,,,,8.0,8.0
1014763779494518341-2608261550-8,7242,2608261609,2608261609,1,,S,S2,Stuttgart Hbf|Stuttgart-Bad Cannstatt|Stuttgart Nürnberger Str.|Stuttgart-Sommerrain|Fellbach|Waiblingen|Rommelshausen,8005726,Stetten-Beinstein,Baden-Württemberg,Weinstadt,71384,9.352769725,48.81199601,5,2608261612,,2608261612,,h,1,Bauarbeiten,,,,,,,3.0,3.0
-3254435403021853572-2608261603-14,7447,2608261655,,2,,S,,Backnang|Burgstall(Murr)|Kirchberg(Murr)|Erdmannhausen|Marbach(Neckar)|Benningen(Neckar)|Freiberg(Neckar)|Favoritepark|Ludwigsburg|Kornwestheim Pbf|Stuttgart-Zuffenhausen|Stuttgart-Feuerbach|Stuttgart Nordbahnhof,8000096,Stuttgart Hbf,Baden-Württemberg,Stuttgart,70173,9.183172973,48.78473069,1,2608261655,,,,,,,,,,,,,0.0,0.0
-273547766285307951-2608261511-18,19476,2608261639,,13,,ARV,,Ellwangen|Schrezheim|Schwabsberg|Goldshöfe|Hofen(b Aalen)|Wasseralfingen|Aalen Hbf|Mögglingen(Gmünd)|Böbingen(Rems)|Schwäbisch Gmünd|Lorch(Württ)|Waldhausen(b Schorndorf)|Plüderhausen|Urbach(b Schorndorf)|Schorndorf|Waiblingen|Stuttgart-Bad Cannstatt,8000096,Stuttgart Hbf,Baden-Württemberg,Stuttgart,70173,9.183172973,48.78473069,1,2608261639,14,,,,,,,,,,,,0.0,0.0
4626892396658662892-2608261627-1,7546,,2608261627,,,S,S5,,8000096,Stuttgart Hbf,Baden-Württemberg,Stuttgart,70173,9.183172973,48.78473069,1,,,2608261627,,h,2,Bauarbeiten,,,,,,,0.0,0.0
-6739253170809320051-2608261642-1,7346,,2608261642,,,S,S3,,8000096,Stuttgart Hbf,Baden-Württemberg,Stuttgart,70173,9.183172973,48.78473069,1,,,2608261647,,,,,,,,,,,0.0,5.0
9072809401414477062-2608261550-15,7147,2608261635,,4,,S,,Kirchheim(Teck)|Kirchheim(Teck)-Ötlingen|Wendlingen(Neckar)|Wernau(Neckar)|Plochingen|Altbach|Esslingen-Zell|Oberesslingen|Esslingen(Neckar)|Esslingen-Mettingen|Stuttgart-Obertürkheim|Stuttgart-Untertürkheim|Stuttgart Neckarpark|Stuttgart-Bad Cannstatt,8000096,Stuttgart Hbf,Baden-Württemberg,Stuttgart,70173,9.183172973,48.78473069,1,2608261638,,,,,,,,,,,,,3.0,0.0
-5168618100041663203-2608261620-1,19475,,2608261620,,,ARV,MEX13,,8000096,Stuttgart Hbf,Baden-Württemberg,Stuttgart,70173,9.183172973,48.78473069,1,,,2608261621,,h,2,Störung,,,,,,,0.0,1.0
-5445906738201891339-2608261603-15,7247,2608261640,,3,,S,,Schorndorf|Weiler(Rems)|Winterbach(b Schorndorf)|Geradstetten|Grunbach|Beutelsbach|Endersbach|Stetten-Beinstein|Rommelshausen|Waiblingen|Fellbach|Stuttgart-Sommerrain|Stuttgart Nürnberger Str.|Stuttgart-Bad Cannstatt,8000096,Stuttgart Hbf,Baden-Württemberg,Stuttgart,70173,9.183172973,48.78473069,1,2608261647,,,,h,1,Bauarbeiten,,,,,,,7.0,0.0
-7297672600113652549-2608261532-5,50486,2608261643,,6,,RE,,Oberndorf(Neckar)|Sulz(Neckar)|Horb|Bondorf(b Herrenberg),8000096,Stuttgart Hbf,Baden-Württemberg,Stuttgart,70173,9.183172973,48.78473069,1,,,,,h,2,Information,,,,,,,0.0,0.0
2152293342088146683-2608261403-13,4220,2608261622,,11,,RE,,Friedrichshafen Stadt|Meckenbeuren|Ravensburg|Aulendorf|Bad Schussenried|Biberach(Riß)|Laupheim West|Ulm Hbf|Geislingen(Steige)|Göppingen|Plochingen|Esslingen(Neckar),8000096,Stuttgart Hbf,Baden-Württemberg,Stuttgart,70173,9.183172973,48.78473069,1,2608261641,,,,h,2,Störung,,,,,,,19.0,0.0
3553759530310615-2608261622-1,2561,,2608261622,,,IC,,,8000096,Stuttgart Hbf,Baden-Württemberg,Stuttgart,70173,9.183172973,48.78473069,1,,,2608261627,6,h,2,Information,,,,,,,0.0,5.0
-3924626970669458370-2608261541-12,7345,2608261617,,4,,S,,Backnang|Maubach|Nellmersbach|Winnenden|Schwaikheim|Neustadt-Hohenacker|Waiblingen|Fellbach|Stuttgart-Sommerrain|Stuttgart Nürnberger Str.|Stuttgart-Bad Cannstatt,8000096,Stuttgart Hbf,Baden-Württemberg,Stuttgart,70173,9.183172973,48.78473069,1,2608261619,,,,,,,,,,,,,2.0,0.0
-4004274244229684776-2608261612-1,7344,,2608261612,,,S,S3,,8000096,Stuttgart Hbf,Baden-Württemberg,Stuttgart,70173,9.183172973,48.78473069,1,,,2608261613,,,,,,,,,,,0.0,1.0
-7748732492772087501-2608261607-1,7442,,2608261607,,,S,S4,,8000096,Stuttgart Hbf,Baden-Württemberg,Stuttgart,70173,9.183172973,48.78473069,1,,,2608261608,,,,,,,,,,,0.0,1.0
-7734078232361227040-2608261655-1,7148,,2608261655,,,S,S1,,8000096,Stuttgart Hbf,Baden-Württemberg,Stuttgart,70173,9.183172973,48.78473069,1,,,2608261701,,,,,,,,,,,0.0,6.0
5852218906535637124-2608261622-1,50281,,2608261622,,,RE,IC87,,8000096,Stuttgart Hbf,Baden-Württemberg,Stuttgart,70173,9.183172973,48.78473069,1,,,,,h,2,Information,,,,,,c,0.0,0.0
-3211478262182188991-2608261533-14,7645,2608261615,,2,,S,,Weil der Stadt|Malmsheim|Renningen|Rutesheim|Leonberg|Höfingen|Ditzingen|Weilimdorf|Korntal|Neuwirtshaus(Porscheplatz)|Stuttgart-Zuffenhausen|Stuttgart-Feuerbach|Stuttgart Nordbahnhof,8000096,Stuttgart Hbf,Baden-Württemberg,Stuttgart,70173,9.183172973,48.78473069,1,2608261615,,,,,,,,,,,,,0.0,0.0
-3857587200421256648-2608261633-3,28488,2608261655,,5,,RE,,Böblingen|Stuttgart-Vaihingen,8000096,Stuttgart Hbf,Baden-Württemberg,Stuttgart,70173,9.183172973,48.78473069,1,2608261659,,,,,,,,,,,p,,4.0,0.0
-3574262159782319876-2608261533-15,7245,2608261610,,3,,S,,Schorndorf|Weiler(Rems)|Winterbach(b Schorndorf)|Geradstetten|Grunbach|Beutelsbach|Endersbach|Stetten-Beinstein|Rommelshausen|Waiblingen|Fellbach|Stuttgart-Sommerrain|Stuttgart Nürnberger Str.|Stuttgart-Bad Cannstatt,8000096,Stuttgart Hbf,Baden-Württemberg,Stuttgart,70173,9.183172973,48.78473069,1,2608261612,,,,h,1,Bauarbeiten,,,,,,,2.0,0.0
-2983041268716826074-2608261611-12,7347,2608261647,,4,,S,,Backnang|Maubach|Nellmersbach|Winnenden|Schwaikheim|Neustadt-Hohenacker|Waiblingen|Fellbach|Stuttgart-Sommerrain|Stuttgart Nürnberger Str.|Stuttgart-Bad Cannstatt,8000096,Stuttgart Hbf,Baden-Württemberg,Stuttgart,70173,9.183172973,48.78473069,1,2608261651,,,,,,,,,,,,,4.0,0.0
4970266801288472002-2608261532-7,19021,2608261625,,7,,ARV,,Karlsruhe Hbf|Karlsruhe-Durlach|Wilferdingen-Singen|Pforzheim Hbf|Mühlacker|Vaihingen(Enz),8000096,Stuttgart Hbf,Baden-Württemberg,Stuttgart,70173,9.183172973,48.78473069,1,2608261638,16,,,h,2,Information,,,,,,,13.0,0.0
7739469546965709297-2608261511-6,19680,2608261650,2608261658,11,,ARV,RE1,Crailsheim|Ellwangen|Aalen Hbf|Schwäbisch Gmünd|Schorndorf,8000096,Stuttgart Hbf,Baden-Württemberg,Stuttgart,70173,9.183172973,48.78473069,1,2608261650,8,2608261658,8,r,,,,,,,,,0.0,0.0
-3816907051663177413-2608261532-5,2506,2608261643,,6,,IC,,Oberndorf(Neckar)|Sulz(Neckar)|Horb|Bondorf(b Herrenberg),8000096,Stuttgart Hbf,Baden-Württemberg,Stuttgart,70173,9.183172973,48.78473069,1,2608261645,,,,h,2,Information,,,,,,,2.0,0.0
-1785536974042890929-2608261605-6,19681,2608261659,2608261706,15,,ARV,RE1,Karlsruhe Hbf|Karlsruhe-Durlach|Pforzheim Hbf|Mühlacker|Vaihingen(Enz),8000096,Stuttgart Hbf,Baden-Württemberg,Stuttgart,70173,9.183172973,48.78473069,1,2608261701,,2608261706,,h,2,Störung,,,,,,,2.0,0.0
3675320541711482357-2608261506-5,2163,2608261603,2608261609,16,,IC,,Karlsruhe Hbf|Pforzheim Hbf|Mühlacker|Vaihingen(Enz),8000096,Stuttgart Hbf,Baden-Württemberg,Stuttgart,70173,9.183172973,48.78473069,1,2608261610,,2608261614,,h,1,Störung,,,,,,,7.0,5.0
1890742567431507346-2608261625-1,7146,,2608261625,,,S,S1,,8000096,Stuttgart Hbf,Baden-Württemberg,Stuttgart,70173,9.183172973,48.78473069,1,,,2608261629,,,,,,,,,,,0.0,4.0
3329985105991611158-2608261445-5,2584,2608261643,2608261649,8,,ICE,,München Hbf|München-Pasing|Augsburg Hbf|Ulm Hbf,8000096,Stuttgart Hbf,Baden-Württemberg,Stuttgart,70173,9.183172973,48.78473069,1,2608261644,10,2608261653,10,h,2,Information,,,,,,,1.0,4.0
7262599140160735967-2608261616-6,7547,2608261635,,2,,S,,Ludwigsburg|Kornwestheim Pbf|Stuttgart-Zuffenhausen|Stuttgart-Feuerbach|Stuttgart Nordbahnhof,8000096,Stuttgart Hbf,Baden-Württemberg,Stuttgart,70173,9.183172973,48.78473069,1,2608261635,,,,h,2,Bauarbeiten,,,,,,,0.0,0.0
-2627319502414886509-2608260956-10,579,2608261638,,10,,ICE,,Kiel Hbf|Neumünster|Hamburg Hbf|Celle|Hannover Hbf|Göttingen|Kassel-Wilhelmshöhe|Frankfurt(Main)Hbf|Mannheim Hbf,8000096,Stuttgart Hbf,Baden-Württemberg,Stuttgart,70173,9.183172973,48.78473069,1,2608261704,,,,h,3,Information,,,,,,,26.0,0.0
-8547743709603473957-2608261533-14,7445,2608261625,,1,,S,,Backnang|Burgstall(Murr)|Kirchberg(Murr)|Erdmannhausen|Marbach(Neckar)|Benningen(Neckar)|Freiberg(Neckar)|Favoritepark|Ludwigsburg|Kornwestheim Pbf|Stuttgart-Zuffenhausen|Stuttgart-Feuerbach|Stuttgart Nordbahnhof,8000096,Stuttgart Hbf,Baden-Württemberg,Stuttgart,70173,9.183172973,48.78473069,1,2608261625,,,,,,,,,,,,,0.0,0.0
-4231133478684104410-2608261513-16,19152,2608261616,,13,,ARV,,Geislingen(Steige)|Geislingen(Steige)West|Kuchen|Gingen(Fils)|Süßen|Salach|Eislingen(Fils)|Göppingen|Faurndau|Uhingen|Ebersbach(Fils)|Reichenbach(Fils)|Plochingen|Esslingen(Neckar)|Stuttgart-Bad Cannstatt,8000096,Stuttgart Hbf,Baden-Württemberg,Stuttgart,70173,9.183172973,48.78473069,1,2608261619,,,,,,,,,,,,,3.0,0.0
60204090947316905-2608261620-1,7244,,2608261620,,,S,S2,,8000096,Stuttgart Hbf,Baden-Württemberg,Stuttgart,70173,9.183172973,48.78473069,1,,,2608261626,,h,1,Bauarbeiten,,,,,,,0.0,6.0
-7952168138612223160-2608261507-12,19426,2608261609,,14,,ARV,,Aalen Hbf|Mögglingen(Gmünd)|Böbingen(Rems)|Schwäbisch Gmünd|Lorch(Württ)|Waldhausen(b Schorndorf)|Plüderhausen|Urbach(b Schorndorf)|Schorndorf|Waiblingen|Stuttgart-Bad Cannstatt,8000096,Stuttgart Hbf,Baden-Württemberg,Stuttgart,70173,9.183172973,48.78473069,1,2608261615,,,,,,,,,,,,,6.0,0.0
1468156754789648268-2608261651-1,19231,,2608261651,,,RE,MEX12,,8000096,Stuttgart Hbf,Baden-Württemberg,Stuttgart,70173,9.183172973,48.78473069,1,,,2608261657,13,h,2,Bauarbeiten,,,,,,,0.0,6.0
5506469601342734593-2608261642-1,19157,,2608261642,,,ARV,MEX16,,8000096,Stuttgart Hbf,Baden-Württemberg,Stuttgart,70173,9.183172973,48.78473069,1,,,2608261643,13,,,,,,,,,,0.0,1.0
-8415102531932798272-2608261639-1,4225,,2608261639,,,RE,RE5,,8000096,Stuttgart Hbf,Baden-Württemberg,Stuttgart,70173,9.183172973,48.78473069,1,,,2608261640,,h,2,Störung,,,,,,,0.0,1.0
1385355651314404449-2608261603-1,28489,,2608261603,,,RE,RESB,,8000096,Stuttgart Hbf,Baden-Württemberg,Stuttgart,70173,9.183172973,48.78473069,1,,,2608261620,,,,,,,,,,p,0.0,17.0
-9143870870247414014-2608261604-1,1092,,2608261604,,,ICE,,,8000096,Stuttgart Hbf,Baden-Württemberg,Stuttgart,70173,9.183172973,48.78473069,1,,,2608261604,,h,1,Störung,,,,,,,0.0,0.0
7369273237182260533-2608261650-1,7246,,2608261650,,,S,S2,,8000096,Stuttgart Hbf,Baden-Württemberg,Stuttgart,70173,9.183172973,48.78473069,1,,,2608261657,,h,1,Bauarbeiten,,,,,,,0.0,7.0
-8351377194669505707-2608261612-1,17653,,2608261612,,,RE,RE14b,,8000096,Stuttgart Hbf,Baden-Württemberg,Stuttgart,70173,9.183172973,48.78473069,1,,,2608261613,,h,1,Störung,,,,,,,0.0,1.0
2623969724242618233-2608261612-1,17655,,2608261612,,,RE,RE14a,,8000096,Stuttgart Hbf,Baden-Württemberg,Stuttgart,70173,9.183172973,48.78473069,1,,,2608261613,,h,1,Störung,,,,,,,0.0,1.0
7809441502000135015-2608261546-6,7545,2608261605,,1,,S,,Ludwigsburg|Kornwestheim Pbf|Stuttgart-Zuffenhausen|Stuttgart-Feuerbach|Stuttgart Nordbahnhof,8000096,Stuttgart Hbf,Baden-Württemberg,Stuttgart,70173,9.183172973,48.78473069,1,2608261606,,,,h,2,Bauarbeiten,,,,,,,1.0,0.0
6830165283023982751-2608261520-15,7145,2608261605,,4,,S,,Kirchheim(Teck)|Kirchheim(Teck)-Ötlingen|Wendlingen(Neckar)|Wernau(Neckar)|Plochingen|Altbach|Esslingen-Zell|Oberesslingen|Esslingen(Neckar)|Esslingen-Mettingen|Stuttgart-Obertürkheim|Stuttgart-Untertürkheim|Stuttgart Neckarpark|Stuttgart-Bad Cannstatt,8000096,Stuttgart Hbf,Baden-Württemberg,Stuttgart,70173,9.183172973,48.78473069,1,2608261605,,,,,,,,,,,,,0.0,0.0
6027149644914886165-2608261637-1,7444,,2608261637,,,S,S4,,8000096,Stuttgart Hbf,Baden-Württemberg,Stuttgart,70173,9.183172973,48.78473069,1,,,2608261638,,,,,,,,,,,0.0,1.0
4359145174899901492-2608261647-1,19425,,2608261647,,,ARV,MEX13,,8000096,Stuttgart Hbf,Baden-Württemberg,Stuttgart,70173,9.183172973,48.78473069,1,,,2608261648,14,,,,,,,,,,0.0,1.0
-3086228637643871650-2608261647-1,7646,,2608261647,,,S,S6,,8000096,Stuttgart Hbf,Baden-Württemberg,Stuttgart,70173,9.183172973,48.78473069,1,,,2608261647,,,,,,,,,,,0.0,0.0
-1129910714640635902-2608261643-1,1696,,2608261643,,,ICE,,,8000096,Stuttgart Hbf,Baden-Württemberg,Stuttgart,70173,9.183172973,48.78473069,1,,,2608261644,,,,,,,,,,,0.0,1.0
7725913400382290286-2608261603-14,7647,2608261645,,1,,S,,Weil der Stadt|Malmsheim|Renningen|Rutesheim|Leonberg|Höfingen|Ditzingen|Weilimdorf|Korntal|Neuwirtshaus(Porscheplatz)|Stuttgart-Zuffenhausen|Stuttgart-Feuerbach|Stuttgart Nordbahnhof,8000096,Stuttgart Hbf,Baden-Württemberg,Stuttgart,70173,9.183172973,48.78473069,1,2608261645,,,,,,,,,,,,,0.0,0.0
-8550986694392326164-2608261657-1,89687,,2608261657,,,ARV,RE90,,8000096,Stuttgart Hbf,Baden-Württemberg,Stuttgart,70173,9.183172973,48.78473069,1,,,2608261700,,h,2,Information,,,,,,,0.0,3.0
5995165262498243987-2608261604-1,19155,,2608261604,,,ARV,MEX16,,8000096,Stuttgart Hbf,Baden-Württemberg,Stuttgart,70173,9.183172973,48.78473069,1,,,2608261604,14,,,,,,,,,,0.0,0.0
6798270359717880545-2608261548-16,19154,2608261653,,12,,ARV,,Geislingen(Steige)|Geislingen(Steige)West|Kuchen|Gingen(Fils)|Süßen|Salach|Eislingen(Fils)|Göppingen|Faurndau|Uhingen|Ebersbach(Fils)|Reichenbach(Fils)|Plochingen|Esslingen(Neckar)|Stuttgart-Bad Cannstatt,8000096,Stuttgart Hbf,Baden-Württemberg,Stuttgart,70173,9.183172973,48.78473069,1,2608261653,,,,,,,,,,,,,0.0,0.0
924644417488732877-2608261617-1,7644,,2608261617,,,S,S6,,8000096,Stuttgart Hbf,Baden-Württemberg,Stuttgart,70173,9.183172973,48.78473069,1,,,2608261618,,,,,,,,,,,0.0,1.0
4438230868556249097-2608261657-1,7548,,2608261657,,,S,S5,,8000096,Stuttgart Hbf,Baden-Württemberg,Stuttgart,70173,9.183172973,48.78473069,1,,,2608261658,,h,2,Bauarbeiten,,,,,,,0.0,1.0
-4073049444847278216-2608261632-1,19022,,2608261632,,,ARV,RE1,,8000096,Stuttgart Hbf,Baden-Württemberg,Stuttgart,70173,9.183172973,48.78473069,1,,,2608261632,,r,,,,,,,,,0.0,0.0
8256892323728512755-2608261626-1,17541,,2608261626,,,RB,MEX90,,8000096,Stuttgart Hbf,Baden-Württemberg,Stuttgart,70173,9.183172973,48.78473069,1,,,2608261639,7,h,2,Störung,,,,,,,0.0,13.0
-1771999902519035233-2608261503-10,17544,2608261602,,12,,RE,,Schwäbisch Hall-Hessental|Gaildorf West|Murrhardt|Sulzbach(Murr)|Oppenweiler(Württ)|Backnang|Winnenden|Waiblingen|Stuttgart-Bad Cannstatt,8000096,Stuttgart Hbf,Baden-Württemberg,Stuttgart,70173,9.183172973,48.78473069,1,2608261622,,,,h,2,Störung,,,,,,,20.0,0.0
-2070584927266405083-2608260945-13,519,2608261611,2608261617,15,,ICE,,Hamburg Hbf|Hamburg-Harburg|Bremen Hbf|Osnabrück Hbf|Münster(Westf)Hbf|Dortmund Hbf|Hagen Hbf|Wuppertal Hbf|Solingen Hbf|Köln Hbf|Frankfurt(M) Flughafen Fernbf|Mannheim Hbf,8000096,Stuttgart Hbf,Baden-Württemberg,Stuttgart,70173,9.183172973,48.78473069,1,2608261647,,2608261653,,h,1,Störung,,,Hamburg Hbf|Hamburg-Harburg|Bremen Hbf|Osnabrück Hbf|Münster(Westf)Hbf|Dortmund Hbf|Hagen Hbf|Wuppertal Hbf|Solingen Hbf|Köln Hbf|Frankfurt(M) Flughafen Fernbf|Mannheim Hbf,Ulm Hbf|Augsburg Hbf|München-Pasing|München Hbf,,,36.0,36.0
9072809401414477062-2608261550-13,7147,2608261627,2608261627,1,,S,S1,Kirchheim(Teck)|Kirchheim(Teck)-Ötlingen|Wendlingen(Neckar)|Wernau(Neckar)|Plochingen|Altbach|Esslingen-Zell|Oberesslingen|Esslingen(Neckar)|Esslingen-Mettingen|Stuttgart-Obertürkheim|Stuttgart-Untertürkheim,8006743,Stuttgart Neckarpark,Baden-Württemberg,Stuttgart,70372,9.24106855,48.79194362,4,2608261627,,2608261628,,,,,,,,,,,0.0,1.0
1890742567431507346-2608261625-3,7146,2608261632,2608261632,2,,S,S1,Stuttgart Hbf|Stuttgart-Bad Cannstatt,8006743,Stuttgart Neckarpark,Baden-Württemberg,Stuttgart,70372,9.24106855,48.79194362,4,2608261644,,2608261645,,,,,,,,,,,12.0,13.0
6037772526634891708-2608261555-3,7144,2608261602,2608261602,2,,S,S1,Stuttgart Hbf|Stuttgart-Bad Cannstatt,8006743,Stuttgart Neckarpark,Baden-Württemberg,Stuttgart,70372,9.24106855,48.79194362,4,2608261603,,2608261603,,,,,,,,,,,1.0,1.0
-7851813684664054699-2608261620-13,7149,2608261657,2608261657,1,,S,S1,Kirchheim(Teck)|Kirchheim(Teck)-Ötlingen|Wendlingen(Neckar)|Wernau(Neckar)|Plochingen|Altbach|Esslingen-Zell|Oberesslingen|Esslingen(Neckar)|Esslingen-Mettingen|Stuttgart-Obertürkheim|Stuttgart-Untertürkheim,8006743,Stuttgart Neckarpark,Baden-Württemberg,Stuttgart,70372,9.24106855,48.79194362,4,2608261657,,2608261657,,,,,,,,,,,0.0,0.0
-3254435403021853572-2608261603-13,7447,2608261649,2608261651,4,,S,S4,Backnang|Burgstall(Murr)|Kirchberg(Murr)|Erdmannhausen|Marbach(Neckar)|Benningen(Neckar)|Freiberg(Neckar)|Favoritepark|Ludwigsburg|Kornwestheim Pbf|Stuttgart-Zuffenhausen|Stuttgart-Feuerbach,8005767,Stuttgart Nord,Baden-Württemberg,Stuttgard-Nord,70174,9.188061449,48.80374161,5,2608261649,,2608261651,,,,,,,,,,,0.0,0.0
4626892396658662892-2608261627-2,7546,2608261630,2608261631,3,,S,S5,Stuttgart Hbf,8005767,Stuttgart Nord,Baden-Württemberg,Stuttgard-Nord,70174,9.188061449,48.80374161,5,2608261630,,2608261631,,h,2,Bauarbeiten,,,,,,,0.0,0.0
-7748732492772087501-2608261607-2,7442,2608261610,2608261611,3,,S,S4,Stuttgart Hbf,8005767,Stuttgart Nord,Baden-Württemberg,Stuttgard-Nord,70174,9.188061449,48.80374161,5,2608261612,,2608261612,,,,,,,,,,,2.0,1.0
-4628505577045451249-2608261557-2,7544,2608261600,2608261601,3,,S,S5,Stuttgart Hbf,8005767,Stuttgart Nord,Baden-Württemberg,Stuttgard-Nord,70174,9.188061449,48.80374161,5,2608261601,,2608261602,,h,2,Bauarbeiten,,,,,,,1.0,1.0
-3211478262182188991-2608261533-13,7645,2608261609,2608261611,4,,S,S6,Weil der Stadt|Malmsheim|Renningen|Rutesheim|Leonberg|Höfingen|Ditzingen|Weilimdorf|Korntal|Neuwirtshaus(Porscheplatz)|Stuttgart-Zuffenhausen|Stuttgart-Feuerbach,8005767,Stuttgart Nord,Baden-Württemberg,Stuttgard-Nord,70174,9.188061449,48.80374161,5,2608261609,,2608261611,,,,,,,,,,,0.0,0.0
7262599140160735967-2608261616-5,7547,2608261629,2608261631,4,,S,S5,Ludwigsburg|Kornwestheim Pbf|Stuttgart-Zuffenhausen|Stuttgart-Feuerbach,8005767,Stuttgart Nord,Baden-Württemberg,Stuttgard-Nord,70174,9.188061449,48.80374161,5,2608261629,,2608261631,,h,2,Bauarbeiten,,,,,,,0.0,0.0
-8547743709603473957-2608261533-13,7445,2608261619,2608261621,4,,S,S4,Backnang|Burgstall(Murr)|Kirchberg(Murr)|Erdmannhausen|Marbach(Neckar)|Benningen(Neckar)|Freiberg(Neckar)|Favoritepark|Ludwigsburg|Kornwestheim Pbf|Stuttgart-Zuffenhausen|Stuttgart-Feuerbach,8005767,Stuttgart Nord,Baden-Württemberg,Stuttgard-Nord,70174,9.188061449,48.80374161,5,2608261619,,2608261621,,,,,,,,,,,0.0,0.0
-7181572303715472389-2608261646-5,7549,2608261659,2608261701,4,,S,S5,Ludwigsburg|Kornwestheim Pbf|Stuttgart-Zuffenhausen|Stuttgart-Feuerbach,8005767,Stuttgart Nord,Baden-Württemberg,Stuttgard-Nord,70174,9.188061449,48.80374161,5,2608261659,,2608261701,,h,2,Bauarbeiten,,,,,,,0.0,0.0
7809441502000135015-2608261546-5,7545,2608261559,2608261601,4,,S,S5,Ludwigsburg|Kornwestheim Pbf|Stuttgart-Zuffenhausen|Stuttgart-Feuerbach,8005767,Stuttgart Nord,Baden-Württemberg,Stuttgard-Nord,70174,9.188061449,48.80374161,5,2608261559,,2608261601,,h,2,Bauarbeiten,,,,,,,0.0,0.0
6027149644914886165-2608261637-2,7444,2608261640,2608261641,3,,S,S4,Stuttgart Hbf,8005767,Stuttgart Nord,Baden-Württemberg,Stuttgard-Nord,70174,9.188061449,48.80374161,5,2608261642,,2608261642,,,,,,,,,,,2.0,1.0
-3086228637643871650-2608261647-2,7646,2608261650,2608261652,3,,S,S6,Stuttgart Hbf,8005767,Stuttgart Nord,Baden-Württemberg,Stuttgard-Nord,70174,9.188061449,48.80374161,5,2608261651,,2608261652,,,,,,,,,,,1.0,0.0
7725913400382290286-2608261603-13,7647,2608261639,2608261641,4,,S,S6,Weil der Stadt|Malmsheim|Renningen|Rutesheim|Leonberg|Höfingen|Ditzingen|Weilimdorf|Korntal|Neuwirtshaus(Porscheplatz)|Stuttgart-Zuffenhausen|Stuttgart-Feuerbach,8005767,Stuttgart Nord,Baden-Württemberg,Stuttgard-Nord,70174,9.188061449,48.80374161,5,2608261640,,2608261641,,,,,,,,,,,1.0,0.0
924644417488732877-2608261617-2,7644,2608261620,2608261622,3,,S,S6,Stuttgart Hbf,8005767,Stuttgart Nord,Baden-Württemberg,Stuttgard-Nord,70174,9.188061449,48.80374161,5,2608261621,,2608261622,,,,,,,,,,,1.0,0.0
-6739253170809320051-2608261642-3,7346,2608261652,2608261652,4,,S,S3,Stuttgart Hbf|Stuttgart-Bad Cannstatt,8004357,Stuttgart Nürnberger Straße,Baden-Württemberg,Stuttgart,70374,9.234576905,48.80656062,5,2608261657,,2608261658,,,,,,,,,,,5.0,6.0
-5445906738201891339-2608261603-13,7247,2608261632,2608261633,1,,S,S2,Schorndorf|Weiler(Rems)|Winterbach(b Schorndorf)|Geradstetten|Grunbach|Beutelsbach|Endersbach|Stetten-Beinstein|Rommelshausen|Waiblingen|Fellbach|Stuttgart-Sommerrain,8004357,Stuttgart Nürnberger Straße,Baden-Württemberg,Stuttgart,70374,9.234576905,48.80656062,5,2608261632,,2608261633,,h,1,Bauarbeiten,,,,,,,0.0,0.0
-3924626970669458370-2608261541-10,7345,2608261607,2608261608,1,,S,S3,Backnang|Maubach|Nellmersbach|Winnenden|Schwaikheim|Neustadt-Hohenacker|Waiblingen|Fellbach|Stuttgart-Sommerrain,8004357,Stuttgart Nürnberger Straße,Baden-Württemberg,Stuttgart,70374,9.234576905,48.80656062,5,2608261609,,2608261610,,,,,,,,,,,2.0,2.0
-4004274244229684776-2608261612-3,7344,2608261622,2608261622,4,,S,S3,Stuttgart Hbf|Stuttgart-Bad Cannstatt,8004357,Stuttgart Nürnberger Straße,Baden-Württemberg,Stuttgart,70374,9.234576905,48.80656062,5,2608261631,,2608261631,,,,,,,,,,,9.0,9.0
-3574262159782319876-2608261533-13,7245,2608261602,2608261603,1,,S,S2,Schorndorf|Weiler(Rems)|Winterbach(b Schorndorf)|Geradstetten|Grunbach|Beutelsbach|Endersbach|Stetten-Beinstein|Rommelshausen|Waiblingen|Fellbach|Stuttgart-Sommerrain,8004357,Stuttgart Nürnberger Straße,Baden-Württemberg,Stuttgart,70374,9.234576905,48.80656062,5,2608261604,,2608261606,,h,1,Bauarbeiten,,,,,,,2.0,3.0
-2983041268716826074-2608261611-10,7347,2608261637,2608261638,1,,S,S3,Backnang|Maubach|Nellmersbach|Winnenden|Schwaikheim|Neustadt-Hohenacker|Waiblingen|Fellbach|Stuttgart-Sommerrain,8004357,Stuttgart Nürnberger Straße,Baden-Württemberg,Stuttgart,70374,9.234576905,48.80656062,5,2608261637,,2608261638,,,,,,,,,,,0.0,0.0
60204090947316905-2608261620-3,7244,2608261627,2608261627,4,,S,S2,Stuttgart Hbf|Stuttgart-Bad Cannstatt,8004357,Stuttgart Nürnberger Straße,Baden-Württemberg,Stuttgart,70374,9.234576905,48.80656062,5,2608261634,,2608261635,,h,1,Bauarbeiten,,,,,,,7.0,8.0
7369273237182260533-2608261650-3,7246,2608261657,2608261657,4,,S,S2,Stuttgart Hbf|Stuttgart-Bad Cannstatt,8004357,Stuttgart Nürnberger Straße,Baden-Württemberg,Stuttgart,70374,9.234576905,48.80656062,5,2608261705,,2608261706,,h,1,Bauarbeiten,,,,,,,8.0,9.0
-273547766285307951-2608261511-17,19476,2608261635,2608261635,6,,ARV,MEX13,Ellwangen|Schrezheim|Schwabsberg|Goldshöfe|Hofen(b Aalen)|Wasseralfingen|Aalen Hbf|Mögglingen(Gmünd)|Böbingen(Rems)|Schwäbisch Gmünd|Lorch(Württ)|Waldhausen(b Schorndorf)|Plüderhausen|Urbach(b Schorndorf)|Schorndorf|Waiblingen,8005769,Stuttgart-Bad Cannstatt,Baden-Württemberg,Stuttgart,70372,9.217468636,48.80127978,3,2608261635,,2608261635,,,,,,,,,,,0.0,0.0
-6739253170809320051-2608261642-2,7346,2608261646,2608261649,3,,S,S3,Stuttgart Hbf,8005769,Stuttgart-Bad Cannstatt,Baden-Württemberg,Stuttgart,70372,9.217468636,48.80127978,3,2608261655,,2608261654,,,,,,,,,,,9.0,5.0
9072809401414477062-2608261550-14,7147,2608261630,2608261631,2,,S,S1,Kirchheim(Teck)|Kirchheim(Teck)-Ötlingen|Wendlingen(Neckar)|Wernau(Neckar)|Plochingen|Altbach|Esslingen-Zell|Oberesslingen|Esslingen(Neckar)|Esslingen-Mettingen|Stuttgart-Obertürkheim|Stuttgart-Untertürkheim|Stuttgart Neckarpark,8005769,Stuttgart-Bad Cannstatt,Baden-Württemberg,Stuttgart,70372,9.217468636,48.80127978,3,2608261631,,2608261631,,,,,,,,,,,1.0,0.0
-5168618100041663203-2608261620-2,19475,2608261624,2608261625,7,,ARV,MEX13,Stuttgart Hbf,8005769,Stuttgart-Bad Cannstatt,Baden-Württemberg,Stuttgart,70372,9.217468636,48.80127978,3,2608261625,,2608261626,,h,2,Störung,,,,,,,1.0,1.0
-5445906738201891339-2608261603-14,7247,2608261635,2608261636,2,,S,S2,Schorndorf|Weiler(Rems)|Winterbach(b Schorndorf)|Geradstetten|Grunbach|Beutelsbach|Endersbach|Stetten-Beinstein|Rommelshausen|Waiblingen|Fellbach|Stuttgart-Sommerrain|Stuttgart Nürnberger Str.,8005769,Stuttgart-Bad Cannstatt,Baden-Württemberg,Stuttgart,70372,9.217468636,48.80127978,3,2608261636,1,2608261642,1,h,1,Bauarbeiten,,,,,,,1.0,6.0
-3924626970669458370-2608261541-11,7345,2608261611,2608261613,2,,S,S3,Backnang|Maubach|Nellmersbach|Winnenden|Schwaikheim|Neustadt-Hohenacker|Waiblingen|Fellbach|Stuttgart-Sommerrain|Stuttgart Nürnberger Str.,8005769,Stuttgart-Bad Cannstatt,Baden-Württemberg,Stuttgart,70372,9.217468636,48.80127978,3,2608261612,,2608261613,,,,,,,,,,,1.0,0.0
-4004274244229684776-2608261612-2,7344,2608261616,2608261619,3,,S,S3,Stuttgart Hbf,8005769,Stuttgart-Bad Cannstatt,Baden-Württemberg,Stuttgart,70372,9.217468636,48.80127978,3,2608261627,,2608261628,,,,,,,,,,,11.0,9.0
-7734078232361227040-2608261655-2,7148,2608261658,2608261659,3,,S,S1,Stuttgart Hbf,8005769,Stuttgart-Bad Cannstatt,Baden-Württemberg,Stuttgart,70372,9.217468636,48.80127978,3,2608261706,,2608261706,,,,,,,,,,,8.0,7.0
-3574262159782319876-2608261533-14,7245,2608261605,2608261606,2,,S,S2,Schorndorf|Weiler(Rems)|Winterbach(b Schorndorf)|Geradstetten|Grunbach|Beutelsbach|Endersbach|Stetten-Beinstein|Rommelshausen|Waiblingen|Fellbach|Stuttgart-Sommerrain|Stuttgart Nürnberger Str.,8005769,Stuttgart-Bad Cannstatt,Baden-Württemberg,Stuttgart,70372,9.217468636,48.80127978,3,2608261609,,2608261609,,h,1,Bauarbeiten,,,,,,,4.0,3.0
-2983041268716826074-2608261611-11,7347,2608261641,2608261643,2,,S,S3,Backnang|Maubach|Nellmersbach|Winnenden|Schwaikheim|Neustadt-Hohenacker|Waiblingen|Fellbach|Stuttgart-Sommerrain|Stuttgart Nürnberger Str.,8005769,Stuttgart-Bad Cannstatt,Baden-Württemberg,Stuttgart,70372,9.217468636,48.80127978,3,2608261641,,2608261646,,,,,,,,,,,0.0,3.0
1890742567431507346-2608261625-2,7146,2608261628,2608261629,3,,S,S1,Stuttgart Hbf,8005769,Stuttgart-Bad Cannstatt,Baden-Württemberg,Stuttgart,70372,9.217468636,48.80127978,3,2608261641,,2608261642,,,,,,,,,,,13.0,13.0
-4231133478684104410-2608261513-15,19152,2608261611,2608261612,5,,ARV,MEX16,Geislingen(Steige)|Geislingen(Steige)West|Kuchen|Gingen(Fils)|Süßen|Salach|Eislingen(Fils)|Göppingen|Faurndau|Uhingen|Ebersbach(Fils)|Reichenbach(Fils)|Plochingen|Esslingen(Neckar),8005769,Stuttgart-Bad Cannstatt,Baden-Württemberg,Stuttgart,70372,9.217468636,48.80127978,3,2608261614,,2608261615,,,,,,,,,,,3.0,3.0
60204090947316905-2608261620-2,7244,2608261624,2608261624,3,,S,S2,Stuttgart Hbf,8005769,Stuttgart-Bad Cannstatt,Baden-Württemberg,Stuttgart,70372,9.217468636,48.80127978,3,2608261631,,2608261632,,h,1,Bauarbeiten,,,,,,,7.0,8.0
-7952168138612223160-2608261507-11,19426,2608261605,2608261605,6,,ARV,MEX13,Aalen Hbf|Mögglingen(Gmünd)|Böbingen(Rems)|Schwäbisch Gmünd|Lorch(Württ)|Waldhausen(b Schorndorf)|Plüderhausen|Urbach(b Schorndorf)|Schorndorf|Waiblingen,8005769,Stuttgart-Bad Cannstatt,Baden-Württemberg,Stuttgart,70372,9.217468636,48.80127978,3,2608261611,,2608261611,,,,,,,,,,,6.0,6.0
1468156754789648268-2608261651-2,19231,2608261654,2608261655,8,,RE,MEX12,Stuttgart Hbf,8005769,Stuttgart-Bad Cannstatt,Baden-Württemberg,Stuttgart,70372,9.217468636,48.80127978,3,2608261701,4,2608261702,4,h,2,Bauarbeiten,,,,,,,7.0,7.0
5506469601342734593-2608261642-2,19157,2608261645,2608261646,8,,ARV,MEX16,Stuttgart Hbf,8005769,Stuttgart-Bad Cannstatt,Baden-Württemberg,Stuttgart,70372,9.217468636,48.80127978,3,2608261647,,2608261648,,,,,,,,,,,2.0,2.0
7369273237182260533-2608261650-2,7246,2608261654,2608261654,3,,S,S2,Stuttgart Hbf,8005769,Stuttgart-Bad Cannstatt,Baden-Württemberg,Stuttgart,70372,9.217468636,48.80127978,3,2608261703,,2608261703,,h,1,Bauarbeiten,,,,,,,9.0,9.0
3420342321820958894-2608261438-19,88618,2608261658,2608261659,6,,ARV,RE90,Nürnberg Hbf|Roßtal|Heilsbronn|Wicklesgreuth|Ansbach|Leutershausen-Wiedersbach|Dombühl|Schnelldorf|Crailsheim|Eckartshausen-Ilshofen|Schwäbisch Hall-Hessental|Gaildorf West|Murrhardt|Sulzbach(Murr)|Oppenweiler(Württ)|Backnang|Winnenden|Waiblingen,8005769,Stuttgart-Bad Cannstatt,Baden-Württemberg,Stuttgart,70372,9.217468636,48.80127978,3,2608261720,,2608261722,,,,,,,,,,,22.0,23.0
6830165283023982751-2608261520-14,7145,2608261600,2608261601,2,,S,S1,Kirchheim(Teck)|Kirchheim(Teck)-Ötlingen|Wendlingen(Neckar)|Wernau(Neckar)|Plochingen|Altbach|Esslingen-Zell|Oberesslingen|Esslingen(Neckar)|Esslingen-Mettingen|Stuttgart-Obertürkheim|Stuttgart-Untertürkheim|Stuttgart Neckarpark,8005769,Stuttgart-Bad Cannstatt,Baden-Württemberg,Stuttgart,70372,9.217468636,48.80127978,3,2608261600,,2608261601,,,,,,,,,,,0.0,0.0
4359145174899901492-2608261647-2,19425,2608261650,2608261652,7,,ARV,MEX13,Stuttgart Hbf,8005769,Stuttgart-Bad Cannstatt,Baden-Württemberg,Stuttgart,70372,9.217468636,48.80127978,3,2608261652,,2608261653,,,,,,,,,,,2.0,1.0
5995165262498243987-2608261604-2,19155,2608261607,2608261608,8,,ARV,MEX16,Stuttgart Hbf,8005769,Stuttgart-Bad Cannstatt,Baden-Württemberg,Stuttgart,70372,9.217468636,48.80127978,3,2608261608,,2608261609,,,,,,,,,,,1.0,1.0
6798270359717880545-2608261548-15,19154,2608261648,2608261649,5,,ARV,MEX16,Geislingen(Steige)|Geislingen(Steige)West|Kuchen|Gingen(Fils)|Süßen|Salach|Eislingen(Fils)|Göppingen|Faurndau|Uhingen|Ebersbach(Fils)|Reichenbach(Fils)|Plochingen|Esslingen(Neckar),8005769,Stuttgart-Bad Cannstatt,Baden-Württemberg,Stuttgart,70372,9.217468636,48.80127978,3,2608261648,,2608261649,,,,,,,,,,,0.0,0.0
8256892323728512755-2608261626-2,17541,2608261629,2608261630,7,,RB,MEX90,Stuttgart Hbf,8005769,Stuttgart-Bad Cannstatt,Baden-Württemberg,Stuttgart,70372,9.217468636,48.80127978,3,2608261645,3,2608261646,3,h,2,Störung,,,,,,,16.0,16.0
-3254435403021853572-2608261603-12,7447,2608261646,2608261647,1,,S,S4,Backnang|Burgstall(Murr)|Kirchberg(Murr)|Erdmannhausen|Marbach(Neckar)|Benningen(Neckar)|Freiberg(Neckar)|Favoritepark|Ludwigsburg|Kornwestheim Pbf|Stuttgart-Zuffenhausen,8005770,Stuttgart-Feuerbach,Baden-Württemberg,Feuerbach,70469,9.169186287,48.81363554,3,2608261647,,2608261648,,,,,,,,,,,1.0,1.0
4626892396658662892-2608261627-3,7546,2608261633,2608261634,2,,S,S5,Stuttgart Hbf|Stuttgart Nordbahnhof,8005770,Stuttgart-Feuerbach,Baden-Württemberg,Feuerbach,70469,9.169186287,48.81363554,3,2608261633,,2608261634,,h,2,Bauarbeiten,,,,,,,0.0,0.0
-7748732492772087501-2608261607-3,7442,2608261613,2608261614,2,,S,S4,Stuttgart Hbf|Stuttgart Nordbahnhof,8005770,Stuttgart-Feuerbach,Baden-Württemberg,Feuerbach,70469,9.169186287,48.81363554,3,2608261614,,2608261615,,,,,,,,,,,1.0,1.0
-6317899099651385370-2608261534-16,7043,2608261621,,1a,,S,,Böblingen|Sindelfingen|Maichingen|Maichingen Nord|Magstadt|Renningen Süd|Renningen|Rutesheim|Leonberg|Höfingen|Ditzingen|Weilimdorf|Korntal|Neuwirtshaus(Porscheplatz)|Stuttgart-Zuffenhausen,8005770,Stuttgart-Feuerbach,Baden-Württemberg,Feuerbach,70469,9.169186287,48.81363554,3,2608261621,,,,,,,,,,,,,0.0,0.0
-4628505577045451249-2608261557-3,7544,2608261603,2608261604,2,,S,S5,Stuttgart Hbf|Stuttgart Nordbahnhof,8005770,Stuttgart-Feuerbach,Baden-Württemberg,Feuerbach,70469,9.169186287,48.81363554,3,2608261603,,2608261604,,h,2,Bauarbeiten,,,,,,,0.0,0.0
-3211478262182188991-2608261533-12,7645,2608261606,2608261606,1,,S,S6,Weil der Stadt|Malmsheim|Renningen|Rutesheim|Leonberg|Höfingen|Ditzingen|Weilimdorf|Korntal|Neuwirtshaus(Porscheplatz)|Stuttgart-Zuffenhausen,8005770,Stuttgart-Feuerbach,Baden-Württemberg,Feuerbach,70469,9.169186287,48.81363554,3,2608261606,,2608261606,,,,,,,,,,,0.0,0.0
7262599140160735967-2608261616-4,7547,2608261626,2608261626,1,,S,S5,Ludwigsburg|Kornwestheim Pbf|Stuttgart-Zuffenhausen,8005770,Stuttgart-Feuerbach,Baden-Württemberg,Feuerbach,70469,9.169186287,48.81363554,3,2608261626,,2608261627,,h,2,Bauarbeiten,,,,,,,0.0,1.0
-8547743709603473957-2608261533-12,7445,2608261616,2608261617,1,,S,S4,Backnang|Burgstall(Murr)|Kirchberg(Murr)|Erdmannhausen|Marbach(Neckar)|Benningen(Neckar)|Freiberg(Neckar)|Favoritepark|Ludwigsburg|Kornwestheim Pbf|Stuttgart-Zuffenhausen,8005770,Stuttgart-Feuerbach,Baden-Württemberg,Feuerbach,70469,9.169186287,48.81363554,3,2608261616,,2608261617,,,,,,,,,,,0.0,0.0
-193680393512143758-2608261638-1,7050,,2608261638,,,S,S60,,8005770,Stuttgart-Feuerbach,Baden-Württemberg,Feuerbach,70469,9.169186287,48.81363554,3,,,2608261638,,,,,,,,,,,0.0,0.0
-7181572303715472389-2608261646-4,7549,2608261656,2608261656,1,,S,S5,Ludwigsburg|Kornwestheim Pbf|Stuttgart-Zuffenhausen,8005770,Stuttgart-Feuerbach,Baden-Württemberg,Feuerbach,70469,9.169186287,48.81363554,3,2608261657,,2608261657,,h,2,Bauarbeiten,,,,,,,1.0,1.0
6027149644914886165-2608261637-3,7444,2608261643,2608261644,2,,S,S4,Stuttgart Hbf|Stuttgart Nordbahnhof,8005770,Stuttgart-Feuerbach,Baden-Württemberg,Feuerbach,70469,9.169186287,48.81363554,3,2608261644,,2608261644,,,,,,,,,,,1.0,0.0
-3938449558083296947-2608261608-1,7048,,2608261608,,,S,S60,,8005770,Stuttgart-Feuerbach,Baden-Württemberg,Feuerbach,70469,9.169186287,48.81363554,3,,,2608261609,,,,,,,,,,,0.0,1.0
-3086228637643871650-2608261647-3,7646,2608261654,2608261654,2,,S,S6,Stuttgart Hbf|Stuttgart Nordbahnhof,8005770,Stuttgart-Feuerbach,Baden-Württemberg,Feuerbach,70469,9.169186287,48.81363554,3,2608261654,,2608261655,,,,,,,,,,,0.0,1.0
7725913400382290286-2608261603-12,7647,2608261636,2608261636,1,,S,S6,Weil der Stadt|Malmsheim|Renningen|Rutesheim|Leonberg|Höfingen|Ditzingen|Weilimdorf|Korntal|Neuwirtshaus(Porscheplatz)|Stuttgart-Zuffenhausen,8005770,Stuttgart-Feuerbach,Baden-Württemberg,Feuerbach,70469,9.169186287,48.81363554,3,2608261638,,2608261638,,,,,,,,,,,2.0,2.0
-4320397447687881024-2608261604-16,7045,2608261651,,1a,,S,,Böblingen|Sindelfingen|Maichingen|Maichingen Nord|Magstadt|Renningen Süd|Renningen|Rutesheim|Leonberg|Höfingen|Ditzingen|Weilimdorf|Korntal|Neuwirtshaus(Porscheplatz)|Stuttgart-Zuffenhausen,8005770,Stuttgart-Feuerbach,Baden-Württemberg,Feuerbach,70469,9.169186287,48.81363554,3,2608261651,,,,,,,,,,,,,0.0,0.0
924644417488732877-2608261617-3,7644,2608261624,2608261624,2,,S,S6,Stuttgart Hbf|Stuttgart Nordbahnhof,8005770,Stuttgart-Feuerbach,Baden-Württemberg,Feuerbach,70469,9.169186287,48.81363554,3,2608261624,,2608261624,,,,,,,,,,,0.0,0.0
9072809401414477062-2608261550-11,7147,2608261622,2608261622,5,,S,S1,Kirchheim(Teck)|Kirchheim(Teck)-Ötlingen|Wendlingen(Neckar)|Wernau(Neckar)|Plochingen|Altbach|Esslingen-Zell|Oberesslingen|Esslingen(Neckar)|Esslingen-Mettingen,8005772,Stuttgart-Obertürkheim,Baden-Württemberg,Stuttgart,70329,9.268167932,48.76175015,4,2608261622,,2608261623,,,,,,,,,,,0.0,1.0
1890742567431507346-2608261625-5,7146,2608261637,2608261637,6,,S,S1,Stuttgart Hbf|Stuttgart-Bad Cannstatt|Stuttgart Neckarpark|Stuttgart-Untertürkheim,8005772,Stuttgart-Obertürkheim,Baden-Württemberg,Stuttgart,70329,9.268167932,48.76175015,4,2608261649,,2608261649,,,,,,,,,,,12.0,12.0
6037772526634891708-2608261555-5,7144,2608261607,2608261607,6,,S,S1,Stuttgart Hbf|Stuttgart-Bad Cannstatt|Stuttgart Neckarpark|Stuttgart-Untertürkheim,8005772,Stuttgart-Obertürkheim,Baden-Württemberg,Stuttgart,70329,9.268167932,48.76175015,4,2608261607,,2608261608,,,,,,,,,,,0.0,1.0
-7851813684664054699-2608261620-11,7149,2608261652,2608261652,5,,S,S1,Kirchheim(Teck)|Kirchheim(Teck)-Ötlingen|Wendlingen(Neckar)|Wernau(Neckar)|Plochingen|Altbach|Esslingen-Zell|Oberesslingen|Esslingen(Neckar)|Esslingen-Mettingen,8005772,Stuttgart-Obertürkheim,Baden-Württemberg,Stuttgart,70329,9.268167932,48.76175015,4,2608261652,,2608261652,,,,,,,,,,,0.0,0.0
-7890265662573644504-2608261605-2,7945,2608261606,2608261612,2,,S,S2,Stuttgart-Vaihingen,8005773,Stuttgart-Rohr,Baden-Württemberg,Stuttgart,70565,9.108158025,48.71799427,4,2608261607,,2608261612,,,,,,,,,,,1.0,0.0
-700744146323234249-2608261616-8,7748,2608261637,2608261638,3,,S,S1,Herrenberg|Nufringen|Gärtringen|Ehningen(b Böblingen)|Hulb|Böblingen|Goldberg(Württ),8005773,Stuttgart-Rohr,Baden-Württemberg,Stuttgart,70565,9.108158025,48.71799427,4,2608261641,,2608261642,,,,,,,,,,,4.0,4.0
4046308478119658372-2608261546-8,7746,2608261607,2608261608,3,,S,S1,Herrenberg|Nufringen|Gärtringen|Ehningen(b Böblingen)|Hulb|Böblingen|Goldberg(Württ),8005773,Stuttgart-Rohr,Baden-Württemberg,Stuttgart,70565,9.108158025,48.71799427,4,2608261609,,2608261609,,,,,,,,,,,2.0,1.0
6295831457013207177-2608261646-2,7747,2608261647,2608261653,2,,S,S1,Stuttgart-Vaihingen,8005773,Stuttgart-Rohr,Baden-Württemberg,Stuttgart,70565,9.108158025,48.71799427,4,2608261648,,2608261653,,,,,,,,,,,1.0,0.0
378305189179015240-2608261635-2,7947,2608261636,2608261642,2,,S,S2,Stuttgart-Vaihingen,8005773,Stuttgart-Rohr,Baden-Württemberg,Stuttgart,70565,9.108158025,48.71799427,4,2608261636,,2608261642,,,,,,,,,,,0.0,0.0
7145149212361785028-2608261603-6,7944,2608261618,2608261619,3,,S,S2,Filderstadt|Stuttgart Flughafen/Messe|Echterdingen|Leinfelden|Oberaichen,8005773,Stuttgart-Rohr,Baden-Württemberg,Stuttgart,70565,9.108158025,48.71799427,4,2608261618,,2608261619,,,,,,,,,,,0.0,0.0
-3536192323965020429-2608261616-2,7745,2608261617,2608261623,2,,S,S1,Stuttgart-Vaihingen,8005773,Stuttgart-Rohr,Baden-Württemberg,Stuttgart,70565,9.108158025,48.71799427,4,2608261617,,2608261623,,,,,,,,,,,0.0,0.0
1877783574861069288-2608261633-6,7946,2608261648,2608261649,3,,S,S2,Filderstadt|Stuttgart Flughafen/Messe|Echterdingen|Leinfelden|Oberaichen,8005773,Stuttgart-Rohr,Baden-Württemberg,Stuttgart,70565,9.108158025,48.71799427,4,2608261648,,2608261649,,,,,,,,,,,0.0,0.0
-6739253170809320051-2608261642-4,7346,2608261654,2608261654,4,,S,S3,Stuttgart Hbf|Stuttgart-Bad Cannstatt|Stuttgart Nürnberger Str.,8005774,Stuttgart-Sommerrain,Baden-Württemberg,Stuttgart,70374,9.248369749,48.81521824,5,2608261659,,2608261700,,,,,,,,,,,5.0,6.0
-5445906738201891339-2608261603-12,7247,2608261630,2608261630,1,,S,S2,Schorndorf|Weiler(Rems)|Winterbach(b Schorndorf)|Geradstetten|Grunbach|Beutelsbach|Endersbach|Stetten-Beinstein|Rommelshausen|Waiblingen|Fellbach,8005774,Stuttgart-Sommerrain,Baden-Württemberg,Stuttgart,70374,9.248369749,48.81521824,5,2608261630,,2608261631,,h,1,Bauarbeiten,,,,,,,0.0,1.0
-3924626970669458370-2608261541-9,7345,2608261605,2608261605,1,,S,S3,Backnang|Maubach|Nellmersbach|Winnenden|Schwaikheim|Neustadt-Hohenacker|Waiblingen|Fellbach,8005774,Stuttgart-Sommerrain,Baden-Württemberg,Stuttgart,70374,9.248369749,48.81521824,5,2608261606,,2608261607,,,,,,,,,,,1.0,2.0
-4004274244229684776-2608261612-4,7344,2608261624,2608261624,4,,S,S3,Stuttgart Hbf|Stuttgart-Bad Cannstatt|Stuttgart Nürnberger Str.,8005774,Stuttgart-Sommerrain,Baden-Württemberg,Stuttgart,70374,9.248369749,48.81521824,5,2608261633,,2608261634,,,,,,,,,,,9.0,10.0
-3574262159782319876-2608261533-12,7245,2608261600,2608261600,1,,S,S2,Schorndorf|Weiler(Rems)|Winterbach(b Schorndorf)|Geradstetten|Grunbach|Beutelsbach|Endersbach|Stetten-Beinstein|Rommelshausen|Waiblingen|Fellbach,8005774,Stuttgart-Sommerrain,Baden-Württemberg,Stuttgart,70374,9.248369749,48.81521824,5,2608261602,,2608261603,,h,1,Bauarbeiten,,,,,,,2.0,3.0
-2983041268716826074-2608261611-9,7347,2608261635,2608261635,1,,S,S3,Backnang|Maubach|Nellmersbach|Winnenden|Schwaikheim|Neustadt-Hohenacker|Waiblingen|Fellbach,8005774,Stuttgart-Sommerrain,Baden-Württemberg,Stuttgart,70374,9.248369749,48.81521824,5,2608261635,,2608261636,,,,,,,,,,,0.0,1.0
60204090947316905-2608261620-4,7244,2608261629,2608261629,4,,S,S2,Stuttgart Hbf|Stuttgart-Bad Cannstatt|Stuttgart Nürnberger Str.,8005774,Stuttgart-Sommerrain,Baden-Württemberg,Stuttgart,70374,9.248369749,48.81521824,5,2608261637,,2608261637,,h,1,Bauarbeiten,,,,,,,8.0,8.0
7369273237182260533-2608261650-4,7246,2608261659,2608261659,4,,S,S2,Stuttgart Hbf|Stuttgart-Bad Cannstatt|Stuttgart Nürnberger Str.,8005774,Stuttgart-Sommerrain,Baden-Württemberg,Stuttgart,70374,9.248369749,48.81521824,5,2608261707,,2608261708,,h,1,Bauarbeiten,,,,,,,8.0,9.0
9072809401414477062-2608261550-12,7147,2608261625,2608261625,5,,S,S1,Kirchheim(Teck)|Kirchheim(Teck)-Ötlingen|Wendlingen(Neckar)|Wernau(Neckar)|Plochingen|Altbach|Esslingen-Zell|Oberesslingen|Esslingen(Neckar)|Esslingen-Mettingen|Stuttgart-Obertürkheim,8005775,Stuttgart-Untertürkheim Pbf,Baden-Württemberg,Stuttgart,70327,9.250467074,48.77984679,3,2608261625,,2608261626,,,,,,,,,,,0.0,1.0
1890742567431507346-2608261625-4,7146,2608261634,2608261634,6,,S,S1,Stuttgart Hbf|Stuttgart-Bad Cannstatt|Stuttgart Neckarpark,8005775,Stuttgart-Untertürkheim Pbf,Baden-Württemberg,Stuttgart,70327,9.250467074,48.77984679,3,2608261646,,2608261647,,,,,,,,,,,12.0,13.0
6037772526634891708-2608261555-4,7144,2608261604,2608261604,6,,S,S1,Stuttgart Hbf|Stuttgart-Bad Cannstatt|Stuttgart Neckarpark,8005775,Stuttgart-Untertürkheim Pbf,Baden-Württemberg,Stuttgart,70327,9.250467074,48.77984679,3,2608261605,,2608261605,,,,,,,,,,,1.0,1.0
-7851813684664054699-2608261620-12,7149,2608261655,2608261655,5,,S,S1,Kirchheim(Teck)|Kirchheim(Teck)-Ötlingen|Wendlingen(Neckar)|Wernau(Neckar)|Plochingen|Altbach|Esslingen-Zell|Oberesslingen|Esslingen(Neckar)|Esslingen-Mettingen|Stuttgart-Obertürkheim,8005775,Stuttgart-Untertürkheim Pbf,Baden-Württemberg,Stuttgart,70327,9.250467074,48.77984679,3,2608261655,,2608261655,,,,,,,,,,,0.0,0.0
-7890265662573644504-2608261605-1,7945,,2608261605,,,S,S2,,8005776,Stuttgart-Vaihingen,Baden-Württemberg,Stuttgart,70563,9.113913368,48.72698116,3,,,2608261605,,,,,,,,,,,0.0,0.0
-700744146323234249-2608261616-9,7748,2608261640,,3,,S,,Herrenberg|Nufringen|Gärtringen|Ehningen(b Böblingen)|Hulb|Böblingen|Goldberg(Württ)|Stuttgart-Rohr,8005776,Stuttgart-Vaihingen,Baden-Württemberg,Stuttgart,70563,9.113913368,48.72698116,3,2608261644,,,,,,,,,,,,,4.0,0.0
3553759530310615-2608261622-2,2561,2608261635,2608261638,6,,IC,,Stuttgart Hbf,8005776,Stuttgart-Vaihingen,Baden-Württemberg,Stuttgart,70563,9.113913368,48.72698116,3,2608261644,4,2608261645,4,h,2,Information,,,,,,,9.0,7.0
4046308478119658372-2608261546-9,7746,2608261610,,3,,S,,Herrenberg|Nufringen|Gärtringen|Ehningen(b Böblingen)|Hulb|Böblingen|Goldberg(Württ)|Stuttgart-Rohr,8005776,Stuttgart-Vaihingen,Baden-Württemberg,Stuttgart,70563,9.113913368,48.72698116,3,2608261611,,,,,,,,,,,,,1.0,0.0
5852218906535637124-2608261622-2,50281,2608261635,2608261638,6,,RE,IC87,Stuttgart Hbf,8005776,Stuttgart-Vaihingen,Baden-Württemberg,Stuttgart,70563,9.113913368,48.72698116,3,,,,,h,2,Information,,,,,c,c,0.0,0.0
6295831457013207177-2608261646-1,7747,,2608261646,,,S,S1,,8005776,Stuttgart-Vaihingen,Baden-Württemberg,Stuttgart,70563,9.113913368,48.72698116,3,,,2608261646,,,,,,,,,,,0.0,0.0
-3857587200421256648-2608261633-2,28488,2608261641,2608261641,4,,RE,RESB,Böblingen,8005776,Stuttgart-Vaihingen,Baden-Württemberg,Stuttgart,70563,9.113913368,48.72698116,3,,,2608261644,6,,,,,,,,c,p,0.0,3.0
378305189179015240-2608261635-1,7947,,2608261635,,,S,S2,,8005776,Stuttgart-Vaihingen,Baden-Württemberg,Stuttgart,70563,9.113913368,48.72698116,3,,,2608261635,,,,,,,,,,,0.0,0.0
1385355651314404449-2608261603-2,28489,2608261618,2608261618,4,,RE,RESB,Stuttgart Hbf,8005776,Stuttgart-Vaihingen,Baden-Württemberg,Stuttgart,70563,9.113913368,48.72698116,3,2608261638,6,2608261639,,,,,,,,,p,c,20.0,21.0
-8351377194669505707-2608261612-2,17653,2608261629,2608261629,1,,RE,RE14b,Stuttgart Hbf,8005776,Stuttgart-Vaihingen,Baden-Württemberg,Stuttgart,70563,9.113913368,48.72698116,3,2608261630,,2608261632,,h,1,Störung,,,,,,,1.0,3.0
7145149212361785028-2608261603-7,7944,2608261620,,2,,S,,Filderstadt|Stuttgart Flughafen/Messe|Echterdingen|Leinfelden|Oberaichen|Stuttgart-Rohr,8005776,Stuttgart-Vaihingen,Baden-Württemberg,Stuttgart,70563,9.113913368,48.72698116,3,2608261620,,,,,,,,,,,,,0.0,0.0
2623969724242618233-2608261612-2,17655,2608261629,2608261629,1,,RE,RE14a,Stuttgart Hbf,8005776,Stuttgart-Vaihingen,Baden-Württemberg,Stuttgart,70563,9.113913368,48.72698116,3,2608261630,,2608261632,,h,1,Störung,,,,,,,1.0,3.0
-3536192323965020429-2608261616-1,7745,,2608261616,,,S,S1,,8005776,Stuttgart-Vaihingen,Baden-Württemberg,Stuttgart,70563,9.113913368,48.72698116,3,,,2608261616,,,,,,,,,,,0.0,0.0
1877783574861069288-2608261633-7,7946,2608261650,,2,,S,,Filderstadt|Stuttgart Flughafen/Messe|Echterdingen|Leinfelden|Oberaichen|Stuttgart-Rohr,8005776,Stuttgart-Vaihingen,Baden-Württemberg,Stuttgart,70563,9.113913368,48.72698116,3,2608261650,,,,,,,,,,,,,0.0,0.0
-922318236278418485-2608261633-8,7649,2608261656,2608261656,2,,S,S6,Weil der Stadt|Malmsheim|Renningen|Rutesheim|Leonberg|Höfingen|Ditzingen,8006268,Stuttgart-Weilimdorf,Baden-Württemberg,Stuttgart,70499,9.094370086,48.82208429,5,2608261656,,2608261657,,,,,,,,,,,0.0,1.0
-6317899099651385370-2608261534-12,7043,2608261611,2608261611,2,,S,S60,Böblingen|Sindelfingen|Maichingen|Maichingen Nord|Magstadt|Renningen Süd|Renningen|Rutesheim|Leonberg|Höfingen|Ditzingen,8006268,Stuttgart-Weilimdorf,Baden-Württemberg,Stuttgart,70499,9.094370086,48.82208429,5,2608261611,,2608261612,,,,,,,,,,,0.0,1.0
-193680393512143758-2608261638-5,7050,2608261648,2608261648,1,,S,S60,Stuttgart-Feuerbach|Stuttgart-Zuffenhausen|Neuwirtshaus(Porscheplatz)|Korntal,8006268,Stuttgart-Weilimdorf,Baden-Württemberg,Stuttgart,70499,9.094370086,48.82208429,5,2608261648,,2608261649,,,,,,,,,,,0.0,1.0
-3938449558083296947-2608261608-5,7048,2608261618,2608261618,1,,S,S60,Stuttgart-Feuerbach|Stuttgart-Zuffenhausen|Neuwirtshaus(Porscheplatz)|Korntal,8006268,Stuttgart-Weilimdorf,Baden-Württemberg,Stuttgart,70499,9.094370086,48.82208429,5,2608261619,,2608261620,,,,,,,,,,,1.0,2.0
7725913400382290286-2608261603-8,7647,2608261626,2608261626,2,,S,S6,Weil der Stadt|Malmsheim|Renningen|Rutesheim|Leonberg|Höfingen|Ditzingen,8006268,Stuttgart-Weilimdorf,Baden-Württemberg,Stuttgart,70499,9.094370086,48.82208429,5,2608261627,,2608261628,,,,,,,,,,,1.0,2.0
-434662733066569795-2608261547-7,7642,2608261603,2608261604,1,,S,S6,Stuttgart Hbf|Stuttgart Nordbahnhof|Stuttgart-Feuerbach|Stuttgart-Zuffenhausen|Neuwirtshaus(Porscheplatz)|Korntal,8006268,Stuttgart-Weilimdorf,Baden-Württemberg,Stuttgart,70499,9.094370086,48.82208429,5,2608261604,,2608261604,,,,,,,,,,,1.0,0.0
-4320397447687881024-2608261604-12,7045,2608261641,2608261641,2,,S,S60,Böblingen|Sindelfingen|Maichingen|Maichingen Nord|Magstadt|Renningen Süd|Renningen|Rutesheim|Leonberg|Höfingen|Ditzingen,8006268,Stuttgart-Weilimdorf,Baden-Württemberg,Stuttgart,70499,9.094370086,48.82208429,5,2608261641,,2608261642,,,,,,,,,,,0.0,1.0
924644417488732877-2608261617-7,7644,2608261633,2608261634,1,,S,S6,Stuttgart Hbf|Stuttgart Nordbahnhof|Stuttgart-Feuerbach|Stuttgart-Zuffenhausen|Neuwirtshaus(Porscheplatz)|Korntal,8006268,Stuttgart-Weilimdorf,Baden-Württemberg,Stuttgart,70499,9.094370086,48.82208429,5,2608261633,,2608261634,,,,,,,,,,,0.0,0.0
-3254435403021853572-2608261603-11,7447,2608261643,2608261644,2,,S,S4,Backnang|Burgstall(Murr)|Kirchberg(Murr)|Erdmannhausen|Marbach(Neckar)|Benningen(Neckar)|Freiberg(Neckar)|Favoritepark|Ludwigsburg|Kornwestheim Pbf,8005778,Stuttgart-Zuffenhausen,Baden-Württemberg,Stuttgart,70435,9.167156375,48.82960884,3,2608261644,,2608261645,,,,,,,,,,,1.0,1.0
4626892396658662892-2608261627-4,7546,2608261636,2608261637,4,,S,S5,Stuttgart Hbf|Stuttgart Nordbahnhof|Stuttgart-Feuerbach,8005778,Stuttgart-Zuffenhausen,Baden-Württemberg,Stuttgart,70435,9.167156375,48.82960884,3,2608261636,,2608261637,,h,2,Bauarbeiten,,,,,,,0.0,0.0
-7748732492772087501-2608261607-4,7442,2608261616,2608261617,4,,S,S4,Stuttgart Hbf|Stuttgart Nordbahnhof|Stuttgart-Feuerbach,8005778,Stuttgart-Zuffenhausen,Baden-Württemberg,Stuttgart,70435,9.167156375,48.82960884,3,2608261616,,2608261617,,,,,,,,,,,0.0,0.0
-6317899099651385370-2608261534-15,7043,2608261618,2608261619,12,,S,S60,Böblingen|Sindelfingen|Maichingen|Maichingen Nord|Magstadt|Renningen Süd|Renningen|Rutesheim|Leonberg|Höfingen|Ditzingen|Weilimdorf|Korntal|Neuwirtshaus(Porscheplatz),8005778,Stuttgart-Zuffenhausen,Baden-Württemberg,Stuttgart,70435,9.167156375,48.82960884,3,2608261618,,2608261619,,,,,,,,,,,0.0,0.0
-4628505577045451249-2608261557-4,7544,2608261606,2608261607,4,,S,S5,Stuttgart Hbf|Stuttgart Nordbahnhof|Stuttgart-Feuerbach,8005778,Stuttgart-Zuffenhausen,Baden-Württemberg,Stuttgart,70435,9.167156375,48.82960884,3,2608261606,,2608261607,,h,2,Bauarbeiten,,,,,,,0.0,0.0
-3211478262182188991-2608261533-11,7645,2608261603,2608261604,12,,S,S6,Weil der Stadt|Malmsheim|Renningen|Rutesheim|Leonberg|Höfingen|Ditzingen|Weilimdorf|Korntal|Neuwirtshaus(Porscheplatz),8005778,Stuttgart-Zuffenhausen,Baden-Württemberg,Stuttgart,70435,9.167156375,48.82960884,3,2608261603,,2608261604,,,,,,,,,,,0.0,0.0
7262599140160735967-2608261616-3,7547,2608261623,2608261624,2,,S,S5,Ludwigsburg|Kornwestheim Pbf,8005778,Stuttgart-Zuffenhausen,Baden-Württemberg,Stuttgart,70435,9.167156375,48.82960884,3,2608261624,,2608261624,,h,2,Bauarbeiten,,,,,,,1.0,0.0
-8547743709603473957-2608261533-11,7445,2608261613,2608261614,2,,S,S4,Backnang|Burgstall(Murr)|Kirchberg(Murr)|Erdmannhausen|Marbach(Neckar)|Benningen(Neckar)|Freiberg(Neckar)|Favoritepark|Ludwigsburg|Kornwestheim Pbf,8005778,Stuttgart-Zuffenhausen,Baden-Württemberg,Stuttgart,70435,9.167156375,48.82960884,3,2608261613,,2608261614,,,,,,,,,,,0.0,0.0
-193680393512143758-2608261638-2,7050,2608261641,2608261641,12,,S,S60,Stuttgart-Feuerbach,8005778,Stuttgart-Zuffenhausen,Baden-Württemberg,Stuttgart,70435,9.167156375,48.82960884,3,2608261641,,2608261640,,,,,,,,,,,0.0,-1.0
-7181572303715472389-2608261646-3,7549,2608261653,2608261654,2,,S,S5,Ludwigsburg|Kornwestheim Pbf,8005778,Stuttgart-Zuffenhausen,Baden-Württemberg,Stuttgart,70435,9.167156375,48.82960884,3,2608261654,,2608261655,,h,2,Bauarbeiten,,,,,,,1.0,1.0
6027149644914886165-2608261637-4,7444,2608261646,2608261647,4,,S,S4,Stuttgart Hbf|Stuttgart Nordbahnhof|Stuttgart-Feuerbach,8005778,Stuttgart-Zuffenhausen,Baden-Württemberg,Stuttgart,70435,9.167156375,48.82960884,3,2608261646,,2608261647,,,,,,,,,,,0.0,0.0
-3938449558083296947-2608261608-2,7048,2608261611,2608261611,12,,S,S60,Stuttgart-Feuerbach,8005778,Stuttgart-Zuffenhausen,Baden-Württemberg,Stuttgart,70435,9.167156375,48.82960884,3,2608261611,,2608261611,,,,,,,,,,,0.0,0.0
-3086228637643871650-2608261647-4,7646,2608261656,2608261657,11,,S,S6,Stuttgart Hbf|Stuttgart Nordbahnhof|Stuttgart-Feuerbach,8005778,Stuttgart-Zuffenhausen,Baden-Württemberg,Stuttgart,70435,9.167156375,48.82960884,3,2608261656,,2608261658,,,,,,,,,,,0.0,1.0
7725913400382290286-2608261603-11,7647,2608261633,2608261634,12,,S,S6,Weil der Stadt|Malmsheim|Renningen|Rutesheim|Leonberg|Höfingen|Ditzingen|Weilimdorf|Korntal|Neuwirtshaus(Porscheplatz),8005778,Stuttgart-Zuffenhausen,Baden-Württemberg,Stuttgart,70435,9.167156375,48.82960884,3,2608261635,,2608261636,,,,,,,,,,,2.0,2.0
-4320397447687881024-2608261604-15,7045,2608261648,2608261649,12,,S,S60,Böblingen|Sindelfingen|Maichingen|Maichingen Nord|Magstadt|Renningen Süd|Renningen|Rutesheim|Leonberg|Höfingen|Ditzingen|Weilimdorf|Korntal|Neuwirtshaus(Porscheplatz),8005778,Stuttgart-Zuffenhausen,Baden-Württemberg,Stuttgart,70435,9.167156375,48.82960884,3,2608261649,,2608261649,,,,,,,,,,,1.0,0.0
924644417488732877-2608261617-4,7644,2608261626,2608261627,11,,S,S6,Stuttgart Hbf|Stuttgart Nordbahnhof|Stuttgart-Feuerbach,8005778,Stuttgart-Zuffenhausen,Baden-Württemberg,Stuttgart,70435,9.167156375,48.82960884,3,2608261626,,2608261627,,,,,,,,,,,0.0,0.0
6086544143608493018-2608261633-10,7249,2608261654,2608261655,5,,S,S2,Schorndorf|Weiler(Rems)|Winterbach(b Schorndorf)|Geradstetten|Grunbach|Beutelsbach|Endersbach|Stetten-Beinstein|Rommelshausen,8000180,Waiblingen,Baden-Württemberg,Waiblingen,71332,9.300476874,48.8262444,3,2608261656,,2608261656,,h,1,Bauarbeiten,,,,,,,2.0,1.0
-273547766285307951-2608261511-16,19476,2608261628,2608261628,6,,ARV,MEX13,Ellwangen|Schrezheim|Schwabsberg|Goldshöfe|Hofen(b Aalen)|Wasseralfingen|Aalen Hbf|Mögglingen(Gmünd)|Böbingen(Rems)|Schwäbisch Gmünd|Lorch(Württ)|Waldhausen(b Schorndorf)|Plüderhausen|Urbach(b Schorndorf)|Schorndorf,8000180,Waiblingen,Baden-Württemberg,Waiblingen,71332,9.300476874,48.8262444,3,2608261628,,2608261628,,,,,,,,,,,0.0,0.0
-6739253170809320051-2608261642-6,7346,2608261659,2608261700,3,,S,S3,Stuttgart Hbf|Stuttgart-Bad Cannstatt|Stuttgart Nürnberger Str.|Stuttgart-Sommerrain|Fellbach,8000180,Waiblingen,Baden-Württemberg,Waiblingen,71332,9.300476874,48.8262444,3,2608261704,,2608261705,,,,,,,,,,,5.0,5.0
-5168618100041663203-2608261620-3,19475,2608261632,2608261632,6,,ARV,MEX13,Stuttgart Hbf|Stuttgart-Bad Cannstatt,8000180,Waiblingen,Baden-Württemberg,Waiblingen,71332,9.300476874,48.8262444,3,2608261632,,2608261633,,h,2,Störung,,,,,,,0.0,1.0
-5445906738201891339-2608261603-10,7247,2608261624,2608261625,5,,S,S2,Schorndorf|Weiler(Rems)|Winterbach(b Schorndorf)|Geradstetten|Grunbach|Beutelsbach|Endersbach|Stetten-Beinstein|Rommelshausen,8000180,Waiblingen,Baden-Württemberg,Waiblingen,71332,9.300476874,48.8262444,3,2608261624,,2608261625,,h,1,Bauarbeiten,,,,,,,0.0,0.0
-6396384465199611007-2608261546-3,19423,2608261602,2608261602,6,,ARV,MEX13,Stuttgart Hbf|Stuttgart-Bad Cannstatt,8000180,Waiblingen,Baden-Württemberg,Waiblingen,71332,9.300476874,48.8262444,3,2608261602,,2608261604,,,,,,,,,,,0.0,2.0
-3924626970669458370-2608261541-7,7345,2608261559,2608261600,1,,S,S3,Backnang|Maubach|Nellmersbach|Winnenden|Schwaikheim|Neustadt-Hohenacker,8000180,Waiblingen,Baden-Württemberg,Waiblingen,71332,9.300476874,48.8262444,3,2608261559,,2608261600,,,,,,,,,,,0.0,0.0
-7819160470553148770-2608261641-7,7349,2608261659,2608261700,1,,S,S3,Backnang|Maubach|Nellmersbach|Winnenden|Schwaikheim|Neustadt-Hohenacker,8000180,Waiblingen,Baden-Württemberg,Waiblingen,71332,9.300476874,48.8262444,3,2608261700,,2608261700,,,,,,,,,,,1.0,0.0
-4004274244229684776-2608261612-6,7344,2608261629,2608261630,3,,S,S3,Stuttgart Hbf|Stuttgart-Bad Cannstatt|Stuttgart Nürnberger Str.|Stuttgart-Sommerrain|Fellbach,8000180,Waiblingen,Baden-Württemberg,Waiblingen,71332,9.300476874,48.8262444,3,2608261638,,2608261639,,,,,,,,,,,9.0,9.0
-2983041268716826074-2608261611-7,7347,2608261629,2608261630,1,,S,S3,Backnang|Maubach|Nellmersbach|Winnenden|Schwaikheim|Neustadt-Hohenacker,8000180,Waiblingen,Baden-Württemberg,Waiblingen,71332,9.300476874,48.8262444,3,2608261629,,2608261630,,,,,,,,,,,0.0,0.0
60204090947316905-2608261620-6,7244,2608261634,2608261635,7,,S,S2,Stuttgart Hbf|Stuttgart-Bad Cannstatt|Stuttgart Nürnberger Str.|Stuttgart-Sommerrain|Fellbach,8000180,Waiblingen,Baden-Württemberg,Waiblingen,71332,9.300476874,48.8262444,3,2608261642,,2608261643,,h,1,Bauarbeiten,,,,,,,8.0,8.0
3420342321820958894-2608261438-18,88618,2608261651,2608261652,1,,ARV,RE90,Nürnberg Hbf|Roßtal|Heilsbronn|Wicklesgreuth|Ansbach|Leutershausen-Wiedersbach|Dombühl|Schnelldorf|Crailsheim|Eckartshausen-Ilshofen|Schwäbisch Hall-Hessental|Gaildorf West|Murrhardt|Sulzbach(Murr)|Oppenweiler(Württ)|Backnang|Winnenden,8000180,Waiblingen,Baden-Württemberg,Waiblingen,71332,9.300476874,48.8262444,3,2608261713,,2608261714,,,,,,,,,,,22.0,22.0
-1516279282303081361-2608261542-6,7342,2608261559,2608261600,3,,S,S3,Stuttgart Hbf|Stuttgart-Bad Cannstatt|Stuttgart Nürnberger Str.|Stuttgart-Sommerrain|Fellbach,8000180,Waiblingen,Baden-Württemberg,Waiblingen,71332,9.300476874,48.8262444,3,2608261600,,2608261601,,,,,,,,,,,1.0,1.0
-7555129147761723302-2608261607-10,19428,2608261658,2608261658,6,,ARV,MEX13,Aalen Hbf|Mögglingen(Gmünd)|Böbingen(Rems)|Schwäbisch Gmünd|Lorch(Württ)|Waldhausen(b Schorndorf)|Plüderhausen|Urbach(b Schorndorf)|Schorndorf,8000180,Waiblingen,Baden-Württemberg,Waiblingen,71332,9.300476874,48.8262444,3,2608261706,,2608261706,,,,,,,,,,,8.0,8.0
1014763779494518341-2608261550-6,7242,2608261604,2608261605,7,,S,S2,Stuttgart Hbf|Stuttgart-Bad Cannstatt|Stuttgart Nürnberger Str.|Stuttgart-Sommerrain|Fellbach,8000180,Waiblingen,Baden-Württemberg,Waiblingen,71332,9.300476874,48.8262444,3,2608261607,,2608261607,,h,1,Bauarbeiten,,,,,,,3.0,2.0
8256892323728512755-2608261626-3,17541,2608261637,2608261638,3,,RB,MEX90,Stuttgart Hbf|Stuttgart-Bad Cannstatt,8000180,Waiblingen,Baden-Württemberg,Waiblingen,71332,9.300476874,48.8262444,3,2608261653,,2608261654,,h,2,Störung,,,,,,,16.0,16.0
-772028291057491461-2608261558-2,26164,2608261601,2608261603,141,,SWE,RB76,Renningen,8006271,Weil der Stadt,Baden-Württemberg,Weil der Stadt,71263,8.873189074,48.7557357,4,2608261602,,2608261603,,h,1,Störung,,,,,,,1.0,0.0
-922318236278418485-2608261633-1,7649,,2608261633,,,S,S6,,8006271,Weil der Stadt,Baden-Württemberg,Weil der Stadt,71263,8.873189074,48.7557357,4,,,2608261633,,,,,,,,,,,0.0,0.0
-185130993701459147-2608261556-5,26165,2608261614,,141,,SWE,,Calw|Calw-Heumaden|Althengstett|Ostelsheim,8006271,Weil der Stadt,Baden-Württemberg,Weil der Stadt,71263,8.873189074,48.7557357,4,2608261614,,,,h,1,Störung,,,,,,,0.0,0.0
313908366016308696-2608261626-5,26167,2608261644,2608261644,141,,SWE,RB76,Calw|Calw-Heumaden|Althengstett|Ostelsheim,8006271,Weil der Stadt,Baden-Württemberg,Weil der Stadt,71263,8.873189074,48.7557357,4,2608261644,,2608261644,,h,1,Störung,,,,,,,0.0,0.0
6028146154918754445-2608261633-1,26166,,2608261633,,,SWE,RB76,,8006271,Weil der Stadt,Baden-Württemberg,Weil der Stadt,71263,8.873189074,48.7557357,4,,,2608261633,,h,1,Störung,,,,,,,0.0,0.0
7725913400382290286-2608261603-1,7647,,2608261603,,,S,S6,,8006271,Weil der Stadt,Baden-Württemberg,Weil der Stadt,71263,8.873189074,48.7557357,4,,,2608261603,,,,,,,,,,,0.0,0.0
-434662733066569795-2608261547-14,7642,2608261627,,2,,S,,Stuttgart Hbf|Stuttgart Nordbahnhof|Stuttgart-Feuerbach|Stuttgart-Zuffenhausen|Neuwirtshaus(Porscheplatz)|Korntal|Weilimdorf|Ditzingen|Höfingen|Leonberg|Rutesheim|Renningen|Malmsheim,8006271,Weil der Stadt,Baden-Württemberg,Weil der Stadt,71263,8.873189074,48.7557357,4,2608261627,,,,,,,,,,,,,0.0,0.0
924644417488732877-2608261617-14,7644,2608261657,,2,,S,,Stuttgart Hbf|Stuttgart Nordbahnhof|Stuttgart-Feuerbach|Stuttgart-Zuffenhausen|Neuwirtshaus(Porscheplatz)|Korntal|Weilimdorf|Ditzingen|Höfingen|Leonberg|Rutesheim|Renningen|Malmsheim,8006271,Weil der Stadt,Baden-Württemberg,Weil der Stadt,71263,8.873189074,48.7557357,4,2608261659,,,,,,,,,,,,,2.0,0.0
6086544143608493018-2608261633-2,7249,2608261636,2608261636,2,,S,S2,Schorndorf,8006277,Weiler (Rems),Baden-Württemberg,Schorndorf,76314,9.501891172,48.80034585,5,2608261637,,2608261638,,h,1,Bauarbeiten,,,,,,,1.0,2.0
-5445906738201891339-2608261603-2,7247,2608261606,2608261606,2,,S,S2,Schorndorf,8006277,Weiler (Rems),Baden-Württemberg,Schorndorf,76314,9.501891172,48.80034585,5,2608261606,,2608261606,,h,1,Bauarbeiten,,,,,,,0.0,0.0
60204090947316905-2608261620-14,7244,2608261652,2608261652,1,,S,S2,Stuttgart Hbf|Stuttgart-Bad Cannstatt|Stuttgart Nürnberger Str.|Stuttgart-Sommerrain|Fellbach|Waiblingen|Rommelshausen|Stetten-Beinstein|Endersbach|Beutelsbach|Grunbach|Geradstetten|Winterbach(b Schorndorf),8006277,Weiler (Rems),Baden-Württemberg,Schorndorf,76314,9.501891172,48.80034585,5,2608261700,,2608261700,,h,1,Bauarbeiten,,,,,,,8.0,8.0
1014763779494518341-2608261550-14,7242,2608261622,2608261622,1,,S,S2,Stuttgart Hbf|Stuttgart-Bad Cannstatt|Stuttgart Nürnberger Str.|Stuttgart-Sommerrain|Fellbach|Waiblingen|Rommelshausen|Stetten-Beinstein|Endersbach|Beutelsbach|Grunbach|Geradstetten|Winterbach(b Schorndorf),8006277,Weiler (Rems),Baden-Württemberg,Schorndorf,76314,9.501891172,48.80034585,5,2608261625,,2608261626,,h,1,Bauarbeiten,,,,,,,3.0,4.0
6036019531344774327-2608261616-6,19238,2608261640,2608261641,1,,RE,MEX12,Reutlingen Hbf|Metzingen(Württ)|Bempflingen|Nürtingen|Oberboihingen,8006331,Wendlingen (Neckar),Baden-Württemberg,Wendlingen am Neckar,73240,9.373662098,48.67368917,3,2608261640,,2608261641,,h,2,Bauarbeiten,,,,,,,0.0,0.0
-6176428807824195191-2608261525-13,7142,2608261602,2608261603,11,,S,S1,Stuttgart Hbf|Stuttgart-Bad Cannstatt|Stuttgart Neckarpark|Stuttgart-Untertürkheim|Stuttgart-Obertürkheim|Esslingen-Mettingen|Esslingen(Neckar)|Oberesslingen|Esslingen-Zell|Altbach|Plochingen|Wernau(Neckar),8006331,Wendlingen (Neckar),Baden-Württemberg,Wendlingen am Neckar,73240,9.373662098,48.67368917,3,2608261602,,2608261603,,,,,,,,,,,0.0,0.0
8929966901767185806-2608261629-3,16064,2608261659,,3,,RE,,Ulm Hbf|Merklingen - Schwäbische Alb,8006331,Wendlingen (Neckar),Baden-Württemberg,Wendlingen am Neckar,73240,9.373662098,48.67368917,3,2608261706,,,,h,2,Störung,,,,,,,7.0,0.0
2814171890406331384-2608261551-5,19229,2608261618,2608261618,2,,RE,MEX12,Stuttgart Hbf|Stuttgart-Bad Cannstatt|Esslingen(Neckar)|Plochingen,8006331,Wendlingen (Neckar),Baden-Württemberg,Wendlingen am Neckar,73240,9.373662098,48.67368917,3,2608261619,,2608261620,,h,2,Bauarbeiten,,,,,,,1.0,2.0
-9188152927957683023-2608261624-1,16063,,2608261624,,,RE,RE200,,8006331,Wendlingen (Neckar),Baden-Württemberg,Wendlingen am Neckar,73240,9.373662098,48.67368917,3,,,2608261624,,h,2,Störung,,,,,,,0.0,0.0
6037772526634891708-2608261555-13,7144,2608261632,2608261633,11,,S,S1,Stuttgart Hbf|Stuttgart-Bad Cannstatt|Stuttgart Neckarpark|Stuttgart-Untertürkheim|Stuttgart-Obertürkheim|Esslingen-Mettingen|Esslingen(Neckar)|Oberesslingen|Esslingen-Zell|Altbach|Plochingen|Wernau(Neckar),8006331,Wendlingen (Neckar),Baden-Württemberg,Wendlingen am Neckar,73240,9.373662098,48.67368917,3,2608261632,,2608261633,,,,,,,,,,,0.0,0.0
713199971080468435-2608261650-3,7151,2608261657,2608261658,12,,S,S1,Kirchheim(Teck)|Kirchheim(Teck)-Ötlingen,8006331,Wendlingen (Neckar),Baden-Württemberg,Wendlingen am Neckar,73240,9.373662098,48.67368917,3,2608261657,,2608261658,,,,,,,,,,,0.0,0.0
-7851813684664054699-2608261620-3,7149,2608261627,2608261628,12,,S,S1,Kirchheim(Teck)|Kirchheim(Teck)-Ötlingen,8006331,Wendlingen (Neckar),Baden-Württemberg,Wendlingen am Neckar,73240,9.373662098,48.67368917,3,2608261627,,2608261628,,,,,,,,,,,0.0,0.0
9072809401414477062-2608261550-4,7147,2608261601,2608261601,1,,S,S1,Kirchheim(Teck)|Kirchheim(Teck)-Ötlingen|Wendlingen(Neckar),8006346,Wernau (Neckar),Baden-Württemberg,Wernau (Neckar),73249,9.413654423,48.69417221,4,2608261601,,2608261601,,,,,,,,,,,0.0,0.0
1890742567431507346-2608261625-12,7146,2608261658,2608261659,2,,S,S1,Stuttgart Hbf|Stuttgart-Bad Cannstatt|Stuttgart Neckarpark|Stuttgart-Untertürkheim|Stuttgart-Obertürkheim|Esslingen-Mettingen|Esslingen(Neckar)|Oberesslingen|Esslingen-Zell|Altbach|Plochingen,8006346,Wernau (Neckar),Baden-Württemberg,Wernau (Neckar),73249,9.413654423,48.69417221,4,2608261706,,2608261707,,,,,,,,,,,8.0,8.0
6037772526634891708-2608261555-12,7144,2608261628,2608261629,2,,S,S1,Stuttgart Hbf|Stuttgart-Bad Cannstatt|Stuttgart Neckarpark|Stuttgart-Untertürkheim|Stuttgart-Obertürkheim|Esslingen-Mettingen|Esslingen(Neckar)|Oberesslingen|Esslingen-Zell|Altbach|Plochingen,8006346,Wernau (Neckar),Baden-Württemberg,Wernau (Neckar),73249,9.413654423,48.69417221,4,2608261628,,2608261629,,,,,,,,,,,0.0,0.0
-7851813684664054699-2608261620-4,7149,2608261631,2608261631,1,,S,S1,Kirchheim(Teck)|Kirchheim(Teck)-Ötlingen|Wendlingen(Neckar),8006346,Wernau (Neckar),Baden-Württemberg,Wernau (Neckar),73249,9.413654423,48.69417221,4,2608261631,,2608261632,,,,,,,,,,,0.0,1.0
-7819160470553148770-2608261641-4,7349,2608261649,2608261650,3,,S,S3,Backnang|Maubach|Nellmersbach,8006479,Winnenden,Baden-Württemberg,Winnenden,71364,9.392155928,48.8795625,3,2608261650,,2608261650,,,,,,,,,,,1.0,0.0
-4004274244229684776-2608261612-9,7344,2608261639,2608261639,2,,S,S3,Stuttgart Hbf|Stuttgart-Bad Cannstatt|Stuttgart Nürnberger Str.|Stuttgart-Sommerrain|Fellbach|Waiblingen|Neustadt-Hohenacker|Schwaikheim,8006479,Winnenden,Baden-Württemberg,Winnenden,71364,9.392155928,48.8795625,3,2608261648,,2608261648,,,,,,,,,,,9.0,9.0
-2983041268716826074-2608261611-4,7347,2608261619,2608261620,3,,S,S3,Backnang|Maubach|Nellmersbach,8006479,Winnenden,Baden-Württemberg,Winnenden,71364,9.392155928,48.8795625,3,2608261619,,2608261620,,,,,,,,,,,0.0,0.0
3420342321820958894-2608261438-17,88618,2608261644,2608261645,3,,ARV,RE90,Nürnberg Hbf|Roßtal|Heilsbronn|Wicklesgreuth|Ansbach|Leutershausen-Wiedersbach|Dombühl|Schnelldorf|Crailsheim|Eckartshausen-Ilshofen|Schwäbisch Hall-Hessental|Gaildorf West|Murrhardt|Sulzbach(Murr)|Oppenweiler(Württ)|Backnang,8006479,Winnenden,Baden-Württemberg,Winnenden,71364,9.392155928,48.8795625,3,2608261706,,2608261707,,,,,,,,,,,22.0,22.0
-1516279282303081361-2608261542-9,7342,2608261609,2608261609,2,,S,S3,Stuttgart Hbf|Stuttgart-Bad Cannstatt|Stuttgart Nürnberger Str.|Stuttgart-Sommerrain|Fellbach|Waiblingen|Neustadt-Hohenacker|Schwaikheim,8006479,Winnenden,Baden-Württemberg,Winnenden,71364,9.392155928,48.8795625,3,2608261609,,2608261610,,,,,,,,,,,0.0,1.0
8256892323728512755-2608261626-4,17541,2608261644,2608261645,2,,RB,MEX90,Stuttgart Hbf|Stuttgart-Bad Cannstatt|Waiblingen,8006479,Winnenden,Baden-Württemberg,Winnenden,71364,9.392155928,48.8795625,3,2608261700,,2608261701,,h,2,Störung,,,,,,,16.0,16.0
6086544143608493018-2608261633-3,7249,2608261638,2608261638,1,,S,S2,Schorndorf|Weiler(Rems),8006485,Winterbach (b Schorndorf),Baden-Württemberg,Winterbach,73650,9.481549751,48.79842743,4,2608261639,,2608261640,,h,1,Bauarbeiten,,,,,,,1.0,2.0
-5445906738201891339-2608261603-3,7247,2608261608,2608261608,1,,S,S2,Schorndorf|Weiler(Rems),8006485,Winterbach (b Schorndorf),Baden-Württemberg,Winterbach,73650,9.481549751,48.79842743,4,2608261608,,2608261608,,h,1,Bauarbeiten,,,,,,,0.0,0.0
60204090947316905-2608261620-13,7244,2608261650,2608261650,2,,S,S2,Stuttgart Hbf|Stuttgart-Bad Cannstatt|Stuttgart Nürnberger Str.|Stuttgart-Sommerrain|Fellbach|Waiblingen|Rommelshausen|Stetten-Beinstein|Endersbach|Beutelsbach|Grunbach|Geradstetten,8006485,Winterbach (b Schorndorf),Baden-Württemberg,Winterbach,73650,9.481549751,48.79842743,4,2608261658,,2608261658,,h,1,Bauarbeiten,,,,,,,8.0,8.0
1014763779494518341-2608261550-13,7242,2608261620,2608261620,2,,S,S2,Stuttgart Hbf|Stuttgart-Bad Cannstatt|Stuttgart Nürnberger Str.|Stuttgart-Sommerrain|Fellbach|Waiblingen|Rommelshausen|Stetten-Beinstein|Endersbach|Beutelsbach|Grunbach|Geradstetten,8006485,Winterbach (b Schorndorf),Baden-Württemberg,Winterbach,73650,9.481549751,48.79842743,4,2608261623,,2608261624,,h,1,Bauarbeiten,,,,,,,3.0,4.0
-4934377407582477101-2608261538-12,7046,2608261615,2608261615,2,,S,S60,Stuttgart-Feuerbach|Stuttgart-Zuffenhausen|Neuwirtshaus(Porscheplatz)|Korntal|Weilimdorf|Ditzingen|Höfingen|Leonberg|Rutesheim|Renningen|Renningen Süd,8003807,Magstadt,Baden-Württemberg,Magstadt,71106,8.965315746,48.73616033,6,2608261616,,2608261616,,,,,,,,,,,1.0,1.0
3052355004880075210-2608261634-5,7047,2608261643,2608261644,1,,S,S60,Böblingen|Sindelfingen|Maichingen|Maichingen Nord,8003807,Magstadt,Baden-Württemberg,Magstadt,71106,8.965315746,48.73616033,6,2608261646,,2608261647,,,,,,,,,,,3.0,3.0
-3938449558083296947-2608261608-12,7048,2608261645,2608261645,2,,S,S60,Stuttgart-Feuerbach|Stuttgart-Zuffenhausen|Neuwirtshaus(Porscheplatz)|Korntal|Weilimdorf|Ditzingen|Höfingen|Leonberg|Rutesheim|Renningen|Renningen Süd,8003807,Magstadt,Baden-Württemberg,Magstadt,71106,8.965315746,48.73616033,6,2608261646,,2608261647,,,,,,,,,,,1.0,2.0
-4320397447687881024-2608261604-5,7045,2608261613,2608261614,1,,S,S60,Böblingen|Sindelfingen|Maichingen|Maichingen Nord,8003807,Magstadt,Baden-Württemberg,Magstadt,71106,8.965315746,48.73616033,6,2608261617,,2608261618,,,,,,,,,,,4.0,4.0
-4934377407582477101-2608261538-13,7046,2608261617,2608261617,2,,S,S60,Stuttgart-Feuerbach|Stuttgart-Zuffenhausen|Neuwirtshaus(Porscheplatz)|Korntal|Weilimdorf|Ditzingen|Höfingen|Leonberg|Rutesheim|Renningen|Renningen Süd|Magstadt,8003834,Maichingen Nord,Baden-Württemberg,Sindelfingen,71069,8.979416996,48.72750392,5,2608261618,,2608261618,,,,,,,,,,,1.0,1.0
3052355004880075210-2608261634-4,7047,2608261641,2608261641,1,,S,S60,Böblingen|Sindelfingen|Maichingen,8003834,Maichingen Nord,Baden-Württemberg,Sindelfingen,71069,8.979416996,48.72750392,5,2608261644,,2608261644,,,,,,,,,,,3.0,3.0
-3938449558083296947-2608261608-13,7048,2608261647,2608261647,2,,S,S60,Stuttgart-Feuerbach|Stuttgart-Zuffenhausen|Neuwirtshaus(Porscheplatz)|Korntal|Weilimdorf|Ditzingen|Höfingen|Leonberg|Rutesheim|Renningen|Renningen Süd|Magstadt,8003834,Maichingen Nord,Baden-Württemberg,Sindelfingen,71069,8.979416996,48.72750392,5,2608261648,,2608261649,,,,,,,,,,,1.0,2.0
-4320397447687881024-2608261604-4,7045,2608261611,2608261611,1,,S,S60,Böblingen|Sindelfingen|Maichingen,8003834,Maichingen Nord,Baden-Württemberg,Sindelfingen,71069,8.979416996,48.72750392,5,2608261615,,2608261615,,,,,,,,,,,4.0,4.0
-4934377407582477101-2608261538-14,7046,2608261619,2608261619,1,,S,S60,Stuttgart-Feuerbach|Stuttgart-Zuffenhausen|Neuwirtshaus(Porscheplatz)|Korntal|Weilimdorf|Ditzingen|Höfingen|Leonberg|Rutesheim|Renningen|Renningen Süd|Magstadt|Maichingen Nord,8003808,Maichingen,Baden-Württemberg,Sindelfingen,71069,8.969606704,48.72162074,6,2608261620,,2608261620,,,,,,,,,,,1.0,1.0
3052355004880075210-2608261634-3,7047,2608261639,2608261640,1,,S,S60,Böblingen|Sindelfingen,8003808,Maichingen,Baden-Württemberg,Sindelfingen,71069,8.969606704,48.72162074,6,2608261642,,2608261642,,,,,,,,,,,3.0,2.0
-3938449558083296947-2608261608-14,7048,2608261649,2608261649,1,,S,S60,Stuttgart-Feuerbach|Stuttgart-Zuffenhausen|Neuwirtshaus(Porscheplatz)|Korntal|Weilimdorf|Ditzingen|Höfingen|Leonberg|Rutesheim|Renningen|Renningen Süd|Magstadt|Maichingen Nord,8003808,Maichingen,Baden-Württemberg,Sindelfingen,71069,8.969606704,48.72162074,6,2608261650,,2608261651,,,,,,,,,,,1.0,2.0
-4320397447687881024-2608261604-3,7045,2608261609,2608261610,1,,S,S60,Böblingen|Sindelfingen,8003808,Maichingen,Baden-Württemberg,Sindelfingen,71069,8.969606704,48.72162074,6,2608261613,,2608261614,,,,,,,,,,,4.0,4.0
-4934377407582477101-2608261538-11,7046,2608261611,2608261611,2,,S,S60,Stuttgart-Feuerbach|Stuttgart-Zuffenhausen|Neuwirtshaus(Porscheplatz)|Korntal|Weilimdorf|Ditzingen|Höfingen|Leonberg|Rutesheim|Renningen,8005001,Renningen Süd,Baden-Württemberg,Renningen,71272,8.932068278,48.76261937,6,2608261611,,2608261612,,,,,,,,,,,0.0,1.0
3052355004880075210-2608261634-6,7047,2608261647,2608261648,1,,S,S60,Böblingen|Sindelfingen|Maichingen|Maichingen Nord|Magstadt,8005001,Renningen Süd,Baden-Württemberg,Renningen,71272,8.932068278,48.76261937,6,2608261650,,2608261651,,,,,,,,,,,3.0,3.0
-3938449558083296947-2608261608-11,7048,2608261641,2608261641,2,,S,S60,Stuttgart-Feuerbach|Stuttgart-Zuffenhausen|Neuwirtshaus(Porscheplatz)|Korntal|Weilimdorf|Ditzingen|Höfingen|Leonberg|Rutesheim|Renningen,8005001,Renningen Süd,Baden-Württemberg,Renningen,71272,8.932068278,48.76261937,6,2608261642,,2608261643,,,,,,,,,,,1.0,2.0
-4320397447687881024-2608261604-6,7045,2608261617,2608261618,1,,S,S60,Böblingen|Sindelfingen|Maichingen|Maichingen Nord|Magstadt,8005001,Renningen Süd,Baden-Württemberg,Renningen,71272,8.932068278,48.76261937,6,2608261621,,2608261621,,,,,,,,,,,4.0,3.0
