ID,train_number,planned_arrival,planned_departure,planned_platform,planned_status,category_train,train,path,eva_nr,station_name,station_state,station_city,station_zipcode,station_long,station_lat,station_category,changed_arrival,changed_platform_arrival,changed_departure,changed_platform_departure,message_status,priority,info,arrival_hidden,departure_hidden,arrival_path,departure_path,arrival_status,departure_status,arrival_delay_m,departure_delay_m
-8289701104022316843-2608132225-10,7170,2608132250,2608132250,4,,S,S1,Stuttgart Hbf|Stuttgart-Bad Cannstatt|Stuttgart Neckarpark|Stuttgart-Untertürkheim|Stuttgart-Obertürkheim|Esslingen-Mettingen|Esslingen(Neckar)|Oberesslingen|Esslingen-Zell,8000508,Altbach,Baden-Württemberg,Altbach,73776,9.382434033,48.72031354,3,2608132250,,2608132251,,h,1,Störung,,,,,,,0.0,1.0
5680698672680243057-2608132155-10,7168,2608132220,2608132220,4,,S,S1,Stuttgart Hbf|Stuttgart-Bad Cannstatt|Stuttgart Neckarpark|Stuttgart-Untertürkheim|Stuttgart-Obertürkheim|Esslingen-Mettingen|Esslingen(Neckar)|Oberesslingen|Esslingen-Zell,8000508,Altbach,Baden-Württemberg,Altbach,73776,9.382434033,48.72031354,3,2608132229,,2608132230,,h,1,Störung,,,,,,,9.0,10.0
-3862696523251175756-2608132220-6,7173,2608132239,2608132240,3,,S,S1,Kirchheim(Teck)|Kirchheim(Teck)-Ötlingen|Wendlingen(Neckar)|Wernau(Neckar)|Plochingen,8000508,Altbach,Baden-Württemberg,Altbach,73776,9.382434033,48.72031354,3,2608132242,,2608132242,,h,1,Störung,,,,,,,3.0,2.0
1733518000541873569-2608132150-6,7171,2608132209,2608132210,3,,S,S1,Kirchheim(Teck)|Kirchheim(Teck)-Ötlingen|Wendlingen(Neckar)|Wernau(Neckar)|Plochingen,8000508,Altbach,Baden-Württemberg,Altbach,73776,9.382434033,48.72031354,3,2608132209,,2608132210,,h,1,Störung,,,,,,,0.0,0.0
5487749718307029214-2608132227-7,7570,2608132247,2608132247,4,,S,S5,Stuttgart Hbf|Stuttgart Nordbahnhof|Stuttgart-Feuerbach|Stuttgart-Zuffenhausen|Kornwestheim Pbf|Ludwigsburg,8000630,Asperg,Baden-Württemberg,Asperg,71679,9.147977466,48.90725609,4,2608132249,,2608132250,,,,,,,,,,,2.0,3.0
1392739293391106860-2608132207-3,7571,2608132212,2608132213,3,,S,S5,Bietigheim-Bissingen|Tamm(Württ),8000630,Asperg,Baden-Württemberg,Asperg,71679,9.147977466,48.90725609,4,2608132212,,2608132213,,,,,,,,,,,0.0,0.0
-2631007370516690844-2608132157-7,7568,2608132217,2608132217,4,,S,S5,Stuttgart Hbf|Stuttgart Nordbahnhof|Stuttgart-Feuerbach|Stuttgart-Zuffenhausen|Kornwestheim Pbf|Ludwigsburg,8000630,Asperg,Baden-Württemberg,Asperg,71679,9.147977466,48.90725609,4,2608132217,,2608132218,,,,,,,,,,,0.0,1.0
2526364121907765436-2608132237-3,7573,2608132242,2608132243,3,,S,S5,Bietigheim-Bissingen|Tamm(Württ),8000630,Asperg,Baden-Württemberg,Asperg,71679,9.147977466,48.90725609,4,2608132243,,2608132243,,,,,,,,,,,1.0,0.0
-3272778308179988729-2608132208-5,89688,2608132236,2608132237,4,,ARV,RE90,Gaildorf West|Murrhardt|Sulzbach(Murr)|Oppenweiler(Württ),8000016,Backnang,Baden-Württemberg,Backnang,71522,9.425986107,48.94264844,3,2608132242,,2608132243,,h,2,Information,,,,,,,6.0,6.0
-8852443673651347122-2608132226-5,17559,2608132251,2608132252,4,,RB,MEX19,Stuttgart Hbf|Stuttgart-Bad Cannstatt|Waiblingen|Winnenden,8000016,Backnang,Baden-Württemberg,Backnang,71522,9.425986107,48.94264844,3,2608132252,,2608132252,,,,,,,,,,,1.0,0.0
-8310073774768201786-2608132132-7,17566,2608132206,2608132207,4,,RB,MEX19,Gaildorf West|Fichtenberg|Fornsbach|Murrhardt|Sulzbach(Murr)|Oppenweiler(Württ),8000016,Backnang,Baden-Württemberg,Backnang,71522,9.425986107,48.94264844,3,2608132227,3,2608132227,3,,,,,,,,,,21.0,20.0
4129986010683108750-2608132211-1,7371,,2608132211,,,S,S3,,8000016,Backnang,Baden-Württemberg,Backnang,71522,9.425986107,48.94264844,3,,,2608132211,,,,,,,,,,,0.0,0.0
-8048880738506136448-2608132212-12,7368,2608132248,,5,,S,,Stuttgart Hbf|Stuttgart-Bad Cannstatt|Stuttgart Nürnberger Str.|Stuttgart-Sommerrain|Fellbach|Waiblingen|Neustadt-Hohenacker|Schwaikheim|Winnenden|Nellmersbach|Maubach,8000016,Backnang,Baden-Württemberg,Backnang,71522,9.425986107,48.94264844,3,2608132301,,,,,,,,,,,,,13.0,0.0
553786968472239584-2608132142-12,7366,2608132218,,5,,S,,Stuttgart Hbf|Stuttgart-Bad Cannstatt|Stuttgart Nürnberger Str.|Stuttgart-Sommerrain|Fellbach|Waiblingen|Neustadt-Hohenacker|Schwaikheim|Winnenden|Nellmersbach|Maubach,8000016,Backnang,Baden-Württemberg,Backnang,71522,9.425986107,48.94264844,3,2608132218,,,,,,,,,,,,,0.0,0.0
205536001243633238-2608132155-5,88649,2608132222,2608132224,4,,ARV,RE90,Stuttgart Hbf|Stuttgart-Bad Cannstatt|Waiblingen|Winnenden,8000016,Backnang,Baden-Württemberg,Backnang,71522,9.425986107,48.94264844,3,2608132229,,2608132229,,h,2,Information,,,,,,,7.0,5.0
-2279373399383894760-2608132241-1,7373,,2608132241,,,S,S3,,8000016,Backnang,Baden-Württemberg,Backnang,71522,9.425986107,48.94264844,3,,,2608132246,,,,,,,,,,,0.0,5.0
1545875388134255836-2608132255-2,7473,2608132257,2608132257,2,,S,S4,Marbach(Neckar),8000873,Benningen (Neckar),Baden-Württemberg,Benningen am Neckar,71726,9.244299075,48.94379773,5,2608132257,,2608132257,,h,1,Bauarbeiten,,,,,,,0.0,0.0
-2632866688536035300-2608132215-4,7471,2608132227,2608132227,2,,S,S4,Kirchberg(Murr)|Erdmannhausen|Marbach(Neckar),8000873,Benningen (Neckar),Baden-Württemberg,Benningen am Neckar,71726,9.244299075,48.94379773,5,2608132227,,2608132228,,h,1,Bauarbeiten,,,,,,,0.0,1.0
4849862255928168199-2608132207-9,7466,2608132232,2608132233,1,,S,S4,Stuttgart Hbf|Stuttgart Nordbahnhof|Stuttgart-Feuerbach|Stuttgart-Zuffenhausen|Kornwestheim Pbf|Ludwigsburg|Favoritepark|Freiberg(Neckar),8000873,Benningen (Neckar),Baden-Württemberg,Benningen am Neckar,71726,9.244299075,48.94379773,5,2608132234,,2608132234,,h,1,Bauarbeiten,,,,,,,2.0,1.0
2828988855077273536-2608132137-9,7464,2608132202,2608132203,1,,S,S4,Stuttgart Hbf|Stuttgart Nordbahnhof|Stuttgart-Feuerbach|Stuttgart-Zuffenhausen|Kornwestheim Pbf|Ludwigsburg|Favoritepark|Freiberg(Neckar),8000873,Benningen (Neckar),Baden-Württemberg,Benningen am Neckar,71726,9.244299075,48.94379773,5,2608132203,,2608132203,,h,1,Bauarbeiten,,,,,,,1.0,0.0
1678705542121602631-2608132203-6,7271,2608132215,2608132215,2,,S,S2,Schorndorf|Weiler(Rems)|Winterbach(b Schorndorf)|Geradstetten|Grunbach,8000934,Beutelsbach,Baden-Württemberg,Weinstadt,71384,9.38551589,48.81038925,5,2608132216,,2608132216,,h,1,Bauarbeiten,,,,,,,1.0,1.0
-4551028339435730742-2608132220-10,7268,2608132243,2608132243,1,,S,S2,Stuttgart Hbf|Stuttgart-Bad Cannstatt|Stuttgart Nürnberger Str.|Stuttgart-Sommerrain|Fellbach|Waiblingen|Rommelshausen|Stetten-Beinstein|Endersbach,8000934,Beutelsbach,Baden-Württemberg,Weinstadt,71384,9.38551589,48.81038925,5,2608132244,,2608132245,,h,1,Bauarbeiten,,,,,,,1.0,2.0
-6309040329427903805-2608132233-6,7273,2608132245,2608132245,2,,S,S2,Schorndorf|Weiler(Rems)|Winterbach(b Schorndorf)|Geradstetten|Grunbach,8000934,Beutelsbach,Baden-Württemberg,Weinstadt,71384,9.38551589,48.81038925,5,2608132246,,2608132246,,h,1,Bauarbeiten,,,,,,,1.0,1.0
-6294731278479900645-2608132150-10,7266,2608132213,2608132213,1,,S,S2,Stuttgart Hbf|Stuttgart-Bad Cannstatt|Stuttgart Nürnberger Str.|Stuttgart-Sommerrain|Fellbach|Waiblingen|Rommelshausen|Stetten-Beinstein|Endersbach,8000934,Beutelsbach,Baden-Württemberg,Weinstadt,71384,9.38551589,48.81038925,5,2608132219,,2608132219,,h,1,Bauarbeiten,,,,,,,6.0,6.0
-4266166440227505902-2608132206-3,99129,2608132246,2608132248,,,ARV,RE8,Neckarsulm|Heilbronn Hbf,8000038,Bietigheim-Bissingen,Baden-Württemberg,Bietigheim-Bissingen,74321,9.137217396,48.94794988,2,2608132249,8,2608132250,8,,,,,,,,,,3.0,2.0
-2590928145568118002-2608132232-1,19296,,2608132232,,,RE,MEX17,,8000038,Bietigheim-Bissingen,Baden-Württemberg,Bietigheim-Bissingen,74321,9.137217396,48.94794988,2,,,2608132234,,,,,,,,,,,0.0,2.0
-7428821271354105071-2608132148-6,19358,2608132235,2608132236,10,,RE,MEX12,Plochingen|Esslingen(Neckar)|Stuttgart-Bad Cannstatt|Stuttgart Hbf|Ludwigsburg,8000038,Bietigheim-Bissingen,Baden-Württemberg,Bietigheim-Bissingen,74321,9.137217396,48.94794988,2,2608132239,,2608132240,,h,2,Störung,,,,,,,4.0,4.0
1229260282759837658-2608132112-5,19336,2608132200,2608132200,10,,RE,MEX18,Plochingen|Esslingen(Neckar)|Kornwestheim Pbf|Ludwigsburg,8000038,Bietigheim-Bissingen,Baden-Württemberg,Bietigheim-Bissingen,74321,9.137217396,48.94794988,2,2608132200,,2608132200,,,,,,,,,,,0.0,0.0
5487749718307029214-2608132227-9,7570,2608132254,,5,,S,,Stuttgart Hbf|Stuttgart Nordbahnhof|Stuttgart-Feuerbach|Stuttgart-Zuffenhausen|Kornwestheim Pbf|Ludwigsburg|Asperg|Tamm(Württ),8000038,Bietigheim-Bissingen,Baden-Württemberg,Bietigheim-Bissingen,74321,9.137217396,48.94794988,2,2608132256,6,,,,,,,,,,,,2.0,0.0
1178043227586589767-2608132144-12,19295,2608132224,,3,,RE,,Pforzheim Hbf|Eutingen(Baden)|Niefern|Enzberg|Mühlacker|Mühlacker Rößlesweg|Illingen(Württ)|Vaihingen(Enz)|Sersheim|Sachsenheim|Ellental,8000038,Bietigheim-Bissingen,Baden-Württemberg,Bietigheim-Bissingen,74321,9.137217396,48.94794988,2,2608132229,,,,,,,,,,,,,5.0,0.0
1392739293391106860-2608132207-1,7571,,2608132207,,,S,S5,,8000038,Bietigheim-Bissingen,Baden-Württemberg,Bietigheim-Bissingen,74321,9.137217396,48.94794988,2,,,2608132207,6,,,,,,,,,,0.0,0.0
5562952279076472261-2608132229-1,19088,,2608132229,,,ARV,RB8,,8000038,Bietigheim-Bissingen,Baden-Württemberg,Bietigheim-Bissingen,74321,9.137217396,48.94794988,2,,,2608132229,9,,,,,,,,,,0.0,0.0
-2631007370516690844-2608132157-9,7568,2608132224,,5,,S,,Stuttgart Hbf|Stuttgart Nordbahnhof|Stuttgart-Feuerbach|Stuttgart-Zuffenhausen|Kornwestheim Pbf|Ludwigsburg|Asperg|Tamm(Württ),8000038,Bietigheim-Bissingen,Baden-Württemberg,Bietigheim-Bissingen,74321,9.137217396,48.94794988,2,2608132224,6,,,,,,,,,,,,0.0,0.0
5478205539568852992-2608132146-3,19580,2608132203,2608132204,7,,RE,MEX17,Stuttgart Hbf|Ludwigsburg,8000038,Bietigheim-Bissingen,Baden-Württemberg,Bietigheim-Bissingen,74321,9.137217396,48.94794988,2,2608132203,,2608132205,,,,,,,,,,,0.0,1.0
1333668860778654429-2608132157-7,19367,2608132222,2608132225,8,,RE,MEX12,Heilbronn Hbf|Nordheim(Württ)|Lauffen(Neckar)|Kirchheim(Neckar)|Walheim(Württ)|Besigheim,8000038,Bietigheim-Bissingen,Baden-Württemberg,Bietigheim-Bissingen,74321,9.137217396,48.94794988,2,2608132224,,2608132225,,h,2,Störung,,,,,,,2.0,0.0
2526364121907765436-2608132237-1,7573,,2608132237,,,S,S5,,8000038,Bietigheim-Bissingen,Baden-Württemberg,Bietigheim-Bissingen,74321,9.137217396,48.94794988,2,,,2608132237,6,,,,,,,,,,0.0,0.0
-7654896272910866173-2608132212-5,19338,2608132259,2608132300,10,,RE,MEX18,Plochingen|Esslingen(Neckar)|Kornwestheim Pbf|Ludwigsburg,8000038,Bietigheim-Bissingen,Baden-Württemberg,Bietigheim-Bissingen,74321,9.137217396,48.94794988,2,2608132315,,2608132316,,,,,,,,,,,16.0,16.0
-3211534586442104777-2608132230-7,19339,2608132256,2608132257,8,,RE,MEX18,Heilbronn Hbf|Nordheim(Württ)|Lauffen(Neckar)|Kirchheim(Neckar)|Walheim(Württ)|Besigheim,8000038,Bietigheim-Bissingen,Baden-Württemberg,Bietigheim-Bissingen,74321,9.137217396,48.94794988,2,2608132259,,2608132300,,,,,,,,,,,3.0,3.0
800896748119483466-2608132146-6,7770,2608132200,2608132200,3,,S,S1,Herrenberg|Nufringen|Gärtringen|Ehningen(b Böblingen)|Hulb,8001055,Böblingen,Baden-Württemberg,Böblingen,71034,9.004531864,48.68784871,3,2608132201,,2608132201,,,,,,,,,,,1.0,1.0
-6377144391840629397-2608132234-1,7071,,2608132234,,,S,S60,,8001055,Böblingen,Baden-Württemberg,Böblingen,71034,9.004531864,48.68784871,3,,,2608132234,,,,,,,,,,,0.0,0.0
-3745751710781721805-2608132146-4,7767,2608132200,2608132200,4,,S,S1,Stuttgart-Vaihingen|Stuttgart-Rohr|Goldberg(Württ),8001055,Böblingen,Baden-Württemberg,Böblingen,71034,9.004531864,48.68784871,3,2608132200,,2608132200,,,,,,,,,,,0.0,0.0
3179948115805207944-2608132239-7,7072,2608132256,,5,,S,,Renningen|Renningen Süd|Magstadt|Maichingen Nord|Maichingen|Sindelfingen,8001055,Böblingen,Baden-Württemberg,Böblingen,71034,9.004531864,48.68784871,3,2608132257,,,,,,,,,,,,,1.0,0.0
-2858384596423056164-2608132235-1,8180,,2608132235,,,WEG,RB46,,8001055,Böblingen,Baden-Württemberg,Böblingen,71034,9.004531864,48.68784871,3,,,2608132235,,,,,,,,,,,0.0,0.0
8692377122300507754-2608132216-4,7769,2608132230,2608132230,4,,S,S1,Stuttgart-Vaihingen|Stuttgart-Rohr|Goldberg(Württ),8001055,Böblingen,Baden-Württemberg,Böblingen,71034,9.004531864,48.68784871,3,2608132230,,2608132231,,,,,,,,,,,0.0,1.0
-7358812942002748149-2608132216-6,7772,2608132230,2608132230,3,,S,S1,Herrenberg|Nufringen|Gärtringen|Ehningen(b Böblingen)|Hulb,8001055,Böblingen,Baden-Württemberg,Böblingen,71034,9.004531864,48.68784871,3,2608132232,,2608132233,,,,,,,,,,,2.0,3.0
1355245828663087033-2608132204-1,7069,,2608132204,,,S,S60,,8001055,Böblingen,Baden-Württemberg,Böblingen,71034,9.004531864,48.68784871,3,,,2608132204,,,,,,,,,,,0.0,0.0
-7300228225321768735-2608132205-1,8176,,2608132205,,,WEG,RB46,,8001055,Böblingen,Baden-Württemberg,Böblingen,71034,9.004531864,48.68784871,3,,,2608132205,,,,,,,,,,,0.0,0.0
-5416744958690050031-2608132202-12,8177,2608132225,,1,,WEG,,Dettenhausen|Weil im Schönbuch Untere Halde|Weil im Schönbuch Röte|Weil im Schönbuch Troppel|Holzgerlingen Buch|Holzgerlingen Bf|Holzgerlingen Hülben|Böblingen Zimmerschlag|Böblingen Heusteigstr|Böblingen Südbf|Böblingen Danziger Str,8001055,Böblingen,Baden-Württemberg,Böblingen,71034,9.004531864,48.68784871,3,2608132225,,,,,,,,,,,,,0.0,0.0
934160671685744412-2608132232-12,8181,2608132255,,1,,WEG,,Dettenhausen|Weil im Schönbuch Untere Halde|Weil im Schönbuch Röte|Weil im Schönbuch Troppel|Holzgerlingen Buch|Holzgerlingen Bf|Holzgerlingen Hülben|Böblingen Zimmerschlag|Böblingen Heusteigstr|Böblingen Südbf|Böblingen Danziger Str,8001055,Böblingen,Baden-Württemberg,Böblingen,71034,9.004531864,48.68784871,3,2608132255,,,,,,,,,,,,,0.0,0.0
7103020090421453846-2608132217-3,17677,2608132238,2608132239,5,,RE,RE14a,Stuttgart Hbf|Stuttgart-Vaihingen,8001055,Böblingen,Baden-Württemberg,Böblingen,71034,9.004531864,48.68784871,3,2608132243,,2608132244,,,,,,,,,,,5.0,5.0
638916155102202133-2608132209-7,7070,2608132226,,5,,S,,Renningen|Renningen Süd|Magstadt|Maichingen Nord|Maichingen|Sindelfingen,8001055,Böblingen,Baden-Württemberg,Böblingen,71034,9.004531864,48.68784871,3,2608132226,,,,,,,,,,,,,0.0,0.0
-8768743806902916019-2608132233-7,7673,2608132254,2608132254,3,,S,S6,Weil der Stadt|Malmsheim|Renningen|Rutesheim|Leonberg|Höfingen,8001476,Ditzingen,Baden-Württemberg,Ditzingen,71254,9.067095186,48.82358726,4,2608132256,,2608132256,,,,,,,,,,,2.0,2.0
6529146617493703402-2608132203-7,7671,2608132224,2608132224,3,,S,S6,Weil der Stadt|Malmsheim|Renningen|Rutesheim|Leonberg|Höfingen,8001476,Ditzingen,Baden-Württemberg,Ditzingen,71254,9.067095186,48.82358726,4,2608132224,,2608132224,,,,,,,,,,,0.0,0.0
6737611286015741642-2608132147-8,7666,2608132206,2608132206,2,,S,S6,Stuttgart Hbf|Stuttgart Nordbahnhof|Stuttgart-Feuerbach|Stuttgart-Zuffenhausen|Neuwirtshaus(Porscheplatz)|Korntal|Weilimdorf,8001476,Ditzingen,Baden-Württemberg,Ditzingen,71254,9.067095186,48.82358726,4,2608132207,,2608132207,,,,,,,,,,,1.0,1.0
6983633546019374877-2608132217-8,7668,2608132236,2608132236,2,,S,S6,Stuttgart Hbf|Stuttgart Nordbahnhof|Stuttgart-Feuerbach|Stuttgart-Zuffenhausen|Neuwirtshaus(Porscheplatz)|Korntal|Weilimdorf,8001476,Ditzingen,Baden-Württemberg,Ditzingen,71254,9.067095186,48.82358726,4,2608132236,,2608132236,,,,,,,,,,,0.0,0.0
9054264954005564040-2608132233-3,7970,2608132240,2608132240,2,,S,S2,Filderstadt|Stuttgart Flughafen/Messe,8001650,Echterdingen,Baden-Württemberg,Echterdingen,70771,9.169307175,48.69214787,4,2608132240,,2608132240,,,,,,,,,,,0.0,0.0
338068933768812202-2608132203-3,7968,2608132210,2608132210,2,,S,S2,Filderstadt|Stuttgart Flughafen/Messe,8001650,Echterdingen,Baden-Württemberg,Echterdingen,70771,9.169307175,48.69214787,4,2608132210,,2608132210,,,,,,,,,,,0.0,0.0
1753360474053316398-2608132205-5,7969,2608132219,2608132220,1,,S,S2,Stuttgart-Vaihingen|Stuttgart-Rohr|Oberaichen|Leinfelden,8001650,Echterdingen,Baden-Württemberg,Echterdingen,70771,9.169307175,48.69214787,4,2608132219,,2608132220,,,,,,,,,,,0.0,0.0
-3981841348437772783-2608132235-5,7971,2608132249,2608132250,1,,S,S2,Stuttgart-Vaihingen|Stuttgart-Rohr|Oberaichen|Leinfelden,8001650,Echterdingen,Baden-Württemberg,Echterdingen,70771,9.169307175,48.69214787,4,2608132250,,2608132251,,,,,,,,,,,1.0,1.0
-3745751710781721805-2608132146-6,7767,2608132205,2608132205,2,,S,S1,Stuttgart-Vaihingen|Stuttgart-Rohr|Goldberg(Württ)|Böblingen|Hulb,8001689,Ehningen (b Böblingen),Baden-Württemberg,Ehningen,71139,8.944310368,48.66275549,4,2608132205,,2608132205,,,,,,,,,,,0.0,0.0
8692377122300507754-2608132216-6,7769,2608132235,2608132235,2,,S,S1,Stuttgart-Vaihingen|Stuttgart-Rohr|Goldberg(Württ)|Böblingen|Hulb,8001689,Ehningen (b Böblingen),Baden-Württemberg,Ehningen,71139,8.944310368,48.66275549,4,2608132235,,2608132236,,,,,,,,,,,0.0,1.0
-7358812942002748149-2608132216-4,7772,2608132225,2608132225,1,,S,S1,Herrenberg|Nufringen|Gärtringen,8001689,Ehningen (b Böblingen),Baden-Württemberg,Ehningen,71139,8.944310368,48.66275549,4,2608132225,,2608132227,,,,,,,,,,,0.0,2.0
-7552157599667806188-2608132246-4,7774,2608132255,2608132255,1,,S,S1,Herrenberg|Nufringen|Gärtringen,8001689,Ehningen (b Böblingen),Baden-Württemberg,Ehningen,71139,8.944310368,48.66275549,4,2608132255,,2608132255,,,,,,,,,,,0.0,0.0
1678705542121602631-2608132203-7,7271,2608132217,2608132217,3,,S,S2,Schorndorf|Weiler(Rems)|Winterbach(b Schorndorf)|Geradstetten|Grunbach|Beutelsbach,8001785,Endersbach,Baden-Württemberg,Weinstadt,71384,9.370192421,48.81317323,4,2608132218,,2608132218,,h,1,Bauarbeiten,,,,,,,1.0,1.0
-4551028339435730742-2608132220-9,7268,2608132241,2608132241,2,,S,S2,Stuttgart Hbf|Stuttgart-Bad Cannstatt|Stuttgart Nürnberger Str.|Stuttgart-Sommerrain|Fellbach|Waiblingen|Rommelshausen|Stetten-Beinstein,8001785,Endersbach,Baden-Württemberg,Weinstadt,71384,9.370192421,48.81317323,4,2608132243,,2608132243,,h,1,Bauarbeiten,,,,,,,2.0,2.0
-6309040329427903805-2608132233-7,7273,2608132247,2608132247,3,,S,S2,Schorndorf|Weiler(Rems)|Winterbach(b Schorndorf)|Geradstetten|Grunbach|Beutelsbach,8001785,Endersbach,Baden-Württemberg,Weinstadt,71384,9.370192421,48.81317323,4,2608132248,,2608132248,,h,1,Bauarbeiten,,,,,,,1.0,1.0
-6294731278479900645-2608132150-9,7266,2608132211,2608132211,2,,S,S2,Stuttgart Hbf|Stuttgart-Bad Cannstatt|Stuttgart Nürnberger Str.|Stuttgart-Sommerrain|Fellbach|Waiblingen|Rommelshausen|Stetten-Beinstein,8001785,Endersbach,Baden-Württemberg,Weinstadt,71384,9.370192421,48.81317323,4,2608132217,,2608132218,,h,1,Bauarbeiten,,,,,,,6.0,7.0
-2632866688536035300-2608132215-2,7471,2608132217,2608132218,1,,S,S4,Kirchberg(Murr),8001827,Erdmannhausen,Baden-Württemberg,Erdmannhausen,71729,9.298930848,48.9483447,6,2608132217,,2608132218,,h,1,Bauarbeiten,,,,,,,0.0,0.0
4849862255928168199-2608132207-11,7466,2608132240,2608132240,1,,S,S4,Stuttgart Hbf|Stuttgart Nordbahnhof|Stuttgart-Feuerbach|Stuttgart-Zuffenhausen|Kornwestheim Pbf|Ludwigsburg|Favoritepark|Freiberg(Neckar)|Benningen(Neckar)|Marbach(Neckar),8001827,Erdmannhausen,Baden-Württemberg,Erdmannhausen,71729,9.298930848,48.9483447,6,2608132240,,2608132241,,h,1,Bauarbeiten,,,,,,,0.0,1.0
-7357519101172018025-2608132248-2,19360,2608132254,2608132254,3,,RE,MEX12,Plochingen,8001920,Esslingen (Neckar),Baden-Württemberg,Esslingen am Neckar,73728,9.300578149,48.73854148,3,2608132254,,2608132255,,h,2,Bauarbeiten,,,,,,,0.0,1.0
-4282394893387187309-2608132048-7,4232,2608132209,2608132210,3,,RE,RE5,Biberach(Riß)|Laupheim West|Ulm Hbf|Geislingen(Steige)|Göppingen|Plochingen,8001920,Esslingen (Neckar),Baden-Württemberg,Esslingen am Neckar,73728,9.300578149,48.73854148,3,2608132234,,2608132237,,h,2,Störung,,,,,,,25.0,27.0
6004078165100865350-2608132036-20,19176,2608132204,2608132205,3,,ARV,MEX16,Ulm Hbf|Beimerstetten|Westerstetten|Lonsee|Urspring|Amstetten(Württ)|Geislingen(Steige)|Geislingen(Steige)West|Kuchen|Gingen(Fils)|Süßen|Salach|Eislingen(Fils)|Göppingen|Faurndau|Uhingen|Ebersbach(Fils)|Reichenbach(Fils)|Plochingen,8001920,Esslingen (Neckar),Baden-Württemberg,Esslingen am Neckar,73728,9.300578149,48.73854148,3,2608132204,,2608132205,,,,,,,,,,,0.0,0.0
-8289701104022316843-2608132225-7,7170,2608132242,2608132243,8,,S,S1,Stuttgart Hbf|Stuttgart-Bad Cannstatt|Stuttgart Neckarpark|Stuttgart-Untertürkheim|Stuttgart-Obertürkheim|Esslingen-Mettingen,8001920,Esslingen (Neckar),Baden-Württemberg,Esslingen am Neckar,73728,9.300578149,48.73854148,3,2608132242,,2608132243,,h,1,Störung,,,,,,,0.0,0.0
8212366017237548172-2608132057-11,19361,2608132202,2608132203,5,,RE,MEX12,Heilbronn Hbf|Nordheim(Württ)|Lauffen(Neckar)|Kirchheim(Neckar)|Walheim(Württ)|Besigheim|Bietigheim-Bissingen|Ludwigsburg|Stuttgart Hbf|Stuttgart-Bad Cannstatt,8001920,Esslingen (Neckar),Baden-Württemberg,Esslingen am Neckar,73728,9.300578149,48.73854148,3,2608132215,8,2608132215,8,h,2,Bauarbeiten,,,,,,,13.0,12.0
5680698672680243057-2608132155-7,7168,2608132212,2608132213,8,,S,S1,Stuttgart Hbf|Stuttgart-Bad Cannstatt|Stuttgart Neckarpark|Stuttgart-Untertürkheim|Stuttgart-Obertürkheim|Esslingen-Mettingen,8001920,Esslingen (Neckar),Baden-Württemberg,Esslingen am Neckar,73728,9.300578149,48.73854148,3,2608132222,,2608132223,,h,1,Störung,,,,,,,10.0,10.0
-3862696523251175756-2608132220-9,7173,2608132247,2608132247,7,,S,S1,Kirchheim(Teck)|Kirchheim(Teck)-Ötlingen|Wendlingen(Neckar)|Wernau(Neckar)|Plochingen|Altbach|Esslingen-Zell|Oberesslingen,8001920,Esslingen (Neckar),Baden-Württemberg,Esslingen am Neckar,73728,9.300578149,48.73854148,3,2608132251,6,2608132252,6,h,1,Störung,,,,,,,4.0,5.0
1733518000541873569-2608132150-9,7171,2608132217,2608132217,7,,S,S1,Kirchheim(Teck)|Kirchheim(Teck)-Ötlingen|Wendlingen(Neckar)|Wernau(Neckar)|Plochingen|Altbach|Esslingen-Zell|Oberesslingen,8001920,Esslingen (Neckar),Baden-Württemberg,Esslingen am Neckar,73728,9.300578149,48.73854148,3,2608132219,6,2608132219,6,h,1,Störung,,,,,,,2.0,2.0
-5459894153900505065-2608132130-10,19337,2608132234,2608132235,6,,RE,MEX18,Heilbronn Hbf|Nordheim(Württ)|Lauffen(Neckar)|Kirchheim(Neckar)|Walheim(Württ)|Besigheim|Bietigheim-Bissingen|Ludwigsburg|Kornwestheim Pbf,8001920,Esslingen (Neckar),Baden-Württemberg,Esslingen am Neckar,73728,9.300578149,48.73854148,3,2608132244,5,2608132245,5,c,,,,,,,,,10.0,10.0
7370415767715540984-2608132239-2,4237,2608132248,2608132249,5,,RE,RE5,Stuttgart Hbf,8001920,Esslingen (Neckar),Baden-Württemberg,Esslingen am Neckar,73728,9.300578149,48.73854148,3,2608132250,8,2608132251,8,h,1,Information,,,,,,,2.0,2.0
-7360274571550422195-2608132148-14,19178,2608132238,2608132239,3,,ARV,MEX16,Geislingen(Steige)|Geislingen(Steige)West|Kuchen|Gingen(Fils)|Süßen|Salach|Eislingen(Fils)|Göppingen|Faurndau|Uhingen|Ebersbach(Fils)|Reichenbach(Fils)|Plochingen,8001920,Esslingen (Neckar),Baden-Württemberg,Esslingen am Neckar,73728,9.300578149,48.73854148,3,2608132238,2,2608132241,2,,,,,,,,,,0.0,2.0
9093668252534102509-2608132204-3,19179,2608132215,2608132215,5,,ARV,MEX16,Stuttgart Hbf|Stuttgart-Bad Cannstatt,8001920,Esslingen (Neckar),Baden-Württemberg,Esslingen am Neckar,73728,9.300578149,48.73854148,3,2608132227,8,2608132229,8,,,,,,,,,,12.0,14.0
262818894561514456-2608132242-3,19181,2608132253,2608132254,5,,ARV,MEX16,Stuttgart Hbf|Stuttgart-Bad Cannstatt,8001920,Esslingen (Neckar),Baden-Württemberg,Esslingen am Neckar,73728,9.300578149,48.73854148,3,2608132256,8,2608132258,8,,,,,,,,,,3.0,4.0
-7654896272910866173-2608132212-2,19338,2608132222,2608132223,3,,RE,MEX18,Plochingen,8001920,Esslingen (Neckar),Baden-Württemberg,Esslingen am Neckar,73728,9.300578149,48.73854148,3,2608132247,,2608132248,,c,,,,,,,,,25.0,25.0
-8289701104022316843-2608132225-6,7170,2608132239,2608132239,4,,S,S1,Stuttgart Hbf|Stuttgart-Bad Cannstatt|Stuttgart Neckarpark|Stuttgart-Untertürkheim|Stuttgart-Obertürkheim,8001921,Esslingen-Mettingen,Baden-Württemberg,Esslingen am Neckar,73733,9.275799007,48.74696655,3,2608132240,,2608132240,,h,1,Störung,,,,,,,1.0,1.0
5680698672680243057-2608132155-6,7168,2608132209,2608132209,4,,S,S1,Stuttgart Hbf|Stuttgart-Bad Cannstatt|Stuttgart Neckarpark|Stuttgart-Untertürkheim|Stuttgart-Obertürkheim,8001921,Esslingen-Mettingen,Baden-Württemberg,Esslingen am Neckar,73733,9.275799007,48.74696655,3,2608132220,,2608132220,,h,1,Störung,,,,,,,11.0,11.0
-3862696523251175756-2608132220-10,7173,2608132249,2608132250,3,,S,S1,Kirchheim(Teck)|Kirchheim(Teck)-Ötlingen|Wendlingen(Neckar)|Wernau(Neckar)|Plochingen|Altbach|Esslingen-Zell|Oberesslingen|Esslingen(Neckar),8001921,Esslingen-Mettingen,Baden-Württemberg,Esslingen am Neckar,73733,9.275799007,48.74696655,3,2608132254,,2608132255,,h,1,Störung,,,,,,,5.0,5.0
1733518000541873569-2608132150-10,7171,2608132219,2608132220,3,,S,S1,Kirchheim(Teck)|Kirchheim(Teck)-Ötlingen|Wendlingen(Neckar)|Wernau(Neckar)|Plochingen|Altbach|Esslingen-Zell|Oberesslingen|Esslingen(Neckar),8001921,Esslingen-Mettingen,Baden-Württemberg,Esslingen am Neckar,73733,9.275799007,48.74696655,3,2608132222,,2608132222,,h,1,Störung,,,,,,,3.0,2.0
-8289701104022316843-2608132225-9,7170,2608132247,2608132248,4,,S,S1,Stuttgart Hbf|Stuttgart-Bad Cannstatt|Stuttgart Neckarpark|Stuttgart-Untertürkheim|Stuttgart-Obertürkheim|Esslingen-Mettingen|Esslingen(Neckar)|Oberesslingen,8006642,Esslingen-Zell,Baden-Württemberg,Esslingen am Neckar,73730,9.359739507,48.72436142,3,2608132248,,2608132248,,h,1,Störung,,,,,,,1.0,0.0
5680698672680243057-2608132155-9,7168,2608132217,2608132218,4,,S,S1,Stuttgart Hbf|Stuttgart-Bad Cannstatt|Stuttgart Neckarpark|Stuttgart-Untertürkheim|Stuttgart-Obertürkheim|Esslingen-Mettingen|Esslingen(Neckar)|Oberesslingen,8006642,Esslingen-Zell,Baden-Württemberg,Esslingen am Neckar,73730,9.359739507,48.72436142,3,2608132227,,2608132228,,h,1,Störung,,,,,,,10.0,10.0
-3862696523251175756-2608132220-7,7173,2608132242,2608132242,3,,S,S1,Kirchheim(Teck)|Kirchheim(Teck)-Ötlingen|Wendlingen(Neckar)|Wernau(Neckar)|Plochingen|Altbach,8006642,Esslingen-Zell,Baden-Württemberg,Esslingen am Neckar,73730,9.359739507,48.72436142,3,2608132244,,2608132245,,h,1,Störung,,,,,,,2.0,3.0
1733518000541873569-2608132150-7,7171,2608132212,2608132212,3,,S,S1,Kirchheim(Teck)|Kirchheim(Teck)-Ötlingen|Wendlingen(Neckar)|Wernau(Neckar)|Plochingen|Altbach,8006642,Esslingen-Zell,Baden-Württemberg,Esslingen am Neckar,73730,9.359739507,48.72436142,3,2608132212,,2608132212,,h,1,Störung,,,,,,,0.0,0.0
-2632866688536035300-2608132215-6,7471,2608132233,2608132234,2,,S,S4,Kirchberg(Murr)|Erdmannhausen|Marbach(Neckar)|Benningen(Neckar)|Freiberg(Neckar),8001967,Favoritepark,Baden-Württemberg,Ludwigsburg,71634,9.180574277,48.90948451,5,2608132233,,2608132234,,h,1,Bauarbeiten,,,,,,,0.0,0.0
4849862255928168199-2608132207-7,7466,2608132226,2608132226,1,,S,S4,Stuttgart Hbf|Stuttgart Nordbahnhof|Stuttgart-Feuerbach|Stuttgart-Zuffenhausen|Kornwestheim Pbf|Ludwigsburg,8001967,Favoritepark,Baden-Württemberg,Ludwigsburg,71634,9.180574277,48.90948451,5,2608132227,,2608132227,,h,1,Bauarbeiten,,,,,,,1.0,1.0
3766048702884366970-2608132155-4,7469,2608132203,2608132204,2,,S,S4,Marbach(Neckar)|Benningen(Neckar)|Freiberg(Neckar),8001967,Favoritepark,Baden-Württemberg,Ludwigsburg,71634,9.180574277,48.90948451,5,2608132204,,2608132205,,h,1,Bauarbeiten,,,,,,,1.0,1.0
-9133197457517218638-2608132237-7,7468,2608132256,2608132256,1,,S,S4,Stuttgart Hbf|Stuttgart Nordbahnhof|Stuttgart-Feuerbach|Stuttgart-Zuffenhausen|Kornwestheim Pbf|Ludwigsburg,8001967,Favoritepark,Baden-Württemberg,Ludwigsburg,71634,9.180574277,48.90948451,5,2608132256,,2608132256,,h,1,Bauarbeiten,,,,,,,0.0,0.0
970449513727673732-2608132141-8,7369,2608132202,2608132203,4,,S,S3,Backnang|Maubach|Nellmersbach|Winnenden|Schwaikheim|Neustadt-Hohenacker|Waiblingen,8001974,Fellbach,Baden-Württemberg,Fellbach,70736,9.270645988,48.8202936,3,2608132204,,2608132205,,,,,,,,,,,2.0,2.0
1678705542121602631-2608132203-11,7271,2608132227,2608132228,4,,S,S2,Schorndorf|Weiler(Rems)|Winterbach(b Schorndorf)|Geradstetten|Grunbach|Beutelsbach|Endersbach|Stetten-Beinstein|Rommelshausen|Waiblingen,8001974,Fellbach,Baden-Württemberg,Fellbach,70736,9.270645988,48.8202936,3,2608132228,,2608132228,,h,1,Bauarbeiten,,,,,,,1.0,0.0
-4551028339435730742-2608132220-5,7268,2608132231,2608132232,1,,S,S2,Stuttgart Hbf|Stuttgart-Bad Cannstatt|Stuttgart Nürnberger Str.|Stuttgart-Sommerrain,8001974,Fellbach,Baden-Württemberg,Fellbach,70736,9.270645988,48.8202936,3,2608132231,,2608132232,,h,1,Bauarbeiten,,,,,,,0.0,0.0
4129986010683108750-2608132211-8,7371,2608132232,2608132233,4,,S,S3,Backnang|Maubach|Nellmersbach|Winnenden|Schwaikheim|Neustadt-Hohenacker|Waiblingen,8001974,Fellbach,Baden-Württemberg,Fellbach,70736,9.270645988,48.8202936,3,2608132232,,2608132233,,,,,,,,,,,0.0,0.0
-6309040329427903805-2608132233-11,7273,2608132257,2608132258,4,,S,S2,Schorndorf|Weiler(Rems)|Winterbach(b Schorndorf)|Geradstetten|Grunbach|Beutelsbach|Endersbach|Stetten-Beinstein|Rommelshausen|Waiblingen,8001974,Fellbach,Baden-Württemberg,Fellbach,70736,9.270645988,48.8202936,3,2608132258,,2608132259,,h,1,Bauarbeiten,,,,,,,1.0,1.0
-8048880738506136448-2608132212-5,7368,2608132226,2608132227,1,,S,S3,Stuttgart Hbf|Stuttgart-Bad Cannstatt|Stuttgart Nürnberger Str.|Stuttgart-Sommerrain,8001974,Fellbach,Baden-Württemberg,Fellbach,70736,9.270645988,48.8202936,3,2608132241,,2608132241,,,,,,,,,,,15.0,14.0
-6294731278479900645-2608132150-5,7266,2608132201,2608132202,1,,S,S2,Stuttgart Hbf|Stuttgart-Bad Cannstatt|Stuttgart Nürnberger Str.|Stuttgart-Sommerrain,8001974,Fellbach,Baden-Württemberg,Fellbach,70736,9.270645988,48.8202936,3,2608132208,,2608132209,,h,1,Bauarbeiten,,,,,,,7.0,7.0
-547796110281084784-2608132242-5,7370,2608132256,2608132257,1,,S,S3,Stuttgart Hbf|Stuttgart-Bad Cannstatt|Stuttgart Nürnberger Str.|Stuttgart-Sommerrain,8001974,Fellbach,Baden-Württemberg,Fellbach,70736,9.270645988,48.8202936,3,2608132257,,2608132257,,,,,,,,,,,1.0,0.0
9054264954005564040-2608132233-2,7970,2608132237,2608132238,2,,S,S2,Filderstadt,8005768,Stuttgart Flughafen/Messe,Baden-Württemberg,Leinfelden-Echterdingen,70629,9.193411574,48.69075193,4,2608132237,,2608132238,,,,,,,,,,,0.0,0.0
338068933768812202-2608132203-2,7968,2608132207,2608132208,2,,S,S2,Filderstadt,8005768,Stuttgart Flughafen/Messe,Baden-Württemberg,Leinfelden-Echterdingen,70629,9.193411574,48.69075193,4,2608132207,,2608132208,,,,,,,,,,,0.0,0.0
1753360474053316398-2608132205-6,7969,2608132222,2608132223,1,,S,S2,Stuttgart-Vaihingen|Stuttgart-Rohr|Oberaichen|Leinfelden|Echterdingen,8005768,Stuttgart Flughafen/Messe,Baden-Württemberg,Leinfelden-Echterdingen,70629,9.193411574,48.69075193,4,2608132222,,2608132223,,,,,,,,,,,0.0,0.0
-3981841348437772783-2608132235-6,7971,2608132252,2608132253,1,,S,S2,Stuttgart-Vaihingen|Stuttgart-Rohr|Oberaichen|Leinfelden|Echterdingen,8005768,Stuttgart Flughafen/Messe,Baden-Württemberg,Leinfelden-Echterdingen,70629,9.193411574,48.69075193,4,2608132253,,2608132253,,,,,,,,,,,1.0,0.0
-2632866688536035300-2608132215-5,7471,2608132230,2608132231,2,,S,S4,Kirchberg(Murr)|Erdmannhausen|Marbach(Neckar)|Benningen(Neckar),8002065,Freiberg (Neckar),Baden-Württemberg,Freiberg am Neckar,71691,9.197530085,48.92994974,5,2608132230,,2608132231,,h,1,Bauarbeiten,,,,,,,0.0,0.0
4849862255928168199-2608132207-8,7466,2608132229,2608132229,3,,S,S4,Stuttgart Hbf|Stuttgart Nordbahnhof|Stuttgart-Feuerbach|Stuttgart-Zuffenhausen|Kornwestheim Pbf|Ludwigsburg|Favoritepark,8002065,Freiberg (Neckar),Baden-Württemberg,Freiberg am Neckar,71691,9.197530085,48.92994974,5,2608132230,,2608132230,,h,1,Bauarbeiten,,,,,,,1.0,1.0
3766048702884366970-2608132155-3,7469,2608132200,2608132201,2,,S,S4,Marbach(Neckar)|Benningen(Neckar),8002065,Freiberg (Neckar),Baden-Württemberg,Freiberg am Neckar,71691,9.197530085,48.92994974,5,2608132201,,2608132201,,h,1,Bauarbeiten,,,,,,,1.0,0.0
-9133197457517218638-2608132237-8,7468,2608132259,2608132259,3,,S,S4,Stuttgart Hbf|Stuttgart Nordbahnhof|Stuttgart-Feuerbach|Stuttgart-Zuffenhausen|Kornwestheim Pbf|Ludwigsburg|Favoritepark,8002065,Freiberg (Neckar),Baden-Württemberg,Freiberg am Neckar,71691,9.197530085,48.92994974,5,2608132259,,2608132259,,h,1,Bauarbeiten,,,,,,,0.0,0.0
-3745751710781721805-2608132146-7,7767,2608132208,2608132208,1,,S,S1,Stuttgart-Vaihingen|Stuttgart-Rohr|Goldberg(Württ)|Böblingen|Hulb|Ehningen(b Böblingen),8002165,Gärtringen,Baden-Württemberg,Gärtringen,71116,8.908864487,48.64080021,5,2608132208,,2608132209,,,,,,,,,,,0.0,1.0
8692377122300507754-2608132216-7,7769,2608132238,2608132238,1,,S,S1,Stuttgart-Vaihingen|Stuttgart-Rohr|Goldberg(Württ)|Böblingen|Hulb|Ehningen(b Böblingen),8002165,Gärtringen,Baden-Württemberg,Gärtringen,71116,8.908864487,48.64080021,5,2608132239,,2608132239,,,,,,,,,,,1.0,1.0
-7358812942002748149-2608132216-3,7772,2608132222,2608132222,2,,S,S1,Herrenberg|Nufringen,8002165,Gärtringen,Baden-Württemberg,Gärtringen,71116,8.908864487,48.64080021,5,2608132222,,2608132223,,,,,,,,,,,0.0,1.0
-7552157599667806188-2608132246-3,7774,2608132252,2608132252,2,,S,S1,Herrenberg|Nufringen,8002165,Gärtringen,Baden-Württemberg,Gärtringen,71116,8.908864487,48.64080021,5,2608132252,,2608132252,,,,,,,,,,,0.0,0.0
1678705542121602631-2608132203-4,7271,2608132210,2608132211,1,,S,S2,Schorndorf|Weiler(Rems)|Winterbach(b Schorndorf),8002240,Geradstetten,Baden-Württemberg,Remshalden,73630,9.439522346,48.80527689,5,2608132211,,2608132212,,h,1,Bauarbeiten,,,,,,,1.0,1.0
-4551028339435730742-2608132220-12,7268,2608132247,2608132247,2,,S,S2,Stuttgart Hbf|Stuttgart-Bad Cannstatt|Stuttgart Nürnberger Str.|Stuttgart-Sommerrain|Fellbach|Waiblingen|Rommelshausen|Stetten-Beinstein|Endersbach|Beutelsbach|Grunbach,8002240,Geradstetten,Baden-Württemberg,Remshalden,73630,9.439522346,48.80527689,5,2608132249,,2608132249,,h,1,Bauarbeiten,,,,,,,2.0,2.0
-6309040329427903805-2608132233-4,7273,2608132240,2608132241,1,,S,S2,Schorndorf|Weiler(Rems)|Winterbach(b Schorndorf),8002240,Geradstetten,Baden-Württemberg,Remshalden,73630,9.439522346,48.80527689,5,2608132241,,2608132242,,h,1,Bauarbeiten,,,,,,,1.0,1.0
-6294731278479900645-2608132150-12,7266,2608132217,2608132217,2,,S,S2,Stuttgart Hbf|Stuttgart-Bad Cannstatt|Stuttgart Nürnberger Str.|Stuttgart-Sommerrain|Fellbach|Waiblingen|Rommelshausen|Stetten-Beinstein|Endersbach|Beutelsbach|Grunbach,8002240,Geradstetten,Baden-Württemberg,Remshalden,73630,9.439522346,48.80527689,5,2608132223,,2608132224,,h,1,Bauarbeiten,,,,,,,6.0,7.0
800896748119483466-2608132146-7,7770,2608132202,2608132202,2,,S,S1,Herrenberg|Nufringen|Gärtringen|Ehningen(b Böblingen)|Hulb|Böblingen,8005201,Goldberg,Baden-Württemberg,Böblingen,71032,9.019733387,48.69651581,5,2608132203,,2608132204,,,,,,,,,,,1.0,2.0
2382757692606580950-2608132246-3,7771,2608132258,2608132258,1,,S,S1,Stuttgart-Vaihingen|Stuttgart-Rohr,8005201,Goldberg,Baden-Württemberg,Böblingen,71032,9.019733387,48.69651581,5,2608132258,,2608132259,,,,,,,,,,,0.0,1.0
8692377122300507754-2608132216-3,7769,2608132228,2608132228,1,,S,S1,Stuttgart-Vaihingen|Stuttgart-Rohr,8005201,Goldberg,Baden-Württemberg,Böblingen,71032,9.019733387,48.69651581,5,2608132228,,2608132228,,,,,,,,,,,0.0,0.0
-7358812942002748149-2608132216-7,7772,2608132232,2608132232,2,,S,S1,Herrenberg|Nufringen|Gärtringen|Ehningen(b Böblingen)|Hulb|Böblingen,8005201,Goldberg,Baden-Württemberg,Böblingen,71032,9.019733387,48.69651581,5,2608132234,,2608132235,,,,,,,,,,,2.0,3.0
1678705542121602631-2608132203-5,7271,2608132212,2608132213,2,,S,S2,Schorndorf|Weiler(Rems)|Winterbach(b Schorndorf)|Geradstetten,8002448,Grunbach,Baden-Württemberg,Remshalden,73630,9.419580601,48.810414,4,2608132213,,2608132214,,h,1,Bauarbeiten,,,,,,,1.0,1.0
-4551028339435730742-2608132220-11,7268,2608132245,2608132245,3,,S,S2,Stuttgart Hbf|Stuttgart-Bad Cannstatt|Stuttgart Nürnberger Str.|Stuttgart-Sommerrain|Fellbach|Waiblingen|Rommelshausen|Stetten-Beinstein|Endersbach|Beutelsbach,8002448,Grunbach,Baden-Württemberg,Remshalden,73630,9.419580601,48.810414,4,2608132247,,2608132247,,h,1,Bauarbeiten,,,,,,,2.0,2.0
-6309040329427903805-2608132233-5,7273,2608132242,2608132243,2,,S,S2,Schorndorf|Weiler(Rems)|Winterbach(b Schorndorf)|Geradstetten,8002448,Grunbach,Baden-Württemberg,Remshalden,73630,9.419580601,48.810414,4,2608132243,,2608132244,,h,1,Bauarbeiten,,,,,,,1.0,1.0
-6294731278479900645-2608132150-11,7266,2608132215,2608132215,3,,S,S2,Stuttgart Hbf|Stuttgart-Bad Cannstatt|Stuttgart Nürnberger Str.|Stuttgart-Sommerrain|Fellbach|Waiblingen|Rommelshausen|Stetten-Beinstein|Endersbach|Beutelsbach,8002448,Grunbach,Baden-Württemberg,Remshalden,73630,9.419580601,48.810414,4,2608132221,,2608132222,,h,1,Bauarbeiten,,,,,,,6.0,7.0
7242506157860768520-2608131937-13,480,2608132211,2608132211,1,,IC,,Zürich HB|Schaffhausen|Singen(Hohentwiel)|Engen|Tuttlingen|Spaichingen|Rottweil|Oberndorf(Neckar)|Sulz(Neckar)|Horb|Bondorf(b Herrenberg)|Gäufelden,8002785,Herrenberg,Baden-Württemberg,Herrenberg,71083,8.862625253,48.59395697,3,2608132231,,2608132232,,h,2,Information,,,,,,,20.0,21.0
-7473076869282740427-2608132035-11,50480,2608132211,2608132211,1,,RE,IC87,Singen(Hohentwiel)|Engen|Tuttlingen|Spaichingen|Rottweil|Oberndorf(Neckar)|Sulz(Neckar)|Horb|Bondorf(b Herrenberg)|Gäufelden,8002785,Herrenberg,Baden-Württemberg,Herrenberg,71083,8.862625253,48.59395697,3,2608132231,,2608132232,,h,2,Information,,,,,,,20.0,21.0
-3745751710781721805-2608132146-9,7767,2608132215,,3,,S,,Stuttgart-Vaihingen|Stuttgart-Rohr|Goldberg(Württ)|Böblingen|Hulb|Ehningen(b Böblingen)|Gärtringen|Nufringen,8002785,Herrenberg,Baden-Württemberg,Herrenberg,71083,8.862625253,48.59395697,3,2608132215,,,,,,,,,,,,,0.0,0.0
8692377122300507754-2608132216-9,7769,2608132245,,3,,S,,Stuttgart-Vaihingen|Stuttgart-Rohr|Goldberg(Württ)|Böblingen|Hulb|Ehningen(b Böblingen)|Gärtringen|Nufringen,8002785,Herrenberg,Baden-Württemberg,Herrenberg,71083,8.862625253,48.59395697,3,2608132246,,,,,,,,,,,,,1.0,0.0
-7358812942002748149-2608132216-1,7772,,2608132216,,,S,S1,,8002785,Herrenberg,Baden-Württemberg,Herrenberg,71083,8.862625253,48.59395697,3,,,2608132216,,,,,,,,,,,0.0,0.0
8613868310247526629-2608132141-10,22879,2608132211,,102,,RB,,Tübingen Hbf|Tübingen West|Unterjesingen Sandäcker|Unterjesingen Mitte|Pfäffingen|Entringen|Altingen(Württ)|Gültstein|Herrenberg Zwerchweg,8002785,Herrenberg,Baden-Württemberg,Herrenberg,71083,8.862625253,48.59395697,3,2608132211,,,,h,3,Information,,,,,,,0.0,0.0
6489000048834083359-2608132211-10,22883,2608132241,,102,,RB,,Tübingen Hbf|Tübingen West|Unterjesingen Sandäcker|Unterjesingen Mitte|Pfäffingen|Entringen|Altingen(Württ)|Gültstein|Herrenberg Zwerchweg,8002785,Herrenberg,Baden-Württemberg,Herrenberg,71083,8.862625253,48.59395697,3,2608132241,,,,h,3,Information,,,,,,,0.0,0.0
6723545829202638774-2608132249-1,22878,,2608132249,,,RB,RB63,,8002785,Herrenberg,Baden-Württemberg,Herrenberg,71083,8.862625253,48.59395697,3,,,2608132249,,h,3,Information,,,,,,,0.0,0.0
-7552157599667806188-2608132246-1,7774,,2608132246,,,S,S1,,8002785,Herrenberg,Baden-Württemberg,Herrenberg,71083,8.862625253,48.59395697,3,,,2608132246,,,,,,,,,,,0.0,0.0
7103020090421453846-2608132217-4,17677,2608132248,2608132248,4,,RE,RE14a,Stuttgart Hbf|Stuttgart-Vaihingen|Böblingen,8002785,Herrenberg,Baden-Württemberg,Herrenberg,71083,8.862625253,48.59395697,3,2608132252,,2608132253,,,,,,,,,,,4.0,5.0
-6582325097201203790-2608132219-1,22876,,2608132219,,,RB,RB63,,8002785,Herrenberg,Baden-Württemberg,Herrenberg,71083,8.862625253,48.59395697,3,,,2608132219,,h,3,Information,,,,,,,0.0,0.0
-8768743806902916019-2608132233-6,7673,2608132250,2608132251,1,,S,S6,Weil der Stadt|Malmsheim|Renningen|Rutesheim|Leonberg,8002892,Höfingen,Baden-Württemberg,Leonberg,71229,9.026180834,48.81503436,5,2608132253,,2608132253,,,,,,,,,,,3.0,2.0
6529146617493703402-2608132203-6,7671,2608132220,2608132221,1,,S,S6,Weil der Stadt|Malmsheim|Renningen|Rutesheim|Leonberg,8002892,Höfingen,Baden-Württemberg,Leonberg,71229,9.026180834,48.81503436,5,2608132220,,2608132221,,,,,,,,,,,0.0,0.0
6737611286015741642-2608132147-9,7666,2608132209,2608132209,2,,S,S6,Stuttgart Hbf|Stuttgart Nordbahnhof|Stuttgart-Feuerbach|Stuttgart-Zuffenhausen|Neuwirtshaus(Porscheplatz)|Korntal|Weilimdorf|Ditzingen,8002892,Höfingen,Baden-Württemberg,Leonberg,71229,9.026180834,48.81503436,5,2608132210,,2608132211,,,,,,,,,,,1.0,2.0
6983633546019374877-2608132217-9,7668,2608132239,2608132239,2,,S,S6,Stuttgart Hbf|Stuttgart Nordbahnhof|Stuttgart-Feuerbach|Stuttgart-Zuffenhausen|Neuwirtshaus(Porscheplatz)|Korntal|Weilimdorf|Ditzingen,8002892,Höfingen,Baden-Württemberg,Leonberg,71229,9.026180834,48.81503436,5,2608132239,,2608132239,,,,,,,,,,,0.0,0.0
-3745751710781721805-2608132146-5,7767,2608132202,2608132202,1,,S,S1,Stuttgart-Vaihingen|Stuttgart-Rohr|Goldberg(Württ)|Böblingen,8003022,Hulb,Baden-Württemberg,Böblingen-Hulb,71032,8.982396429,48.67924173,5,2608132202,,2608132202,,,,,,,,,,,0.0,0.0
8692377122300507754-2608132216-5,7769,2608132232,2608132232,1,,S,S1,Stuttgart-Vaihingen|Stuttgart-Rohr|Goldberg(Württ)|Böblingen,8003022,Hulb,Baden-Württemberg,Böblingen-Hulb,71032,8.982396429,48.67924173,5,2608132232,,2608132233,,,,,,,,,,,0.0,1.0
-7358812942002748149-2608132216-5,7772,2608132228,2608132228,2,,S,S1,Herrenberg|Nufringen|Gärtringen|Ehningen(b Böblingen),8003022,Hulb,Baden-Württemberg,Böblingen-Hulb,71032,8.982396429,48.67924173,5,2608132230,,2608132230,,,,,,,,,,,2.0,2.0
-7552157599667806188-2608132246-5,7774,2608132258,2608132258,2,,S,S1,Herrenberg|Nufringen|Gärtringen|Ehningen(b Böblingen),8003022,Hulb,Baden-Württemberg,Böblingen-Hulb,71032,8.982396429,48.67924173,5,2608132258,,2608132258,,,,,,,,,,,0.0,0.0
9054264954005564040-2608132233-1,7970,,2608132233,,,S,S2,,8001984,Filderstadt,Baden-Württemberg,Filderstadt,70794,9.217581315,48.67649151,5,,,2608132233,,,,,,,,,,,0.0,0.0
338068933768812202-2608132203-1,7968,,2608132203,,,S,S2,,8001984,Filderstadt,Baden-Württemberg,Filderstadt,70794,9.217581315,48.67649151,5,,,2608132203,,,,,,,,,,,0.0,0.0
1753360474053316398-2608132205-7,7969,2608132227,,1,,S,,Stuttgart-Vaihingen|Stuttgart-Rohr|Oberaichen|Leinfelden|Echterdingen|Stuttgart Flughafen/Messe,8001984,Filderstadt,Baden-Württemberg,Filderstadt,70794,9.217581315,48.67649151,5,2608132227,,,,,,,,,,,,,0.0,0.0
-3981841348437772783-2608132235-7,7971,2608132257,,1,,S,,Stuttgart-Vaihingen|Stuttgart-Rohr|Oberaichen|Leinfelden|Echterdingen|Stuttgart Flughafen/Messe,8001984,Filderstadt,Baden-Württemberg,Filderstadt,70794,9.217581315,48.67649151,5,2608132257,,,,,,,,,,,,,0.0,0.0
-2632866688536035300-2608132215-1,7471,,2608132215,,,S,S4,,8003266,Kirchberg (Murr),Baden-Württemberg,Kirchberg an der Murr,71737,9.328210283,48.93928182,6,,,2608132215,,h,1,Bauarbeiten,,,,,,,0.0,0.0
4849862255928168199-2608132207-12,7466,2608132243,,1,,S,,Stuttgart Hbf|Stuttgart Nordbahnhof|Stuttgart-Feuerbach|Stuttgart-Zuffenhausen|Kornwestheim Pbf|Ludwigsburg|Favoritepark|Freiberg(Neckar)|Benningen(Neckar)|Marbach(Neckar)|Erdmannhausen,8003266,Kirchberg (Murr),Baden-Württemberg,Kirchberg an der Murr,71737,9.328210283,48.93928182,6,2608132243,2,,,h,1,Bauarbeiten,,,,,,,0.0,0.0
5680698672680243057-2608132155-15,7168,2608132239,,2,,S,,Stuttgart Hbf|Stuttgart-Bad Cannstatt|Stuttgart Neckarpark|Stuttgart-Untertürkheim|Stuttgart-Obertürkheim|Esslingen-Mettingen|Esslingen(Neckar)|Oberesslingen|Esslingen-Zell|Altbach|Plochingen|Wernau(Neckar)|Wendlingen(Neckar)|Kirchheim(Teck)-Ötlingen,8003280,Kirchheim (Teck),Baden-Württemberg,Kirchheim unter Teck,73230,9.443872422,48.64415981,4,2608132239,,,,h,1,Störung,,,,,c,,0.0,0.0
-3862696523251175756-2608132220-1,7173,,2608132220,,,S,S1,,8003280,Kirchheim (Teck),Baden-Württemberg,Kirchheim unter Teck,73230,9.443872422,48.64415981,4,,,,,h,1,Störung,,,,,,c,0.0,0.0
6090333868698703745-2608132125-15,7166,2608132209,,2,,S,,Stuttgart Hbf|Stuttgart-Bad Cannstatt|Stuttgart Neckarpark|Stuttgart-Untertürkheim|Stuttgart-Obertürkheim|Esslingen-Mettingen|Esslingen(Neckar)|Oberesslingen|Esslingen-Zell|Altbach|Plochingen|Wernau(Neckar)|Wendlingen(Neckar)|Kirchheim(Teck)-Ötlingen,8003280,Kirchheim (Teck),Baden-Württemberg,Kirchheim unter Teck,73230,9.443872422,48.64415981,4,2608132216,,,,h,1,Störung,,,,,c,,7.0,0.0
-5753279830124609145-2608132250-1,7175,,2608132250,,,S,S1,,8003280,Kirchheim (Teck),Baden-Württemberg,Kirchheim unter Teck,73230,9.443872422,48.64415981,4,,,2608132255,,h,1,Störung,,,,,,c,0.0,5.0
5680698672680243057-2608132155-14,7168,2608132236,2608132237,1,,S,S1,Stuttgart Hbf|Stuttgart-Bad Cannstatt|Stuttgart Neckarpark|Stuttgart-Untertürkheim|Stuttgart-Obertürkheim|Esslingen-Mettingen|Esslingen(Neckar)|Oberesslingen|Esslingen-Zell|Altbach|Plochingen|Wernau(Neckar)|Wendlingen(Neckar),8003282,Kirchheim (Teck)-Ötlingen,Baden-Württemberg,Kirchheim unter Teck,73230,9.416261302,48.65782388,5,2608132236,,2608132237,,h,1,Störung,,,,,c,c,0.0,0.0
-3862696523251175756-2608132220-2,7173,2608132223,2608132223,1,,S,S1,Kirchheim(Teck),8003282,Kirchheim (Teck)-Ötlingen,Baden-Württemberg,Kirchheim unter Teck,73230,9.416261302,48.65782388,5,,,,,h,1,Störung,,,,,c,c,0.0,0.0
6090333868698703745-2608132125-14,7166,2608132206,2608132207,1,,S,S1,Stuttgart Hbf|Stuttgart-Bad Cannstatt|Stuttgart Neckarpark|Stuttgart-Untertürkheim|Stuttgart-Obertürkheim|Esslingen-Mettingen|Esslingen(Neckar)|Oberesslingen|Esslingen-Zell|Altbach|Plochingen|Wernau(Neckar)|Wendlingen(Neckar),8003282,Kirchheim (Teck)-Ötlingen,Baden-Württemberg,Kirchheim unter Teck,73230,9.416261302,48.65782388,5,2608132212,,2608132213,,h,1,Störung,,,,,c,c,6.0,6.0
-5753279830124609145-2608132250-2,7175,2608132253,2608132253,1,,S,S1,Kirchheim(Teck),8003282,Kirchheim (Teck)-Ötlingen,Baden-Württemberg,Kirchheim unter Teck,73230,9.416261302,48.65782388,5,2608132258,,2608132258,,h,1,Störung,,,,,c,c,5.0,5.0
-8768743806902916019-2608132233-9,7673,2608132258,2608132259,3,,S,S6,Weil der Stadt|Malmsheim|Renningen|Rutesheim|Leonberg|Höfingen|Ditzingen|Weilimdorf,8003409,Korntal,Baden-Württemberg,Korntal,70825,9.121099128,48.82640246,4,2608132300,,2608132301,,,,,,,,,,,2.0,2.0
-2371840552227668693-2608132201-7,1265,2608132224,,7,,WEG,,Heimerdingen|Hemmingen|Schwieberdingen|Münchingen|Münchingen Rührberg|Korntal Gymnasium,8003409,Korntal,Baden-Württemberg,Korntal,70825,9.121099128,48.82640246,4,2608132224,,,,,,,,,,,,,0.0,0.0
8014176896714951568-2608132231-7,1271,2608132254,,7,,WEG,,Heimerdingen|Hemmingen|Schwieberdingen|Münchingen|Münchingen Rührberg|Korntal Gymnasium,8003409,Korntal,Baden-Württemberg,Korntal,70825,9.121099128,48.82640246,4,2608132254,,,,,,,,,,,,,0.0,0.0
-9082024768937792645-2608132205-1,1264,,2608132205,,,WEG,RB47,,8003409,Korntal,Baden-Württemberg,Korntal,70825,9.121099128,48.82640246,4,,,2608132205,,,,,,,,,,,0.0,0.0
-6324749405745081104-2608132235-1,1270,,2608132235,,,WEG,RB47,,8003409,Korntal,Baden-Württemberg,Korntal,70825,9.121099128,48.82640246,4,,,2608132235,,,,,,,,,,,0.0,0.0
6529146617493703402-2608132203-9,7671,2608132228,2608132229,3,,S,S6,Weil der Stadt|Malmsheim|Renningen|Rutesheim|Leonberg|Höfingen|Ditzingen|Weilimdorf,8003409,Korntal,Baden-Württemberg,Korntal,70825,9.121099128,48.82640246,4,2608132228,,2608132229,,,,,,,,,,,0.0,0.0
6737611286015741642-2608132147-6,7666,2608132201,2608132201,1,,S,S6,Stuttgart Hbf|Stuttgart Nordbahnhof|Stuttgart-Feuerbach|Stuttgart-Zuffenhausen|Neuwirtshaus(Porscheplatz),8003409,Korntal,Baden-Württemberg,Korntal,70825,9.121099128,48.82640246,4,2608132202,,2608132203,,,,,,,,,,,1.0,2.0
6983633546019374877-2608132217-6,7668,2608132231,2608132231,1,,S,S6,Stuttgart Hbf|Stuttgart Nordbahnhof|Stuttgart-Feuerbach|Stuttgart-Zuffenhausen|Neuwirtshaus(Porscheplatz),8003409,Korntal,Baden-Württemberg,Korntal,70825,9.121099128,48.82640246,4,2608132231,,2608132231,,,,,,,,,,,0.0,0.0
-2632866688536035300-2608132215-8,7471,2608132240,2608132240,3,,S,S4,Kirchberg(Murr)|Erdmannhausen|Marbach(Neckar)|Benningen(Neckar)|Freiberg(Neckar)|Favoritepark|Ludwigsburg,8003411,Kornwestheim Pbf,Baden-Württemberg,Kornwestheim,70806,9.179967278,48.86215948,3,2608132240,,2608132241,,h,1,Bauarbeiten,,,,,,,0.0,1.0
5487749718307029214-2608132227-5,7570,2608132240,2608132240,4,,S,S5,Stuttgart Hbf|Stuttgart Nordbahnhof|Stuttgart-Feuerbach|Stuttgart-Zuffenhausen,8003411,Kornwestheim Pbf,Baden-Württemberg,Kornwestheim,70806,9.179967278,48.86215948,3,2608132241,,2608132242,,,,,,,,,,,1.0,2.0
1392739293391106860-2608132207-5,7571,2608132219,2608132220,3,,S,S5,Bietigheim-Bissingen|Tamm(Württ)|Asperg|Ludwigsburg,8003411,Kornwestheim Pbf,Baden-Württemberg,Kornwestheim,70806,9.179967278,48.86215948,3,2608132219,,2608132220,,,,,,,,,,,0.0,0.0
-2631007370516690844-2608132157-5,7568,2608132210,2608132210,4,,S,S5,Stuttgart Hbf|Stuttgart Nordbahnhof|Stuttgart-Feuerbach|Stuttgart-Zuffenhausen,8003411,Kornwestheim Pbf,Baden-Württemberg,Kornwestheim,70806,9.179967278,48.86215948,3,2608132210,,2608132210,,,,,,,,,,,0.0,0.0
4849862255928168199-2608132207-5,7466,2608132220,2608132220,4,,S,S4,Stuttgart Hbf|Stuttgart Nordbahnhof|Stuttgart-Feuerbach|Stuttgart-Zuffenhausen,8003411,Kornwestheim Pbf,Baden-Württemberg,Kornwestheim,70806,9.179967278,48.86215948,3,2608132220,,2608132221,,h,1,Bauarbeiten,,,,,,,0.0,1.0
-5459894153900505065-2608132130-9,19337,2608132213,2608132220,6,,RE,MEX18,Heilbronn Hbf|Nordheim(Württ)|Lauffen(Neckar)|Kirchheim(Neckar)|Walheim(Württ)|Besigheim|Bietigheim-Bissingen|Ludwigsburg,8003411,Kornwestheim Pbf,Baden-Württemberg,Kornwestheim,70806,9.179967278,48.86215948,3,2608132214,,2608132220,,,,,,,,,,,1.0,0.0
3766048702884366970-2608132155-6,7469,2608132210,2608132210,3,,S,S4,Marbach(Neckar)|Benningen(Neckar)|Freiberg(Neckar)|Favoritepark|Ludwigsburg,8003411,Kornwestheim Pbf,Baden-Württemberg,Kornwestheim,70806,9.179967278,48.86215948,3,2608132211,,2608132211,,h,1,Bauarbeiten,,,,,,,1.0,1.0
-9133197457517218638-2608132237-5,7468,2608132250,2608132250,4,,S,S4,Stuttgart Hbf|Stuttgart Nordbahnhof|Stuttgart-Feuerbach|Stuttgart-Zuffenhausen,8003411,Kornwestheim Pbf,Baden-Württemberg,Kornwestheim,70806,9.179967278,48.86215948,3,2608132250,,2608132250,,h,1,Bauarbeiten,,,,,,,0.0,0.0
2526364121907765436-2608132237-5,7573,2608132249,2608132250,3,,S,S5,Bietigheim-Bissingen|Tamm(Württ)|Asperg|Ludwigsburg,8003411,Kornwestheim Pbf,Baden-Württemberg,Kornwestheim,70806,9.179967278,48.86215948,3,2608132249,,2608132250,,,,,,,,,,,0.0,0.0
-7654896272910866173-2608132212-3,19338,2608132242,2608132247,5,,RE,MEX18,Plochingen|Esslingen(Neckar),8003411,Kornwestheim Pbf,Baden-Württemberg,Kornwestheim,70806,9.179967278,48.86215948,3,2608132305,,2608132306,,,,,,,,,,,23.0,19.0
9054264954005564040-2608132233-4,7970,2608132242,2608132243,2,,S,S2,Filderstadt|Stuttgart Flughafen/Messe|Echterdingen,8003622,Leinfelden,Baden-Württemberg,Leinfelden-Echterdingen,70771,9.142859698,48.6964193,4,2608132242,,2608132243,,,,,,,,,,,0.0,0.0
338068933768812202-2608132203-4,7968,2608132212,2608132213,2,,S,S2,Filderstadt|Stuttgart Flughafen/Messe|Echterdingen,8003622,Leinfelden,Baden-Württemberg,Leinfelden-Echterdingen,70771,9.142859698,48.6964193,4,2608132212,,2608132213,,,,,,,,,,,0.0,0.0
1753360474053316398-2608132205-4,7969,2608132216,2608132217,1,,S,S2,Stuttgart-Vaihingen|Stuttgart-Rohr|Oberaichen,8003622,Leinfelden,Baden-Württemberg,Leinfelden-Echterdingen,70771,9.142859698,48.6964193,4,2608132216,,2608132217,,,,,,,,,,,0.0,0.0
-3981841348437772783-2608132235-4,7971,2608132246,2608132247,1,,S,S2,Stuttgart-Vaihingen|Stuttgart-Rohr|Oberaichen,8003622,Leinfelden,Baden-Württemberg,Leinfelden-Echterdingen,70771,9.142859698,48.6964193,4,2608132247,,2608132248,,,,,,,,,,,1.0,1.0
-8768743806902916019-2608132233-5,7673,2608132247,2608132247,1,,S,S6,Weil der Stadt|Malmsheim|Renningen|Rutesheim,8003652,Leonberg,Baden-Württemberg,Leonberg,71229,9.004025993,48.79970547,3,2608132249,,2608132250,,,,,,,,,,,2.0,3.0
6529146617493703402-2608132203-5,7671,2608132217,2608132217,1,,S,S6,Weil der Stadt|Malmsheim|Renningen|Rutesheim,8003652,Leonberg,Baden-Württemberg,Leonberg,71229,9.004025993,48.79970547,3,2608132217,,2608132217,,,,,,,,,,,0.0,0.0
6737611286015741642-2608132147-10,7666,2608132213,2608132213,2,,S,S6,Stuttgart Hbf|Stuttgart Nordbahnhof|Stuttgart-Feuerbach|Stuttgart-Zuffenhausen|Neuwirtshaus(Porscheplatz)|Korntal|Weilimdorf|Ditzingen|Höfingen,8003652,Leonberg,Baden-Württemberg,Leonberg,71229,9.004025993,48.79970547,3,2608132214,,2608132215,,,,,,,,,,,1.0,2.0
6983633546019374877-2608132217-10,7668,2608132243,2608132243,2,,S,S6,Stuttgart Hbf|Stuttgart Nordbahnhof|Stuttgart-Feuerbach|Stuttgart-Zuffenhausen|Neuwirtshaus(Porscheplatz)|Korntal|Weilimdorf|Ditzingen|Höfingen,8003652,Leonberg,Baden-Württemberg,Leonberg,71229,9.004025993,48.79970547,3,2608132243,,2608132243,,,,,,,,,,,0.0,0.0
-4266166440227505902-2608132206-4,99129,2608132255,,,,ARV,,Neckarsulm|Heilbronn Hbf|Bietigheim-Bissingen,8000235,Ludwigsburg,Baden-Württemberg,Ludwigsburg,71638,9.185229823,48.89208622,3,2608132256,4,,,,,,,,,,,,1.0,0.0
-7428821271354105071-2608132148-5,19358,2608132228,2608132229,1,,RE,MEX12,Plochingen|Esslingen(Neckar)|Stuttgart-Bad Cannstatt|Stuttgart Hbf,8000235,Ludwigsburg,Baden-Württemberg,Ludwigsburg,71638,9.185229823,48.89208622,3,2608132232,,2608132233,,h,2,Störung,,,,,,,4.0,4.0
-2632866688536035300-2608132215-7,7471,2608132236,2608132237,3,,S,S4,Kirchberg(Murr)|Erdmannhausen|Marbach(Neckar)|Benningen(Neckar)|Freiberg(Neckar)|Favoritepark,8000235,Ludwigsburg,Baden-Württemberg,Ludwigsburg,71638,9.185229823,48.89208622,3,2608132236,,2608132238,,h,1,Bauarbeiten,,,,,,,0.0,1.0
5487749718307029214-2608132227-6,7570,2608132243,2608132244,2,,S,S5,Stuttgart Hbf|Stuttgart Nordbahnhof|Stuttgart-Feuerbach|Stuttgart-Zuffenhausen|Kornwestheim Pbf,8000235,Ludwigsburg,Baden-Württemberg,Ludwigsburg,71638,9.185229823,48.89208622,3,2608132245,,2608132246,,,,,,,,,,,2.0,2.0
1392739293391106860-2608132207-4,7571,2608132216,2608132216,3,,S,S5,Bietigheim-Bissingen|Tamm(Württ)|Asperg,8000235,Ludwigsburg,Baden-Württemberg,Ludwigsburg,71638,9.185229823,48.89208622,3,2608132216,,2608132217,,,,,,,,,,,0.0,1.0
-2631007370516690844-2608132157-6,7568,2608132213,2608132214,2,,S,S5,Stuttgart Hbf|Stuttgart Nordbahnhof|Stuttgart-Feuerbach|Stuttgart-Zuffenhausen|Kornwestheim Pbf,8000235,Ludwigsburg,Baden-Württemberg,Ludwigsburg,71638,9.185229823,48.89208622,3,2608132213,,2608132214,,,,,,,,,,,0.0,0.0
4849862255928168199-2608132207-6,7466,2608132223,2608132224,2,,S,S4,Stuttgart Hbf|Stuttgart Nordbahnhof|Stuttgart-Feuerbach|Stuttgart-Zuffenhausen|Kornwestheim Pbf,8000235,Ludwigsburg,Baden-Württemberg,Ludwigsburg,71638,9.185229823,48.89208622,3,2608132224,,2608132224,,h,1,Bauarbeiten,,,,,,,1.0,0.0
-5459894153900505065-2608132130-8,19337,2608132204,2608132207,4,,RE,MEX18,Heilbronn Hbf|Nordheim(Württ)|Lauffen(Neckar)|Kirchheim(Neckar)|Walheim(Württ)|Besigheim|Bietigheim-Bissingen,8000235,Ludwigsburg,Baden-Württemberg,Ludwigsburg,71638,9.185229823,48.89208622,3,2608132204,,2608132207,,,,,,,,,,,0.0,0.0
3766048702884366970-2608132155-5,7469,2608132206,2608132207,3,,S,S4,Marbach(Neckar)|Benningen(Neckar)|Freiberg(Neckar)|Favoritepark,8000235,Ludwigsburg,Baden-Württemberg,Ludwigsburg,71638,9.185229823,48.89208622,3,2608132207,,2608132208,,h,1,Bauarbeiten,,,,,,,1.0,1.0
1333668860778654429-2608132157-8,19367,2608132231,2608132232,4,,RE,MEX12,Heilbronn Hbf|Nordheim(Württ)|Lauffen(Neckar)|Kirchheim(Neckar)|Walheim(Württ)|Besigheim|Bietigheim-Bissingen,8000235,Ludwigsburg,Baden-Württemberg,Ludwigsburg,71638,9.185229823,48.89208622,3,2608132232,,2608132232,,h,2,Störung,,,,,,,1.0,0.0
-2524886537496923871-2608132246-2,19582,2608132256,2608132257,1,,RE,MEX17,Stuttgart Hbf,8000235,Ludwigsburg,Baden-Württemberg,Ludwigsburg,71638,9.185229823,48.89208622,3,2608132256,,2608132257,,,,,,,,,,,0.0,0.0
-9133197457517218638-2608132237-6,7468,2608132253,2608132254,2,,S,S4,Stuttgart Hbf|Stuttgart Nordbahnhof|Stuttgart-Feuerbach|Stuttgart-Zuffenhausen|Kornwestheim Pbf,8000235,Ludwigsburg,Baden-Württemberg,Ludwigsburg,71638,9.185229823,48.89208622,3,2608132253,,2608132254,,h,1,Bauarbeiten,,,,,,,0.0,0.0
2526364121907765436-2608132237-4,7573,2608132246,2608132246,3,,S,S5,Bietigheim-Bissingen|Tamm(Württ)|Asperg,8000235,Ludwigsburg,Baden-Württemberg,Ludwigsburg,71638,9.185229823,48.89208622,3,2608132246,,2608132247,,,,,,,,,,,0.0,1.0
-7654896272910866173-2608132212-4,19338,2608132252,2608132253,1,,RE,MEX18,Plochingen|Esslingen(Neckar)|Kornwestheim Pbf,8000235,Ludwigsburg,Baden-Württemberg,Ludwigsburg,71638,9.185229823,48.89208622,3,2608132309,,2608132309,,,,,,,,,,,17.0,16.0
-8768743806902916019-2608132233-2,7673,2608132235,2608132235,2,,S,S6,Weil der Stadt,8003831,Malmsheim,Baden-Württemberg,Renningen,71272,8.905105557,48.77183564,5,2608132236,,2608132236,,,,,,,,,,,1.0,1.0
6529146617493703402-2608132203-2,7671,2608132205,2608132205,2,,S,S6,Weil der Stadt,8003831,Malmsheim,Baden-Württemberg,Renningen,71272,8.905105557,48.77183564,5,2608132205,,2608132206,,,,,,,,,,,0.0,1.0
6737611286015741642-2608132147-13,7666,2608132224,2608132224,1,,S,S6,Stuttgart Hbf|Stuttgart Nordbahnhof|Stuttgart-Feuerbach|Stuttgart-Zuffenhausen|Neuwirtshaus(Porscheplatz)|Korntal|Weilimdorf|Ditzingen|Höfingen|Leonberg|Rutesheim|Renningen,8003831,Malmsheim,Baden-Württemberg,Renningen,71272,8.905105557,48.77183564,5,2608132224,,2608132225,,,,,,,,,,,0.0,1.0
6983633546019374877-2608132217-13,7668,2608132254,2608132254,1,,S,S6,Stuttgart Hbf|Stuttgart Nordbahnhof|Stuttgart-Feuerbach|Stuttgart-Zuffenhausen|Neuwirtshaus(Porscheplatz)|Korntal|Weilimdorf|Ditzingen|Höfingen|Leonberg|Rutesheim|Renningen,8003831,Malmsheim,Baden-Württemberg,Renningen,71272,8.905105557,48.77183564,5,2608132254,,2608132254,,,,,,,,,,,0.0,0.0
1545875388134255836-2608132255-1,7473,,2608132255,,,S,S4,,8003853,Marbach (Neckar),Baden-Württemberg,Marbach am Neckar,71672,9.264611825,48.9437708,3,,,2608132255,1,h,1,Bauarbeiten,,,,,,,0.0,0.0
-2632866688536035300-2608132215-3,7471,2608132221,2608132225,,,S,S4,Kirchberg(Murr)|Erdmannhausen,8003853,Marbach (Neckar),Baden-Württemberg,Marbach am Neckar,71672,9.264611825,48.9437708,3,2608132221,1,2608132225,1,h,1,Bauarbeiten,,,,,,,0.0,0.0
4849862255928168199-2608132207-10,7466,2608132235,2608132238,1,,S,S4,Stuttgart Hbf|Stuttgart Nordbahnhof|Stuttgart-Feuerbach|Stuttgart-Zuffenhausen|Kornwestheim Pbf|Ludwigsburg|Favoritepark|Freiberg(Neckar)|Benningen(Neckar),8003853,Marbach (Neckar),Baden-Württemberg,Marbach am Neckar,71672,9.264611825,48.9437708,3,2608132236,,2608132238,,h,1,Bauarbeiten,,,,,,,1.0,0.0
2828988855077273536-2608132137-10,7464,2608132205,,1,,S,,Stuttgart Hbf|Stuttgart Nordbahnhof|Stuttgart-Feuerbach|Stuttgart-Zuffenhausen|Kornwestheim Pbf|Ludwigsburg|Favoritepark|Freiberg(Neckar)|Benningen(Neckar),8003853,Marbach (Neckar),Baden-Württemberg,Marbach am Neckar,71672,9.264611825,48.9437708,3,2608132205,,,,h,1,Bauarbeiten,,,,,,,0.0,0.0
4129986010683108750-2608132211-2,7371,2608132213,2608132214,1,,S,S3,Backnang,8003913,Maubach,Baden-Württemberg,Backnang,71522,9.419487062,48.92623463,4,2608132214,,2608132214,,,,,,,,,,,1.0,0.0
-8048880738506136448-2608132212-11,7368,2608132244,2608132245,2,,S,S3,Stuttgart Hbf|Stuttgart-Bad Cannstatt|Stuttgart Nürnberger Str.|Stuttgart-Sommerrain|Fellbach|Waiblingen|Neustadt-Hohenacker|Schwaikheim|Winnenden|Nellmersbach,8003913,Maubach,Baden-Württemberg,Backnang,71522,9.419487062,48.92623463,4,2608132258,,2608132258,,,,,,,,,,,14.0,13.0
553786968472239584-2608132142-11,7366,2608132214,2608132215,2,,S,S3,Stuttgart Hbf|Stuttgart-Bad Cannstatt|Stuttgart Nürnberger Str.|Stuttgart-Sommerrain|Fellbach|Waiblingen|Neustadt-Hohenacker|Schwaikheim|Winnenden|Nellmersbach,8003913,Maubach,Baden-Württemberg,Backnang,71522,9.419487062,48.92623463,4,2608132215,,2608132215,,,,,,,,,,,1.0,0.0
-2279373399383894760-2608132241-2,7373,2608132243,2608132244,1,,S,S3,Backnang,8003913,Maubach,Baden-Württemberg,Backnang,71522,9.419487062,48.92623463,4,2608132249,,2608132249,,,,,,,,,,,6.0,5.0
4129986010683108750-2608132211-3,7371,2608132216,2608132216,1,,S,S3,Backnang|Maubach,8004233,Nellmersbach,Baden-Württemberg,Leutenbach,71397,9.415421538,48.90336425,5,2608132216,,2608132217,,,,,,,,,,,0.0,1.0
-8048880738506136448-2608132212-10,7368,2608132241,2608132242,2,,S,S3,Stuttgart Hbf|Stuttgart-Bad Cannstatt|Stuttgart Nürnberger Str.|Stuttgart-Sommerrain|Fellbach|Waiblingen|Neustadt-Hohenacker|Schwaikheim|Winnenden,8004233,Nellmersbach,Baden-Württemberg,Leutenbach,71397,9.415421538,48.90336425,5,2608132255,,2608132256,,,,,,,,,,,14.0,14.0
553786968472239584-2608132142-10,7366,2608132211,2608132212,2,,S,S3,Stuttgart Hbf|Stuttgart-Bad Cannstatt|Stuttgart Nürnberger Str.|Stuttgart-Sommerrain|Fellbach|Waiblingen|Neustadt-Hohenacker|Schwaikheim|Winnenden,8004233,Nellmersbach,Baden-Württemberg,Leutenbach,71397,9.415421538,48.90336425,5,2608132212,,2608132212,,,,,,,,,,,1.0,0.0
-2279373399383894760-2608132241-3,7373,2608132246,2608132246,1,,S,S3,Backnang|Maubach,8004233,Nellmersbach,Baden-Württemberg,Leutenbach,71397,9.415421538,48.90336425,5,2608132251,,2608132252,,,,,,,,,,,5.0,6.0
4129986010683108750-2608132211-6,7371,2608132225,2608132225,2,,S,S3,Backnang|Maubach|Nellmersbach|Winnenden|Schwaikheim,8004333,Neustadt-Hohenacker,Baden-Württemberg,Waiblingen,71336,9.32455106,48.85921668,5,2608132226,,2608132226,,,,,,,,,,,1.0,1.0
-8048880738506136448-2608132212-7,7368,2608132233,2608132233,1,,S,S3,Stuttgart Hbf|Stuttgart-Bad Cannstatt|Stuttgart Nürnberger Str.|Stuttgart-Sommerrain|Fellbach|Waiblingen,8004333,Neustadt-Hohenacker,Baden-Württemberg,Waiblingen,71336,9.32455106,48.85921668,5,2608132247,,2608132248,,,,,,,,,,,14.0,15.0
553786968472239584-2608132142-7,7366,2608132203,2608132203,1,,S,S3,Stuttgart Hbf|Stuttgart-Bad Cannstatt|Stuttgart Nürnberger Str.|Stuttgart-Sommerrain|Fellbach|Waiblingen,8004333,Neustadt-Hohenacker,Baden-Württemberg,Waiblingen,71336,9.32455106,48.85921668,5,2608132203,,2608132204,,,,,,,,,,,0.0,1.0
-2279373399383894760-2608132241-6,7373,2608132255,2608132255,2,,S,S3,Backnang|Maubach|Nellmersbach|Winnenden|Schwaikheim,8004333,Neustadt-Hohenacker,Baden-Württemberg,Waiblingen,71336,9.32455106,48.85921668,5,2608132259,,2608132259,,,,,,,,,,,4.0,4.0
5891323909249949515-2608132247-5,7670,2608132258,2608132259,1,,S,S6,Stuttgart Hbf|Stuttgart Nordbahnhof|Stuttgart-Feuerbach|Stuttgart-Zuffenhausen,8004338,Neuwirtshaus (Porscheplatz),Baden-Württemberg,Stuttgart,70435,9.151955614,48.83384734,4,2608132258,,2608132259,,,,,,,,,,,0.0,0.0
-4129909752986717170-2608132133-10,7669,2608132201,2608132201,2,,S,S6,Weil der Stadt|Malmsheim|Renningen|Rutesheim|Leonberg|Höfingen|Ditzingen|Weilimdorf|Korntal,8004338,Neuwirtshaus (Porscheplatz),Baden-Württemberg,Stuttgart,70435,9.151955614,48.83384734,4,2608132204,,2608132205,,,,,,,,,,,3.0,4.0
6529146617493703402-2608132203-10,7671,2608132231,2608132231,2,,S,S6,Weil der Stadt|Malmsheim|Renningen|Rutesheim|Leonberg|Höfingen|Ditzingen|Weilimdorf|Korntal,8004338,Neuwirtshaus (Porscheplatz),Baden-Württemberg,Stuttgart,70435,9.151955614,48.83384734,4,2608132231,,2608132232,,,,,,,,,,,0.0,1.0
6983633546019374877-2608132217-5,7668,2608132228,2608132229,1,,S,S6,Stuttgart Hbf|Stuttgart Nordbahnhof|Stuttgart-Feuerbach|Stuttgart-Zuffenhausen,8004338,Neuwirtshaus (Porscheplatz),Baden-Württemberg,Stuttgart,70435,9.151955614,48.83384734,4,2608132228,,2608132229,,,,,,,,,,,0.0,0.0
-3745751710781721805-2608132146-8,7767,2608132211,2608132211,1,,S,S1,Stuttgart-Vaihingen|Stuttgart-Rohr|Goldberg(Württ)|Böblingen|Hulb|Ehningen(b Böblingen)|Gärtringen,8004490,Nufringen,Baden-Württemberg,Nufringen,71154,8.889817485,48.62010967,5,2608132211,,2608132211,,,,,,,,,,,0.0,0.0
8692377122300507754-2608132216-8,7769,2608132241,2608132241,1,,S,S1,Stuttgart-Vaihingen|Stuttgart-Rohr|Goldberg(Württ)|Böblingen|Hulb|Ehningen(b Böblingen)|Gärtringen,8004490,Nufringen,Baden-Württemberg,Nufringen,71154,8.889817485,48.62010967,5,2608132241,,2608132242,,,,,,,,,,,0.0,1.0
-7358812942002748149-2608132216-2,7772,2608132219,2608132219,2,,S,S1,Herrenberg,8004490,Nufringen,Baden-Württemberg,Nufringen,71154,8.889817485,48.62010967,5,2608132219,,2608132220,,,,,,,,,,,0.0,1.0
-7552157599667806188-2608132246-2,7774,2608132249,2608132249,2,,S,S1,Herrenberg,8004490,Nufringen,Baden-Württemberg,Nufringen,71154,8.889817485,48.62010967,5,2608132249,,2608132249,,,,,,,,,,,0.0,0.0
9054264954005564040-2608132233-5,7970,2608132245,2608132245,2,,S,S2,Filderstadt|Stuttgart Flughafen/Messe|Echterdingen|Leinfelden,8004496,Oberaichen,Baden-Württemberg,Leinfelden-Echterdingen,70771,9.12743664,48.70512422,5,2608132245,,2608132245,,,,,,,,,,,0.0,0.0
338068933768812202-2608132203-5,7968,2608132215,2608132215,2,,S,S2,Filderstadt|Stuttgart Flughafen/Messe|Echterdingen|Leinfelden,8004496,Oberaichen,Baden-Württemberg,Leinfelden-Echterdingen,70771,9.12743664,48.70512422,5,2608132215,,2608132215,,,,,,,,,,,0.0,0.0
1753360474053316398-2608132205-3,7969,2608132214,2608132214,1,,S,S2,Stuttgart-Vaihingen|Stuttgart-Rohr,8004496,Oberaichen,Baden-Württemberg,Leinfelden-Echterdingen,70771,9.12743664,48.70512422,5,2608132214,,2608132214,,,,,,,,,,,0.0,0.0
-3981841348437772783-2608132235-3,7971,2608132244,2608132244,1,,S,S2,Stuttgart-Vaihingen|Stuttgart-Rohr,8004496,Oberaichen,Baden-Württemberg,Leinfelden-Echterdingen,70771,9.12743664,48.70512422,5,2608132244,,2608132245,,,,,,,,,,,0.0,1.0
-8289701104022316843-2608132225-8,7170,2608132245,2608132245,4,,S,S1,Stuttgart Hbf|Stuttgart-Bad Cannstatt|Stuttgart Neckarpark|Stuttgart-Untertürkheim|Stuttgart-Obertürkheim|Esslingen-Mettingen|Esslingen(Neckar),8004528,Oberesslingen,Baden-Württemberg,Esslingen am Neckar,73730,9.327277435,48.72983585,3,2608132245,,2608132246,,h,1,Störung,,,,,,,0.0,1.0
5680698672680243057-2608132155-8,7168,2608132215,2608132215,4,,S,S1,Stuttgart Hbf|Stuttgart-Bad Cannstatt|Stuttgart Neckarpark|Stuttgart-Untertürkheim|Stuttgart-Obertürkheim|Esslingen-Mettingen|Esslingen(Neckar),8004528,Oberesslingen,Baden-Württemberg,Esslingen am Neckar,73730,9.327277435,48.72983585,3,2608132225,,2608132225,,h,1,Störung,,,,,,,10.0,10.0
-3862696523251175756-2608132220-8,7173,2608132244,2608132245,3,,S,S1,Kirchheim(Teck)|Kirchheim(Teck)-Ötlingen|Wendlingen(Neckar)|Wernau(Neckar)|Plochingen|Altbach|Esslingen-Zell,8004528,Oberesslingen,Baden-Württemberg,Esslingen am Neckar,73730,9.327277435,48.72983585,3,2608132247,,2608132248,,h,1,Störung,,,,,,,3.0,3.0
1733518000541873569-2608132150-8,7171,2608132214,2608132215,3,,S,S1,Kirchheim(Teck)|Kirchheim(Teck)-Ötlingen|Wendlingen(Neckar)|Wernau(Neckar)|Plochingen|Altbach|Esslingen-Zell,8004528,Oberesslingen,Baden-Württemberg,Esslingen am Neckar,73730,9.327277435,48.72983585,3,2608132214,,2608132215,,h,1,Störung,,,,,,,0.0,0.0
-7357519101172018025-2608132248-1,19360,,2608132248,,,RE,MEX12,,8000302,Plochingen,Baden-Württemberg,Plochingen,73207,9.411294578,48.71293906,2,,,2608132248,6,h,2,Bauarbeiten,,,,,,,0.0,0.0
-4282394893387187309-2608132048-6,4232,2608132202,2608132203,1,,RE,RE5,Biberach(Riß)|Laupheim West|Ulm Hbf|Geislingen(Steige)|Göppingen,8000302,Plochingen,Baden-Württemberg,Plochingen,73207,9.411294578,48.71293906,2,2608132227,,2608132228,,h,2,Störung,,,,,,,25.0,25.0
-8289701104022316843-2608132225-11,7170,2608132253,2608132255,10,,S,S1,Stuttgart Hbf|Stuttgart-Bad Cannstatt|Stuttgart Neckarpark|Stuttgart-Untertürkheim|Stuttgart-Obertürkheim|Esslingen-Mettingen|Esslingen(Neckar)|Oberesslingen|Esslingen-Zell|Altbach,8000302,Plochingen,Baden-Württemberg,Plochingen,73207,9.411294578,48.71293906,2,2608132254,9,2608132258,9,h,1,Störung,,,,,,,1.0,3.0
8212366017237548172-2608132057-12,19361,2608132211,,7,,RE,,Heilbronn Hbf|Nordheim(Württ)|Lauffen(Neckar)|Kirchheim(Neckar)|Walheim(Württ)|Besigheim|Bietigheim-Bissingen|Ludwigsburg|Stuttgart Hbf|Stuttgart-Bad Cannstatt|Esslingen(Neckar),8000302,Plochingen,Baden-Württemberg,Plochingen,73207,9.411294578,48.71293906,2,2608132222,6,,,h,2,Bauarbeiten,,,,,,,11.0,0.0
5680698672680243057-2608132155-11,7168,2608132223,2608132225,9,,S,S1,Stuttgart Hbf|Stuttgart-Bad Cannstatt|Stuttgart Neckarpark|Stuttgart-Untertürkheim|Stuttgart-Obertürkheim|Esslingen-Mettingen|Esslingen(Neckar)|Oberesslingen|Esslingen-Zell|Altbach,8000302,Plochingen,Baden-Württemberg,Plochingen,73207,9.411294578,48.71293906,2,2608132232,10,2608132233,10,h,1,Störung,,,,,,,9.0,8.0
-3862696523251175756-2608132220-5,7173,2608132235,2608132237,9,,S,S1,Kirchheim(Teck)|Kirchheim(Teck)-Ötlingen|Wendlingen(Neckar)|Wernau(Neckar),8000302,Plochingen,Baden-Württemberg,Plochingen,73207,9.411294578,48.71293906,2,2608132239,10,2608132239,10,h,1,Störung,,,,,,,4.0,2.0
1733518000541873569-2608132150-5,7171,2608132205,2608132207,9,,S,S1,Kirchheim(Teck)|Kirchheim(Teck)-Ötlingen|Wendlingen(Neckar)|Wernau(Neckar),8000302,Plochingen,Baden-Württemberg,Plochingen,73207,9.411294578,48.71293906,2,2608132206,,2608132207,,h,1,Störung,,,,,,,1.0,0.0
-5459894153900505065-2608132130-11,19337,2608132243,,9,,RE,,Heilbronn Hbf|Nordheim(Württ)|Lauffen(Neckar)|Kirchheim(Neckar)|Walheim(Württ)|Besigheim|Bietigheim-Bissingen|Ludwigsburg|Kornwestheim Pbf|Esslingen(Neckar),8000302,Plochingen,Baden-Württemberg,Plochingen,73207,9.411294578,48.71293906,2,2608132251,7,,,c,,,,,,,,,8.0,0.0
7370415767715540984-2608132239-3,4237,2608132255,2608132256,4,,RE,RE5,Stuttgart Hbf|Esslingen(Neckar),8000302,Plochingen,Baden-Württemberg,Plochingen,73207,9.411294578,48.71293906,2,2608132258,,2608132259,,h,1,Information,,,,,,,3.0,3.0
-7360274571550422195-2608132148-13,19178,2608132228,2608132231,1,,ARV,MEX16,Geislingen(Steige)|Geislingen(Steige)West|Kuchen|Gingen(Fils)|Süßen|Salach|Eislingen(Fils)|Göppingen|Faurndau|Uhingen|Ebersbach(Fils)|Reichenbach(Fils),8000302,Plochingen,Baden-Württemberg,Plochingen,73207,9.411294578,48.71293906,2,2608132231,,2608132232,,,,,,,,,,,3.0,1.0
-793656453369562013-2608132146-19,19180,2608132256,2608132257,1,,ARV,MEX16,Ulm Hbf|Beimerstetten|Westerstetten|Lonsee|Urspring|Amstetten(Württ)|Geislingen(Steige)|Geislingen(Steige)West|Kuchen|Gingen(Fils)|Süßen|Salach|Eislingen(Fils)|Göppingen|Faurndau|Uhingen|Ebersbach(Fils)|Reichenbach(Fils),8000302,Plochingen,Baden-Württemberg,Plochingen,73207,9.411294578,48.71293906,2,2608132256,,2608132257,,,,,,,,,,,0.0,0.0
9093668252534102509-2608132204-4,19179,2608132223,2608132233,6,,ARV,MEX16,Stuttgart Hbf|Stuttgart-Bad Cannstatt|Esslingen(Neckar),8000302,Plochingen,Baden-Württemberg,Plochingen,73207,9.411294578,48.71293906,2,2608132235,9,2608132236,9,,,,,,,,,,12.0,3.0
-7654896272910866173-2608132212-1,19338,,2608132212,,,RE,MEX18,,8000302,Plochingen,Baden-Württemberg,Plochingen,73207,9.411294578,48.71293906,2,,,2608132241,3,,,,,,,,,,0.0,29.0
2515064770390304228-2608132140-4,19177,2608132200,2608132200,4,,ARV,MEX16,Stuttgart Hbf|Stuttgart-Bad Cannstatt|Esslingen(Neckar),8000302,Plochingen,Baden-Württemberg,Plochingen,73207,9.411294578,48.71293906,2,2608132216,,2608132218,,,,,,,,,,,16.0,18.0
-8768743806902916019-2608132233-3,7673,2608132237,2608132241,2,,S,S6,Weil der Stadt|Malmsheim,8000313,Renningen,Baden-Württemberg,Renningen,71272,8.932650148,48.77515509,3,2608132238,,2608132242,,,,,,,,,,,1.0,1.0
-6377144391840629397-2608132234-7,7071,2608132250,,2,,S,,Böblingen|Sindelfingen|Maichingen|Maichingen Nord|Magstadt|Renningen Süd,8000313,Renningen,Baden-Württemberg,Renningen,71272,8.932650148,48.77515509,3,2608132251,,,,,,,,,,,,,1.0,0.0
3179948115805207944-2608132239-1,7072,,2608132239,,,S,S60,,8000313,Renningen,Baden-Württemberg,Renningen,71272,8.932650148,48.77515509,3,,,2608132240,,,,,,,,,,,0.0,1.0
-2611412375440839660-2608132258-1,26188,,2608132258,,,SWE,RB76,,8000313,Renningen,Baden-Württemberg,Renningen,71272,8.932650148,48.77515509,3,,,2608132258,,h,2,Störung,,,,,,,0.0,0.0
1355245828663087033-2608132204-7,7069,2608132220,,2,,S,,Böblingen|Sindelfingen|Maichingen|Maichingen Nord|Magstadt|Renningen Süd,8000313,Renningen,Baden-Württemberg,Renningen,71272,8.932650148,48.77515509,3,2608132221,,,,,,,,,,,,,1.0,0.0
-2611261032352461580-2608132226-6,26189,2608132248,,4,,SWE,,Calw|Calw-Heumaden|Althengstett|Ostelsheim|Weil der Stadt,8000313,Renningen,Baden-Württemberg,Renningen,71272,8.932650148,48.77515509,3,2608132248,,,,h,2,Störung,,,,,,,0.0,0.0
6529146617493703402-2608132203-3,7671,2608132207,2608132211,2,,S,S6,Weil der Stadt|Malmsheim,8000313,Renningen,Baden-Württemberg,Renningen,71272,8.932650148,48.77515509,3,2608132208,,2608132211,,,,,,,,,,,1.0,0.0
6737611286015741642-2608132147-12,7666,2608132219,2608132222,3,,S,S6,Stuttgart Hbf|Stuttgart Nordbahnhof|Stuttgart-Feuerbach|Stuttgart-Zuffenhausen|Neuwirtshaus(Porscheplatz)|Korntal|Weilimdorf|Ditzingen|Höfingen|Leonberg|Rutesheim,8000313,Renningen,Baden-Württemberg,Renningen,71272,8.932650148,48.77515509,3,2608132221,,2608132222,,,,,,,,,,,2.0,0.0
6983633546019374877-2608132217-12,7668,2608132249,2608132252,3,,S,S6,Stuttgart Hbf|Stuttgart Nordbahnhof|Stuttgart-Feuerbach|Stuttgart-Zuffenhausen|Neuwirtshaus(Porscheplatz)|Korntal|Weilimdorf|Ditzingen|Höfingen|Leonberg|Rutesheim,8000313,Renningen,Baden-Württemberg,Renningen,71272,8.932650148,48.77515509,3,2608132250,,2608132252,,,,,,,,,,,1.0,0.0
638916155102202133-2608132209-1,7070,,2608132209,,,S,S60,,8000313,Renningen,Baden-Württemberg,Renningen,71272,8.932650148,48.77515509,3,,,2608132210,,,,,,,,,,,0.0,1.0
1678705542121602631-2608132203-9,7271,2608132221,2608132222,2,,S,S2,Schorndorf|Weiler(Rems)|Winterbach(b Schorndorf)|Geradstetten|Grunbach|Beutelsbach|Endersbach|Stetten-Beinstein,8005157,Rommelshausen,Baden-Württemberg,Kernen,71394,9.319175885,48.81552017,4,2608132222,,2608132223,,h,1,Bauarbeiten,,,,,,,1.0,1.0
-4551028339435730742-2608132220-7,7268,2608132237,2608132237,1,,S,S2,Stuttgart Hbf|Stuttgart-Bad Cannstatt|Stuttgart Nürnberger Str.|Stuttgart-Sommerrain|Fellbach|Waiblingen,8005157,Rommelshausen,Baden-Württemberg,Kernen,71394,9.319175885,48.81552017,4,2608132237,,2608132237,,h,1,Bauarbeiten,,,,,,,0.0,0.0
-6309040329427903805-2608132233-9,7273,2608132251,2608132252,2,,S,S2,Schorndorf|Weiler(Rems)|Winterbach(b Schorndorf)|Geradstetten|Grunbach|Beutelsbach|Endersbach|Stetten-Beinstein,8005157,Rommelshausen,Baden-Württemberg,Kernen,71394,9.319175885,48.81552017,4,2608132252,,2608132253,,h,1,Bauarbeiten,,,,,,,1.0,1.0
-6294731278479900645-2608132150-7,7266,2608132207,2608132207,1,,S,S2,Stuttgart Hbf|Stuttgart-Bad Cannstatt|Stuttgart Nürnberger Str.|Stuttgart-Sommerrain|Fellbach|Waiblingen,8005157,Rommelshausen,Baden-Württemberg,Kernen,71394,9.319175885,48.81552017,4,2608132213,,2608132214,,h,1,Bauarbeiten,,,,,,,6.0,7.0
-8768743806902916019-2608132233-4,7673,2608132243,2608132244,1,,S,S6,Weil der Stadt|Malmsheim|Renningen,8005236,Rutesheim,Baden-Württemberg,Leonberg,71229,8.960325242,48.79031093,5,2608132246,,2608132246,,,,,,,,,,,3.0,2.0
6529146617493703402-2608132203-4,7671,2608132213,2608132214,1,,S,S6,Weil der Stadt|Malmsheim|Renningen,8005236,Rutesheim,Baden-Württemberg,Leonberg,71229,8.960325242,48.79031093,5,2608132213,,2608132214,,,,,,,,,,,0.0,0.0
6737611286015741642-2608132147-11,7666,2608132216,2608132216,2,,S,S6,Stuttgart Hbf|Stuttgart Nordbahnhof|Stuttgart-Feuerbach|Stuttgart-Zuffenhausen|Neuwirtshaus(Porscheplatz)|Korntal|Weilimdorf|Ditzingen|Höfingen|Leonberg,8005236,Rutesheim,Baden-Württemberg,Leonberg,71229,8.960325242,48.79031093,5,2608132218,,2608132218,,,,,,,,,,,2.0,2.0
6983633546019374877-2608132217-11,7668,2608132246,2608132246,2,,S,S6,Stuttgart Hbf|Stuttgart Nordbahnhof|Stuttgart-Feuerbach|Stuttgart-Zuffenhausen|Neuwirtshaus(Porscheplatz)|Korntal|Weilimdorf|Ditzingen|Höfingen|Leonberg,8005236,Rutesheim,Baden-Württemberg,Leonberg,71229,8.960325242,48.79031093,5,2608132246,,2608132247,,,,,,,,,,,0.0,1.0
1678705542121602631-2608132203-1,7271,,2608132203,,,S,S2,,8005424,Schorndorf,Baden-Württemberg,Schorndorf,73614,9.525686251,48.80693898,3,,,2608132203,,h,1,Bauarbeiten,,,,,,,0.0,0.0
534212340185310120-2608132147-4,19437,2608132213,2608132214,2,,ARV,MEX13,Stuttgart Hbf|Stuttgart-Bad Cannstatt|Waiblingen,8005424,Schorndorf,Baden-Württemberg,Schorndorf,73614,9.525686251,48.80693898,3,2608132233,,2608132234,,,,,,,,,,,20.0,20.0
-4551028339435730742-2608132220-15,7268,2608132255,,1,,S,,Stuttgart Hbf|Stuttgart-Bad Cannstatt|Stuttgart Nürnberger Str.|Stuttgart-Sommerrain|Fellbach|Waiblingen|Rommelshausen|Stetten-Beinstein|Endersbach|Beutelsbach|Grunbach|Geradstetten|Winterbach(b Schorndorf)|Weiler(Rems),8005424,Schorndorf,Baden-Württemberg,Schorndorf,73614,9.525686251,48.80693898,3,2608132255,,,,h,1,Bauarbeiten,,,,,,,0.0,0.0
-3445452492494242164-2608132220-4,19487,2608132243,2608132244,2,,ARV,MEX13,Stuttgart Hbf|Stuttgart-Bad Cannstatt|Waiblingen,8005424,Schorndorf,Baden-Württemberg,Schorndorf,73614,9.525686251,48.80693898,3,2608132248,,2608132249,,,,,,,,,,,5.0,5.0
-6309040329427903805-2608132233-1,7273,,2608132233,,,S,S2,,8005424,Schorndorf,Baden-Württemberg,Schorndorf,73614,9.525686251,48.80693898,3,,,2608132234,,h,1,Bauarbeiten,,,,,,,0.0,1.0
-6294731278479900645-2608132150-15,7266,2608132225,,14,,S,,Stuttgart Hbf|Stuttgart-Bad Cannstatt|Stuttgart Nürnberger Str.|Stuttgart-Sommerrain|Fellbach|Waiblingen|Rommelshausen|Stetten-Beinstein|Endersbach|Beutelsbach|Grunbach|Geradstetten|Winterbach(b Schorndorf)|Weiler(Rems),8005424,Schorndorf,Baden-Württemberg,Schorndorf,73614,9.525686251,48.80693898,3,2608132229,,,,h,1,Bauarbeiten,,,,,,,4.0,0.0
6185396702802963793-2608132113-15,19488,2608132213,2608132214,3,,ARV,MEX13,Ellwangen|Schrezheim|Schwabsberg|Goldshöfe|Hofen(b Aalen)|Wasseralfingen|Aalen Hbf|Mögglingen(Gmünd)|Böbingen(Rems)|Schwäbisch Gmünd|Lorch(Württ)|Waldhausen(b Schorndorf)|Plüderhausen|Urbach(b Schorndorf),8005424,Schorndorf,Baden-Württemberg,Schorndorf,73614,9.525686251,48.80693898,3,2608132213,,2608132214,,,,,,,,,c,c,0.0,0.0
1406192985268085797-2608132226-6,19442,2608132243,2608132244,3,,ARV,MEX13,Schwäbisch Gmünd|Lorch(Württ)|Waldhausen(b Schorndorf)|Plüderhausen|Urbach(b Schorndorf),8005424,Schorndorf,Baden-Württemberg,Schorndorf,73614,9.525686251,48.80693898,3,2608132244,,2608132245,,,,,,,,,,,1.0,1.0
4129986010683108750-2608132211-5,7371,2608132222,2608132223,1,,S,S3,Backnang|Maubach|Nellmersbach|Winnenden,8005454,Schwaikheim,Baden-Württemberg,Schwaikheim,71409,9.354747358,48.86832665,4,2608132223,,2608132223,,,,,,,,,,,1.0,0.0
-8048880738506136448-2608132212-8,7368,2608132236,2608132236,2,,S,S3,Stuttgart Hbf|Stuttgart-Bad Cannstatt|Stuttgart Nürnberger Str.|Stuttgart-Sommerrain|Fellbach|Waiblingen|Neustadt-Hohenacker,8005454,Schwaikheim,Baden-Württemberg,Schwaikheim,71409,9.354747358,48.86832665,4,2608132250,,2608132250,,,,,,,,,,,14.0,14.0
553786968472239584-2608132142-8,7366,2608132206,2608132206,2,,S,S3,Stuttgart Hbf|Stuttgart-Bad Cannstatt|Stuttgart Nürnberger Str.|Stuttgart-Sommerrain|Fellbach|Waiblingen|Neustadt-Hohenacker,8005454,Schwaikheim,Baden-Württemberg,Schwaikheim,71409,9.354747358,48.86832665,4,2608132206,,2608132206,,,,,,,,,,,0.0,0.0
-2279373399383894760-2608132241-5,7373,2608132252,2608132253,1,,S,S3,Backnang|Maubach|Nellmersbach|Winnenden,8005454,Schwaikheim,Baden-Württemberg,Schwaikheim,71409,9.354747358,48.86832665,4,2608132257,,2608132257,,,,,,,,,,,5.0,4.0
-6377144391840629397-2608132234-2,7071,2608132236,2608132237,1,,S,S60,Böblingen,8005574,Sindelfingen,Baden-Württemberg,Sindelfingen,71063,8.999262079,48.70387346,6,2608132237,,2608132238,,,,,,,,,,,1.0,1.0
3179948115805207944-2608132239-6,7072,2608132252,2608132253,1,,S,S60,Renningen|Renningen Süd|Magstadt|Maichingen Nord|Maichingen,8005574,Sindelfingen,Baden-Württemberg,Sindelfingen,71063,8.999262079,48.70387346,6,2608132254,,2608132255,,,,,,,,,,,2.0,2.0
1355245828663087033-2608132204-2,7069,2608132206,2608132207,1,,S,S60,Böblingen,8005574,Sindelfingen,Baden-Württemberg,Sindelfingen,71063,8.999262079,48.70387346,6,2608132207,,2608132207,,,,,,,,,,,1.0,0.0
638916155102202133-2608132209-6,7070,2608132222,2608132223,1,,S,S60,Renningen|Renningen Süd|Magstadt|Maichingen Nord|Maichingen,8005574,Sindelfingen,Baden-Württemberg,Sindelfingen,71063,8.999262079,48.70387346,6,2608132222,,2608132223,,,,,,,,,,,0.0,0.0
1678705542121602631-2608132203-8,7271,2608132219,2608132219,2,,S,S2,Schorndorf|Weiler(Rems)|Winterbach(b Schorndorf)|Geradstetten|Grunbach|Beutelsbach|Endersbach,8005726,Stetten-Beinstein,Baden-Württemberg,Weinstadt,71384,9.352769725,48.81199601,5,2608132220,,2608132220,,h,1,Bauarbeiten,,,,,,,1.0,1.0
-4551028339435730742-2608132220-8,7268,2608132239,2608132239,1,,S,S2,Stuttgart Hbf|Stuttgart-Bad Cannstatt|Stuttgart Nürnberger Str.|Stuttgart-Sommerrain|Fellbach|Waiblingen|Rommelshausen,8005726,Stetten-Beinstein,Baden-Württemberg,Weinstadt,71384,9.352769725,48.81199601,5,2608132239,,2608132241,,h,1,Bauarbeiten,,,,,,,0.0,2.0
-6309040329427903805-2608132233-8,7273,2608132249,2608132249,2,,S,S2,Schorndorf|Weiler(Rems)|Winterbach(b Schorndorf)|Geradstetten|Grunbach|Beutelsbach|Endersbach,8005726,Stetten-Beinstein,Baden-Württemberg,Weinstadt,71384,9.352769725,48.81199601,5,2608132249,,2608132250,,h,1,Bauarbeiten,,,,,,,0.0,1.0
-6294731278479900645-2608132150-8,7266,2608132209,2608132209,1,,S,S2,Stuttgart Hbf|Stuttgart-Bad Cannstatt|Stuttgart Nürnberger Str.|Stuttgart-Sommerrain|Fellbach|Waiblingen|Rommelshausen,8005726,Stetten-Beinstein,Baden-Württemberg,Weinstadt,71384,9.352769725,48.81199601,5,2608132216,,2608132216,,h,1,Bauarbeiten,,,,,,,7.0,7.0
970449513727673732-2608132141-12,7369,2608132217,,4,,S,,Backnang|Maubach|Nellmersbach|Winnenden|Schwaikheim|Neustadt-Hohenacker|Waiblingen|Fellbach|Stuttgart-Sommerrain|Stuttgart Nürnberger Str.|Stuttgart-Bad Cannstatt,8000096,Stuttgart Hbf,Baden-Württemberg,Stuttgart,70173,9.183172973,48.78473069,1,2608132217,,,,,,,,,,,,,0.0,0.0
-7033045110854920488-2608131545-13,615,2608132211,2608132217,16,,ICE,,Hamburg Hbf|Hamburg-Harburg|Bremen Hbf|Osnabrück Hbf|Münster(Westf)Hbf|Dortmund Hbf|Hagen Hbf|Wuppertal Hbf|Solingen Hbf|Köln Hbf|Frankfurt(M) Flughafen Fernbf|Mannheim Hbf,8000096,Stuttgart Hbf,Baden-Württemberg,Stuttgart,70173,9.183172973,48.78473069,1,2608132312,,2608132316,,h,3,Information,,,Hamburg Hbf|Hamburg-Harburg|Bremen Hbf|Osnabrück Hbf|Münster(Westf)Hbf|Dortmund Hbf|Hagen Hbf|Wuppertal Hbf|Solingen Hbf|Köln Hbf|Frankfurt(M) Flughafen Fernbf|Mannheim Hbf,Ulm Hbf|Augsburg Hbf|München-Pasing|München Hbf,,,61.0,59.0
7242506157860768520-2608131937-14,480,2608132243,,7,,IC,,Zürich HB|Schaffhausen|Singen(Hohentwiel)|Engen|Tuttlingen|Spaichingen|Rottweil|Oberndorf(Neckar)|Sulz(Neckar)|Horb|Bondorf(b Herrenberg)|Gäufelden|Herrenberg,8000096,Stuttgart Hbf,Baden-Württemberg,Stuttgart,70173,9.183172973,48.78473069,1,2608132304,6,,,h,2,Information,,,,,,,21.0,0.0
8360011642813021894-2608132232-1,19034,,2608132232,,,ARV,RE1,,8000096,Stuttgart Hbf,Baden-Württemberg,Stuttgart,70173,9.183172973,48.78473069,1,,,2608132232,,h,2,Information,,,,,,,0.0,0.0
1678705542121602631-2608132203-15,7271,2608132240,,3,,S,,Schorndorf|Weiler(Rems)|Winterbach(b Schorndorf)|Geradstetten|Grunbach|Beutelsbach|Endersbach|Stetten-Beinstein|Rommelshausen|Waiblingen|Fellbach|Stuttgart-Sommerrain|Stuttgart Nürnberger Str.|Stuttgart-Bad Cannstatt,8000096,Stuttgart Hbf,Baden-Württemberg,Stuttgart,70173,9.183172973,48.78473069,1,2608132241,,,,h,1,Bauarbeiten,,,,,,,1.0,0.0
-7428821271354105071-2608132148-4,19358,2608132212,2608132219,10,,RE,MEX12,Plochingen|Esslingen(Neckar)|Stuttgart-Bad Cannstatt,8000096,Stuttgart Hbf,Baden-Württemberg,Stuttgart,70173,9.183172973,48.78473069,1,2608132214,,2608132223,,h,2,Störung,,,,,,,2.0,4.0
-2320340282101811304-2608132045-5,990,2608132243,2608132249,9,,ICE,,München Hbf|München-Pasing|Augsburg Hbf|Ulm Hbf,8000096,Stuttgart Hbf,Baden-Württemberg,Stuttgart,70173,9.183172973,48.78473069,1,2608132250,,2608132255,,h,2,Information,,,,,,,7.0,6.0
-4551028339435730742-2608132220-1,7268,,2608132220,,,S,S2,,8000096,Stuttgart Hbf,Baden-Württemberg,Stuttgart,70173,9.183172973,48.78473069,1,,,2608132220,,h,1,Bauarbeiten,,,,,,,0.0,0.0
-4282394893387187309-2608132048-8,4232,2608132220,,12,,RE,,Biberach(Riß)|Laupheim West|Ulm Hbf|Geislingen(Steige)|Göppingen|Plochingen|Esslingen(Neckar),8000096,Stuttgart Hbf,Baden-Württemberg,Stuttgart,70173,9.183172973,48.78473069,1,2608132247,13,,,h,2,Störung,,,,,,,27.0,0.0
-3661735359450834382-2608132137-9,7569,2608132205,,1,,S,,Bietigheim-Bissingen|Tamm(Württ)|Asperg|Ludwigsburg|Kornwestheim Pbf|Stuttgart-Zuffenhausen|Stuttgart-Feuerbach|Stuttgart Nordbahnhof,8000096,Stuttgart Hbf,Baden-Württemberg,Stuttgart,70173,9.183172973,48.78473069,1,2608132205,,,,,,,,,,,,,0.0,0.0
-7473076869282740427-2608132035-12,50480,2608132243,,7,,RE,,Singen(Hohentwiel)|Engen|Tuttlingen|Spaichingen|Rottweil|Oberndorf(Neckar)|Sulz(Neckar)|Horb|Bondorf(b Herrenberg)|Gäufelden|Herrenberg,8000096,Stuttgart Hbf,Baden-Württemberg,Stuttgart,70173,9.183172973,48.78473069,1,2608132304,6,,,h,2,Information,,,,,,,21.0,0.0
-2632866688536035300-2608132215-12,7471,2608132255,,2,,S,,Kirchberg(Murr)|Erdmannhausen|Marbach(Neckar)|Benningen(Neckar)|Freiberg(Neckar)|Favoritepark|Ludwigsburg|Kornwestheim Pbf|Stuttgart-Zuffenhausen|Stuttgart-Feuerbach|Stuttgart Nordbahnhof,8000096,Stuttgart Hbf,Baden-Württemberg,Stuttgart,70173,9.183172973,48.78473069,1,2608132255,,,,h,1,Bauarbeiten,,,,,,,0.0,0.0
-8852443673651347122-2608132226-1,17559,,2608132226,,,RB,MEX19,,8000096,Stuttgart Hbf,Baden-Württemberg,Stuttgart,70173,9.183172973,48.78473069,1,,,2608132227,,,,,,,,,,,0.0,1.0
5487749718307029214-2608132227-1,7570,,2608132227,,,S,S5,,8000096,Stuttgart Hbf,Baden-Württemberg,Stuttgart,70173,9.183172973,48.78473069,1,,,2608132228,,,,,,,,,,,0.0,1.0
-8310073774768201786-2608132132-11,17566,2608132232,,10,,RB,,Gaildorf West|Fichtenberg|Fornsbach|Murrhardt|Sulzbach(Murr)|Oppenweiler(Württ)|Backnang|Winnenden|Waiblingen|Stuttgart-Bad Cannstatt,8000096,Stuttgart Hbf,Baden-Württemberg,Stuttgart,70173,9.183172973,48.78473069,1,2608132252,,,,,,,,,,,,,20.0,0.0
6004078165100865350-2608132036-22,19176,2608132216,,11,,ARV,,Ulm Hbf|Beimerstetten|Westerstetten|Lonsee|Urspring|Amstetten(Württ)|Geislingen(Steige)|Geislingen(Steige)West|Kuchen|Gingen(Fils)|Süßen|Salach|Eislingen(Fils)|Göppingen|Faurndau|Uhingen|Ebersbach(Fils)|Reichenbach(Fils)|Plochingen|Esslingen(Neckar)|Stuttgart-Bad Cannstatt,8000096,Stuttgart Hbf,Baden-Württemberg,Stuttgart,70173,9.183172973,48.78473069,1,2608132222,,,,,,,,,,,,,6.0,0.0
-8289701104022316843-2608132225-1,7170,,2608132225,,,S,S1,,8000096,Stuttgart Hbf,Baden-Württemberg,Stuttgart,70173,9.183172973,48.78473069,1,,,2608132227,,h,1,Störung,,,,,,,0.0,2.0
1392739293391106860-2608132207-9,7571,2608132235,,2,,S,,Bietigheim-Bissingen|Tamm(Württ)|Asperg|Ludwigsburg|Kornwestheim Pbf|Stuttgart-Zuffenhausen|Stuttgart-Feuerbach|Stuttgart Nordbahnhof,8000096,Stuttgart Hbf,Baden-Württemberg,Stuttgart,70173,9.183172973,48.78473069,1,2608132235,,,,,,,,,,,,,0.0,0.0
-3445452492494242164-2608132220-1,19487,,2608132220,,,ARV,MEX13,,8000096,Stuttgart Hbf,Baden-Württemberg,Stuttgart,70173,9.183172973,48.78473069,1,,,2608132225,,,,,,,,,,,0.0,5.0
9213895271120086804-2608132114-14,19537,2608132209,,6,,RE,,Pforzheim Hbf|Eutingen(Baden)|Niefern|Enzberg|Mühlacker|Mühlacker Rößlesweg|Illingen(Württ)|Vaihingen(Enz)|Sersheim|Sachsenheim|Ellental|Bietigheim-Bissingen|Ludwigsburg,8000096,Stuttgart Hbf,Baden-Württemberg,Stuttgart,70173,9.183172973,48.78473069,1,2608132216,,,,h,1,Störung,,,,,,,7.0,0.0
5891323909249949515-2608132247-1,7670,,2608132247,,,S,S6,,8000096,Stuttgart Hbf,Baden-Württemberg,Stuttgart,70173,9.183172973,48.78473069,1,,,2608132247,,,,,,,,,,,0.0,0.0
-6102362791874632686-2608132106-5,2169,2608132202,,15,,IC,,Karlsruhe Hbf|Pforzheim Hbf|Mühlacker|Vaihingen(Enz),8000096,Stuttgart Hbf,Baden-Württemberg,Stuttgart,70173,9.183172973,48.78473069,1,2608132203,,,,h,2,Information,,,,,,,1.0,0.0
4129986010683108750-2608132211-12,7371,2608132247,,4,,S,,Backnang|Maubach|Nellmersbach|Winnenden|Schwaikheim|Neustadt-Hohenacker|Waiblingen|Fellbach|Stuttgart-Sommerrain|Stuttgart Nürnberger Str.|Stuttgart-Bad Cannstatt,8000096,Stuttgart Hbf,Baden-Württemberg,Stuttgart,70173,9.183172973,48.78473069,1,2608132247,,,,,,,,,,,,,0.0,0.0
1733518000541873569-2608132150-15,7171,2608132235,,4,,S,,Kirchheim(Teck)|Kirchheim(Teck)-Ötlingen|Wendlingen(Neckar)|Wernau(Neckar)|Plochingen|Altbach|Esslingen-Zell|Oberesslingen|Esslingen(Neckar)|Esslingen-Mettingen|Stuttgart-Obertürkheim|Stuttgart-Untertürkheim|Stuttgart Neckarpark|Stuttgart-Bad Cannstatt,8000096,Stuttgart Hbf,Baden-Württemberg,Stuttgart,70173,9.183172973,48.78473069,1,2608132235,,,,h,1,Störung,,,,,,,0.0,0.0
2958161372308159730-2608132111-9,17564,2608132202,,13,,RE,,Gaildorf West|Murrhardt|Sulzbach(Murr)|Oppenweiler(Württ)|Backnang|Winnenden|Waiblingen|Stuttgart-Bad Cannstatt,8000096,Stuttgart Hbf,Baden-Württemberg,Stuttgart,70173,9.183172973,48.78473069,1,2608132213,10,,,h,1,Störung,,,,,,,11.0,0.0
-8048880738506136448-2608132212-1,7368,,2608132212,,,S,S3,,8000096,Stuttgart Hbf,Baden-Württemberg,Stuttgart,70173,9.183172973,48.78473069,1,,,2608132229,3,,,,,,,,,,0.0,17.0
-5197983836264116534-2608132255-1,7172,,2608132255,,,S,S1,,8000096,Stuttgart Hbf,Baden-Württemberg,Stuttgart,70173,9.183172973,48.78473069,1,,,2608132255,,h,1,Störung,,,,,,,0.0,0.0
-3011188424747458948-2608132257-1,7572,,2608132257,,,S,S5,,8000096,Stuttgart Hbf,Baden-Württemberg,Stuttgart,70173,9.183172973,48.78473069,1,,,2608132257,,,,,,,,,,,0.0,0.0
6185396702802963793-2608132113-18,19488,2608132239,,12,,ARV,,Ellwangen|Schrezheim|Schwabsberg|Goldshöfe|Hofen(b Aalen)|Wasseralfingen|Aalen Hbf|Mögglingen(Gmünd)|Böbingen(Rems)|Schwäbisch Gmünd|Lorch(Württ)|Waldhausen(b Schorndorf)|Plüderhausen|Urbach(b Schorndorf)|Schorndorf|Waiblingen|Stuttgart-Bad Cannstatt,8000096,Stuttgart Hbf,Baden-Württemberg,Stuttgart,70173,9.183172973,48.78473069,1,2608132239,,,,,,,,,,,c,,0.0,0.0
-4129909752986717170-2608132133-14,7669,2608132215,,2,,S,,Weil der Stadt|Malmsheim|Renningen|Rutesheim|Leonberg|Höfingen|Ditzingen|Weilimdorf|Korntal|Neuwirtshaus(Porscheplatz)|Stuttgart-Zuffenhausen|Stuttgart-Feuerbach|Stuttgart Nordbahnhof,8000096,Stuttgart Hbf,Baden-Württemberg,Stuttgart,70173,9.183172973,48.78473069,1,2608132215,,,,,,,,,,,,,0.0,0.0
-7917245534189458014-2608132255-1,17561,,2608132255,,,RB,MEX90,,8000096,Stuttgart Hbf,Baden-Württemberg,Stuttgart,70173,9.183172973,48.78473069,1,,,2608132256,,,,,,,,,,,0.0,1.0
4849862255928168199-2608132207-1,7466,,2608132207,,,S,S4,,8000096,Stuttgart Hbf,Baden-Württemberg,Stuttgart,70173,9.183172973,48.78473069,1,,,2608132207,,h,1,Bauarbeiten,,,,,,,0.0,0.0
7370415767715540984-2608132239-1,4237,,2608132239,,,RE,RE5,,8000096,Stuttgart Hbf,Baden-Württemberg,Stuttgart,70173,9.183172973,48.78473069,1,,,2608132239,,h,1,Information,,,,,,,0.0,0.0
-7360274571550422195-2608132148-16,19178,2608132253,,14,,ARV,,Geislingen(Steige)|Geislingen(Steige)West|Kuchen|Gingen(Fils)|Süßen|Salach|Eislingen(Fils)|Göppingen|Faurndau|Uhingen|Ebersbach(Fils)|Reichenbach(Fils)|Plochingen|Esslingen(Neckar)|Stuttgart-Bad Cannstatt,8000096,Stuttgart Hbf,Baden-Württemberg,Stuttgart,70173,9.183172973,48.78473069,1,2608132256,,,,,,,,,,,,,3.0,0.0
3766048702884366970-2608132155-10,7469,2608132225,,1,,S,,Marbach(Neckar)|Benningen(Neckar)|Freiberg(Neckar)|Favoritepark|Ludwigsburg|Kornwestheim Pbf|Stuttgart-Zuffenhausen|Stuttgart-Feuerbach|Stuttgart Nordbahnhof,8000096,Stuttgart Hbf,Baden-Württemberg,Stuttgart,70173,9.183172973,48.78473069,1,2608132225,,,,h,1,Bauarbeiten,,,,,,,0.0,0.0
9093668252534102509-2608132204-1,19179,,2608132204,,,ARV,MEX16,,8000096,Stuttgart Hbf,Baden-Württemberg,Stuttgart,70173,9.183172973,48.78473069,1,,,2608132215,,,,,,,,,,,0.0,11.0
4486633585369224848-2608132206-6,19687,2608132259,,15,,ARV,,Karlsruhe Hbf|Karlsruhe-Durlach|Pforzheim Hbf|Mühlacker|Vaihingen(Enz),8000096,Stuttgart Hbf,Baden-Württemberg,Stuttgart,70173,9.183172973,48.78473069,1,2608132302,,,,h,2,Information,,,,,,,3.0,0.0
1333668860778654429-2608132157-9,19367,2608132244,2608132253,15,,RE,MEX12,Heilbronn Hbf|Nordheim(Württ)|Lauffen(Neckar)|Kirchheim(Neckar)|Walheim(Württ)|Besigheim|Bietigheim-Bissingen|Ludwigsburg,8000096,Stuttgart Hbf,Baden-Württemberg,Stuttgart,70173,9.183172973,48.78473069,1,2608132244,,2608132253,,h,2,Störung,,,,,,,0.0,0.0
262818894561514456-2608132242-1,19181,,2608132242,,,ARV,MEX16,,8000096,Stuttgart Hbf,Baden-Württemberg,Stuttgart,70173,9.183172973,48.78473069,1,,,2608132242,,,,,,,,,,,0.0,0.0
6529146617493703402-2608132203-14,7671,2608132245,,1,,S,,Weil der Stadt|Malmsheim|Renningen|Rutesheim|Leonberg|Höfingen|Ditzingen|Weilimdorf|Korntal|Neuwirtshaus(Porscheplatz)|Stuttgart-Zuffenhausen|Stuttgart-Feuerbach|Stuttgart Nordbahnhof,8000096,Stuttgart Hbf,Baden-Württemberg,Stuttgart,70173,9.183172973,48.78473069,1,2608132245,,,,,,,,,,,,,0.0,0.0
2890455660221075834-2608132133-15,7269,2608132210,,3,,S,,Schorndorf|Weiler(Rems)|Winterbach(b Schorndorf)|Geradstetten|Grunbach|Beutelsbach|Endersbach|Stetten-Beinstein|Rommelshausen|Waiblingen|Fellbach|Stuttgart-Sommerrain|Stuttgart Nürnberger Str.|Stuttgart-Bad Cannstatt,8000096,Stuttgart Hbf,Baden-Württemberg,Stuttgart,70173,9.183172973,48.78473069,1,2608132212,,,,h,1,Bauarbeiten,,,,,,,2.0,0.0
-2524886537496923871-2608132246-1,19582,,2608132246,,,RE,MEX17,,8000096,Stuttgart Hbf,Baden-Württemberg,Stuttgart,70173,9.183172973,48.78473069,1,,,2608132246,,,,,,,,,,,0.0,0.0
4357443539708976180-2608132107-12,19440,2608132209,,14,,ARV,,Aalen Hbf|Mögglingen(Gmünd)|Böbingen(Rems)|Schwäbisch Gmünd|Lorch(Württ)|Waldhausen(b Schorndorf)|Plüderhausen|Urbach(b Schorndorf)|Schorndorf|Waiblingen|Stuttgart-Bad Cannstatt,8000096,Stuttgart Hbf,Baden-Württemberg,Stuttgart,70173,9.183172973,48.78473069,1,2608132218,,,,,,,,,,,,,9.0,0.0
-9133197457517218638-2608132237-1,7468,,2608132237,,,S,S4,,8000096,Stuttgart Hbf,Baden-Württemberg,Stuttgart,70173,9.183172973,48.78473069,1,,,2608132237,,h,1,Bauarbeiten,,,,,,,0.0,0.0
-547796110281084784-2608132242-1,7370,,2608132242,,,S,S3,,8000096,Stuttgart Hbf,Baden-Württemberg,Stuttgart,70173,9.183172973,48.78473069,1,,,2608132242,,,,,,,,,,,0.0,0.0
7103020090421453846-2608132217-1,17677,,2608132217,,,RE,RE14a,,8000096,Stuttgart Hbf,Baden-Württemberg,Stuttgart,70173,9.183172973,48.78473069,1,,,2608132219,,,,,,,,,,,0.0,2.0
8803799214306376762-2608131608-18,966,2608132246,,11,,WB,,Wien Westbahnhof|Wien Hütteldorf|St.Pölten Hbf|Amstetten NÖ|Linz/Donau Hbf|Wels Hbf|Attnang-Puchheim|Vöcklabruck|Salzburg Hbf|Freilassing|Prien am Chiemsee|Rosenheim|München Ost|München-Pasing|Augsburg Hbf|Günzburg|Ulm Hbf,8000096,Stuttgart Hbf,Baden-Württemberg,Stuttgart,70173,9.183172973,48.78473069,1,2608132239,,,,,,,,,,,,,-7.0,0.0
181756454992442509-2608132132-4,19033,2608132225,,14,,ARV,,Karlsruhe Hbf|Karlsruhe-Durlach|Vaihingen(Enz),8000096,Stuttgart Hbf,Baden-Württemberg,Stuttgart,70173,9.183172973,48.78473069,1,2608132230,,,,,,,,,,,,,5.0,0.0
6983633546019374877-2608132217-1,7668,,2608132217,,,S,S6,,8000096,Stuttgart Hbf,Baden-Württemberg,Stuttgart,70173,9.183172973,48.78473069,1,,,2608132217,,,,,,,,,,,0.0,0.0
2747979635293713225-2608132249-1,19439,,2608132249,,,ARV,MEX13,,8000096,Stuttgart Hbf,Baden-Württemberg,Stuttgart,70173,9.183172973,48.78473069,1,,,2608132249,,,,,,,,,,,0.0,0.0
-1445914617040136913-2608132120-15,7169,2608132205,,4,,S,,Kirchheim(Teck)|Kirchheim(Teck)-Ötlingen|Wendlingen(Neckar)|Wernau(Neckar)|Plochingen|Altbach|Esslingen-Zell|Oberesslingen|Esslingen(Neckar)|Esslingen-Mettingen|Stuttgart-Obertürkheim|Stuttgart-Untertürkheim|Stuttgart Neckarpark|Stuttgart-Bad Cannstatt,8000096,Stuttgart Hbf,Baden-Württemberg,Stuttgart,70173,9.183172973,48.78473069,1,2608132224,3,,,h,1,Störung,,,,,,,19.0,0.0
-2344980071254063452-2608132250-1,7270,,2608132250,,,S,S2,,8000096,Stuttgart Hbf,Baden-Württemberg,Stuttgart,70173,9.183172973,48.78473069,1,,,2608132250,,h,1,Bauarbeiten,,,,,,,0.0,0.0
-8289701104022316843-2608132225-3,7170,2608132232,2608132232,2,,S,S1,Stuttgart Hbf|Stuttgart-Bad Cannstatt,8006743,Stuttgart Neckarpark,Baden-Württemberg,Stuttgart,70372,9.24106855,48.79194362,4,2608132233,,2608132233,,h,1,Störung,,,,,,,1.0,1.0
5680698672680243057-2608132155-3,7168,2608132202,2608132202,2,,S,S1,Stuttgart Hbf|Stuttgart-Bad Cannstatt,8006743,Stuttgart Neckarpark,Baden-Württemberg,Stuttgart,70372,9.24106855,48.79194362,4,2608132212,,2608132213,,h,1,Störung,,,,,,,10.0,11.0
-3862696523251175756-2608132220-13,7173,2608132257,2608132257,1,,S,S1,Kirchheim(Teck)|Kirchheim(Teck)-Ötlingen|Wendlingen(Neckar)|Wernau(Neckar)|Plochingen|Altbach|Esslingen-Zell|Oberesslingen|Esslingen(Neckar)|Esslingen-Mettingen|Stuttgart-Obertürkheim|Stuttgart-Untertürkheim,8006743,Stuttgart Neckarpark,Baden-Württemberg,Stuttgart,70372,9.24106855,48.79194362,4,2608132302,,2608132303,,h,1,Störung,,,,,,,5.0,6.0
1733518000541873569-2608132150-13,7171,2608132227,2608132227,1,,S,S1,Kirchheim(Teck)|Kirchheim(Teck)-Ötlingen|Wendlingen(Neckar)|Wernau(Neckar)|Plochingen|Altbach|Esslingen-Zell|Oberesslingen|Esslingen(Neckar)|Esslingen-Mettingen|Stuttgart-Obertürkheim|Stuttgart-Untertürkheim,8006743,Stuttgart Neckarpark,Baden-Württemberg,Stuttgart,70372,9.24106855,48.79194362,4,2608132228,,2608132228,,h,1,Störung,,,,,,,1.0,1.0
-3661735359450834382-2608132137-8,7569,2608132159,2608132201,4,,S,S5,Bietigheim-Bissingen|Tamm(Württ)|Asperg|Ludwigsburg|Kornwestheim Pbf|Stuttgart-Zuffenhausen|Stuttgart-Feuerbach,8005767,Stuttgart Nord,Baden-Württemberg,Stuttgard-Nord,70174,9.188061449,48.80374161,5,2608132159,,2608132201,,,,,,,,,,,0.0,0.0
-2632866688536035300-2608132215-11,7471,2608132249,2608132251,4,,S,S4,Kirchberg(Murr)|Erdmannhausen|Marbach(Neckar)|Benningen(Neckar)|Freiberg(Neckar)|Favoritepark|Ludwigsburg|Kornwestheim Pbf|Stuttgart-Zuffenhausen|Stuttgart-Feuerbach,8005767,Stuttgart Nord,Baden-Württemberg,Stuttgard-Nord,70174,9.188061449,48.80374161,5,2608132249,,2608132251,,h,1,Bauarbeiten,,,,,,,0.0,0.0
5487749718307029214-2608132227-2,7570,2608132230,2608132231,3,,S,S5,Stuttgart Hbf,8005767,Stuttgart Nord,Baden-Württemberg,Stuttgard-Nord,70174,9.188061449,48.80374161,5,2608132233,,2608132234,,,,,,,,,,,3.0,3.0
1392739293391106860-2608132207-8,7571,2608132229,2608132231,4,,S,S5,Bietigheim-Bissingen|Tamm(Württ)|Asperg|Ludwigsburg|Kornwestheim Pbf|Stuttgart-Zuffenhausen|Stuttgart-Feuerbach,8005767,Stuttgart Nord,Baden-Württemberg,Stuttgard-Nord,70174,9.188061449,48.80374161,5,2608132229,,2608132232,,,,,,,,,,,0.0,1.0
5891323909249949515-2608132247-2,7670,2608132250,2608132252,3,,S,S6,Stuttgart Hbf,8005767,Stuttgart Nord,Baden-Württemberg,Stuttgard-Nord,70174,9.188061449,48.80374161,5,2608132250,,2608132252,,,,,,,,,,,0.0,0.0
-2631007370516690844-2608132157-2,7568,2608132200,2608132201,3,,S,S5,Stuttgart Hbf,8005767,Stuttgart Nord,Baden-Württemberg,Stuttgard-Nord,70174,9.188061449,48.80374161,5,2608132202,,2608132202,,,,,,,,,,,2.0,1.0
-4129909752986717170-2608132133-13,7669,2608132209,2608132211,4,,S,S6,Weil der Stadt|Malmsheim|Renningen|Rutesheim|Leonberg|Höfingen|Ditzingen|Weilimdorf|Korntal|Neuwirtshaus(Porscheplatz)|Stuttgart-Zuffenhausen|Stuttgart-Feuerbach,8005767,Stuttgart Nord,Baden-Württemberg,Stuttgard-Nord,70174,9.188061449,48.80374161,5,2608132211,,2608132211,,,,,,,,,,,2.0,0.0
4849862255928168199-2608132207-2,7466,2608132210,2608132211,3,,S,S4,Stuttgart Hbf,8005767,Stuttgart Nord,Baden-Württemberg,Stuttgard-Nord,70174,9.188061449,48.80374161,5,2608132211,,2608132212,,h,1,Bauarbeiten,,,,,,,1.0,1.0
3766048702884366970-2608132155-9,7469,2608132219,2608132221,4,,S,S4,Marbach(Neckar)|Benningen(Neckar)|Freiberg(Neckar)|Favoritepark|Ludwigsburg|Kornwestheim Pbf|Stuttgart-Zuffenhausen|Stuttgart-Feuerbach,8005767,Stuttgart Nord,Baden-Württemberg,Stuttgard-Nord,70174,9.188061449,48.80374161,5,2608132219,,2608132221,,h,1,Bauarbeiten,,,,,,,0.0,0.0
6529146617493703402-2608132203-13,7671,2608132239,2608132241,4,,S,S6,Weil der Stadt|Malmsheim|Renningen|Rutesheim|Leonberg|Höfingen|Ditzingen|Weilimdorf|Korntal|Neuwirtshaus(Porscheplatz)|Stuttgart-Zuffenhausen|Stuttgart-Feuerbach,8005767,Stuttgart Nord,Baden-Württemberg,Stuttgard-Nord,70174,9.188061449,48.80374161,5,2608132239,,2608132241,,,,,,,,,,,0.0,0.0
-9133197457517218638-2608132237-2,7468,2608132240,2608132241,3,,S,S4,Stuttgart Hbf,8005767,Stuttgart Nord,Baden-Württemberg,Stuttgard-Nord,70174,9.188061449,48.80374161,5,2608132241,,2608132241,,h,1,Bauarbeiten,,,,,,,1.0,0.0
6983633546019374877-2608132217-2,7668,2608132220,2608132222,3,,S,S6,Stuttgart Hbf,8005767,Stuttgart Nord,Baden-Württemberg,Stuttgard-Nord,70174,9.188061449,48.80374161,5,2608132222,,2608132222,,,,,,,,,,,2.0,0.0
2526364121907765436-2608132237-8,7573,2608132259,2608132301,4,,S,S5,Bietigheim-Bissingen|Tamm(Württ)|Asperg|Ludwigsburg|Kornwestheim Pbf|Stuttgart-Zuffenhausen|Stuttgart-Feuerbach,8005767,Stuttgart Nord,Baden-Württemberg,Stuttgard-Nord,70174,9.188061449,48.80374161,5,2608132259,,2608132301,,,,,,,,,,,0.0,0.0
970449513727673732-2608132141-10,7369,2608132207,2608132208,1,,S,S3,Backnang|Maubach|Nellmersbach|Winnenden|Schwaikheim|Neustadt-Hohenacker|Waiblingen|Fellbach|Stuttgart-Sommerrain,8004357,Stuttgart Nürnberger Straße,Baden-Württemberg,Stuttgart,70374,9.234576905,48.80656062,5,2608132208,,2608132209,,,,,,,,,,,1.0,1.0
1678705542121602631-2608132203-13,7271,2608132232,2608132233,1,,S,S2,Schorndorf|Weiler(Rems)|Winterbach(b Schorndorf)|Geradstetten|Grunbach|Beutelsbach|Endersbach|Stetten-Beinstein|Rommelshausen|Waiblingen|Fellbach|Stuttgart-Sommerrain,8004357,Stuttgart Nürnberger Straße,Baden-Württemberg,Stuttgart,70374,9.234576905,48.80656062,5,2608132232,,2608132234,,h,1,Bauarbeiten,,,,,,,0.0,1.0
-4551028339435730742-2608132220-3,7268,2608132227,2608132227,4,,S,S2,Stuttgart Hbf|Stuttgart-Bad Cannstatt,8004357,Stuttgart Nürnberger Straße,Baden-Württemberg,Stuttgart,70374,9.234576905,48.80656062,5,2608132227,,2608132227,,h,1,Bauarbeiten,,,,,,,0.0,0.0
4129986010683108750-2608132211-10,7371,2608132237,2608132238,1,,S,S3,Backnang|Maubach|Nellmersbach|Winnenden|Schwaikheim|Neustadt-Hohenacker|Waiblingen|Fellbach|Stuttgart-Sommerrain,8004357,Stuttgart Nürnberger Straße,Baden-Württemberg,Stuttgart,70374,9.234576905,48.80656062,5,2608132237,,2608132238,,,,,,,,,,,0.0,0.0
-8048880738506136448-2608132212-3,7368,2608132222,2608132222,4,,S,S3,Stuttgart Hbf|Stuttgart-Bad Cannstatt,8004357,Stuttgart Nürnberger Straße,Baden-Württemberg,Stuttgart,70374,9.234576905,48.80656062,5,2608132237,,2608132237,,,,,,,,,,,15.0,15.0
2890455660221075834-2608132133-13,7269,2608132202,2608132203,1,,S,S2,Schorndorf|Weiler(Rems)|Winterbach(b Schorndorf)|Geradstetten|Grunbach|Beutelsbach|Endersbach|Stetten-Beinstein|Rommelshausen|Waiblingen|Fellbach|Stuttgart-Sommerrain,8004357,Stuttgart Nürnberger Straße,Baden-Württemberg,Stuttgart,70374,9.234576905,48.80656062,5,2608132202,,2608132203,,h,1,Bauarbeiten,,,,,,,0.0,0.0
-547796110281084784-2608132242-3,7370,2608132252,2608132252,4,,S,S3,Stuttgart Hbf|Stuttgart-Bad Cannstatt,8004357,Stuttgart Nürnberger Straße,Baden-Württemberg,Stuttgart,70374,9.234576905,48.80656062,5,2608132252,,2608132252,,,,,,,,,,,0.0,0.0
-2344980071254063452-2608132250-3,7270,2608132257,2608132257,4,,S,S2,Stuttgart Hbf|Stuttgart-Bad Cannstatt,8004357,Stuttgart Nürnberger Straße,Baden-Württemberg,Stuttgart,70374,9.234576905,48.80656062,5,2608132257,,2608132258,,h,1,Bauarbeiten,,,,,,,0.0,1.0
970449513727673732-2608132141-11,7369,2608132211,2608132213,2,,S,S3,Backnang|Maubach|Nellmersbach|Winnenden|Schwaikheim|Neustadt-Hohenacker|Waiblingen|Fellbach|Stuttgart-Sommerrain|Stuttgart Nürnberger Str.,8005769,Stuttgart-Bad Cannstatt,Baden-Württemberg,Stuttgart,70372,9.217468636,48.80127978,3,2608132212,,2608132213,,,,,,,,,,,1.0,0.0
1678705542121602631-2608132203-14,7271,2608132235,2608132236,2,,S,S2,Schorndorf|Weiler(Rems)|Winterbach(b Schorndorf)|Geradstetten|Grunbach|Beutelsbach|Endersbach|Stetten-Beinstein|Rommelshausen|Waiblingen|Fellbach|Stuttgart-Sommerrain|Stuttgart Nürnberger Str.,8005769,Stuttgart-Bad Cannstatt,Baden-Württemberg,Stuttgart,70372,9.217468636,48.80127978,3,2608132237,,2608132238,,h,1,Bauarbeiten,,,,,,,2.0,2.0
-7428821271354105071-2608132148-3,19358,2608132202,2608132208,5,,RE,MEX12,Plochingen|Esslingen(Neckar),8005769,Stuttgart-Bad Cannstatt,Baden-Württemberg,Stuttgart,70372,9.217468636,48.80127978,3,2608132210,1,2608132211,1,h,2,Störung,,,,,,,8.0,3.0
-4551028339435730742-2608132220-2,7268,2608132224,2608132224,3,,S,S2,Stuttgart Hbf,8005769,Stuttgart-Bad Cannstatt,Baden-Württemberg,Stuttgart,70372,9.217468636,48.80127978,3,2608132224,,2608132224,,h,1,Bauarbeiten,,,,,,,0.0,0.0
-8852443673651347122-2608132226-2,17559,2608132229,2608132230,7,,RB,MEX19,Stuttgart Hbf,8005769,Stuttgart-Bad Cannstatt,Baden-Württemberg,Stuttgart,70372,9.217468636,48.80127978,3,2608132232,,2608132233,,,,,,,,,,,3.0,3.0
-8310073774768201786-2608132132-10,17566,2608132228,2608132228,6,,RB,MEX19,Gaildorf West|Fichtenberg|Fornsbach|Murrhardt|Sulzbach(Murr)|Oppenweiler(Württ)|Backnang|Winnenden|Waiblingen,8005769,Stuttgart-Bad Cannstatt,Baden-Württemberg,Stuttgart,70372,9.217468636,48.80127978,3,2608132247,,2608132249,,,,,,,,,,,19.0,21.0
6004078165100865350-2608132036-21,19176,2608132212,2608132212,5,,ARV,MEX16,Ulm Hbf|Beimerstetten|Westerstetten|Lonsee|Urspring|Amstetten(Württ)|Geislingen(Steige)|Geislingen(Steige)West|Kuchen|Gingen(Fils)|Süßen|Salach|Eislingen(Fils)|Göppingen|Faurndau|Uhingen|Ebersbach(Fils)|Reichenbach(Fils)|Plochingen|Esslingen(Neckar),8005769,Stuttgart-Bad Cannstatt,Baden-Württemberg,Stuttgart,70372,9.217468636,48.80127978,3,2608132218,1,2608132219,1,,,,,,,,,,6.0,7.0
-8289701104022316843-2608132225-2,7170,2608132228,2608132229,3,,S,S1,Stuttgart Hbf,8005769,Stuttgart-Bad Cannstatt,Baden-Württemberg,Stuttgart,70372,9.217468636,48.80127978,3,2608132230,,2608132231,,h,1,Störung,,,,,,,2.0,2.0
-3445452492494242164-2608132220-2,19487,2608132224,2608132225,7,,ARV,MEX13,Stuttgart Hbf,8005769,Stuttgart-Bad Cannstatt,Baden-Württemberg,Stuttgart,70372,9.217468636,48.80127978,3,2608132228,,2608132229,,,,,,,,,,,4.0,4.0
4129986010683108750-2608132211-11,7371,2608132241,2608132243,2,,S,S3,Backnang|Maubach|Nellmersbach|Winnenden|Schwaikheim|Neustadt-Hohenacker|Waiblingen|Fellbach|Stuttgart-Sommerrain|Stuttgart Nürnberger Str.,8005769,Stuttgart-Bad Cannstatt,Baden-Württemberg,Stuttgart,70372,9.217468636,48.80127978,3,2608132241,,2608132243,,,,,,,,,,,0.0,0.0
1733518000541873569-2608132150-14,7171,2608132230,2608132231,2,,S,S1,Kirchheim(Teck)|Kirchheim(Teck)-Ötlingen|Wendlingen(Neckar)|Wernau(Neckar)|Plochingen|Altbach|Esslingen-Zell|Oberesslingen|Esslingen(Neckar)|Esslingen-Mettingen|Stuttgart-Obertürkheim|Stuttgart-Untertürkheim|Stuttgart Neckarpark,8005769,Stuttgart-Bad Cannstatt,Baden-Württemberg,Stuttgart,70372,9.217468636,48.80127978,3,2608132231,,2608132231,,h,1,Störung,,,,,,,1.0,0.0
-8048880738506136448-2608132212-2,7368,2608132216,2608132219,3,,S,S3,Stuttgart Hbf,8005769,Stuttgart-Bad Cannstatt,Baden-Württemberg,Stuttgart,70372,9.217468636,48.80127978,3,2608132233,,2608132234,,,,,,,,,,,17.0,15.0
-5197983836264116534-2608132255-2,7172,2608132258,2608132259,3,,S,S1,Stuttgart Hbf,8005769,Stuttgart-Bad Cannstatt,Baden-Württemberg,Stuttgart,70372,9.217468636,48.80127978,3,2608132300,,2608132300,,h,1,Störung,,,,,,,2.0,1.0
6185396702802963793-2608132113-17,19488,2608132235,2608132235,6,,ARV,MEX13,Ellwangen|Schrezheim|Schwabsberg|Goldshöfe|Hofen(b Aalen)|Wasseralfingen|Aalen Hbf|Mögglingen(Gmünd)|Böbingen(Rems)|Schwäbisch Gmünd|Lorch(Württ)|Waldhausen(b Schorndorf)|Plüderhausen|Urbach(b Schorndorf)|Schorndorf|Waiblingen,8005769,Stuttgart-Bad Cannstatt,Baden-Württemberg,Stuttgart,70372,9.217468636,48.80127978,3,2608132235,,2608132235,,,,,,,,,c,c,0.0,0.0
-7917245534189458014-2608132255-2,17561,2608132258,2608132300,7,,RB,MEX90,Stuttgart Hbf,8005769,Stuttgart-Bad Cannstatt,Baden-Württemberg,Stuttgart,70372,9.217468636,48.80127978,3,2608132300,,2608132301,,,,,,,,,,,2.0,1.0
-7360274571550422195-2608132148-15,19178,2608132246,2608132249,5,,ARV,MEX16,Geislingen(Steige)|Geislingen(Steige)West|Kuchen|Gingen(Fils)|Süßen|Salach|Eislingen(Fils)|Göppingen|Faurndau|Uhingen|Ebersbach(Fils)|Reichenbach(Fils)|Plochingen|Esslingen(Neckar),8005769,Stuttgart-Bad Cannstatt,Baden-Württemberg,Stuttgart,70372,9.217468636,48.80127978,3,2608132249,,2608132252,,,,,,,,,,,3.0,3.0
9093668252534102509-2608132204-2,19179,2608132207,2608132208,8,,ARV,MEX16,Stuttgart Hbf,8005769,Stuttgart-Bad Cannstatt,Baden-Württemberg,Stuttgart,70372,9.217468636,48.80127978,3,2608132219,4,2608132220,4,,,,,,,,,,12.0,12.0
262818894561514456-2608132242-2,19181,2608132245,2608132246,8,,ARV,MEX16,Stuttgart Hbf,8005769,Stuttgart-Bad Cannstatt,Baden-Württemberg,Stuttgart,70372,9.217468636,48.80127978,3,2608132250,4,2608132250,4,,,,,,,,,,5.0,4.0
2890455660221075834-2608132133-14,7269,2608132205,2608132206,2,,S,S2,Schorndorf|Weiler(Rems)|Winterbach(b Schorndorf)|Geradstetten|Grunbach|Beutelsbach|Endersbach|Stetten-Beinstein|Rommelshausen|Waiblingen|Fellbach|Stuttgart-Sommerrain|Stuttgart Nürnberger Str.,8005769,Stuttgart-Bad Cannstatt,Baden-Württemberg,Stuttgart,70372,9.217468636,48.80127978,3,2608132206,,2608132209,,h,1,Bauarbeiten,,,,,,,1.0,3.0
4357443539708976180-2608132107-11,19440,2608132205,2608132205,6,,ARV,MEX13,Aalen Hbf|Mögglingen(Gmünd)|Böbingen(Rems)|Schwäbisch Gmünd|Lorch(Württ)|Waldhausen(b Schorndorf)|Plüderhausen|Urbach(b Schorndorf)|Schorndorf|Waiblingen,8005769,Stuttgart-Bad Cannstatt,Baden-Württemberg,Stuttgart,70372,9.217468636,48.80127978,3,2608132208,,2608132214,,,,,,,,,,,3.0,9.0
-547796110281084784-2608132242-2,7370,2608132246,2608132249,3,,S,S3,Stuttgart Hbf,8005769,Stuttgart-Bad Cannstatt,Baden-Württemberg,Stuttgart,70372,9.217468636,48.80127978,3,2608132246,,2608132249,,,,,,,,,,,0.0,0.0
205536001243633238-2608132155-2,88649,2608132158,2608132201,7,,ARV,RE90,Stuttgart Hbf,8005769,Stuttgart-Bad Cannstatt,Baden-Württemberg,Stuttgart,70372,9.217468636,48.80127978,3,2608132209,,2608132210,,h,2,Information,,,,,,,11.0,9.0
2747979635293713225-2608132249-2,19439,2608132252,2608132253,7,,ARV,MEX13,Stuttgart Hbf,8005769,Stuttgart-Bad Cannstatt,Baden-Württemberg,Stuttgart,70372,9.217468636,48.80127978,3,2608132253,,2608132254,,,,,,,,,,,1.0,1.0
-1445914617040136913-2608132120-14,7169,2608132200,2608132201,2,,S,S1,Kirchheim(Teck)|Kirchheim(Teck)-Ötlingen|Wendlingen(Neckar)|Wernau(Neckar)|Plochingen|Altbach|Esslingen-Zell|Oberesslingen|Esslingen(Neckar)|Esslingen-Mettingen|Stuttgart-Obertürkheim|Stuttgart-Untertürkheim|Stuttgart Neckarpark,8005769,Stuttgart-Bad Cannstatt,Baden-Württemberg,Stuttgart,70372,9.217468636,48.80127978,3,2608132213,1,2608132216,1,h,1,Störung,,,,,,,13.0,15.0
-2344980071254063452-2608132250-2,7270,2608132254,2608132254,3,,S,S2,Stuttgart Hbf,8005769,Stuttgart-Bad Cannstatt,Baden-Württemberg,Stuttgart,70372,9.217468636,48.80127978,3,2608132254,,2608132255,,h,1,Bauarbeiten,,,,,,,0.0,1.0
-2632866688536035300-2608132215-10,7471,2608132246,2608132247,1,,S,S4,Kirchberg(Murr)|Erdmannhausen|Marbach(Neckar)|Benningen(Neckar)|Freiberg(Neckar)|Favoritepark|Ludwigsburg|Kornwestheim Pbf|Stuttgart-Zuffenhausen,8005770,Stuttgart-Feuerbach,Baden-Württemberg,Feuerbach,70469,9.169186287,48.81363554,3,2608132247,,2608132247,,h,1,Bauarbeiten,,,,,,,1.0,0.0
5487749718307029214-2608132227-3,7570,2608132233,2608132234,2,,S,S5,Stuttgart Hbf|Stuttgart Nordbahnhof,8005770,Stuttgart-Feuerbach,Baden-Württemberg,Feuerbach,70469,9.169186287,48.81363554,3,2608132235,,2608132236,,,,,,,,,,,2.0,2.0
1392739293391106860-2608132207-7,7571,2608132226,2608132226,1,,S,S5,Bietigheim-Bissingen|Tamm(Württ)|Asperg|Ludwigsburg|Kornwestheim Pbf|Stuttgart-Zuffenhausen,8005770,Stuttgart-Feuerbach,Baden-Württemberg,Feuerbach,70469,9.169186287,48.81363554,3,2608132226,,2608132226,,,,,,,,,,,0.0,0.0
5891323909249949515-2608132247-3,7670,2608132254,2608132254,2,,S,S6,Stuttgart Hbf|Stuttgart Nordbahnhof,8005770,Stuttgart-Feuerbach,Baden-Württemberg,Feuerbach,70469,9.169186287,48.81363554,3,2608132254,,2608132254,,,,,,,,,,,0.0,0.0
-2631007370516690844-2608132157-3,7568,2608132203,2608132204,2,,S,S5,Stuttgart Hbf|Stuttgart Nordbahnhof,8005770,Stuttgart-Feuerbach,Baden-Württemberg,Feuerbach,70469,9.169186287,48.81363554,3,2608132204,,2608132204,,,,,,,,,,,1.0,0.0
-4129909752986717170-2608132133-12,7669,2608132206,2608132206,1,,S,S6,Weil der Stadt|Malmsheim|Renningen|Rutesheim|Leonberg|Höfingen|Ditzingen|Weilimdorf|Korntal|Neuwirtshaus(Porscheplatz)|Stuttgart-Zuffenhausen,8005770,Stuttgart-Feuerbach,Baden-Württemberg,Feuerbach,70469,9.169186287,48.81363554,3,2608132209,,2608132209,,,,,,,,,,,3.0,3.0
4849862255928168199-2608132207-3,7466,2608132213,2608132214,2,,S,S4,Stuttgart Hbf|Stuttgart Nordbahnhof,8005770,Stuttgart-Feuerbach,Baden-Württemberg,Feuerbach,70469,9.169186287,48.81363554,3,2608132213,,2608132214,,h,1,Bauarbeiten,,,,,,,0.0,0.0
3766048702884366970-2608132155-8,7469,2608132216,2608132217,1,,S,S4,Marbach(Neckar)|Benningen(Neckar)|Freiberg(Neckar)|Favoritepark|Ludwigsburg|Kornwestheim Pbf|Stuttgart-Zuffenhausen,8005770,Stuttgart-Feuerbach,Baden-Württemberg,Feuerbach,70469,9.169186287,48.81363554,3,2608132217,,2608132218,,h,1,Bauarbeiten,,,,,,,1.0,1.0
6529146617493703402-2608132203-12,7671,2608132236,2608132236,1,,S,S6,Weil der Stadt|Malmsheim|Renningen|Rutesheim|Leonberg|Höfingen|Ditzingen|Weilimdorf|Korntal|Neuwirtshaus(Porscheplatz)|Stuttgart-Zuffenhausen,8005770,Stuttgart-Feuerbach,Baden-Württemberg,Feuerbach,70469,9.169186287,48.81363554,3,2608132236,,2608132236,,,,,,,,,,,0.0,0.0
-9133197457517218638-2608132237-3,7468,2608132243,2608132244,2,,S,S4,Stuttgart Hbf|Stuttgart Nordbahnhof,8005770,Stuttgart-Feuerbach,Baden-Württemberg,Feuerbach,70469,9.169186287,48.81363554,3,2608132243,,2608132244,,h,1,Bauarbeiten,,,,,,,0.0,0.0
6983633546019374877-2608132217-3,7668,2608132224,2608132224,2,,S,S6,Stuttgart Hbf|Stuttgart Nordbahnhof,8005770,Stuttgart-Feuerbach,Baden-Württemberg,Feuerbach,70469,9.169186287,48.81363554,3,2608132224,,2608132224,,,,,,,,,,,0.0,0.0
2526364121907765436-2608132237-7,7573,2608132256,2608132256,1,,S,S5,Bietigheim-Bissingen|Tamm(Württ)|Asperg|Ludwigsburg|Kornwestheim Pbf|Stuttgart-Zuffenhausen,8005770,Stuttgart-Feuerbach,Baden-Württemberg,Feuerbach,70469,9.169186287,48.81363554,3,2608132256,,2608132256,,,,,,,,,,,0.0,0.0
-8289701104022316843-2608132225-5,7170,2608132237,2608132237,6,,S,S1,Stuttgart Hbf|Stuttgart-Bad Cannstatt|Stuttgart Neckarpark|Stuttgart-Untertürkheim,8005772,Stuttgart-Obertürkheim,Baden-Württemberg,Stuttgart,70329,9.268167932,48.76175015,4,2608132238,,2608132238,,h,1,Störung,,,,,,,1.0,1.0
5680698672680243057-2608132155-5,7168,2608132207,2608132207,6,,S,S1,Stuttgart Hbf|Stuttgart-Bad Cannstatt|Stuttgart Neckarpark|Stuttgart-Untertürkheim,8005772,Stuttgart-Obertürkheim,Baden-Württemberg,Stuttgart,70329,9.268167932,48.76175015,4,2608132217,,2608132218,,h,1,Störung,,,,,,,10.0,11.0
-3862696523251175756-2608132220-11,7173,2608132252,2608132252,5,,S,S1,Kirchheim(Teck)|Kirchheim(Teck)-Ötlingen|Wendlingen(Neckar)|Wernau(Neckar)|Plochingen|Altbach|Esslingen-Zell|Oberesslingen|Esslingen(Neckar)|Esslingen-Mettingen,8005772,Stuttgart-Obertürkheim,Baden-Württemberg,Stuttgart,70329,9.268167932,48.76175015,4,2608132257,,2608132257,,h,1,Störung,,,,,,,5.0,5.0
1733518000541873569-2608132150-11,7171,2608132222,2608132222,5,,S,S1,Kirchheim(Teck)|Kirchheim(Teck)-Ötlingen|Wendlingen(Neckar)|Wernau(Neckar)|Plochingen|Altbach|Esslingen-Zell|Oberesslingen|Esslingen(Neckar)|Esslingen-Mettingen,8005772,Stuttgart-Obertürkheim,Baden-Württemberg,Stuttgart,70329,9.268167932,48.76175015,4,2608132224,,2608132224,,h,1,Störung,,,,,,,2.0,2.0
800896748119483466-2608132146-8,7770,2608132207,2608132208,3,,S,S1,Herrenberg|Nufringen|Gärtringen|Ehningen(b Böblingen)|Hulb|Böblingen|Goldberg(Württ),8005773,Stuttgart-Rohr,Baden-Württemberg,Stuttgart,70565,9.108158025,48.71799427,4,2608132209,,2608132209,,,,,,,,,,,2.0,1.0
9054264954005564040-2608132233-6,7970,2608132248,2608132249,3,,S,S2,Filderstadt|Stuttgart Flughafen/Messe|Echterdingen|Leinfelden|Oberaichen,8005773,Stuttgart-Rohr,Baden-Württemberg,Stuttgart,70565,9.108158025,48.71799427,4,2608132248,,2608132249,,,,,,,,,,,0.0,0.0
2382757692606580950-2608132246-2,7771,2608132247,2608132253,2,,S,S1,Stuttgart-Vaihingen,8005773,Stuttgart-Rohr,Baden-Württemberg,Stuttgart,70565,9.108158025,48.71799427,4,2608132248,,2608132253,,,,,,,,,,,1.0,0.0
338068933768812202-2608132203-6,7968,2608132218,2608132219,3,,S,S2,Filderstadt|Stuttgart Flughafen/Messe|Echterdingen|Leinfelden|Oberaichen,8005773,Stuttgart-Rohr,Baden-Württemberg,Stuttgart,70565,9.108158025,48.71799427,4,2608132218,,2608132219,,,,,,,,,,,0.0,0.0
8692377122300507754-2608132216-2,7769,2608132217,2608132223,2,,S,S1,Stuttgart-Vaihingen,8005773,Stuttgart-Rohr,Baden-Württemberg,Stuttgart,70565,9.108158025,48.71799427,4,2608132217,,2608132223,,,,,,,,,,,0.0,0.0
-7358812942002748149-2608132216-8,7772,2608132237,2608132238,3,,S,S1,Herrenberg|Nufringen|Gärtringen|Ehningen(b Böblingen)|Hulb|Böblingen|Goldberg(Württ),8005773,Stuttgart-Rohr,Baden-Württemberg,Stuttgart,70565,9.108158025,48.71799427,4,2608132240,,2608132240,,,,,,,,,,,3.0,2.0
1753360474053316398-2608132205-2,7969,2608132206,2608132212,2,,S,S2,Stuttgart-Vaihingen,8005773,Stuttgart-Rohr,Baden-Württemberg,Stuttgart,70565,9.108158025,48.71799427,4,2608132206,,2608132212,,,,,,,,,,,0.0,0.0
-3981841348437772783-2608132235-2,7971,2608132236,2608132242,2,,S,S2,Stuttgart-Vaihingen,8005773,Stuttgart-Rohr,Baden-Württemberg,Stuttgart,70565,9.108158025,48.71799427,4,2608132237,,2608132242,,,,,,,,,,,1.0,0.0
970449513727673732-2608132141-9,7369,2608132205,2608132205,1,,S,S3,Backnang|Maubach|Nellmersbach|Winnenden|Schwaikheim|Neustadt-Hohenacker|Waiblingen|Fellbach,8005774,Stuttgart-Sommerrain,Baden-Württemberg,Stuttgart,70374,9.248369749,48.81521824,5,2608132206,,2608132207,,,,,,,,,,,1.0,2.0
1678705542121602631-2608132203-12,7271,2608132230,2608132230,1,,S,S2,Schorndorf|Weiler(Rems)|Winterbach(b Schorndorf)|Geradstetten|Grunbach|Beutelsbach|Endersbach|Stetten-Beinstein|Rommelshausen|Waiblingen|Fellbach,8005774,Stuttgart-Sommerrain,Baden-Württemberg,Stuttgart,70374,9.248369749,48.81521824,5,2608132230,,2608132231,,h,1,Bauarbeiten,,,,,,,0.0,1.0
-4551028339435730742-2608132220-4,7268,2608132229,2608132229,4,,S,S2,Stuttgart Hbf|Stuttgart-Bad Cannstatt|Stuttgart Nürnberger Str.,8005774,Stuttgart-Sommerrain,Baden-Württemberg,Stuttgart,70374,9.248369749,48.81521824,5,2608132229,,2608132229,,h,1,Bauarbeiten,,,,,,,0.0,0.0
4129986010683108750-2608132211-9,7371,2608132235,2608132235,1,,S,S3,Backnang|Maubach|Nellmersbach|Winnenden|Schwaikheim|Neustadt-Hohenacker|Waiblingen|Fellbach,8005774,Stuttgart-Sommerrain,Baden-Württemberg,Stuttgart,70374,9.248369749,48.81521824,5,2608132235,,2608132235,,,,,,,,,,,0.0,0.0
-8048880738506136448-2608132212-4,7368,2608132224,2608132224,4,,S,S3,Stuttgart Hbf|Stuttgart-Bad Cannstatt|Stuttgart Nürnberger Str.,8005774,Stuttgart-Sommerrain,Baden-Württemberg,Stuttgart,70374,9.248369749,48.81521824,5,2608132239,,2608132239,,,,,,,,,,,15.0,15.0
2890455660221075834-2608132133-12,7269,2608132200,2608132200,1,,S,S2,Schorndorf|Weiler(Rems)|Winterbach(b Schorndorf)|Geradstetten|Grunbach|Beutelsbach|Endersbach|Stetten-Beinstein|Rommelshausen|Waiblingen|Fellbach,8005774,Stuttgart-Sommerrain,Baden-Württemberg,Stuttgart,70374,9.248369749,48.81521824,5,2608132200,,2608132200,,h,1,Bauarbeiten,,,,,,,0.0,0.0
-547796110281084784-2608132242-4,7370,2608132254,2608132254,4,,S,S3,Stuttgart Hbf|Stuttgart-Bad Cannstatt|Stuttgart Nürnberger Str.,8005774,Stuttgart-Sommerrain,Baden-Württemberg,Stuttgart,70374,9.248369749,48.81521824,5,2608132254,,2608132255,,,,,,,,,,,0.0,1.0
-2344980071254063452-2608132250-4,7270,2608132259,2608132259,4,,S,S2,Stuttgart Hbf|Stuttgart-Bad Cannstatt|Stuttgart Nürnberger Str.,8005774,Stuttgart-Sommerrain,Baden-Württemberg,Stuttgart,70374,9.248369749,48.81521824,5,2608132300,,2608132300,,h,1,Bauarbeiten,,,,,,,1.0,1.0
-8289701104022316843-2608132225-4,7170,2608132234,2608132234,6,,S,S1,Stuttgart Hbf|Stuttgart-Bad Cannstatt|Stuttgart Neckarpark,8005775,Stuttgart-Untertürkheim Pbf,Baden-Württemberg,Stuttgart,70327,9.250467074,48.77984679,3,2608132235,,2608132235,,h,1,Störung,,,,,,,1.0,1.0
5680698672680243057-2608132155-4,7168,2608132204,2608132204,6,,S,S1,Stuttgart Hbf|Stuttgart-Bad Cannstatt|Stuttgart Neckarpark,8005775,Stuttgart-Untertürkheim Pbf,Baden-Württemberg,Stuttgart,70327,9.250467074,48.77984679,3,2608132214,,2608132215,,h,1,Störung,,,,,,,10.0,11.0
-3862696523251175756-2608132220-12,7173,2608132255,2608132255,5,,S,S1,Kirchheim(Teck)|Kirchheim(Teck)-Ötlingen|Wendlingen(Neckar)|Wernau(Neckar)|Plochingen|Altbach|Esslingen-Zell|Oberesslingen|Esslingen(Neckar)|Esslingen-Mettingen|Stuttgart-Obertürkheim,8005775,Stuttgart-Untertürkheim Pbf,Baden-Württemberg,Stuttgart,70327,9.250467074,48.77984679,3,2608132300,,2608132301,,h,1,Störung,,,,,,,5.0,6.0
1733518000541873569-2608132150-12,7171,2608132225,2608132225,5,,S,S1,Kirchheim(Teck)|Kirchheim(Teck)-Ötlingen|Wendlingen(Neckar)|Wernau(Neckar)|Plochingen|Altbach|Esslingen-Zell|Oberesslingen|Esslingen(Neckar)|Esslingen-Mettingen|Stuttgart-Obertürkheim,8005775,Stuttgart-Untertürkheim Pbf,Baden-Württemberg,Stuttgart,70327,9.250467074,48.77984679,3,2608132226,,2608132226,,h,1,Störung,,,,,,,1.0,1.0
800896748119483466-2608132146-9,7770,2608132210,,3,,S,,Herrenberg|Nufringen|Gärtringen|Ehningen(b Böblingen)|Hulb|Böblingen|Goldberg(Württ)|Stuttgart-Rohr,8005776,Stuttgart-Vaihingen,Baden-Württemberg,Stuttgart,70563,9.113913368,48.72698116,3,2608132211,,,,,,,,,,,,,1.0,0.0
9054264954005564040-2608132233-7,7970,2608132250,,2,,S,,Filderstadt|Stuttgart Flughafen/Messe|Echterdingen|Leinfelden|Oberaichen|Stuttgart-Rohr,8005776,Stuttgart-Vaihingen,Baden-Württemberg,Stuttgart,70563,9.113913368,48.72698116,3,2608132250,,,,,,,,,,,,,0.0,0.0
2382757692606580950-2608132246-1,7771,,2608132246,,,S,S1,,8005776,Stuttgart-Vaihingen,Baden-Württemberg,Stuttgart,70563,9.113913368,48.72698116,3,,,2608132246,,,,,,,,,,,0.0,0.0
338068933768812202-2608132203-7,7968,2608132220,,2,,S,,Filderstadt|Stuttgart Flughafen/Messe|Echterdingen|Leinfelden|Oberaichen|Stuttgart-Rohr,8005776,Stuttgart-Vaihingen,Baden-Württemberg,Stuttgart,70563,9.113913368,48.72698116,3,2608132220,,,,,,,,,,,,,0.0,0.0
8692377122300507754-2608132216-1,7769,,2608132216,,,S,S1,,8005776,Stuttgart-Vaihingen,Baden-Württemberg,Stuttgart,70563,9.113913368,48.72698116,3,,,2608132216,,,,,,,,,,,0.0,0.0
-7358812942002748149-2608132216-9,7772,2608132240,,3,,S,,Herrenberg|Nufringen|Gärtringen|Ehningen(b Böblingen)|Hulb|Böblingen|Goldberg(Württ)|Stuttgart-Rohr,8005776,Stuttgart-Vaihingen,Baden-Württemberg,Stuttgart,70563,9.113913368,48.72698116,3,2608132242,,,,,,,,,,,,,2.0,0.0
1753360474053316398-2608132205-1,7969,,2608132205,,,S,S2,,8005776,Stuttgart-Vaihingen,Baden-Württemberg,Stuttgart,70563,9.113913368,48.72698116,3,,,2608132205,,,,,,,,,,,0.0,0.0
7103020090421453846-2608132217-2,17677,2608132231,2608132231,1,,RE,RE14a,Stuttgart Hbf,8005776,Stuttgart-Vaihingen,Baden-Württemberg,Stuttgart,70563,9.113913368,48.72698116,3,2608132235,,2608132236,,,,,,,,,,,4.0,5.0
-3981841348437772783-2608132235-1,7971,,2608132235,,,S,S2,,8005776,Stuttgart-Vaihingen,Baden-Württemberg,Stuttgart,70563,9.113913368,48.72698116,3,,,2608132235,,,,,,,,,,,0.0,0.0
-8768743806902916019-2608132233-8,7673,2608132256,2608132256,2,,S,S6,Weil der Stadt|Malmsheim|Renningen|Rutesheim|Leonberg|Höfingen|Ditzingen,8006268,Stuttgart-Weilimdorf,Baden-Württemberg,Stuttgart,70499,9.094370086,48.82208429,5,2608132258,,2608132258,,,,,,,,,,,2.0,2.0
6529146617493703402-2608132203-8,7671,2608132226,2608132226,2,,S,S6,Weil der Stadt|Malmsheim|Renningen|Rutesheim|Leonberg|Höfingen|Ditzingen,8006268,Stuttgart-Weilimdorf,Baden-Württemberg,Stuttgart,70499,9.094370086,48.82208429,5,2608132226,,2608132226,,,,,,,,,,,0.0,0.0
6737611286015741642-2608132147-7,7666,2608132203,2608132204,1,,S,S6,Stuttgart Hbf|Stuttgart Nordbahnhof|Stuttgart-Feuerbach|Stuttgart-Zuffenhausen|Neuwirtshaus(Porscheplatz)|Korntal,8006268,Stuttgart-Weilimdorf,Baden-Württemberg,Stuttgart,70499,9.094370086,48.82208429,5,2608132205,,2608132205,,,,,,,,,,,2.0,1.0
6983633546019374877-2608132217-7,7668,2608132233,2608132234,1,,S,S6,Stuttgart Hbf|Stuttgart Nordbahnhof|Stuttgart-Feuerbach|Stuttgart-Zuffenhausen|Neuwirtshaus(Porscheplatz)|Korntal,8006268,Stuttgart-Weilimdorf,Baden-Württemberg,Stuttgart,70499,9.094370086,48.82208429,5,2608132233,,2608132234,,,,,,,,,,,0.0,0.0
-2632866688536035300-2608132215-9,7471,2608132243,2608132244,2,,S,S4,Kirchberg(Murr)|Erdmannhausen|Marbach(Neckar)|Benningen(Neckar)|Freiberg(Neckar)|Favoritepark|Ludwigsburg|Kornwestheim Pbf,8005778,Stuttgart-Zuffenhausen,Baden-Württemberg,Stuttgart,70435,9.167156375,48.82960884,3,2608132244,,2608132245,,h,1,Bauarbeiten,,,,,,,1.0,1.0
5487749718307029214-2608132227-4,7570,2608132236,2608132237,4,,S,S5,Stuttgart Hbf|Stuttgart Nordbahnhof|Stuttgart-Feuerbach,8005778,Stuttgart-Zuffenhausen,Baden-Württemberg,Stuttgart,70435,9.167156375,48.82960884,3,2608132238,,2608132239,,,,,,,,,,,2.0,2.0
1392739293391106860-2608132207-6,7571,2608132223,2608132224,2,,S,S5,Bietigheim-Bissingen|Tamm(Württ)|Asperg|Ludwigsburg|Kornwestheim Pbf,8005778,Stuttgart-Zuffenhausen,Baden-Württemberg,Stuttgart,70435,9.167156375,48.82960884,3,2608132223,,2608132224,,,,,,,,,,,0.0,0.0
5891323909249949515-2608132247-4,7670,2608132256,2608132257,11,,S,S6,Stuttgart Hbf|Stuttgart Nordbahnhof|Stuttgart-Feuerbach,8005778,Stuttgart-Zuffenhausen,Baden-Württemberg,Stuttgart,70435,9.167156375,48.82960884,3,2608132256,,2608132257,,,,,,,,,,,0.0,0.0
-2631007370516690844-2608132157-4,7568,2608132206,2608132207,4,,S,S5,Stuttgart Hbf|Stuttgart Nordbahnhof|Stuttgart-Feuerbach,8005778,Stuttgart-Zuffenhausen,Baden-Württemberg,Stuttgart,70435,9.167156375,48.82960884,3,2608132206,,2608132207,,,,,,,,,,,0.0,0.0
-4129909752986717170-2608132133-11,7669,2608132203,2608132204,12,,S,S6,Weil der Stadt|Malmsheim|Renningen|Rutesheim|Leonberg|Höfingen|Ditzingen|Weilimdorf|Korntal|Neuwirtshaus(Porscheplatz),8005778,Stuttgart-Zuffenhausen,Baden-Württemberg,Stuttgart,70435,9.167156375,48.82960884,3,2608132206,,2608132207,,,,,,,,,,,3.0,3.0
4849862255928168199-2608132207-4,7466,2608132216,2608132217,4,,S,S4,Stuttgart Hbf|Stuttgart Nordbahnhof|Stuttgart-Feuerbach,8005778,Stuttgart-Zuffenhausen,Baden-Württemberg,Stuttgart,70435,9.167156375,48.82960884,3,2608132216,,2608132217,,h,1,Bauarbeiten,,,,,,,0.0,0.0
3766048702884366970-2608132155-7,7469,2608132213,2608132214,2,,S,S4,Marbach(Neckar)|Benningen(Neckar)|Freiberg(Neckar)|Favoritepark|Ludwigsburg|Kornwestheim Pbf,8005778,Stuttgart-Zuffenhausen,Baden-Württemberg,Stuttgart,70435,9.167156375,48.82960884,3,2608132214,,2608132215,,h,1,Bauarbeiten,,,,,,,1.0,1.0
6529146617493703402-2608132203-11,7671,2608132233,2608132234,12,,S,S6,Weil der Stadt|Malmsheim|Renningen|Rutesheim|Leonberg|Höfingen|Ditzingen|Weilimdorf|Korntal|Neuwirtshaus(Porscheplatz),8005778,Stuttgart-Zuffenhausen,Baden-Württemberg,Stuttgart,70435,9.167156375,48.82960884,3,2608132233,,2608132234,,,,,,,,,,,0.0,0.0
-9133197457517218638-2608132237-4,7468,2608132246,2608132247,4,,S,S4,Stuttgart Hbf|Stuttgart Nordbahnhof|Stuttgart-Feuerbach,8005778,Stuttgart-Zuffenhausen,Baden-Württemberg,Stuttgart,70435,9.167156375,48.82960884,3,2608132246,,2608132247,,h,1,Bauarbeiten,,,,,,,0.0,0.0
6983633546019374877-2608132217-4,7668,2608132226,2608132227,11,,S,S6,Stuttgart Hbf|Stuttgart Nordbahnhof|Stuttgart-Feuerbach,8005778,Stuttgart-Zuffenhausen,Baden-Württemberg,Stuttgart,70435,9.167156375,48.82960884,3,2608132226,,2608132227,,,,,,,,,,,0.0,0.0
2526364121907765436-2608132237-6,7573,2608132253,2608132254,2,,S,S5,Bietigheim-Bissingen|Tamm(Württ)|Asperg|Ludwigsburg|Kornwestheim Pbf,8005778,Stuttgart-Zuffenhausen,Baden-Württemberg,Stuttgart,70435,9.167156375,48.82960884,3,2608132253,,2608132254,,,,,,,,,,,0.0,0.0
5487749718307029214-2608132227-8,7570,2608132250,2608132250,3,,S,S5,Stuttgart Hbf|Stuttgart Nordbahnhof|Stuttgart-Feuerbach|Stuttgart-Zuffenhausen|Kornwestheim Pbf|Ludwigsburg|Asperg,8005820,Tamm (Württ),Baden-Württemberg,Tamm,71732,9.125288012,48.92187736,4,2608132252,,2608132252,,,,,,,,,,,2.0,2.0
1392739293391106860-2608132207-2,7571,2608132210,2608132210,2,,S,S5,Bietigheim-Bissingen,8005820,Tamm (Württ),Baden-Württemberg,Tamm,71732,9.125288012,48.92187736,4,2608132210,,2608132210,,,,,,,,,,,0.0,0.0
-2631007370516690844-2608132157-8,7568,2608132220,2608132220,3,,S,S5,Stuttgart Hbf|Stuttgart Nordbahnhof|Stuttgart-Feuerbach|Stuttgart-Zuffenhausen|Kornwestheim Pbf|Ludwigsburg|Asperg,8005820,Tamm (Württ),Baden-Württemberg,Tamm,71732,9.125288012,48.92187736,4,2608132220,,2608132220,,,,,,,,,,,0.0,0.0
2526364121907765436-2608132237-2,7573,2608132240,2608132240,2,,S,S5,Bietigheim-Bissingen,8005820,Tamm (Württ),Baden-Württemberg,Tamm,71732,9.125288012,48.92187736,4,2608132240,,2608132240,,,,,,,,,,,0.0,0.0
970449513727673732-2608132141-7,7369,2608132159,2608132200,1,,S,S3,Backnang|Maubach|Nellmersbach|Winnenden|Schwaikheim|Neustadt-Hohenacker,8000180,Waiblingen,Baden-Württemberg,Waiblingen,71332,9.300476874,48.8262444,3,2608132200,,2608132201,,,,,,,,,,,1.0,1.0
1678705542121602631-2608132203-10,7271,2608132224,2608132225,5,,S,S2,Schorndorf|Weiler(Rems)|Winterbach(b Schorndorf)|Geradstetten|Grunbach|Beutelsbach|Endersbach|Stetten-Beinstein|Rommelshausen,8000180,Waiblingen,Baden-Württemberg,Waiblingen,71332,9.300476874,48.8262444,3,2608132225,,2608132225,,h,1,Bauarbeiten,,,,,,,1.0,0.0
534212340185310120-2608132147-3,19437,2608132202,2608132202,6,,ARV,MEX13,Stuttgart Hbf|Stuttgart-Bad Cannstatt,8000180,Waiblingen,Baden-Württemberg,Waiblingen,71332,9.300476874,48.8262444,3,2608132220,,2608132221,,,,,,,,,,,18.0,19.0
-3272778308179988729-2608132208-7,89688,2608132252,2608132253,1,,ARV,RE90,Gaildorf West|Murrhardt|Sulzbach(Murr)|Oppenweiler(Württ)|Backnang|Winnenden,8000180,Waiblingen,Baden-Württemberg,Waiblingen,71332,9.300476874,48.8262444,3,2608132258,,2608132258,,h,2,Information,,,,,,,6.0,5.0
-4551028339435730742-2608132220-6,7268,2608132234,2608132235,7,,S,S2,Stuttgart Hbf|Stuttgart-Bad Cannstatt|Stuttgart Nürnberger Str.|Stuttgart-Sommerrain|Fellbach,8000180,Waiblingen,Baden-Württemberg,Waiblingen,71332,9.300476874,48.8262444,3,2608132234,,2608132235,,h,1,Bauarbeiten,,,,,,,0.0,0.0
-8852443673651347122-2608132226-3,17559,2608132237,2608132238,3,,RB,MEX19,Stuttgart Hbf|Stuttgart-Bad Cannstatt,8000180,Waiblingen,Baden-Württemberg,Waiblingen,71332,9.300476874,48.8262444,3,2608132239,,2608132239,,,,,,,,,,,2.0,1.0
-8310073774768201786-2608132132-9,17566,2608132220,2608132221,1,,RB,MEX19,Gaildorf West|Fichtenberg|Fornsbach|Murrhardt|Sulzbach(Murr)|Oppenweiler(Württ)|Backnang|Winnenden,8000180,Waiblingen,Baden-Württemberg,Waiblingen,71332,9.300476874,48.8262444,3,2608132239,,2608132240,,,,,,,,,,,19.0,19.0
-3445452492494242164-2608132220-3,19487,2608132232,2608132232,6,,ARV,MEX13,Stuttgart Hbf|Stuttgart-Bad Cannstatt,8000180,Waiblingen,Baden-Württemberg,Waiblingen,71332,9.300476874,48.8262444,3,2608132235,,2608132236,,,,,,,,,,,3.0,4.0
4129986010683108750-2608132211-7,7371,2608132229,2608132230,1,,S,S3,Backnang|Maubach|Nellmersbach|Winnenden|Schwaikheim|Neustadt-Hohenacker,8000180,Waiblingen,Baden-Württemberg,Waiblingen,71332,9.300476874,48.8262444,3,2608132230,,2608132230,,,,,,,,,,,1.0,0.0
-6309040329427903805-2608132233-10,7273,2608132254,2608132255,5,,S,S2,Schorndorf|Weiler(Rems)|Winterbach(b Schorndorf)|Geradstetten|Grunbach|Beutelsbach|Endersbach|Stetten-Beinstein|Rommelshausen,8000180,Waiblingen,Baden-Württemberg,Waiblingen,71332,9.300476874,48.8262444,3,2608132255,,2608132256,,h,1,Bauarbeiten,,,,,,,1.0,1.0
-8048880738506136448-2608132212-6,7368,2608132229,2608132230,3,,S,S3,Stuttgart Hbf|Stuttgart-Bad Cannstatt|Stuttgart Nürnberger Str.|Stuttgart-Sommerrain|Fellbach,8000180,Waiblingen,Baden-Württemberg,Waiblingen,71332,9.300476874,48.8262444,3,2608132244,,2608132244,,,,,,,,,,,15.0,14.0
-6294731278479900645-2608132150-6,7266,2608132204,2608132205,7,,S,S2,Stuttgart Hbf|Stuttgart-Bad Cannstatt|Stuttgart Nürnberger Str.|Stuttgart-Sommerrain|Fellbach,8000180,Waiblingen,Baden-Württemberg,Waiblingen,71332,9.300476874,48.8262444,3,2608132211,,2608132212,,h,1,Bauarbeiten,,,,,,,7.0,7.0
6185396702802963793-2608132113-16,19488,2608132228,2608132228,6,,ARV,MEX13,Ellwangen|Schrezheim|Schwabsberg|Goldshöfe|Hofen(b Aalen)|Wasseralfingen|Aalen Hbf|Mögglingen(Gmünd)|Böbingen(Rems)|Schwäbisch Gmünd|Lorch(Württ)|Waldhausen(b Schorndorf)|Plüderhausen|Urbach(b Schorndorf)|Schorndorf,8000180,Waiblingen,Baden-Württemberg,Waiblingen,71332,9.300476874,48.8262444,3,2608132228,,2608132228,,,,,,,,,c,c,0.0,0.0
553786968472239584-2608132142-6,7366,2608132159,2608132200,3,,S,S3,Stuttgart Hbf|Stuttgart-Bad Cannstatt|Stuttgart Nürnberger Str.|Stuttgart-Sommerrain|Fellbach,8000180,Waiblingen,Baden-Württemberg,Waiblingen,71332,9.300476874,48.8262444,3,2608132159,,2608132200,,,,,,,,,,,0.0,0.0
1406192985268085797-2608132226-7,19442,2608132258,2608132258,6,,ARV,MEX13,Schwäbisch Gmünd|Lorch(Württ)|Waldhausen(b Schorndorf)|Plüderhausen|Urbach(b Schorndorf)|Schorndorf,8000180,Waiblingen,Baden-Württemberg,Waiblingen,71332,9.300476874,48.8262444,3,2608132258,,2608132259,,,,,,,,,,,0.0,1.0
-547796110281084784-2608132242-6,7370,2608132259,2608132300,3,,S,S3,Stuttgart Hbf|Stuttgart-Bad Cannstatt|Stuttgart Nürnberger Str.|Stuttgart-Sommerrain|Fellbach,8000180,Waiblingen,Baden-Württemberg,Waiblingen,71332,9.300476874,48.8262444,3,2608132300,,2608132300,,,,,,,,,,,1.0,0.0
205536001243633238-2608132155-3,88649,2608132207,2608132208,3,,ARV,RE90,Stuttgart Hbf|Stuttgart-Bad Cannstatt,8000180,Waiblingen,Baden-Württemberg,Waiblingen,71332,9.300476874,48.8262444,3,2608132216,,2608132216,,h,2,Information,,,,,,,9.0,8.0
-2279373399383894760-2608132241-7,7373,2608132259,2608132300,1,,S,S3,Backnang|Maubach|Nellmersbach|Winnenden|Schwaikheim|Neustadt-Hohenacker,8000180,Waiblingen,Baden-Württemberg,Waiblingen,71332,9.300476874,48.8262444,3,2608132303,,2608132303,,,,,,,,,,,4.0,3.0
-8768743806902916019-2608132233-1,7673,,2608132233,,,S,S6,,8006271,Weil der Stadt,Baden-Württemberg,Weil der Stadt,71263,8.873189074,48.7557357,4,,,2608132233,,,,,,,,,,,0.0,0.0
3272995048165614216-2608132158-2,26186,2608132201,2608132203,141,,SWE,RB76,Renningen,8006271,Weil der Stadt,Baden-Württemberg,Weil der Stadt,71263,8.873189074,48.7557357,4,,,2608132204,,h,2,Störung,,,,,c,,0.0,1.0
-2611261032352461580-2608132226-5,26189,2608132244,2608132244,141,,SWE,RB76,Calw|Calw-Heumaden|Althengstett|Ostelsheim,8006271,Weil der Stadt,Baden-Württemberg,Weil der Stadt,71263,8.873189074,48.7557357,4,2608132244,,2608132244,,h,2,Störung,,,,,,,0.0,0.0
6529146617493703402-2608132203-1,7671,,2608132203,,,S,S6,,8006271,Weil der Stadt,Baden-Württemberg,Weil der Stadt,71263,8.873189074,48.7557357,4,,,2608132203,,,,,,,,,,,0.0,0.0
6737611286015741642-2608132147-14,7666,2608132227,,2,,S,,Stuttgart Hbf|Stuttgart Nordbahnhof|Stuttgart-Feuerbach|Stuttgart-Zuffenhausen|Neuwirtshaus(Porscheplatz)|Korntal|Weilimdorf|Ditzingen|Höfingen|Leonberg|Rutesheim|Renningen|Malmsheim,8006271,Weil der Stadt,Baden-Württemberg,Weil der Stadt,71263,8.873189074,48.7557357,4,2608132228,,,,,,,,,,,,,1.0,0.0
6983633546019374877-2608132217-14,7668,2608132257,,2,,S,,Stuttgart Hbf|Stuttgart Nordbahnhof|Stuttgart-Feuerbach|Stuttgart-Zuffenhausen|Neuwirtshaus(Porscheplatz)|Korntal|Weilimdorf|Ditzingen|Höfingen|Leonberg|Rutesheim|Renningen|Malmsheim,8006271,Weil der Stadt,Baden-Württemberg,Weil der Stadt,71263,8.873189074,48.7557357,4,2608132257,,,,,,,,,,,,,0.0,0.0
1678705542121602631-2608132203-2,7271,2608132206,2608132206,2,,S,S2,Schorndorf,8006277,Weiler (Rems),Baden-Württemberg,Schorndorf,76314,9.501891172,48.80034585,5,2608132206,,2608132206,,h,1,Bauarbeiten,,,,,,,0.0,0.0
-4551028339435730742-2608132220-14,7268,2608132252,2608132252,1,,S,S2,Stuttgart Hbf|Stuttgart-Bad Cannstatt|Stuttgart Nürnberger Str.|Stuttgart-Sommerrain|Fellbach|Waiblingen|Rommelshausen|Stetten-Beinstein|Endersbach|Beutelsbach|Grunbach|Geradstetten|Winterbach(b Schorndorf),8006277,Weiler (Rems),Baden-Württemberg,Schorndorf,76314,9.501891172,48.80034585,5,2608132253,,2608132253,,h,1,Bauarbeiten,,,,,,,1.0,1.0
-6309040329427903805-2608132233-2,7273,2608132236,2608132236,2,,S,S2,Schorndorf,8006277,Weiler (Rems),Baden-Württemberg,Schorndorf,76314,9.501891172,48.80034585,5,2608132236,,2608132237,,h,1,Bauarbeiten,,,,,,,0.0,1.0
-6294731278479900645-2608132150-14,7266,2608132222,2608132222,1,,S,S2,Stuttgart Hbf|Stuttgart-Bad Cannstatt|Stuttgart Nürnberger Str.|Stuttgart-Sommerrain|Fellbach|Waiblingen|Rommelshausen|Stetten-Beinstein|Endersbach|Beutelsbach|Grunbach|Geradstetten|Winterbach(b Schorndorf),8006277,Weiler (Rems),Baden-Württemberg,Schorndorf,76314,9.501891172,48.80034585,5,2608132228,,2608132228,,h,1,Bauarbeiten,,,,,,,6.0,6.0
7413828724075969382-2608132224-1,16075,,2608132224,,,RE,RE200,,8006331,Wendlingen (Neckar),Baden-Württemberg,Wendlingen am Neckar,73240,9.373662098,48.67368917,3,,,2608132229,,h,2,Störung,,,,,,,0.0,5.0
-8467207783030371726-2608132229-3,16076,2608132259,,3,,RE,,Ulm Hbf|Merklingen - Schwäbische Alb,8006331,Wendlingen (Neckar),Baden-Württemberg,Wendlingen am Neckar,73240,9.373662098,48.67368917,3,,,,,h,2,Störung,,,,,c,,0.0,0.0
5680698672680243057-2608132155-13,7168,2608132232,2608132233,11,,S,S1,Stuttgart Hbf|Stuttgart-Bad Cannstatt|Stuttgart Neckarpark|Stuttgart-Untertürkheim|Stuttgart-Obertürkheim|Esslingen-Mettingen|Esslingen(Neckar)|Oberesslingen|Esslingen-Zell|Altbach|Plochingen|Wernau(Neckar),8006331,Wendlingen (Neckar),Baden-Württemberg,Wendlingen am Neckar,73240,9.373662098,48.67368917,3,2608132240,12,2608132233,,h,1,Störung,,,,,,c,8.0,0.0
-3862696523251175756-2608132220-3,7173,2608132227,2608132228,12,,S,S1,Kirchheim(Teck)|Kirchheim(Teck)-Ötlingen,8006331,Wendlingen (Neckar),Baden-Württemberg,Wendlingen am Neckar,73240,9.373662098,48.67368917,3,,,2608132231,,h,1,Störung,,,,,c,,0.0,3.0
6090333868698703745-2608132125-13,7166,2608132202,2608132203,11,,S,S1,Stuttgart Hbf|Stuttgart-Bad Cannstatt|Stuttgart Neckarpark|Stuttgart-Untertürkheim|Stuttgart-Obertürkheim|Esslingen-Mettingen|Esslingen(Neckar)|Oberesslingen|Esslingen-Zell|Altbach|Plochingen|Wernau(Neckar),8006331,Wendlingen (Neckar),Baden-Württemberg,Wendlingen am Neckar,73240,9.373662098,48.67368917,3,2608132210,12,2608132209,,h,1,Störung,,,,,,c,8.0,6.0
-5753279830124609145-2608132250-3,7175,2608132257,2608132258,12,,S,S1,Kirchheim(Teck)|Kirchheim(Teck)-Ötlingen,8006331,Wendlingen (Neckar),Baden-Württemberg,Wendlingen am Neckar,73240,9.373662098,48.67368917,3,2608132302,,2608132258,,h,1,Störung,,,,,c,p,5.0,0.0
-8289701104022316843-2608132225-12,7170,2608132258,2608132259,2,,S,S1,Stuttgart Hbf|Stuttgart-Bad Cannstatt|Stuttgart Neckarpark|Stuttgart-Untertürkheim|Stuttgart-Obertürkheim|Esslingen-Mettingen|Esslingen(Neckar)|Oberesslingen|Esslingen-Zell|Altbach|Plochingen,8006346,Wernau (Neckar),Baden-Württemberg,Wernau (Neckar),73249,9.413654423,48.69417221,4,2608132300,,2608132301,,h,1,Störung,,,,,,,2.0,2.0
5680698672680243057-2608132155-12,7168,2608132228,2608132229,2,,S,S1,Stuttgart Hbf|Stuttgart-Bad Cannstatt|Stuttgart Neckarpark|Stuttgart-Untertürkheim|Stuttgart-Obertürkheim|Esslingen-Mettingen|Esslingen(Neckar)|Oberesslingen|Esslingen-Zell|Altbach|Plochingen,8006346,Wernau (Neckar),Baden-Württemberg,Wernau (Neckar),73249,9.413654423,48.69417221,4,2608132236,,2608132237,,h,1,Störung,,,,,,,8.0,8.0
-3862696523251175756-2608132220-4,7173,2608132231,2608132231,1,,S,S1,Kirchheim(Teck)|Kirchheim(Teck)-Ötlingen|Wendlingen(Neckar),8006346,Wernau (Neckar),Baden-Württemberg,Wernau (Neckar),73249,9.413654423,48.69417221,4,2608132235,,2608132235,,h,1,Störung,,,,,,,4.0,4.0
1733518000541873569-2608132150-4,7171,2608132201,2608132201,1,,S,S1,Kirchheim(Teck)|Kirchheim(Teck)-Ötlingen|Wendlingen(Neckar),8006346,Wernau (Neckar),Baden-Württemberg,Wernau (Neckar),73249,9.413654423,48.69417221,4,2608132201,,2608132202,,h,1,Störung,,,,,,,0.0,1.0
-3272778308179988729-2608132208-6,89688,2608132244,2608132245,3,,ARV,RE90,Gaildorf West|Murrhardt|Sulzbach(Murr)|Oppenweiler(Württ)|Backnang,8006479,Winnenden,Baden-Württemberg,Winnenden,71364,9.392155928,48.8795625,3,2608132249,,2608132250,,h,2,Information,,,,,,,5.0,5.0
-8852443673651347122-2608132226-4,17559,2608132244,2608132245,2,,RB,MEX19,Stuttgart Hbf|Stuttgart-Bad Cannstatt|Waiblingen,8006479,Winnenden,Baden-Württemberg,Winnenden,71364,9.392155928,48.8795625,3,2608132246,,2608132247,,,,,,,,,,,2.0,2.0
-8310073774768201786-2608132132-8,17566,2608132213,2608132214,3,,RB,MEX19,Gaildorf West|Fichtenberg|Fornsbach|Murrhardt|Sulzbach(Murr)|Oppenweiler(Württ)|Backnang,8006479,Winnenden,Baden-Württemberg,Winnenden,71364,9.392155928,48.8795625,3,2608132233,,2608132233,,,,,,,,,,,20.0,19.0
4129986010683108750-2608132211-4,7371,2608132219,2608132220,3,,S,S3,Backnang|Maubach|Nellmersbach,8006479,Winnenden,Baden-Württemberg,Winnenden,71364,9.392155928,48.8795625,3,2608132220,,2608132220,,,,,,,,,,,1.0,0.0
-8048880738506136448-2608132212-9,7368,2608132239,2608132239,2,,S,S3,Stuttgart Hbf|Stuttgart-Bad Cannstatt|Stuttgart Nürnberger Str.|Stuttgart-Sommerrain|Fellbach|Waiblingen|Neustadt-Hohenacker|Schwaikheim,8006479,Winnenden,Baden-Württemberg,Winnenden,71364,9.392155928,48.8795625,3,2608132253,,2608132253,,,,,,,,,,,14.0,14.0
553786968472239584-2608132142-9,7366,2608132209,2608132209,2,,S,S3,Stuttgart Hbf|Stuttgart-Bad Cannstatt|Stuttgart Nürnberger Str.|Stuttgart-Sommerrain|Fellbach|Waiblingen|Neustadt-Hohenacker|Schwaikheim,8006479,Winnenden,Baden-Württemberg,Winnenden,71364,9.392155928,48.8795625,3,2608132209,,2608132210,,,,,,,,,,,0.0,1.0
205536001243633238-2608132155-4,88649,2608132215,2608132216,2,,ARV,RE90,Stuttgart Hbf|Stuttgart-Bad Cannstatt|Waiblingen,8006479,Winnenden,Baden-Württemberg,Winnenden,71364,9.392155928,48.8795625,3,2608132223,,2608132224,,h,2,Information,,,,,,,8.0,8.0
-2279373399383894760-2608132241-4,7373,2608132249,2608132250,3,,S,S3,Backnang|Maubach|Nellmersbach,8006479,Winnenden,Baden-Württemberg,Winnenden,71364,9.392155928,48.8795625,3,2608132254,,2608132254,,,,,,,,,,,5.0,4.0
1678705542121602631-2608132203-3,7271,2608132208,2608132208,1,,S,S2,Schorndorf|Weiler(Rems),8006485,Winterbach (b Schorndorf),Baden-Württemberg,Winterbach,73650,9.481549751,48.79842743,4,2608132208,,2608132208,,h,1,Bauarbeiten,,,,,,,0.0,0.0
-4551028339435730742-2608132220-13,7268,2608132250,2608132250,2,,S,S2,Stuttgart Hbf|Stuttgart-Bad Cannstatt|Stuttgart Nürnberger Str.|Stuttgart-Sommerrain|Fellbach|Waiblingen|Rommelshausen|Stetten-Beinstein|Endersbach|Beutelsbach|Grunbach|Geradstetten,8006485,Winterbach (b Schorndorf),Baden-Württemberg,Winterbach,73650,9.481549751,48.79842743,4,2608132251,,2608132252,,h,1,Bauarbeiten,,,,,,,1.0,2.0
-6309040329427903805-2608132233-3,7273,2608132238,2608132238,1,,S,S2,Schorndorf|Weiler(Rems),8006485,Winterbach (b Schorndorf),Baden-Württemberg,Winterbach,73650,9.481549751,48.79842743,4,2608132238,,2608132239,,h,1,Bauarbeiten,,,,,,,0.0,1.0
-6294731278479900645-2608132150-13,7266,2608132220,2608132220,2,,S,S2,Stuttgart Hbf|Stuttgart-Bad Cannstatt|Stuttgart Nürnberger Str.|Stuttgart-Sommerrain|Fellbach|Waiblingen|Rommelshausen|Stetten-Beinstein|Endersbach|Beutelsbach|Grunbach|Geradstetten,8006485,Winterbach (b Schorndorf),Baden-Württemberg,Winterbach,73650,9.481549751,48.79842743,4,2608132226,,2608132226,,h,1,Bauarbeiten,,,,,,,6.0,6.0
-6377144391840629397-2608132234-5,7071,2608132243,2608132244,1,,S,S60,Böblingen|Sindelfingen|Maichingen|Maichingen Nord,8003807,Magstadt,Baden-Württemberg,Magstadt,71106,8.965315746,48.73616033,6,2608132244,,2608132244,,,,,,,,,,,1.0,0.0
3179948115805207944-2608132239-3,7072,2608132245,2608132245,2,,S,S60,Renningen|Renningen Süd,8003807,Magstadt,Baden-Württemberg,Magstadt,71106,8.965315746,48.73616033,6,2608132246,,2608132247,,,,,,,,,,,1.0,2.0
1355245828663087033-2608132204-5,7069,2608132213,2608132214,1,,S,S60,Böblingen|Sindelfingen|Maichingen|Maichingen Nord,8003807,Magstadt,Baden-Württemberg,Magstadt,71106,8.965315746,48.73616033,6,2608132214,,2608132214,,,,,,,,,,,1.0,0.0
638916155102202133-2608132209-3,7070,2608132215,2608132215,2,,S,S60,Renningen|Renningen Süd,8003807,Magstadt,Baden-Württemberg,Magstadt,71106,8.965315746,48.73616033,6,2608132215,,2608132216,,,,,,,,,,,0.0,1.0
-6377144391840629397-2608132234-4,7071,2608132241,2608132241,1,,S,S60,Böblingen|Sindelfingen|Maichingen,8003834,Maichingen Nord,Baden-Württemberg,Sindelfingen,71069,8.979416996,48.72750392,5,2608132242,,2608132242,,,,,,,,,,,1.0,1.0
3179948115805207944-2608132239-4,7072,2608132247,2608132247,2,,S,S60,Renningen|Renningen Süd|Magstadt,8003834,Maichingen Nord,Baden-Württemberg,Sindelfingen,71069,8.979416996,48.72750392,5,2608132249,,2608132249,,,,,,,,,,,2.0,2.0
1355245828663087033-2608132204-4,7069,2608132211,2608132211,1,,S,S60,Böblingen|Sindelfingen|Maichingen,8003834,Maichingen Nord,Baden-Württemberg,Sindelfingen,71069,8.979416996,48.72750392,5,2608132212,,2608132212,,,,,,,,,,,1.0,1.0
638916155102202133-2608132209-4,7070,2608132217,2608132217,2,,S,S60,Renningen|Renningen Süd|Magstadt,8003834,Maichingen Nord,Baden-Württemberg,Sindelfingen,71069,8.979416996,48.72750392,5,2608132218,,2608132218,,,,,,,,,,,1.0,1.0
-6377144391840629397-2608132234-3,7071,2608132239,2608132240,1,,S,S60,Böblingen|Sindelfingen,8003808,Maichingen,Baden-Württemberg,Sindelfingen,71069,8.969606704,48.72162074,6,2608132240,,2608132241,,,,,,,,,,,1.0,1.0
3179948115805207944-2608132239-5,7072,2608132249,2608132249,1,,S,S60,Renningen|Renningen Süd|Magstadt|Maichingen Nord,8003808,Maichingen,Baden-Württemberg,Sindelfingen,71069,8.969606704,48.72162074,6,2608132250,,2608132251,,,,,,,,,,,1.0,2.0
1355245828663087033-2608132204-3,7069,2608132209,2608132210,1,,S,S60,Böblingen|Sindelfingen,8003808,Maichingen,Baden-Württemberg,Sindelfingen,71069,8.969606704,48.72162074,6,2608132210,,2608132211,,,,,,,,,,,1.0,1.0
638916155102202133-2608132209-5,7070,2608132219,2608132219,1,,S,S60,Renningen|Renningen Süd|Magstadt|Maichingen Nord,8003808,Maichingen,Baden-Württemberg,Sindelfingen,71069,8.969606704,48.72162074,6,2608132219,,2608132219,,,,,,,,,,,0.0,0.0
-6377144391840629397-2608132234-6,7071,2608132247,2608132248,1,,S,S60,Böblingen|Sindelfingen|Maichingen|Maichingen Nord|Magstadt,8005001,Renningen Süd,Baden-Württemberg,Renningen,71272,8.932068278,48.76261937,6,2608132248,,2608132248,,,,,,,,,,,1.0,0.0
3179948115805207944-2608132239-2,7072,2608132241,2608132241,2,,S,S60,Renningen,8005001,Renningen Süd,Baden-Württemberg,Renningen,71272,8.932068278,48.76261937,6,2608132242,,2608132243,,,,,,,,,,,1.0,2.0
1355245828663087033-2608132204-6,7069,2608132217,2608132218,1,,S,S60,Böblingen|Sindelfingen|Maichingen|Maichingen Nord|Magstadt,8005001,Renningen Süd,Baden-Württemberg,Renningen,71272,8.932068278,48.76261937,6,2608132218,,2608132219,,,,,,,,,,,1.0,1.0
638916155102202133-2608132209-2,7070,2608132211,2608132211,2,,S,S60,Renningen,8005001,Renningen Süd,Baden-Württemberg,Renningen,71272,8.932068278,48.76261937,6,2608132212,,2608132212,,,,,,,,,,,1.0,1.0
