ID,train_number,planned_arrival,planned_departure,planned_platform,planned_status,category_train,train,path,eva_nr,station_name,station_state,station_city,station_zipcode,station_long,station_lat,station_category,changed_arrival,changed_platform_arrival,changed_departure,changed_platform_departure,message_status,priority,info,arrival_hidden,departure_hidden,arrival_path,departure_path,arrival_status,departure_status,arrival_delay_m,departure_delay_m
-4904342913615484814-2608122025-10,7162,2608122050,2608122050,4,,S,S1,Stuttgart Hbf|Stuttgart-Bad Cannstatt|Stuttgart Neckarpark|Stuttgart-Untertürkheim|Stuttgart-Obertürkheim|Esslingen-Mettingen|Esslingen(Neckar)|Oberesslingen|Esslingen-Zell,8000508,Altbach,Baden-Württemberg,Altbach,73776,9.382434033,48.72031354,3,2608122051,,2608122051,,,,,,,,,,,1.0,1.0
904272065433025864-2608122020-6,7165,2608122039,2608122040,3,,S,S1,Kirchheim(Teck)|Kirchheim(Teck)-Ötlingen|Wendlingen(Neckar)|Wernau(Neckar)|Plochingen,8000508,Altbach,Baden-Württemberg,Altbach,73776,9.382434033,48.72031354,3,2608122039,,2608122040,,,,,,,,,,,0.0,0.0
-8339144586973292546-2608121955-10,7160,2608122020,2608122020,4,,S,S1,Stuttgart Hbf|Stuttgart-Bad Cannstatt|Stuttgart Neckarpark|Stuttgart-Untertürkheim|Stuttgart-Obertürkheim|Esslingen-Mettingen|Esslingen(Neckar)|Oberesslingen|Esslingen-Zell,8000508,Altbach,Baden-Württemberg,Altbach,73776,9.382434033,48.72031354,3,2608122021,,2608122022,,,,,,,,,,,1.0,2.0
-6930448942701268015-2608121950-6,7163,2608122009,2608122010,3,,S,S1,Kirchheim(Teck)|Kirchheim(Teck)-Ötlingen|Wendlingen(Neckar)|Wernau(Neckar)|Plochingen,8000508,Altbach,Baden-Württemberg,Altbach,73776,9.382434033,48.72031354,3,2608122009,,2608122010,,,,,,,,,,,0.0,0.0
-5752778913722820927-2608121957-7,7560,2608122017,2608122017,4,,S,S5,Stuttgart Hbf|Stuttgart Nordbahnhof|Stuttgart-Feuerbach|Stuttgart-Zuffenhausen|Kornwestheim Pbf|Ludwigsburg,8000630,Asperg,Baden-Württemberg,Asperg,71679,9.147977466,48.90725609,4,2608122020,,2608122021,,,,,,,,,,,3.0,4.0
-6268040799960483129-2608122007-3,7563,2608122012,2608122013,3,,S,S5,Bietigheim-Bissingen|Tamm(Württ),8000630,Asperg,Baden-Württemberg,Asperg,71679,9.147977466,48.90725609,4,2608122013,,2608122013,,,,,,,,,,,1.0,0.0
-8846636026834830888-2608122037-3,7565,2608122042,2608122043,3,,S,S5,Bietigheim-Bissingen|Tamm(Württ),8000630,Asperg,Baden-Württemberg,Asperg,71679,9.147977466,48.90725609,4,2608122043,,2608122043,,,,,,,,,,,1.0,0.0
5605939437382144784-2608122027-7,7562,2608122047,2608122047,4,,S,S5,Stuttgart Hbf|Stuttgart Nordbahnhof|Stuttgart-Feuerbach|Stuttgart-Zuffenhausen|Kornwestheim Pbf|Ludwigsburg,8000630,Asperg,Baden-Württemberg,Asperg,71679,9.147977466,48.90725609,4,2608122049,,2608122050,,,,,,,,,,,2.0,3.0
-7578975115161805427-2608122041-1,7365,,2608122041,,,S,S3,,8000016,Backnang,Baden-Württemberg,Backnang,71522,9.425986107,48.94264844,3,,,2608122041,,h,1,Störung,,,,,,,0.0,0.0
-5248477185843077062-2608122033-1,7465,,2608122033,,,S,S4,,8000016,Backnang,Baden-Württemberg,Backnang,71522,9.425986107,48.94264844,3,,,2608122034,,,,,,,,,,,0.0,1.0
-8025183112725946697-2608121942-12,7358,2608122018,,5,,S,,Stuttgart Hbf|Stuttgart-Bad Cannstatt|Stuttgart Nürnberger Str.|Stuttgart-Sommerrain|Fellbach|Waiblingen|Neustadt-Hohenacker|Schwaikheim|Winnenden|Nellmersbach|Maubach,8000016,Backnang,Baden-Württemberg,Backnang,71522,9.425986107,48.94264844,3,2608122018,,,,h,1,Störung,,,,,,,0.0,0.0
2147434767086644516-2608122012-12,7360,2608122048,,5,,S,,Stuttgart Hbf|Stuttgart-Bad Cannstatt|Stuttgart Nürnberger Str.|Stuttgart-Sommerrain|Fellbach|Waiblingen|Neustadt-Hohenacker|Schwaikheim|Winnenden|Nellmersbach|Maubach,8000016,Backnang,Baden-Württemberg,Backnang,71522,9.425986107,48.94264844,3,2608122049,,,,h,1,Störung,,,,,,,1.0,0.0
-8727928698848828557-2608121953-5,17553,2608122021,2608122022,4,,RE,MEX90,Stuttgart Hbf|Stuttgart-Bad Cannstatt|Waiblingen|Winnenden,8000016,Backnang,Baden-Württemberg,Backnang,71522,9.425986107,48.94264844,3,2608122012,2,2608122023,4,,,,,,,,,,-9.0,1.0
2283803788552237279-2608121932-7,17560,2608122006,,2,,RB,,Gaildorf West|Fichtenberg|Fornsbach|Murrhardt|Sulzbach(Murr)|Oppenweiler(Württ),8000016,Backnang,Baden-Württemberg,Backnang,71522,9.425986107,48.94264844,3,2608122006,,,,,,,,,,,,,0.0,0.0
3013064575136603376-2608122011-1,7363,,2608122011,,,S,S3,,8000016,Backnang,Baden-Württemberg,Backnang,71522,9.425986107,48.94264844,3,,,2608122011,,h,1,Störung,,,,,,,0.0,0.0
-1337340313373034745-2608122052-1,17555,,2608122052,,,RB,MEX90,,8000016,Backnang,Baden-Württemberg,Backnang,71522,9.425986107,48.94264844,3,,,2608122053,,h,1,Störung,,,,,,,0.0,1.0
-1267321740504325492-2608121937-14,7456,2608122022,,1,,S,,Stuttgart Hbf|Stuttgart Nordbahnhof|Stuttgart-Feuerbach|Stuttgart-Zuffenhausen|Kornwestheim Pbf|Ludwigsburg|Favoritepark|Freiberg(Neckar)|Benningen(Neckar)|Marbach(Neckar)|Erdmannhausen|Kirchberg(Murr)|Burgstall(Murr),8000016,Backnang,Baden-Württemberg,Backnang,71522,9.425986107,48.94264844,3,2608122029,,,,,,,,,,,,,7.0,0.0
-6610276676854069199-2608122003-1,7463,,2608122003,,,S,S4,,8000016,Backnang,Baden-Württemberg,Backnang,71522,9.425986107,48.94264844,3,,,2608122003,,,,,,,,,,,0.0,0.0
1301990910613774192-2608122008-5,98238,2608122043,2608122047,,,ARV,RE90,Gaildorf West|Murrhardt|Sulzbach(Murr)|Oppenweiler(Württ),8000016,Backnang,Baden-Württemberg,Backnang,71522,9.425986107,48.94264844,3,2608122044,4,2608122047,4,h,2,Information,,,,,,,1.0,0.0
-1687267916704717500-2608122007-14,7458,2608122052,,1,,S,,Stuttgart Hbf|Stuttgart Nordbahnhof|Stuttgart-Feuerbach|Stuttgart-Zuffenhausen|Kornwestheim Pbf|Ludwigsburg|Favoritepark|Freiberg(Neckar)|Benningen(Neckar)|Marbach(Neckar)|Erdmannhausen|Kirchberg(Murr)|Burgstall(Murr),8000016,Backnang,Baden-Württemberg,Backnang,71522,9.425986107,48.94264844,3,2608122054,,,,,,,,,,,,,2.0,0.0
-5248477185843077062-2608122033-6,7465,2608122057,2608122057,2,,S,S4,Backnang|Burgstall(Murr)|Kirchberg(Murr)|Erdmannhausen|Marbach(Neckar),8000873,Benningen (Neckar),Baden-Württemberg,Benningen am Neckar,71726,9.244299075,48.94379773,5,2608122057,,2608122057,,,,,,,,,,,0.0,0.0
-1267321740504325492-2608121937-9,7456,2608122002,2608122003,1,,S,S4,Stuttgart Hbf|Stuttgart Nordbahnhof|Stuttgart-Feuerbach|Stuttgart-Zuffenhausen|Kornwestheim Pbf|Ludwigsburg|Favoritepark|Freiberg(Neckar),8000873,Benningen (Neckar),Baden-Württemberg,Benningen am Neckar,71726,9.244299075,48.94379773,5,2608122003,,2608122004,,,,,,,,,,,1.0,1.0
-6610276676854069199-2608122003-6,7463,2608122027,2608122027,2,,S,S4,Backnang|Burgstall(Murr)|Kirchberg(Murr)|Erdmannhausen|Marbach(Neckar),8000873,Benningen (Neckar),Baden-Württemberg,Benningen am Neckar,71726,9.244299075,48.94379773,5,2608122033,,2608122034,,,,,,,,,,,6.0,7.0
-1687267916704717500-2608122007-9,7458,2608122032,2608122033,1,,S,S4,Stuttgart Hbf|Stuttgart Nordbahnhof|Stuttgart-Feuerbach|Stuttgart-Zuffenhausen|Kornwestheim Pbf|Ludwigsburg|Favoritepark|Freiberg(Neckar),8000873,Benningen (Neckar),Baden-Württemberg,Benningen am Neckar,71726,9.244299075,48.94379773,5,2608122036,,2608122036,,,,,,,,,,,4.0,3.0
3851149700712559495-2608122033-6,7265,2608122045,2608122045,2,,S,S2,Schorndorf|Weiler(Rems)|Winterbach(b Schorndorf)|Geradstetten|Grunbach,8000934,Beutelsbach,Baden-Württemberg,Weinstadt,71384,9.38551589,48.81038925,5,2608122051,,2608122052,,h,1,Bauarbeiten,,,,,,,6.0,7.0
-2392081487151840569-2608122020-10,7260,2608122043,2608122043,1,,S,S2,Stuttgart Hbf|Stuttgart-Bad Cannstatt|Stuttgart Nürnberger Str.|Stuttgart-Sommerrain|Fellbach|Waiblingen|Rommelshausen|Stetten-Beinstein|Endersbach,8000934,Beutelsbach,Baden-Württemberg,Weinstadt,71384,9.38551589,48.81038925,5,2608122046,,2608122046,,h,1,Bauarbeiten,,,,,,,3.0,3.0
-6838047124896004939-2608122003-6,7263,2608122015,2608122015,2,,S,S2,Schorndorf|Weiler(Rems)|Winterbach(b Schorndorf)|Geradstetten|Grunbach,8000934,Beutelsbach,Baden-Württemberg,Weinstadt,71384,9.38551589,48.81038925,5,2608122015,,2608122015,,h,1,Bauarbeiten,,,,,,,0.0,0.0
8752806059694385566-2608121950-10,7258,2608122013,2608122013,1,,S,S2,Stuttgart Hbf|Stuttgart-Bad Cannstatt|Stuttgart Nürnberger Str.|Stuttgart-Sommerrain|Fellbach|Waiblingen|Rommelshausen|Stetten-Beinstein|Endersbach,8000934,Beutelsbach,Baden-Württemberg,Weinstadt,71384,9.38551589,48.81038925,5,2608122014,,2608122015,,h,1,Bauarbeiten,,,,,,,1.0,2.0
5943186620424368039-2608121947-6,19244,2608122035,2608122036,10,,RE,MEX12,Plochingen|Esslingen(Neckar)|Stuttgart-Bad Cannstatt|Stuttgart Hbf|Ludwigsburg,8000038,Bietigheim-Bissingen,Baden-Württemberg,Bietigheim-Bissingen,74321,9.137217396,48.94794988,2,2608122037,,2608122038,,h,2,Störung,,,,,,,2.0,2.0
5518407205938790119-2608122030-7,19335,2608122055,2608122057,8,,RE,MEX18,Heilbronn Hbf|Nordheim(Württ)|Lauffen(Neckar)|Kirchheim(Neckar)|Walheim(Württ)|Besigheim,8000038,Bietigheim-Bissingen,Baden-Württemberg,Bietigheim-Bissingen,74321,9.137217396,48.94794988,2,2608122057,,2608122057,,,,,,,,,,,2.0,0.0
-5752778913722820927-2608121957-9,7560,2608122024,,5,,S,,Stuttgart Hbf|Stuttgart Nordbahnhof|Stuttgart-Feuerbach|Stuttgart-Zuffenhausen|Kornwestheim Pbf|Ludwigsburg|Asperg|Tamm(Württ),8000038,Bietigheim-Bissingen,Baden-Württemberg,Bietigheim-Bissingen,74321,9.137217396,48.94794988,2,2608122027,6,,,,,,,,,,,,3.0,0.0
-7245482484864665277-2608122008-2,99128,2608122015,2608122019,,,ARV,RE8,Ludwigsburg,8000038,Bietigheim-Bissingen,Baden-Württemberg,Bietigheim-Bissingen,74321,9.137217396,48.94794988,2,2608122016,10,2608122019,10,,,,,,,,,,1.0,0.0
-3965605451785011652-2608122004-1,19532,,2608122004,,,RE,MEX17,,8000038,Bietigheim-Bissingen,Baden-Württemberg,Bietigheim-Bissingen,74321,9.137217396,48.94794988,2,,,2608122005,4,,,,,,,,,,0.0,1.0
-5311312138403013791-2608122032-1,19578,,2608122032,,,RE,MEX17,,8000038,Bietigheim-Bissingen,Baden-Württemberg,Bietigheim-Bissingen,74321,9.137217396,48.94794988,2,,,2608122032,7,,,,,,,,,,0.0,0.0
7106354902952658143-2608121912-15,19571,2608122024,,3,,RE,,Karlsruhe Hbf|Karlsruhe-Durlach|Wilferdingen-Singen|Pforzheim Hbf|Eutingen(Baden)|Niefern|Enzberg|Mühlacker|Mühlacker Rößlesweg|Illingen(Württ)|Vaihingen(Enz)|Sersheim|Sachsenheim|Ellental,8000038,Bietigheim-Bissingen,Baden-Württemberg,Bietigheim-Bissingen,74321,9.137217396,48.94794988,2,2608122026,7,,,,,,,,,,,,2.0,0.0
-6688798308585911214-2608122006-3,99125,2608122040,,,,ARV,,Neckarsulm|Heilbronn Hbf,8000038,Bietigheim-Bissingen,Baden-Württemberg,Bietigheim-Bissingen,74321,9.137217396,48.94794988,2,2608122042,9,,,,,,,,,,,,2.0,0.0
4790964350260582077-2608122014-12,19573,2608122049,2608122050,4,,RE,MEX17,Pforzheim Hbf|Eutingen(Baden)|Niefern|Enzberg|Mühlacker|Mühlacker Rößlesweg|Illingen(Württ)|Vaihingen(Enz)|Sersheim|Sachsenheim|Ellental,8000038,Bietigheim-Bissingen,Baden-Württemberg,Bietigheim-Bissingen,74321,9.137217396,48.94794988,2,2608122049,,2608122050,,,,,,,,,,,0.0,0.0
9199027665325036583-2608121912-5,19332,2608121959,2608122000,10,,RE,MEX18,Plochingen|Esslingen(Neckar)|Kornwestheim Pbf|Ludwigsburg,8000038,Bietigheim-Bissingen,Baden-Württemberg,Bietigheim-Bissingen,74321,9.137217396,48.94794988,2,2608121959,,2608122000,,h,2,Störung,,,,,,,0.0,0.0
-2158318065575271496-2608122012-5,19334,2608122059,2608122100,10,,RE,MEX18,Plochingen|Esslingen(Neckar)|Kornwestheim Pbf|Ludwigsburg,8000038,Bietigheim-Bissingen,Baden-Württemberg,Bietigheim-Bissingen,74321,9.137217396,48.94794988,2,2608122059,,2608122100,,,,,,,,,,,0.0,0.0
-6268040799960483129-2608122007-1,7563,,2608122007,,,S,S5,,8000038,Bietigheim-Bissingen,Baden-Württemberg,Bietigheim-Bissingen,74321,9.137217396,48.94794988,2,,,2608122007,6,,,,,,,,,,0.0,0.0
-8846636026834830888-2608122037-1,7565,,2608122037,,,S,S5,,8000038,Bietigheim-Bissingen,Baden-Württemberg,Bietigheim-Bissingen,74321,9.137217396,48.94794988,2,,,2608122037,6,,,,,,,,,,0.0,0.0
8382187992903264693-2608121957-7,19349,2608122024,2608122025,8,,RE,MEX12,Heilbronn Hbf|Nordheim(Württ)|Lauffen(Neckar)|Kirchheim(Neckar)|Walheim(Württ)|Besigheim,8000038,Bietigheim-Bissingen,Baden-Württemberg,Bietigheim-Bissingen,74321,9.137217396,48.94794988,2,2608122025,,2608122027,,h,2,Störung,,,,,,,1.0,2.0
5605939437382144784-2608122027-9,7562,2608122054,,5,,S,,Stuttgart Hbf|Stuttgart Nordbahnhof|Stuttgart-Feuerbach|Stuttgart-Zuffenhausen|Kornwestheim Pbf|Ludwigsburg|Asperg|Tamm(Württ),8000038,Bietigheim-Bissingen,Baden-Württemberg,Bietigheim-Bissingen,74321,9.137217396,48.94794988,2,2608122056,6,,,,,,,,,,,,2.0,0.0
-4538716126617153099-2608122032-12,8165,2608122055,,1,,WEG,,Dettenhausen|Weil im Schönbuch Untere Halde|Weil im Schönbuch Röte|Weil im Schönbuch Troppel|Holzgerlingen Buch|Holzgerlingen Bf|Holzgerlingen Hülben|Böblingen Zimmerschlag|Böblingen Heusteigstr|Böblingen Südbf|Böblingen Danziger Str,8001055,Böblingen,Baden-Württemberg,Böblingen,71034,9.004531864,48.68784871,3,2608122055,,,,,,,,,,,,,0.0,0.0
-2536730708892828091-2608122015-3,17669,2608122038,2608122039,5,,RE,RE14a,Stuttgart Hbf|Stuttgart-Vaihingen,8001055,Böblingen,Baden-Württemberg,Böblingen,71034,9.004531864,48.68784871,3,2608122038,,2608122040,,,,,,,,,,,0.0,1.0
-5208721691458454869-2608122015-3,17667,2608122038,2608122039,5,,RE,RE14b,Stuttgart Hbf|Stuttgart-Vaihingen,8001055,Böblingen,Baden-Württemberg,Böblingen,71034,9.004531864,48.68784871,3,2608122038,,2608122040,,,,,,,,,,,0.0,1.0
-5640420086770378771-2608122035-1,8164,,2608122035,,,WEG,RB46,,8001055,Böblingen,Baden-Württemberg,Böblingen,71034,9.004531864,48.68784871,3,,,2608122035,,,,,,,,,,,0.0,0.0
8471049758632745221-2608122016-6,7764,2608122030,2608122030,3,,S,S1,Herrenberg|Nufringen|Gärtringen|Ehningen(b Böblingen)|Hulb,8001055,Böblingen,Baden-Württemberg,Böblingen,71034,9.004531864,48.68784871,3,2608122030,,2608122031,,,,,,,,,,,0.0,1.0
4922732542051090705-2608121946-4,7759,2608122000,2608122000,4,,S,S1,Stuttgart-Vaihingen|Stuttgart-Rohr|Goldberg(Württ),8001055,Böblingen,Baden-Württemberg,Böblingen,71034,9.004531864,48.68784871,3,2608122000,,2608122001,,,,,,,,,,,0.0,1.0
-4432641028371151721-2608122002-12,8161,2608122025,,1,,WEG,,Dettenhausen|Weil im Schönbuch Untere Halde|Weil im Schönbuch Röte|Weil im Schönbuch Troppel|Holzgerlingen Buch|Holzgerlingen Bf|Holzgerlingen Hülben|Böblingen Zimmerschlag|Böblingen Heusteigstr|Böblingen Südbf|Böblingen Danziger Str,8001055,Böblingen,Baden-Württemberg,Böblingen,71034,9.004531864,48.68784871,3,2608122025,,,,,,,,,,,,,0.0,0.0
7978151233968095571-2608122004-1,7061,,2608122004,,,S,S60,,8001055,Böblingen,Baden-Württemberg,Böblingen,71034,9.004531864,48.68784871,3,,,2608122004,,,,,,,,,,,0.0,0.0
-6796240322761220487-2608121946-6,7762,2608122000,2608122000,3,,S,S1,Herrenberg|Nufringen|Gärtringen|Ehningen(b Böblingen)|Hulb,8001055,Böblingen,Baden-Württemberg,Böblingen,71034,9.004531864,48.68784871,3,2608122000,,2608122001,,,,,,,,,,,0.0,1.0
-1376306189822422777-2608122003-3,28497,2608122026,,2,,RE,,Stuttgart Hbf|Stuttgart-Vaihingen,8001055,Böblingen,Baden-Württemberg,Böblingen,71034,9.004531864,48.68784871,3,2608122026,,,,h,1,Störung,,,,,c,,0.0,0.0
7403533374467901658-2608122034-1,7063,,2608122034,,,S,S60,,8001055,Böblingen,Baden-Württemberg,Böblingen,71034,9.004531864,48.68784871,3,,,2608122034,,,,,,,,,,,0.0,0.0
-7276755052887367135-2608122005-1,8160,,2608122005,,,WEG,RB46,,8001055,Böblingen,Baden-Württemberg,Böblingen,71034,9.004531864,48.68784871,3,,,2608122005,,,,,,,,,,,0.0,0.0
1873598070724127797-2608122008-16,7064,2608122056,,5,,S,,Stuttgart-Feuerbach|Stuttgart-Zuffenhausen|Neuwirtshaus(Porscheplatz)|Korntal|Weilimdorf|Ditzingen|Höfingen|Leonberg|Rutesheim|Renningen|Renningen Süd|Magstadt|Maichingen Nord|Maichingen|Sindelfingen,8001055,Böblingen,Baden-Württemberg,Böblingen,71034,9.004531864,48.68784871,3,2608122058,,,,,,,,,,,,,2.0,0.0
1506843355871310603-2608122033-1,28496,,2608122033,,,RE,RESB,,8001055,Böblingen,Baden-Württemberg,Böblingen,71034,9.004531864,48.68784871,3,,,2608122033,,h,1,Störung,,,,,,c,0.0,0.0
-5683208302743683023-2608122016-4,7761,2608122030,2608122030,4,,S,S1,Stuttgart-Vaihingen|Stuttgart-Rohr|Goldberg(Württ),8001055,Böblingen,Baden-Württemberg,Böblingen,71034,9.004531864,48.68784871,3,2608122030,,2608122031,,,,,,,,,,,0.0,1.0
3112269054498031514-2608121938-16,7062,2608122026,,5,,S,,Stuttgart-Feuerbach|Stuttgart-Zuffenhausen|Neuwirtshaus(Porscheplatz)|Korntal|Weilimdorf|Ditzingen|Höfingen|Leonberg|Rutesheim|Renningen|Renningen Süd|Magstadt|Maichingen Nord|Maichingen|Sindelfingen,8001055,Böblingen,Baden-Württemberg,Böblingen,71034,9.004531864,48.68784871,3,2608122029,,,,,,,,,,,,,3.0,0.0
-5248477185843077062-2608122033-2,7465,2608122037,2608122038,1,,S,S4,Backnang,8001296,Burgstall (Murr),Baden-Württemberg,Burgstetten,71576,9.36973562,48.92851826,6,2608122038,,2608122038,,,,,,,,,,,1.0,0.0
-1267321740504325492-2608121937-13,7456,2608122017,2608122017,1,,S,S4,Stuttgart Hbf|Stuttgart Nordbahnhof|Stuttgart-Feuerbach|Stuttgart-Zuffenhausen|Kornwestheim Pbf|Ludwigsburg|Favoritepark|Freiberg(Neckar)|Benningen(Neckar)|Marbach(Neckar)|Erdmannhausen|Kirchberg(Murr),8001296,Burgstall (Murr),Baden-Württemberg,Burgstetten,71576,9.36973562,48.92851826,6,2608122025,,2608122025,,,,,,,,,,,8.0,8.0
-6610276676854069199-2608122003-2,7463,2608122007,2608122008,1,,S,S4,Backnang,8001296,Burgstall (Murr),Baden-Württemberg,Burgstetten,71576,9.36973562,48.92851826,6,2608122007,,2608122018,,,,,,,,,,,0.0,10.0
-1687267916704717500-2608122007-13,7458,2608122047,2608122047,1,,S,S4,Stuttgart Hbf|Stuttgart Nordbahnhof|Stuttgart-Feuerbach|Stuttgart-Zuffenhausen|Kornwestheim Pbf|Ludwigsburg|Favoritepark|Freiberg(Neckar)|Benningen(Neckar)|Marbach(Neckar)|Erdmannhausen|Kirchberg(Murr),8001296,Burgstall (Murr),Baden-Württemberg,Burgstetten,71576,9.36973562,48.92851826,6,2608122050,,2608122050,,,,,,,,,,,3.0,3.0
-2600155914573285531-2608122017-8,7660,2608122036,2608122036,2,,S,S6,Stuttgart Hbf|Stuttgart Nordbahnhof|Stuttgart-Feuerbach|Stuttgart-Zuffenhausen|Neuwirtshaus(Porscheplatz)|Korntal|Weilimdorf,8001476,Ditzingen,Baden-Württemberg,Ditzingen,71254,9.067095186,48.82358726,4,2608122040,,2608122040,,,,,,,,,,,4.0,4.0
7978151233968095571-2608122004-11,7061,2608122039,2608122039,3,,S,S60,Böblingen|Sindelfingen|Maichingen|Maichingen Nord|Magstadt|Renningen Süd|Renningen|Rutesheim|Leonberg|Höfingen,8001476,Ditzingen,Baden-Württemberg,Ditzingen,71254,9.067095186,48.82358726,4,2608122039,,2608122039,,,,,,,,,,,0.0,0.0
1336318002580222572-2608122033-7,7665,2608122054,2608122054,3,,S,S6,Weil der Stadt|Malmsheim|Renningen|Rutesheim|Leonberg|Höfingen,8001476,Ditzingen,Baden-Württemberg,Ditzingen,71254,9.067095186,48.82358726,4,2608122055,,2608122055,,,,,,,,,,,1.0,1.0
-1350780593772268701-2608121947-8,7658,2608122006,2608122006,2,,S,S6,Stuttgart Hbf|Stuttgart Nordbahnhof|Stuttgart-Feuerbach|Stuttgart-Zuffenhausen|Neuwirtshaus(Porscheplatz)|Korntal|Weilimdorf,8001476,Ditzingen,Baden-Württemberg,Ditzingen,71254,9.067095186,48.82358726,4,2608122013,,2608122013,,,,,,,,,,,7.0,7.0
-5721042257730826301-2608122038-6,7066,2608122051,2608122051,2,,S,S60,Stuttgart-Feuerbach|Stuttgart-Zuffenhausen|Neuwirtshaus(Porscheplatz)|Korntal|Weilimdorf,8001476,Ditzingen,Baden-Württemberg,Ditzingen,71254,9.067095186,48.82358726,4,2608122051,,2608122051,,,,,,,,,,,0.0,0.0
1873598070724127797-2608122008-6,7064,2608122021,2608122021,2,,S,S60,Stuttgart-Feuerbach|Stuttgart-Zuffenhausen|Neuwirtshaus(Porscheplatz)|Korntal|Weilimdorf,8001476,Ditzingen,Baden-Württemberg,Ditzingen,71254,9.067095186,48.82358726,4,2608122021,,2608122021,,,,,,,,,,,0.0,0.0
3128900407755296936-2608121934-11,7059,2608122009,2608122009,3,,S,S60,Böblingen|Sindelfingen|Maichingen|Maichingen Nord|Magstadt|Renningen Süd|Renningen|Rutesheim|Leonberg|Höfingen,8001476,Ditzingen,Baden-Württemberg,Ditzingen,71254,9.067095186,48.82358726,4,2608122009,,2608122010,,,,,,,,,,,0.0,1.0
-6035664515132253415-2608122003-7,7663,2608122024,2608122024,3,,S,S6,Weil der Stadt|Malmsheim|Renningen|Rutesheim|Leonberg|Höfingen,8001476,Ditzingen,Baden-Württemberg,Ditzingen,71254,9.067095186,48.82358726,4,2608122025,,2608122025,,,,,,,,,,,1.0,1.0
-3332126691151860800-2608122005-5,7961,2608122019,2608122020,1,,S,S2,Stuttgart-Vaihingen|Stuttgart-Rohr|Oberaichen|Leinfelden,8001650,Echterdingen,Baden-Württemberg,Echterdingen,70771,9.169307175,48.69214787,4,2608122019,,2608122020,,,,,,,,,,,0.0,0.0
9081680076512318350-2608122033-3,7962,2608122040,2608122040,2,,S,S2,Filderstadt|Stuttgart Flughafen/Messe,8001650,Echterdingen,Baden-Württemberg,Echterdingen,70771,9.169307175,48.69214787,4,2608122040,,2608122040,,,,,,,,,,,0.0,0.0
-6493516335616942710-2608122035-5,7963,2608122049,2608122050,1,,S,S2,Stuttgart-Vaihingen|Stuttgart-Rohr|Oberaichen|Leinfelden,8001650,Echterdingen,Baden-Württemberg,Echterdingen,70771,9.169307175,48.69214787,4,2608122049,,2608122050,,,,,,,,,,,0.0,0.0
4493743563171895434-2608122003-3,7960,2608122010,2608122010,2,,S,S2,Filderstadt|Stuttgart Flughafen/Messe,8001650,Echterdingen,Baden-Württemberg,Echterdingen,70771,9.169307175,48.69214787,4,2608122010,,2608122010,,,,,,,,,,,0.0,0.0
8471049758632745221-2608122016-4,7764,2608122025,2608122025,1,,S,S1,Herrenberg|Nufringen|Gärtringen,8001689,Ehningen (b Böblingen),Baden-Württemberg,Ehningen,71139,8.944310368,48.66275549,4,2608122025,,2608122025,,,,,,,,,,,0.0,0.0
4922732542051090705-2608121946-6,7759,2608122005,2608122005,2,,S,S1,Stuttgart-Vaihingen|Stuttgart-Rohr|Goldberg(Württ)|Böblingen|Hulb,8001689,Ehningen (b Böblingen),Baden-Württemberg,Ehningen,71139,8.944310368,48.66275549,4,2608122005,,2608122006,,,,,,,,,,,0.0,1.0
-1277972719015839341-2608122046-4,7766,2608122055,2608122055,1,,S,S1,Herrenberg|Nufringen|Gärtringen,8001689,Ehningen (b Böblingen),Baden-Württemberg,Ehningen,71139,8.944310368,48.66275549,4,2608122055,,2608122055,,,,,,,,,,,0.0,0.0
-5683208302743683023-2608122016-6,7761,2608122035,2608122035,2,,S,S1,Stuttgart-Vaihingen|Stuttgart-Rohr|Goldberg(Württ)|Böblingen|Hulb,8001689,Ehningen (b Böblingen),Baden-Württemberg,Ehningen,71139,8.944310368,48.66275549,4,2608122035,,2608122035,,,,,,,,,,,0.0,0.0
3851149700712559495-2608122033-7,7265,2608122047,2608122047,3,,S,S2,Schorndorf|Weiler(Rems)|Winterbach(b Schorndorf)|Geradstetten|Grunbach|Beutelsbach,8001785,Endersbach,Baden-Württemberg,Weinstadt,71384,9.370192421,48.81317323,4,2608122053,,2608122054,,h,1,Bauarbeiten,,,,,,,6.0,7.0
-2392081487151840569-2608122020-9,7260,2608122041,2608122041,2,,S,S2,Stuttgart Hbf|Stuttgart-Bad Cannstatt|Stuttgart Nürnberger Str.|Stuttgart-Sommerrain|Fellbach|Waiblingen|Rommelshausen|Stetten-Beinstein,8001785,Endersbach,Baden-Württemberg,Weinstadt,71384,9.370192421,48.81317323,4,2608122044,,2608122045,,h,1,Bauarbeiten,,,,,,,3.0,4.0
-6838047124896004939-2608122003-7,7263,2608122017,2608122017,3,,S,S2,Schorndorf|Weiler(Rems)|Winterbach(b Schorndorf)|Geradstetten|Grunbach|Beutelsbach,8001785,Endersbach,Baden-Württemberg,Weinstadt,71384,9.370192421,48.81317323,4,2608122017,,2608122017,,h,1,Bauarbeiten,,,,,,,0.0,0.0
8752806059694385566-2608121950-9,7258,2608122011,2608122011,2,,S,S2,Stuttgart Hbf|Stuttgart-Bad Cannstatt|Stuttgart Nürnberger Str.|Stuttgart-Sommerrain|Fellbach|Waiblingen|Rommelshausen|Stetten-Beinstein,8001785,Endersbach,Baden-Württemberg,Weinstadt,71384,9.370192421,48.81317323,4,2608122013,,2608122013,,h,1,Bauarbeiten,,,,,,,2.0,2.0
-5248477185843077062-2608122033-4,7465,2608122047,2608122048,1,,S,S4,Backnang|Burgstall(Murr)|Kirchberg(Murr),8001827,Erdmannhausen,Baden-Württemberg,Erdmannhausen,71729,9.298930848,48.9483447,6,2608122048,,2608122049,,,,,,,,,,,1.0,1.0
-1267321740504325492-2608121937-11,7456,2608122010,2608122010,1,,S,S4,Stuttgart Hbf|Stuttgart Nordbahnhof|Stuttgart-Feuerbach|Stuttgart-Zuffenhausen|Kornwestheim Pbf|Ludwigsburg|Favoritepark|Freiberg(Neckar)|Benningen(Neckar)|Marbach(Neckar),8001827,Erdmannhausen,Baden-Württemberg,Erdmannhausen,71729,9.298930848,48.9483447,6,2608122010,,2608122011,,,,,,,,,,,0.0,1.0
-6610276676854069199-2608122003-4,7463,2608122017,2608122018,1,,S,S4,Backnang|Burgstall(Murr)|Kirchberg(Murr),8001827,Erdmannhausen,Baden-Württemberg,Erdmannhausen,71729,9.298930848,48.9483447,6,2608122024,,2608122025,,,,,,,,,,,7.0,7.0
-1687267916704717500-2608122007-11,7458,2608122040,2608122040,1,,S,S4,Stuttgart Hbf|Stuttgart Nordbahnhof|Stuttgart-Feuerbach|Stuttgart-Zuffenhausen|Kornwestheim Pbf|Ludwigsburg|Favoritepark|Freiberg(Neckar)|Benningen(Neckar)|Marbach(Neckar),8001827,Erdmannhausen,Baden-Württemberg,Erdmannhausen,71729,9.298930848,48.9483447,6,2608122043,,2608122044,,,,,,,,,,,3.0,4.0
6195485783263057734-2608121819-4,910,2608122007,2608122009,3,,ICE,,München Hbf|Augsburg Hbf|Ulm Hbf,8001920,Esslingen (Neckar),Baden-Württemberg,Esslingen am Neckar,73728,9.300578149,48.73854148,3,,,,,h,1,Störung,,,,,c,c,0.0,0.0
1112527576681373761-2608121811-6,1097,2608121958,2608122000,5,,ICE,,Frankfurt(Main)Hbf|Darmstadt Hbf|Bensheim|Weinheim(Bergstr)Hbf|Heidelberg Hbf,8001920,Esslingen (Neckar),Baden-Württemberg,Esslingen am Neckar,73728,9.300578149,48.73854148,3,2608122000,,2608122008,,h,1,Störung,,,,,,,2.0,8.0
3938780047506096015-2608122046-2,19356,2608122054,2608122054,3,,RE,MEX12,Plochingen,8001920,Esslingen (Neckar),Baden-Württemberg,Esslingen am Neckar,73728,9.300578149,48.73854148,3,2608122055,2,2608122056,2,h,2,Bauarbeiten,,,,,,,1.0,2.0
-1895474681646249837-2608121900-6,560,2608122056,2608122058,2,,ICE,,München Hbf|München-Pasing|Augsburg Hbf|Günzburg|Ulm Hbf,8001920,Esslingen (Neckar),Baden-Württemberg,Esslingen am Neckar,73728,9.300578149,48.73854148,3,,,,,h,1,Störung,,,,,c,c,0.0,0.0
-7977039131388172031-2608121857-11,19241,2608122002,2608122003,6,,RE,MEX12,Heilbronn Hbf|Nordheim(Württ)|Lauffen(Neckar)|Kirchheim(Neckar)|Walheim(Württ)|Besigheim|Bietigheim-Bissingen|Ludwigsburg|Stuttgart Hbf|Stuttgart-Bad Cannstatt,8001920,Esslingen (Neckar),Baden-Württemberg,Esslingen am Neckar,73728,9.300578149,48.73854148,3,2608122003,8,2608122003,8,h,2,Bauarbeiten,,,,,,,1.0,0.0
-4904342913615484814-2608122025-7,7162,2608122042,2608122043,8,,S,S1,Stuttgart Hbf|Stuttgart-Bad Cannstatt|Stuttgart Neckarpark|Stuttgart-Untertürkheim|Stuttgart-Obertürkheim|Esslingen-Mettingen,8001920,Esslingen (Neckar),Baden-Württemberg,Esslingen am Neckar,73728,9.300578149,48.73854148,3,2608122043,,2608122044,,,,,,,,,,,1.0,1.0
8782592837942437623-2608122039-2,4233,2608122048,2608122048,5,,RE,RE5,Stuttgart Hbf,8001920,Esslingen (Neckar),Baden-Württemberg,Esslingen am Neckar,73728,9.300578149,48.73854148,3,,,,,h,2,Bauarbeiten,,,,,c,c,0.0,0.0
904272065433025864-2608122020-9,7165,2608122047,2608122047,7,,S,S1,Kirchheim(Teck)|Kirchheim(Teck)-Ötlingen|Wendlingen(Neckar)|Wernau(Neckar)|Plochingen|Altbach|Esslingen-Zell|Oberesslingen,8001920,Esslingen (Neckar),Baden-Württemberg,Esslingen am Neckar,73728,9.300578149,48.73854148,3,2608122047,,2608122048,,,,,,,,,,,0.0,1.0
5577281673232344236-2608121805-12,4228,2608122012,2608122013,3,,RE,RE5,Friedrichshafen Stadt|Meckenbeuren|Ravensburg|Aulendorf|Bad Schussenried|Biberach(Riß)|Laupheim West|Ulm Hbf|Geislingen(Steige)|Göppingen|Plochingen,8001920,Esslingen (Neckar),Baden-Württemberg,Esslingen am Neckar,73728,9.300578149,48.73854148,3,2608122052,,2608122053,,h,2,Störung,,,Friedrichshafen Stadt|Meckenbeuren|Ravensburg|Aulendorf|Bad Schussenried|Biberach(Riß)|Laupheim West|Ulm Hbf|Geislingen(Steige)|Göppingen|Plochingen,Stuttgart Hbf,,,40.0,40.0
-8339144586973292546-2608121955-7,7160,2608122012,2608122013,8,,S,S1,Stuttgart Hbf|Stuttgart-Bad Cannstatt|Stuttgart Neckarpark|Stuttgart-Untertürkheim|Stuttgart-Obertürkheim|Esslingen-Mettingen,8001920,Esslingen (Neckar),Baden-Württemberg,Esslingen am Neckar,73728,9.300578149,48.73854148,3,2608122013,,2608122014,,,,,,,,,,,1.0,1.0
-2158318065575271496-2608122012-2,19334,2608122022,2608122023,3,,RE,MEX18,Plochingen,8001920,Esslingen (Neckar),Baden-Württemberg,Esslingen am Neckar,73728,9.300578149,48.73854148,3,2608122020,,2608122023,,,,,,,,,,,-2.0,0.0
-7930634805914691834-2608121948-14,19170,2608122038,2608122039,3,,ARV,MEX16,Geislingen(Steige)|Geislingen(Steige)West|Kuchen|Gingen(Fils)|Süßen|Salach|Eislingen(Fils)|Göppingen|Faurndau|Uhingen|Ebersbach(Fils)|Reichenbach(Fils)|Plochingen,8001920,Esslingen (Neckar),Baden-Württemberg,Esslingen am Neckar,73728,9.300578149,48.73854148,3,2608122038,,2608122039,,,,,,,,,,,0.0,0.0
-6930448942701268015-2608121950-9,7163,2608122017,2608122017,7,,S,S1,Kirchheim(Teck)|Kirchheim(Teck)-Ötlingen|Wendlingen(Neckar)|Wernau(Neckar)|Plochingen|Altbach|Esslingen-Zell|Oberesslingen,8001920,Esslingen (Neckar),Baden-Württemberg,Esslingen am Neckar,73728,9.300578149,48.73854148,3,2608122017,,2608122018,,,,,,,,,,,0.0,1.0
8301307047007953671-2608122004-3,19171,2608122015,2608122015,5,,ARV,MEX16,Stuttgart Hbf|Stuttgart-Bad Cannstatt,8001920,Esslingen (Neckar),Baden-Württemberg,Esslingen am Neckar,73728,9.300578149,48.73854148,3,2608122016,,2608122017,,,,,,,,,,,1.0,2.0
-5626492874762918281-2608121836-20,19168,2608122001,2608122002,3,,ARV,MEX16,Ulm Hbf|Beimerstetten|Westerstetten|Lonsee|Urspring|Amstetten(Württ)|Geislingen(Steige)|Geislingen(Steige)West|Kuchen|Gingen(Fils)|Süßen|Salach|Eislingen(Fils)|Göppingen|Faurndau|Uhingen|Ebersbach(Fils)|Reichenbach(Fils)|Plochingen,8001920,Esslingen (Neckar),Baden-Württemberg,Esslingen am Neckar,73728,9.300578149,48.73854148,3,2608122001,,2608122002,,,,,,,,,,,0.0,0.0
2445066244051190717-2608121930-10,19333,2608122034,2608122035,6,,RE,MEX18,Heilbronn Hbf|Nordheim(Württ)|Lauffen(Neckar)|Kirchheim(Neckar)|Walheim(Württ)|Besigheim|Bietigheim-Bissingen|Ludwigsburg|Kornwestheim Pbf,8001920,Esslingen (Neckar),Baden-Württemberg,Esslingen am Neckar,73728,9.300578149,48.73854148,3,2608122046,,2608122047,,h,2,Störung,,,,,,,12.0,12.0
4084410163644003742-2608122042-3,19173,2608122053,2608122054,5,,ARV,MEX16,Stuttgart Hbf|Stuttgart-Bad Cannstatt,8001920,Esslingen (Neckar),Baden-Württemberg,Esslingen am Neckar,73728,9.300578149,48.73854148,3,2608122054,,2608122055,,,,,,,,,,,1.0,1.0
-4904342913615484814-2608122025-6,7162,2608122039,2608122039,4,,S,S1,Stuttgart Hbf|Stuttgart-Bad Cannstatt|Stuttgart Neckarpark|Stuttgart-Untertürkheim|Stuttgart-Obertürkheim,8001921,Esslingen-Mettingen,Baden-Württemberg,Esslingen am Neckar,73733,9.275799007,48.74696655,3,2608122041,,2608122041,,,,,,,,,,,2.0,2.0
904272065433025864-2608122020-10,7165,2608122049,2608122050,3,,S,S1,Kirchheim(Teck)|Kirchheim(Teck)-Ötlingen|Wendlingen(Neckar)|Wernau(Neckar)|Plochingen|Altbach|Esslingen-Zell|Oberesslingen|Esslingen(Neckar),8001921,Esslingen-Mettingen,Baden-Württemberg,Esslingen am Neckar,73733,9.275799007,48.74696655,3,2608122050,,2608122050,,,,,,,,,,,1.0,0.0
-8339144586973292546-2608121955-6,7160,2608122009,2608122009,4,,S,S1,Stuttgart Hbf|Stuttgart-Bad Cannstatt|Stuttgart Neckarpark|Stuttgart-Untertürkheim|Stuttgart-Obertürkheim,8001921,Esslingen-Mettingen,Baden-Württemberg,Esslingen am Neckar,73733,9.275799007,48.74696655,3,2608122011,,2608122011,,,,,,,,,,,2.0,2.0
-6930448942701268015-2608121950-10,7163,2608122019,2608122020,3,,S,S1,Kirchheim(Teck)|Kirchheim(Teck)-Ötlingen|Wendlingen(Neckar)|Wernau(Neckar)|Plochingen|Altbach|Esslingen-Zell|Oberesslingen|Esslingen(Neckar),8001921,Esslingen-Mettingen,Baden-Württemberg,Esslingen am Neckar,73733,9.275799007,48.74696655,3,2608122020,,2608122020,,,,,,,,,,,1.0,0.0
-4904342913615484814-2608122025-9,7162,2608122047,2608122048,4,,S,S1,Stuttgart Hbf|Stuttgart-Bad Cannstatt|Stuttgart Neckarpark|Stuttgart-Untertürkheim|Stuttgart-Obertürkheim|Esslingen-Mettingen|Esslingen(Neckar)|Oberesslingen,8006642,Esslingen-Zell,Baden-Württemberg,Esslingen am Neckar,73730,9.359739507,48.72436142,3,2608122049,,2608122049,,,,,,,,,,,2.0,1.0
904272065433025864-2608122020-7,7165,2608122042,2608122042,3,,S,S1,Kirchheim(Teck)|Kirchheim(Teck)-Ötlingen|Wendlingen(Neckar)|Wernau(Neckar)|Plochingen|Altbach,8006642,Esslingen-Zell,Baden-Württemberg,Esslingen am Neckar,73730,9.359739507,48.72436142,3,2608122042,,2608122042,,,,,,,,,,,0.0,0.0
-8339144586973292546-2608121955-9,7160,2608122017,2608122018,4,,S,S1,Stuttgart Hbf|Stuttgart-Bad Cannstatt|Stuttgart Neckarpark|Stuttgart-Untertürkheim|Stuttgart-Obertürkheim|Esslingen-Mettingen|Esslingen(Neckar)|Oberesslingen,8006642,Esslingen-Zell,Baden-Württemberg,Esslingen am Neckar,73730,9.359739507,48.72436142,3,2608122019,,2608122020,,,,,,,,,,,2.0,2.0
-6930448942701268015-2608121950-7,7163,2608122012,2608122012,3,,S,S1,Kirchheim(Teck)|Kirchheim(Teck)-Ötlingen|Wendlingen(Neckar)|Wernau(Neckar)|Plochingen|Altbach,8006642,Esslingen-Zell,Baden-Württemberg,Esslingen am Neckar,73730,9.359739507,48.72436142,3,2608122012,,2608122012,,,,,,,,,,,0.0,0.0
-2299085007408785264-2608121933-8,7461,2608122003,2608122004,2,,S,S4,Backnang|Burgstall(Murr)|Kirchberg(Murr)|Erdmannhausen|Marbach(Neckar)|Benningen(Neckar)|Freiberg(Neckar),8001967,Favoritepark,Baden-Württemberg,Ludwigsburg,71634,9.180574277,48.90948451,5,2608122004,,2608122005,,,,,,,,,,,1.0,1.0
-2670578142775611336-2608122037-7,7460,2608122056,2608122056,1,,S,S4,Stuttgart Hbf|Stuttgart Nordbahnhof|Stuttgart-Feuerbach|Stuttgart-Zuffenhausen|Kornwestheim Pbf|Ludwigsburg,8001967,Favoritepark,Baden-Württemberg,Ludwigsburg,71634,9.180574277,48.90948451,5,2608122057,,2608122057,,,,,,,,,,,1.0,1.0
-6610276676854069199-2608122003-8,7463,2608122033,2608122034,2,,S,S4,Backnang|Burgstall(Murr)|Kirchberg(Murr)|Erdmannhausen|Marbach(Neckar)|Benningen(Neckar)|Freiberg(Neckar),8001967,Favoritepark,Baden-Württemberg,Ludwigsburg,71634,9.180574277,48.90948451,5,2608122040,,2608122040,,,,,,,,,,,7.0,6.0
-1687267916704717500-2608122007-7,7458,2608122026,2608122026,1,,S,S4,Stuttgart Hbf|Stuttgart Nordbahnhof|Stuttgart-Feuerbach|Stuttgart-Zuffenhausen|Kornwestheim Pbf|Ludwigsburg,8001967,Favoritepark,Baden-Württemberg,Ludwigsburg,71634,9.180574277,48.90948451,5,2608122029,,2608122030,,,,,,,,,,,3.0,4.0
3851149700712559495-2608122033-11,7265,2608122057,2608122058,4,,S,S2,Schorndorf|Weiler(Rems)|Winterbach(b Schorndorf)|Geradstetten|Grunbach|Beutelsbach|Endersbach|Stetten-Beinstein|Rommelshausen|Waiblingen,8001974,Fellbach,Baden-Württemberg,Fellbach,70736,9.270645988,48.8202936,3,2608122111,,2608122111,,h,1,Bauarbeiten,,,,,,,14.0,13.0
-6212403965013446492-2608121941-8,7361,2608122002,2608122003,4,,S,S3,Backnang|Maubach|Nellmersbach|Winnenden|Schwaikheim|Neustadt-Hohenacker|Waiblingen,8001974,Fellbach,Baden-Württemberg,Fellbach,70736,9.270645988,48.8202936,3,2608122005,,2608122005,,h,1,Störung,,,,,,,3.0,2.0
-2392081487151840569-2608122020-5,7260,2608122031,2608122032,1,,S,S2,Stuttgart Hbf|Stuttgart-Bad Cannstatt|Stuttgart Nürnberger Str.|Stuttgart-Sommerrain,8001974,Fellbach,Baden-Württemberg,Fellbach,70736,9.270645988,48.8202936,3,2608122035,,2608122036,,h,1,Bauarbeiten,,,,,,,4.0,4.0
-4217556654966046239-2608122042-5,7362,2608122056,2608122057,1,,S,S3,Stuttgart Hbf|Stuttgart-Bad Cannstatt|Stuttgart Nürnberger Str.|Stuttgart-Sommerrain,8001974,Fellbach,Baden-Württemberg,Fellbach,70736,9.270645988,48.8202936,3,2608122058,,2608122058,,h,1,Störung,,,,,,,2.0,1.0
-6838047124896004939-2608122003-11,7263,2608122027,2608122028,4,,S,S2,Schorndorf|Weiler(Rems)|Winterbach(b Schorndorf)|Geradstetten|Grunbach|Beutelsbach|Endersbach|Stetten-Beinstein|Rommelshausen|Waiblingen,8001974,Fellbach,Baden-Württemberg,Fellbach,70736,9.270645988,48.8202936,3,2608122027,,2608122028,,h,1,Bauarbeiten,,,,,,,0.0,0.0
8752806059694385566-2608121950-5,7258,2608122001,2608122002,1,,S,S2,Stuttgart Hbf|Stuttgart-Bad Cannstatt|Stuttgart Nürnberger Str.|Stuttgart-Sommerrain,8001974,Fellbach,Baden-Württemberg,Fellbach,70736,9.270645988,48.8202936,3,2608122004,,2608122004,,h,1,Bauarbeiten,,,,,,,3.0,2.0
2147434767086644516-2608122012-5,7360,2608122026,2608122027,1,,S,S3,Stuttgart Hbf|Stuttgart-Bad Cannstatt|Stuttgart Nürnberger Str.|Stuttgart-Sommerrain,8001974,Fellbach,Baden-Württemberg,Fellbach,70736,9.270645988,48.8202936,3,2608122027,,2608122028,,h,1,Störung,,,,,,,1.0,1.0
3013064575136603376-2608122011-8,7363,2608122032,2608122033,4,,S,S3,Backnang|Maubach|Nellmersbach|Winnenden|Schwaikheim|Neustadt-Hohenacker|Waiblingen,8001974,Fellbach,Baden-Württemberg,Fellbach,70736,9.270645988,48.8202936,3,2608122033,,2608122034,,h,1,Störung,,,,,,,1.0,1.0
-3332126691151860800-2608122005-6,7961,2608122022,2608122023,1,,S,S2,Stuttgart-Vaihingen|Stuttgart-Rohr|Oberaichen|Leinfelden|Echterdingen,8005768,Stuttgart Flughafen/Messe,Baden-Württemberg,Leinfelden-Echterdingen,70629,9.193411574,48.69075193,4,2608122022,,2608122023,,,,,,,,,,,0.0,0.0
9081680076512318350-2608122033-2,7962,2608122037,2608122038,2,,S,S2,Filderstadt,8005768,Stuttgart Flughafen/Messe,Baden-Württemberg,Leinfelden-Echterdingen,70629,9.193411574,48.69075193,4,2608122037,,2608122038,,,,,,,,,,,0.0,0.0
-6493516335616942710-2608122035-6,7963,2608122052,2608122053,1,,S,S2,Stuttgart-Vaihingen|Stuttgart-Rohr|Oberaichen|Leinfelden|Echterdingen,8005768,Stuttgart Flughafen/Messe,Baden-Württemberg,Leinfelden-Echterdingen,70629,9.193411574,48.69075193,4,2608122052,,2608122053,,,,,,,,,,,0.0,0.0
4493743563171895434-2608122003-2,7960,2608122007,2608122008,2,,S,S2,Filderstadt,8005768,Stuttgart Flughafen/Messe,Baden-Württemberg,Leinfelden-Echterdingen,70629,9.193411574,48.69075193,4,2608122007,,2608122008,,,,,,,,,,,0.0,0.0
-2299085007408785264-2608121933-7,7461,2608122000,2608122001,2,,S,S4,Backnang|Burgstall(Murr)|Kirchberg(Murr)|Erdmannhausen|Marbach(Neckar)|Benningen(Neckar),8002065,Freiberg (Neckar),Baden-Württemberg,Freiberg am Neckar,71691,9.197530085,48.92994974,5,2608122001,,2608122001,,,,,,,,,,,1.0,0.0
-2670578142775611336-2608122037-8,7460,2608122059,2608122059,3,,S,S4,Stuttgart Hbf|Stuttgart Nordbahnhof|Stuttgart-Feuerbach|Stuttgart-Zuffenhausen|Kornwestheim Pbf|Ludwigsburg|Favoritepark,8002065,Freiberg (Neckar),Baden-Württemberg,Freiberg am Neckar,71691,9.197530085,48.92994974,5,2608122100,,2608122101,,,,,,,,,,,1.0,2.0
-6610276676854069199-2608122003-7,7463,2608122030,2608122031,2,,S,S4,Backnang|Burgstall(Murr)|Kirchberg(Murr)|Erdmannhausen|Marbach(Neckar)|Benningen(Neckar),8002065,Freiberg (Neckar),Baden-Württemberg,Freiberg am Neckar,71691,9.197530085,48.92994974,5,2608122037,,2608122037,,,,,,,,,,,7.0,6.0
-1687267916704717500-2608122007-8,7458,2608122029,2608122029,3,,S,S4,Stuttgart Hbf|Stuttgart Nordbahnhof|Stuttgart-Feuerbach|Stuttgart-Zuffenhausen|Kornwestheim Pbf|Ludwigsburg|Favoritepark,8002065,Freiberg (Neckar),Baden-Württemberg,Freiberg am Neckar,71691,9.197530085,48.92994974,5,2608122032,,2608122032,,,,,,,,,,,3.0,3.0
8471049758632745221-2608122016-3,7764,2608122022,2608122022,2,,S,S1,Herrenberg|Nufringen,8002165,Gärtringen,Baden-Württemberg,Gärtringen,71116,8.908864487,48.64080021,5,2608122022,,2608122022,,,,,,,,,,,0.0,0.0
4922732542051090705-2608121946-7,7759,2608122008,2608122008,1,,S,S1,Stuttgart-Vaihingen|Stuttgart-Rohr|Goldberg(Württ)|Böblingen|Hulb|Ehningen(b Böblingen),8002165,Gärtringen,Baden-Württemberg,Gärtringen,71116,8.908864487,48.64080021,5,2608122009,,2608122009,,,,,,,,,,,1.0,1.0
-1277972719015839341-2608122046-3,7766,2608122052,2608122052,2,,S,S1,Herrenberg|Nufringen,8002165,Gärtringen,Baden-Württemberg,Gärtringen,71116,8.908864487,48.64080021,5,2608122052,,2608122052,,,,,,,,,,,0.0,0.0
-5683208302743683023-2608122016-7,7761,2608122038,2608122038,1,,S,S1,Stuttgart-Vaihingen|Stuttgart-Rohr|Goldberg(Württ)|Böblingen|Hulb|Ehningen(b Böblingen),8002165,Gärtringen,Baden-Württemberg,Gärtringen,71116,8.908864487,48.64080021,5,2608122038,,2608122039,,,,,,,,,,,0.0,1.0
3851149700712559495-2608122033-4,7265,2608122040,2608122041,1,,S,S2,Schorndorf|Weiler(Rems)|Winterbach(b Schorndorf),8002240,Geradstetten,Baden-Württemberg,Remshalden,73630,9.439522346,48.80527689,5,2608122047,,2608122047,,h,1,Bauarbeiten,,,,,,,7.0,6.0
-2392081487151840569-2608122020-12,7260,2608122047,2608122047,2,,S,S2,Stuttgart Hbf|Stuttgart-Bad Cannstatt|Stuttgart Nürnberger Str.|Stuttgart-Sommerrain|Fellbach|Waiblingen|Rommelshausen|Stetten-Beinstein|Endersbach|Beutelsbach|Grunbach,8002240,Geradstetten,Baden-Württemberg,Remshalden,73630,9.439522346,48.80527689,5,2608122050,,2608122051,,h,1,Bauarbeiten,,,,,,,3.0,4.0
-6838047124896004939-2608122003-4,7263,2608122010,2608122011,1,,S,S2,Schorndorf|Weiler(Rems)|Winterbach(b Schorndorf),8002240,Geradstetten,Baden-Württemberg,Remshalden,73630,9.439522346,48.80527689,5,2608122010,,2608122011,,h,1,Bauarbeiten,,,,,,,0.0,0.0
8752806059694385566-2608121950-12,7258,2608122017,2608122017,2,,S,S2,Stuttgart Hbf|Stuttgart-Bad Cannstatt|Stuttgart Nürnberger Str.|Stuttgart-Sommerrain|Fellbach|Waiblingen|Rommelshausen|Stetten-Beinstein|Endersbach|Beutelsbach|Grunbach,8002240,Geradstetten,Baden-Württemberg,Remshalden,73630,9.439522346,48.80527689,5,2608122019,,2608122019,,h,1,Bauarbeiten,,,,,,,2.0,2.0
4683056481244044415-2608122046-3,7763,2608122058,2608122058,1,,S,S1,Stuttgart-Vaihingen|Stuttgart-Rohr,8005201,Goldberg,Baden-Württemberg,Böblingen,71032,9.019733387,48.69651581,5,2608122058,,2608122058,,,,,,,,,,,0.0,0.0
8471049758632745221-2608122016-7,7764,2608122032,2608122032,2,,S,S1,Herrenberg|Nufringen|Gärtringen|Ehningen(b Böblingen)|Hulb|Böblingen,8005201,Goldberg,Baden-Württemberg,Böblingen,71032,9.019733387,48.69651581,5,2608122032,,2608122033,,,,,,,,,,,0.0,1.0
-6796240322761220487-2608121946-7,7762,2608122002,2608122002,2,,S,S1,Herrenberg|Nufringen|Gärtringen|Ehningen(b Böblingen)|Hulb|Böblingen,8005201,Goldberg,Baden-Württemberg,Böblingen,71032,9.019733387,48.69651581,5,2608122002,,2608122003,,,,,,,,,,,0.0,1.0
-5683208302743683023-2608122016-3,7761,2608122028,2608122028,1,,S,S1,Stuttgart-Vaihingen|Stuttgart-Rohr,8005201,Goldberg,Baden-Württemberg,Böblingen,71032,9.019733387,48.69651581,5,2608122028,,2608122028,,,,,,,,,,,0.0,0.0
3851149700712559495-2608122033-5,7265,2608122042,2608122043,2,,S,S2,Schorndorf|Weiler(Rems)|Winterbach(b Schorndorf)|Geradstetten,8002448,Grunbach,Baden-Württemberg,Remshalden,73630,9.419580601,48.810414,4,2608122049,,2608122049,,h,1,Bauarbeiten,,,,,,,7.0,6.0
-2392081487151840569-2608122020-11,7260,2608122045,2608122045,3,,S,S2,Stuttgart Hbf|Stuttgart-Bad Cannstatt|Stuttgart Nürnberger Str.|Stuttgart-Sommerrain|Fellbach|Waiblingen|Rommelshausen|Stetten-Beinstein|Endersbach|Beutelsbach,8002448,Grunbach,Baden-Württemberg,Remshalden,73630,9.419580601,48.810414,4,2608122048,,2608122049,,h,1,Bauarbeiten,,,,,,,3.0,4.0
-6838047124896004939-2608122003-5,7263,2608122012,2608122013,2,,S,S2,Schorndorf|Weiler(Rems)|Winterbach(b Schorndorf)|Geradstetten,8002448,Grunbach,Baden-Württemberg,Remshalden,73630,9.419580601,48.810414,4,2608122012,,2608122013,,h,1,Bauarbeiten,,,,,,,0.0,0.0
8752806059694385566-2608121950-11,7258,2608122015,2608122015,3,,S,S2,Stuttgart Hbf|Stuttgart-Bad Cannstatt|Stuttgart Nürnberger Str.|Stuttgart-Sommerrain|Fellbach|Waiblingen|Rommelshausen|Stetten-Beinstein|Endersbach|Beutelsbach,8002448,Grunbach,Baden-Württemberg,Remshalden,73630,9.419580601,48.810414,4,2608122017,,2608122017,,h,1,Bauarbeiten,,,,,,,2.0,2.0
-2536730708892828091-2608122015-4,17669,2608122047,2608122048,4,,RE,RE14a,Stuttgart Hbf|Stuttgart-Vaihingen|Böblingen,8002785,Herrenberg,Baden-Württemberg,Herrenberg,71083,8.862625253,48.59395697,3,2608122048,,2608122049,,,,,,,,,,,1.0,1.0
-5208721691458454869-2608122015-4,17667,2608122047,2608122048,4,,RE,RE14b,Stuttgart Hbf|Stuttgart-Vaihingen|Böblingen,8002785,Herrenberg,Baden-Württemberg,Herrenberg,71083,8.862625253,48.59395697,3,2608122048,,2608122049,,,,,,,,,,,1.0,1.0
8139391170105512340-2608122049-1,22866,,2608122049,,,RB,RB63,,8002785,Herrenberg,Baden-Württemberg,Herrenberg,71083,8.862625253,48.59395697,3,,,2608122050,,h,2,Information,,,,,,,0.0,1.0
8471049758632745221-2608122016-1,7764,,2608122016,,,S,S1,,8002785,Herrenberg,Baden-Württemberg,Herrenberg,71083,8.862625253,48.59395697,3,,,2608122016,,,,,,,,,,,0.0,0.0
5746849997041182137-2608121807-13,2382,2608122011,2608122011,1,,IC,,Konstanz|Radolfzell|Singen(Hohentwiel)|Engen|Tuttlingen|Spaichingen|Rottweil|Oberndorf(Neckar)|Sulz(Neckar)|Horb|Bondorf(b Herrenberg)|Gäufelden,8002785,Herrenberg,Baden-Württemberg,Herrenberg,71083,8.862625253,48.59395697,3,2608122011,,2608122012,,h,2,Information,,,,,,,0.0,1.0
5934267116368473668-2608122011-10,22867,2608122041,,102,,RB,,Tübingen Hbf|Tübingen West|Unterjesingen Sandäcker|Unterjesingen Mitte|Pfäffingen|Entringen|Altingen(Württ)|Gültstein|Herrenberg Zwerchweg,8002785,Herrenberg,Baden-Württemberg,Herrenberg,71083,8.862625253,48.59395697,3,2608122041,,,,h,2,Information,,,,,,,0.0,0.0
4922732542051090705-2608121946-9,7759,2608122015,,3,,S,,Stuttgart-Vaihingen|Stuttgart-Rohr|Goldberg(Württ)|Böblingen|Hulb|Ehningen(b Böblingen)|Gärtringen|Nufringen,8002785,Herrenberg,Baden-Württemberg,Herrenberg,71083,8.862625253,48.59395697,3,2608122015,,,,,,,,,,,,,0.0,0.0
2811290082414394795-2608122019-1,22862,,2608122019,,,RB,RB63,,8002785,Herrenberg,Baden-Württemberg,Herrenberg,71083,8.862625253,48.59395697,3,,,2608122019,,h,2,Information,,,,,,,0.0,0.0
-6800969003193975062-2608121807-13,52382,2608122011,2608122011,1,,RE,IC87,Konstanz|Radolfzell|Singen(Hohentwiel)|Engen|Tuttlingen|Spaichingen|Rottweil|Oberndorf(Neckar)|Sulz(Neckar)|Horb|Bondorf(b Herrenberg)|Gäufelden,8002785,Herrenberg,Baden-Württemberg,Herrenberg,71083,8.862625253,48.59395697,3,2608122011,,2608122012,,h,2,Information,,,,,,,0.0,1.0
-1277972719015839341-2608122046-1,7766,,2608122046,,,S,S1,,8002785,Herrenberg,Baden-Württemberg,Herrenberg,71083,8.862625253,48.59395697,3,,,2608122046,,,,,,,,,,,0.0,0.0
1141713009759667680-2608121941-10,22863,2608122011,,102,,RB,,Tübingen Hbf|Tübingen West|Unterjesingen Sandäcker|Unterjesingen Mitte|Pfäffingen|Entringen|Altingen(Württ)|Gültstein|Herrenberg Zwerchweg,8002785,Herrenberg,Baden-Württemberg,Herrenberg,71083,8.862625253,48.59395697,3,2608122011,,,,h,2,Information,,,,,,,0.0,0.0
-5683208302743683023-2608122016-9,7761,2608122045,,3,,S,,Stuttgart-Vaihingen|Stuttgart-Rohr|Goldberg(Württ)|Böblingen|Hulb|Ehningen(b Böblingen)|Gärtringen|Nufringen,8002785,Herrenberg,Baden-Württemberg,Herrenberg,71083,8.862625253,48.59395697,3,2608122045,,,,,,,,,,,,,0.0,0.0
-2600155914573285531-2608122017-9,7660,2608122039,2608122039,2,,S,S6,Stuttgart Hbf|Stuttgart Nordbahnhof|Stuttgart-Feuerbach|Stuttgart-Zuffenhausen|Neuwirtshaus(Porscheplatz)|Korntal|Weilimdorf|Ditzingen,8002892,Höfingen,Baden-Württemberg,Leonberg,71229,9.026180834,48.81503436,5,2608122043,,2608122044,,,,,,,,,,,4.0,5.0
7978151233968095571-2608122004-10,7061,2608122035,2608122036,1,,S,S60,Böblingen|Sindelfingen|Maichingen|Maichingen Nord|Magstadt|Renningen Süd|Renningen|Rutesheim|Leonberg,8002892,Höfingen,Baden-Württemberg,Leonberg,71229,9.026180834,48.81503436,5,2608122036,,2608122037,,,,,,,,,,,1.0,1.0
1336318002580222572-2608122033-6,7665,2608122050,2608122051,1,,S,S6,Weil der Stadt|Malmsheim|Renningen|Rutesheim|Leonberg,8002892,Höfingen,Baden-Württemberg,Leonberg,71229,9.026180834,48.81503436,5,2608122052,,2608122053,,,,,,,,,,,2.0,2.0
-1350780593772268701-2608121947-9,7658,2608122009,2608122009,2,,S,S6,Stuttgart Hbf|Stuttgart Nordbahnhof|Stuttgart-Feuerbach|Stuttgart-Zuffenhausen|Neuwirtshaus(Porscheplatz)|Korntal|Weilimdorf|Ditzingen,8002892,Höfingen,Baden-Württemberg,Leonberg,71229,9.026180834,48.81503436,5,2608122016,,2608122017,,,,,,,,,,,7.0,8.0
-5721042257730826301-2608122038-7,7066,2608122054,2608122054,2,,S,S60,Stuttgart-Feuerbach|Stuttgart-Zuffenhausen|Neuwirtshaus(Porscheplatz)|Korntal|Weilimdorf|Ditzingen,8002892,Höfingen,Baden-Württemberg,Leonberg,71229,9.026180834,48.81503436,5,2608122054,,2608122055,,,,,,,,,,,0.0,1.0
1873598070724127797-2608122008-7,7064,2608122024,2608122024,2,,S,S60,Stuttgart-Feuerbach|Stuttgart-Zuffenhausen|Neuwirtshaus(Porscheplatz)|Korntal|Weilimdorf|Ditzingen,8002892,Höfingen,Baden-Württemberg,Leonberg,71229,9.026180834,48.81503436,5,2608122024,,2608122024,,,,,,,,,,,0.0,0.0
3128900407755296936-2608121934-10,7059,2608122005,2608122006,1,,S,S60,Böblingen|Sindelfingen|Maichingen|Maichingen Nord|Magstadt|Renningen Süd|Renningen|Rutesheim|Leonberg,8002892,Höfingen,Baden-Württemberg,Leonberg,71229,9.026180834,48.81503436,5,2608122006,,2608122007,,,,,,,,,,,1.0,1.0
-6035664515132253415-2608122003-6,7663,2608122020,2608122021,1,,S,S6,Weil der Stadt|Malmsheim|Renningen|Rutesheim|Leonberg,8002892,Höfingen,Baden-Württemberg,Leonberg,71229,9.026180834,48.81503436,5,2608122022,,2608122023,,,,,,,,,,,2.0,2.0
8471049758632745221-2608122016-5,7764,2608122028,2608122028,2,,S,S1,Herrenberg|Nufringen|Gärtringen|Ehningen(b Böblingen),8003022,Hulb,Baden-Württemberg,Böblingen-Hulb,71032,8.982396429,48.67924173,5,2608122028,,2608122028,,,,,,,,,,,0.0,0.0
4922732542051090705-2608121946-5,7759,2608122002,2608122002,1,,S,S1,Stuttgart-Vaihingen|Stuttgart-Rohr|Goldberg(Württ)|Böblingen,8003022,Hulb,Baden-Württemberg,Böblingen-Hulb,71032,8.982396429,48.67924173,5,2608122002,,2608122003,,,,,,,,,,,0.0,1.0
-1277972719015839341-2608122046-5,7766,2608122058,2608122058,2,,S,S1,Herrenberg|Nufringen|Gärtringen|Ehningen(b Böblingen),8003022,Hulb,Baden-Württemberg,Böblingen-Hulb,71032,8.982396429,48.67924173,5,2608122058,,2608122059,,,,,,,,,,,0.0,1.0
-5683208302743683023-2608122016-5,7761,2608122032,2608122032,1,,S,S1,Stuttgart-Vaihingen|Stuttgart-Rohr|Goldberg(Württ)|Böblingen,8003022,Hulb,Baden-Württemberg,Böblingen-Hulb,71032,8.982396429,48.67924173,5,2608122032,,2608122032,,,,,,,,,,,0.0,0.0
-3332126691151860800-2608122005-7,7961,2608122027,,1,,S,,Stuttgart-Vaihingen|Stuttgart-Rohr|Oberaichen|Leinfelden|Echterdingen|Stuttgart Flughafen/Messe,8001984,Filderstadt,Baden-Württemberg,Filderstadt,70794,9.217581315,48.67649151,5,2608122027,,,,,,,,,,,,,0.0,0.0
9081680076512318350-2608122033-1,7962,,2608122033,,,S,S2,,8001984,Filderstadt,Baden-Württemberg,Filderstadt,70794,9.217581315,48.67649151,5,,,2608122033,,,,,,,,,,,0.0,0.0
-6493516335616942710-2608122035-7,7963,2608122057,,1,,S,,Stuttgart-Vaihingen|Stuttgart-Rohr|Oberaichen|Leinfelden|Echterdingen|Stuttgart Flughafen/Messe,8001984,Filderstadt,Baden-Württemberg,Filderstadt,70794,9.217581315,48.67649151,5,2608122057,,,,,,,,,,,,,0.0,0.0
4493743563171895434-2608122003-1,7960,,2608122003,,,S,S2,,8001984,Filderstadt,Baden-Württemberg,Filderstadt,70794,9.217581315,48.67649151,5,,,2608122003,,,,,,,,,,,0.0,0.0
-5248477185843077062-2608122033-3,7465,2608122042,2608122045,1,,S,S4,Backnang|Burgstall(Murr),8003266,Kirchberg (Murr),Baden-Württemberg,Kirchberg an der Murr,71737,9.328210283,48.93928182,6,2608122042,,2608122046,,,,,,,,,,,0.0,1.0
-1267321740504325492-2608121937-12,7456,2608122013,2608122013,2,,S,S4,Stuttgart Hbf|Stuttgart Nordbahnhof|Stuttgart-Feuerbach|Stuttgart-Zuffenhausen|Kornwestheim Pbf|Ludwigsburg|Favoritepark|Freiberg(Neckar)|Benningen(Neckar)|Marbach(Neckar)|Erdmannhausen,8003266,Kirchberg (Murr),Baden-Württemberg,Kirchberg an der Murr,71737,9.328210283,48.93928182,6,2608122013,,2608122021,,,,,,,,,,,0.0,8.0
-6610276676854069199-2608122003-3,7463,2608122012,2608122015,1,,S,S4,Backnang|Burgstall(Murr),8003266,Kirchberg (Murr),Baden-Württemberg,Kirchberg an der Murr,71737,9.328210283,48.93928182,6,2608122021,,2608122021,,,,,,,,,,,9.0,6.0
-1687267916704717500-2608122007-12,7458,2608122043,2608122043,2,,S,S4,Stuttgart Hbf|Stuttgart Nordbahnhof|Stuttgart-Feuerbach|Stuttgart-Zuffenhausen|Kornwestheim Pbf|Ludwigsburg|Favoritepark|Freiberg(Neckar)|Benningen(Neckar)|Marbach(Neckar)|Erdmannhausen,8003266,Kirchberg (Murr),Baden-Württemberg,Kirchberg an der Murr,71737,9.328210283,48.93928182,6,2608122046,,2608122046,,,,,,,,,,,3.0,3.0
7378322357361983392-2608121954-7,37980,2608122012,,1,,RB,,Oberlenningen|Unterlenningen|Brucken|Owen(Teck)|Dettingen(Teck)|Kirchheim(Teck)Süd,8003280,Kirchheim (Teck),Baden-Württemberg,Kirchheim unter Teck,73230,9.443872422,48.64415981,4,2608122012,,,,,,,,,,,,,0.0,0.0
-1558425123957504280-2608121925-15,7158,2608122009,,2,,S,,Stuttgart Hbf|Stuttgart-Bad Cannstatt|Stuttgart Neckarpark|Stuttgart-Untertürkheim|Stuttgart-Obertürkheim|Esslingen-Mettingen|Esslingen(Neckar)|Oberesslingen|Esslingen-Zell|Altbach|Plochingen|Wernau(Neckar)|Wendlingen(Neckar)|Kirchheim(Teck)-Ötlingen,8003280,Kirchheim (Teck),Baden-Württemberg,Kirchheim unter Teck,73230,9.443872422,48.64415981,4,2608122012,,,,,,,,,,,,,3.0,0.0
904272065433025864-2608122020-1,7165,,2608122020,,,S,S1,,8003280,Kirchheim (Teck),Baden-Württemberg,Kirchheim unter Teck,73230,9.443872422,48.64415981,4,,,2608122020,,,,,,,,,,,0.0,0.0
-8339144586973292546-2608121955-15,7160,2608122039,,2,,S,,Stuttgart Hbf|Stuttgart-Bad Cannstatt|Stuttgart Neckarpark|Stuttgart-Untertürkheim|Stuttgart-Obertürkheim|Esslingen-Mettingen|Esslingen(Neckar)|Oberesslingen|Esslingen-Zell|Altbach|Plochingen|Wernau(Neckar)|Wendlingen(Neckar)|Kirchheim(Teck)-Ötlingen,8003280,Kirchheim (Teck),Baden-Württemberg,Kirchheim unter Teck,73230,9.443872422,48.64415981,4,2608122040,,,,,,,,,,,,,1.0,0.0
3106830256264099267-2608122050-1,7167,,2608122050,,,S,S1,,8003280,Kirchheim (Teck),Baden-Württemberg,Kirchheim unter Teck,73230,9.443872422,48.64415981,4,,,2608122050,,,,,,,,,,,0.0,0.0
-1558425123957504280-2608121925-14,7158,2608122006,2608122007,1,,S,S1,Stuttgart Hbf|Stuttgart-Bad Cannstatt|Stuttgart Neckarpark|Stuttgart-Untertürkheim|Stuttgart-Obertürkheim|Esslingen-Mettingen|Esslingen(Neckar)|Oberesslingen|Esslingen-Zell|Altbach|Plochingen|Wernau(Neckar)|Wendlingen(Neckar),8003282,Kirchheim (Teck)-Ötlingen,Baden-Württemberg,Kirchheim unter Teck,73230,9.416261302,48.65782388,5,2608122008,,2608122010,,,,,,,,,,,2.0,3.0
904272065433025864-2608122020-2,7165,2608122023,2608122023,1,,S,S1,Kirchheim(Teck),8003282,Kirchheim (Teck)-Ötlingen,Baden-Württemberg,Kirchheim unter Teck,73230,9.416261302,48.65782388,5,2608122024,,2608122025,,,,,,,,,,,1.0,2.0
-8339144586973292546-2608121955-14,7160,2608122036,2608122037,1,,S,S1,Stuttgart Hbf|Stuttgart-Bad Cannstatt|Stuttgart Neckarpark|Stuttgart-Untertürkheim|Stuttgart-Obertürkheim|Esslingen-Mettingen|Esslingen(Neckar)|Oberesslingen|Esslingen-Zell|Altbach|Plochingen|Wernau(Neckar)|Wendlingen(Neckar),8003282,Kirchheim (Teck)-Ötlingen,Baden-Württemberg,Kirchheim unter Teck,73230,9.416261302,48.65782388,5,2608122036,,2608122037,,,,,,,,,,,0.0,0.0
3106830256264099267-2608122050-2,7167,2608122053,2608122053,1,,S,S1,Kirchheim(Teck),8003282,Kirchheim (Teck)-Ötlingen,Baden-Württemberg,Kirchheim unter Teck,73230,9.416261302,48.65782388,5,2608122053,,2608122054,,,,,,,,,,,0.0,1.0
-477415883587871867-2608122035-1,1246,,2608122035,,,WEG,RB47,,8003409,Korntal,Baden-Württemberg,Korntal,70825,9.121099128,48.82640246,4,,,2608122036,,,,,,,,,,,0.0,1.0
-7705710865560115544-2608122005-1,1240,,2608122005,,,WEG,RB47,,8003409,Korntal,Baden-Württemberg,Korntal,70825,9.121099128,48.82640246,4,,,2608122005,,,,,,,,,,,0.0,0.0
5776416181563547049-2608122031-7,1247,2608122054,,7,,WEG,,Heimerdingen|Hemmingen|Schwieberdingen|Münchingen|Münchingen Rührberg|Korntal Gymnasium,8003409,Korntal,Baden-Württemberg,Korntal,70825,9.121099128,48.82640246,4,2608122055,,,,,,,,,,,,,1.0,0.0
-2600155914573285531-2608122017-6,7660,2608122031,2608122031,1,,S,S6,Stuttgart Hbf|Stuttgart Nordbahnhof|Stuttgart-Feuerbach|Stuttgart-Zuffenhausen|Neuwirtshaus(Porscheplatz),8003409,Korntal,Baden-Württemberg,Korntal,70825,9.121099128,48.82640246,4,2608122035,,2608122036,,,,,,,,,,,4.0,5.0
-5774230003181684360-2608122001-7,1241,2608122024,,7,,WEG,,Heimerdingen|Hemmingen|Schwieberdingen|Münchingen|Münchingen Rührberg|Korntal Gymnasium,8003409,Korntal,Baden-Württemberg,Korntal,70825,9.121099128,48.82640246,4,2608122024,,,,,,,,,,,,,0.0,0.0
7978151233968095571-2608122004-13,7061,2608122043,2608122044,3,,S,S60,Böblingen|Sindelfingen|Maichingen|Maichingen Nord|Magstadt|Renningen Süd|Renningen|Rutesheim|Leonberg|Höfingen|Ditzingen|Weilimdorf,8003409,Korntal,Baden-Württemberg,Korntal,70825,9.121099128,48.82640246,4,2608122044,,2608122044,,,,,,,,,,,1.0,0.0
1336318002580222572-2608122033-9,7665,2608122058,2608122059,3,,S,S6,Weil der Stadt|Malmsheim|Renningen|Rutesheim|Leonberg|Höfingen|Ditzingen|Weilimdorf,8003409,Korntal,Baden-Württemberg,Korntal,70825,9.121099128,48.82640246,4,2608122059,,2608122059,,,,,,,,,,,1.0,0.0
-1350780593772268701-2608121947-6,7658,2608122001,2608122001,1,,S,S6,Stuttgart Hbf|Stuttgart Nordbahnhof|Stuttgart-Feuerbach|Stuttgart-Zuffenhausen|Neuwirtshaus(Porscheplatz),8003409,Korntal,Baden-Württemberg,Korntal,70825,9.121099128,48.82640246,4,2608122009,,2608122009,,,,,,,,,,,8.0,8.0
-5721042257730826301-2608122038-4,7066,2608122046,2608122046,1,,S,S60,Stuttgart-Feuerbach|Stuttgart-Zuffenhausen|Neuwirtshaus(Porscheplatz),8003409,Korntal,Baden-Württemberg,Korntal,70825,9.121099128,48.82640246,4,2608122046,,2608122046,,,,,,,,,,,0.0,0.0
1873598070724127797-2608122008-4,7064,2608122016,2608122016,1,,S,S60,Stuttgart-Feuerbach|Stuttgart-Zuffenhausen|Neuwirtshaus(Porscheplatz),8003409,Korntal,Baden-Württemberg,Korntal,70825,9.121099128,48.82640246,4,2608122016,,2608122016,,,,,,,,,,,0.0,0.0
3128900407755296936-2608121934-13,7059,2608122013,2608122014,3,,S,S60,Böblingen|Sindelfingen|Maichingen|Maichingen Nord|Magstadt|Renningen Süd|Renningen|Rutesheim|Leonberg|Höfingen|Ditzingen|Weilimdorf,8003409,Korntal,Baden-Württemberg,Korntal,70825,9.121099128,48.82640246,4,2608122014,,2608122014,,,,,,,,,,,1.0,0.0
-6035664515132253415-2608122003-9,7663,2608122028,2608122029,3,,S,S6,Weil der Stadt|Malmsheim|Renningen|Rutesheim|Leonberg|Höfingen|Ditzingen|Weilimdorf,8003409,Korntal,Baden-Württemberg,Korntal,70825,9.121099128,48.82640246,4,2608122029,,2608122030,,,,,,,,,,,1.0,1.0
-5752778913722820927-2608121957-5,7560,2608122010,2608122010,4,,S,S5,Stuttgart Hbf|Stuttgart Nordbahnhof|Stuttgart-Feuerbach|Stuttgart-Zuffenhausen,8003411,Kornwestheim Pbf,Baden-Württemberg,Kornwestheim,70806,9.179967278,48.86215948,3,2608122014,,2608122014,,,,,,,,,,,4.0,4.0
-2299085007408785264-2608121933-10,7461,2608122010,2608122010,3,,S,S4,Backnang|Burgstall(Murr)|Kirchberg(Murr)|Erdmannhausen|Marbach(Neckar)|Benningen(Neckar)|Freiberg(Neckar)|Favoritepark|Ludwigsburg,8003411,Kornwestheim Pbf,Baden-Württemberg,Kornwestheim,70806,9.179967278,48.86215948,3,2608122011,,2608122012,,,,,,,,,,,1.0,2.0
-2158318065575271496-2608122012-3,19334,2608122042,2608122046,7,,RE,MEX18,Plochingen|Esslingen(Neckar),8003411,Kornwestheim Pbf,Baden-Württemberg,Kornwestheim,70806,9.179967278,48.86215948,3,2608122038,5,2608122046,5,,,,,,,,,,-4.0,0.0
-2670578142775611336-2608122037-5,7460,2608122050,2608122050,4,,S,S4,Stuttgart Hbf|Stuttgart Nordbahnhof|Stuttgart-Feuerbach|Stuttgart-Zuffenhausen,8003411,Kornwestheim Pbf,Baden-Württemberg,Kornwestheim,70806,9.179967278,48.86215948,3,2608122051,,2608122051,,,,,,,,,,,1.0,1.0
-6268040799960483129-2608122007-5,7563,2608122019,2608122020,3,,S,S5,Bietigheim-Bissingen|Tamm(Württ)|Asperg|Ludwigsburg,8003411,Kornwestheim Pbf,Baden-Württemberg,Kornwestheim,70806,9.179967278,48.86215948,3,2608122020,,2608122021,,,,,,,,,,,1.0,1.0
-8846636026834830888-2608122037-5,7565,2608122049,2608122050,3,,S,S5,Bietigheim-Bissingen|Tamm(Württ)|Asperg|Ludwigsburg,8003411,Kornwestheim Pbf,Baden-Württemberg,Kornwestheim,70806,9.179967278,48.86215948,3,2608122053,,2608122053,,,,,,,,,,,4.0,3.0
8382187992903264693-2608121957-9,19349,2608122042,2608122045,6,,RE,MEX12,Heilbronn Hbf|Nordheim(Württ)|Lauffen(Neckar)|Kirchheim(Neckar)|Walheim(Württ)|Besigheim|Bietigheim-Bissingen|Ludwigsburg,8003411,Kornwestheim Pbf,Baden-Württemberg,Kornwestheim,70806,9.179967278,48.86215948,3,2608122042,,2608122045,,h,2,Störung,,,,,,,0.0,0.0
-6610276676854069199-2608122003-10,7463,2608122040,2608122040,3,,S,S4,Backnang|Burgstall(Murr)|Kirchberg(Murr)|Erdmannhausen|Marbach(Neckar)|Benningen(Neckar)|Freiberg(Neckar)|Favoritepark|Ludwigsburg,8003411,Kornwestheim Pbf,Baden-Württemberg,Kornwestheim,70806,9.179967278,48.86215948,3,2608122047,,2608122047,,,,,,,,,,,7.0,7.0
-1687267916704717500-2608122007-5,7458,2608122020,2608122020,4,,S,S4,Stuttgart Hbf|Stuttgart Nordbahnhof|Stuttgart-Feuerbach|Stuttgart-Zuffenhausen,8003411,Kornwestheim Pbf,Baden-Württemberg,Kornwestheim,70806,9.179967278,48.86215948,3,2608122023,,2608122023,,,,,,,,,,,3.0,3.0
2445066244051190717-2608121930-9,19333,2608122013,2608122020,6,,RE,MEX18,Heilbronn Hbf|Nordheim(Württ)|Lauffen(Neckar)|Kirchheim(Neckar)|Walheim(Württ)|Besigheim|Bietigheim-Bissingen|Ludwigsburg,8003411,Kornwestheim Pbf,Baden-Württemberg,Kornwestheim,70806,9.179967278,48.86215948,3,2608122013,,2608122022,,h,2,Störung,,,,,,,0.0,2.0
5605939437382144784-2608122027-5,7562,2608122040,2608122040,4,,S,S5,Stuttgart Hbf|Stuttgart Nordbahnhof|Stuttgart-Feuerbach|Stuttgart-Zuffenhausen,8003411,Kornwestheim Pbf,Baden-Württemberg,Kornwestheim,70806,9.179967278,48.86215948,3,2608122042,,2608122043,,,,,,,,,,,2.0,3.0
-3332126691151860800-2608122005-4,7961,2608122016,2608122017,1,,S,S2,Stuttgart-Vaihingen|Stuttgart-Rohr|Oberaichen,8003622,Leinfelden,Baden-Württemberg,Leinfelden-Echterdingen,70771,9.142859698,48.6964193,4,2608122016,,2608122017,,,,,,,,,,,0.0,0.0
9081680076512318350-2608122033-4,7962,2608122042,2608122043,2,,S,S2,Filderstadt|Stuttgart Flughafen/Messe|Echterdingen,8003622,Leinfelden,Baden-Württemberg,Leinfelden-Echterdingen,70771,9.142859698,48.6964193,4,2608122042,,2608122043,,,,,,,,,,,0.0,0.0
-6493516335616942710-2608122035-4,7963,2608122046,2608122047,1,,S,S2,Stuttgart-Vaihingen|Stuttgart-Rohr|Oberaichen,8003622,Leinfelden,Baden-Württemberg,Leinfelden-Echterdingen,70771,9.142859698,48.6964193,4,2608122046,,2608122047,,,,,,,,,,,0.0,0.0
4493743563171895434-2608122003-4,7960,2608122012,2608122013,2,,S,S2,Filderstadt|Stuttgart Flughafen/Messe|Echterdingen,8003622,Leinfelden,Baden-Württemberg,Leinfelden-Echterdingen,70771,9.142859698,48.6964193,4,2608122012,,2608122013,,,,,,,,,,,0.0,0.0
-2600155914573285531-2608122017-10,7660,2608122043,2608122043,2,,S,S6,Stuttgart Hbf|Stuttgart Nordbahnhof|Stuttgart-Feuerbach|Stuttgart-Zuffenhausen|Neuwirtshaus(Porscheplatz)|Korntal|Weilimdorf|Ditzingen|Höfingen,8003652,Leonberg,Baden-Württemberg,Leonberg,71229,9.004025993,48.79970547,3,2608122046,,2608122047,,,,,,,,,,,3.0,4.0
7978151233968095571-2608122004-9,7061,2608122032,2608122032,1,,S,S60,Böblingen|Sindelfingen|Maichingen|Maichingen Nord|Magstadt|Renningen Süd|Renningen|Rutesheim,8003652,Leonberg,Baden-Württemberg,Leonberg,71229,9.004025993,48.79970547,3,2608122032,,2608122033,,,,,,,,,,,0.0,1.0
1336318002580222572-2608122033-5,7665,2608122047,2608122047,1,,S,S6,Weil der Stadt|Malmsheim|Renningen|Rutesheim,8003652,Leonberg,Baden-Württemberg,Leonberg,71229,9.004025993,48.79970547,3,2608122048,,2608122049,,,,,,,,,,,1.0,2.0
-1350780593772268701-2608121947-10,7658,2608122013,2608122013,2,,S,S6,Stuttgart Hbf|Stuttgart Nordbahnhof|Stuttgart-Feuerbach|Stuttgart-Zuffenhausen|Neuwirtshaus(Porscheplatz)|Korntal|Weilimdorf|Ditzingen|Höfingen,8003652,Leonberg,Baden-Württemberg,Leonberg,71229,9.004025993,48.79970547,3,2608122020,,2608122020,,,,,,,,,,,7.0,7.0
-5721042257730826301-2608122038-8,7066,2608122058,2608122058,2,,S,S60,Stuttgart-Feuerbach|Stuttgart-Zuffenhausen|Neuwirtshaus(Porscheplatz)|Korntal|Weilimdorf|Ditzingen|Höfingen,8003652,Leonberg,Baden-Württemberg,Leonberg,71229,9.004025993,48.79970547,3,2608122058,,2608122058,,,,,,,,,,,0.0,0.0
1873598070724127797-2608122008-8,7064,2608122028,2608122028,2,,S,S60,Stuttgart-Feuerbach|Stuttgart-Zuffenhausen|Neuwirtshaus(Porscheplatz)|Korntal|Weilimdorf|Ditzingen|Höfingen,8003652,Leonberg,Baden-Württemberg,Leonberg,71229,9.004025993,48.79970547,3,2608122028,,2608122028,,,,,,,,,,,0.0,0.0
3128900407755296936-2608121934-9,7059,2608122002,2608122002,1,,S,S60,Böblingen|Sindelfingen|Maichingen|Maichingen Nord|Magstadt|Renningen Süd|Renningen|Rutesheim,8003652,Leonberg,Baden-Württemberg,Leonberg,71229,9.004025993,48.79970547,3,2608122002,,2608122003,,,,,,,,,,,0.0,1.0
-6035664515132253415-2608122003-5,7663,2608122017,2608122017,1,,S,S6,Weil der Stadt|Malmsheim|Renningen|Rutesheim,8003652,Leonberg,Baden-Württemberg,Leonberg,71229,9.004025993,48.79970547,3,2608122018,,2608122019,,,,,,,,,,,1.0,2.0
5943186620424368039-2608121947-5,19244,2608122028,2608122029,1,,RE,MEX12,Plochingen|Esslingen(Neckar)|Stuttgart-Bad Cannstatt|Stuttgart Hbf,8000235,Ludwigsburg,Baden-Württemberg,Ludwigsburg,71638,9.185229823,48.89208622,3,2608122028,,2608122030,,h,2,Störung,,,,,,,0.0,1.0
-5752778913722820927-2608121957-6,7560,2608122013,2608122014,2,,S,S5,Stuttgart Hbf|Stuttgart Nordbahnhof|Stuttgart-Feuerbach|Stuttgart-Zuffenhausen|Kornwestheim Pbf,8000235,Ludwigsburg,Baden-Württemberg,Ludwigsburg,71638,9.185229823,48.89208622,3,2608122017,,2608122017,,,,,,,,,,,4.0,3.0
-7245482484864665277-2608122008-1,99128,,2608122008,,,ARV,RE8,,8000235,Ludwigsburg,Baden-Württemberg,Ludwigsburg,71638,9.185229823,48.89208622,3,,,2608122009,1,,,,,,,,,,0.0,1.0
4790964350260582077-2608122014-13,19573,2608122057,2608122058,4,,RE,MEX17,Pforzheim Hbf|Eutingen(Baden)|Niefern|Enzberg|Mühlacker|Mühlacker Rößlesweg|Illingen(Württ)|Vaihingen(Enz)|Sersheim|Sachsenheim|Ellental|Bietigheim-Bissingen,8000235,Ludwigsburg,Baden-Württemberg,Ludwigsburg,71638,9.185229823,48.89208622,3,2608122057,,2608122058,,,,,,,,,,,0.0,0.0
-2299085007408785264-2608121933-9,7461,2608122006,2608122007,3,,S,S4,Backnang|Burgstall(Murr)|Kirchberg(Murr)|Erdmannhausen|Marbach(Neckar)|Benningen(Neckar)|Freiberg(Neckar)|Favoritepark,8000235,Ludwigsburg,Baden-Württemberg,Ludwigsburg,71638,9.185229823,48.89208622,3,2608122007,2,2608122008,2,,,,,,,,,,1.0,1.0
-2158318065575271496-2608122012-4,19334,2608122049,2608122053,1,,RE,MEX18,Plochingen|Esslingen(Neckar)|Kornwestheim Pbf,8000235,Ludwigsburg,Baden-Württemberg,Ludwigsburg,71638,9.185229823,48.89208622,3,2608122049,,2608122053,,,,,,,,,,,0.0,0.0
-2670578142775611336-2608122037-6,7460,2608122053,2608122054,2,,S,S4,Stuttgart Hbf|Stuttgart Nordbahnhof|Stuttgart-Feuerbach|Stuttgart-Zuffenhausen|Kornwestheim Pbf,8000235,Ludwigsburg,Baden-Württemberg,Ludwigsburg,71638,9.185229823,48.89208622,3,2608122054,,2608122055,,,,,,,,,,,1.0,1.0
-6268040799960483129-2608122007-4,7563,2608122016,2608122016,3,,S,S5,Bietigheim-Bissingen|Tamm(Württ)|Asperg,8000235,Ludwigsburg,Baden-Württemberg,Ludwigsburg,71638,9.185229823,48.89208622,3,2608122016,,2608122017,,,,,,,,,,,0.0,1.0
-8846636026834830888-2608122037-4,7565,2608122046,2608122046,3,,S,S5,Bietigheim-Bissingen|Tamm(Württ)|Asperg,8000235,Ludwigsburg,Baden-Württemberg,Ludwigsburg,71638,9.185229823,48.89208622,3,2608122050,,2608122051,,,,,,,,,,,4.0,5.0
8382187992903264693-2608121957-8,19349,2608122031,2608122035,4,,RE,MEX12,Heilbronn Hbf|Nordheim(Württ)|Lauffen(Neckar)|Kirchheim(Neckar)|Walheim(Württ)|Besigheim|Bietigheim-Bissingen,8000235,Ludwigsburg,Baden-Württemberg,Ludwigsburg,71638,9.185229823,48.89208622,3,2608122035,,2608122036,,h,2,Störung,,,,,,,4.0,1.0
-6610276676854069199-2608122003-9,7463,2608122036,2608122037,3,,S,S4,Backnang|Burgstall(Murr)|Kirchberg(Murr)|Erdmannhausen|Marbach(Neckar)|Benningen(Neckar)|Freiberg(Neckar)|Favoritepark,8000235,Ludwigsburg,Baden-Württemberg,Ludwigsburg,71638,9.185229823,48.89208622,3,2608122042,2,2608122044,2,,,,,,,,,,6.0,7.0
-1687267916704717500-2608122007-6,7458,2608122023,2608122024,2,,S,S4,Stuttgart Hbf|Stuttgart Nordbahnhof|Stuttgart-Feuerbach|Stuttgart-Zuffenhausen|Kornwestheim Pbf,8000235,Ludwigsburg,Baden-Württemberg,Ludwigsburg,71638,9.185229823,48.89208622,3,2608122026,,2608122027,,,,,,,,,,,3.0,3.0
2445066244051190717-2608121930-8,19333,2608122004,2608122007,4,,RE,MEX18,Heilbronn Hbf|Nordheim(Württ)|Lauffen(Neckar)|Kirchheim(Neckar)|Walheim(Württ)|Besigheim|Bietigheim-Bissingen,8000235,Ludwigsburg,Baden-Württemberg,Ludwigsburg,71638,9.185229823,48.89208622,3,2608122006,,2608122007,,h,2,Störung,,,,,,,2.0,0.0
5605939437382144784-2608122027-6,7562,2608122043,2608122044,2,,S,S5,Stuttgart Hbf|Stuttgart Nordbahnhof|Stuttgart-Feuerbach|Stuttgart-Zuffenhausen|Kornwestheim Pbf,8000235,Ludwigsburg,Baden-Württemberg,Ludwigsburg,71638,9.185229823,48.89208622,3,2608122046,,2608122047,,,,,,,,,,,3.0,3.0
-2600155914573285531-2608122017-13,7660,2608122054,2608122054,1,,S,S6,Stuttgart Hbf|Stuttgart Nordbahnhof|Stuttgart-Feuerbach|Stuttgart-Zuffenhausen|Neuwirtshaus(Porscheplatz)|Korntal|Weilimdorf|Ditzingen|Höfingen|Leonberg|Rutesheim|Renningen,8003831,Malmsheim,Baden-Württemberg,Renningen,71272,8.905105557,48.77183564,5,2608122055,,2608122056,,,,,,,,,,,1.0,2.0
1336318002580222572-2608122033-2,7665,2608122035,2608122035,2,,S,S6,Weil der Stadt,8003831,Malmsheim,Baden-Württemberg,Renningen,71272,8.905105557,48.77183564,5,2608122038,,2608122039,,,,,,,,,,,3.0,4.0
-1350780593772268701-2608121947-13,7658,2608122024,2608122024,1,,S,S6,Stuttgart Hbf|Stuttgart Nordbahnhof|Stuttgart-Feuerbach|Stuttgart-Zuffenhausen|Neuwirtshaus(Porscheplatz)|Korntal|Weilimdorf|Ditzingen|Höfingen|Leonberg|Rutesheim|Renningen,8003831,Malmsheim,Baden-Württemberg,Renningen,71272,8.905105557,48.77183564,5,2608122028,,2608122029,,,,,,,,,,,4.0,5.0
-6035664515132253415-2608122003-2,7663,2608122005,2608122005,2,,S,S6,Weil der Stadt,8003831,Malmsheim,Baden-Württemberg,Renningen,71272,8.905105557,48.77183564,5,2608122009,,2608122010,,,,,,,,,,,4.0,5.0
-5248477185843077062-2608122033-5,7465,2608122051,2608122055,,,S,S4,Backnang|Burgstall(Murr)|Kirchberg(Murr)|Erdmannhausen,8003853,Marbach (Neckar),Baden-Württemberg,Marbach am Neckar,71672,9.264611825,48.9437708,3,2608122051,1,2608122055,1,,,,,,,,,,0.0,0.0
-1267321740504325492-2608121937-10,7456,2608122005,2608122008,1,,S,S4,Stuttgart Hbf|Stuttgart Nordbahnhof|Stuttgart-Feuerbach|Stuttgart-Zuffenhausen|Kornwestheim Pbf|Ludwigsburg|Favoritepark|Freiberg(Neckar)|Benningen(Neckar),8003853,Marbach (Neckar),Baden-Württemberg,Marbach am Neckar,71672,9.264611825,48.9437708,3,2608122005,,2608122008,,,,,,,,,,,0.0,0.0
-6610276676854069199-2608122003-5,7463,2608122021,2608122025,,,S,S4,Backnang|Burgstall(Murr)|Kirchberg(Murr)|Erdmannhausen,8003853,Marbach (Neckar),Baden-Württemberg,Marbach am Neckar,71672,9.264611825,48.9437708,3,2608122027,2,2608122031,2,,,,,,,,,,6.0,6.0
-1687267916704717500-2608122007-10,7458,2608122035,2608122038,1,,S,S4,Stuttgart Hbf|Stuttgart Nordbahnhof|Stuttgart-Feuerbach|Stuttgart-Zuffenhausen|Kornwestheim Pbf|Ludwigsburg|Favoritepark|Freiberg(Neckar)|Benningen(Neckar),8003853,Marbach (Neckar),Baden-Württemberg,Marbach am Neckar,71672,9.264611825,48.9437708,3,2608122038,,2608122041,,,,,,,,,,,3.0,3.0
-7578975115161805427-2608122041-2,7365,2608122043,2608122044,1,,S,S3,Backnang,8003913,Maubach,Baden-Württemberg,Backnang,71522,9.419487062,48.92623463,4,2608122044,,2608122045,,h,1,Störung,,,,,,,1.0,1.0
-8025183112725946697-2608121942-11,7358,2608122014,2608122015,2,,S,S3,Stuttgart Hbf|Stuttgart-Bad Cannstatt|Stuttgart Nürnberger Str.|Stuttgart-Sommerrain|Fellbach|Waiblingen|Neustadt-Hohenacker|Schwaikheim|Winnenden|Nellmersbach,8003913,Maubach,Baden-Württemberg,Backnang,71522,9.419487062,48.92623463,4,2608122015,,2608122016,,h,1,Störung,,,,,,,1.0,1.0
2147434767086644516-2608122012-11,7360,2608122044,2608122045,2,,S,S3,Stuttgart Hbf|Stuttgart-Bad Cannstatt|Stuttgart Nürnberger Str.|Stuttgart-Sommerrain|Fellbach|Waiblingen|Neustadt-Hohenacker|Schwaikheim|Winnenden|Nellmersbach,8003913,Maubach,Baden-Württemberg,Backnang,71522,9.419487062,48.92623463,4,2608122046,,2608122047,,h,1,Störung,,,,,,,2.0,2.0
3013064575136603376-2608122011-2,7363,2608122013,2608122014,1,,S,S3,Backnang,8003913,Maubach,Baden-Württemberg,Backnang,71522,9.419487062,48.92623463,4,2608122014,,2608122014,,h,1,Störung,,,,,,,1.0,0.0
-7578975115161805427-2608122041-3,7365,2608122046,2608122046,1,,S,S3,Backnang|Maubach,8004233,Nellmersbach,Baden-Württemberg,Leutenbach,71397,9.415421538,48.90336425,5,2608122047,,2608122048,,h,1,Störung,,,,,,,1.0,2.0
-8025183112725946697-2608121942-10,7358,2608122011,2608122012,2,,S,S3,Stuttgart Hbf|Stuttgart-Bad Cannstatt|Stuttgart Nürnberger Str.|Stuttgart-Sommerrain|Fellbach|Waiblingen|Neustadt-Hohenacker|Schwaikheim|Winnenden,8004233,Nellmersbach,Baden-Württemberg,Leutenbach,71397,9.415421538,48.90336425,5,2608122012,,2608122013,,h,1,Störung,,,,,,,1.0,1.0
2147434767086644516-2608122012-10,7360,2608122041,2608122042,2,,S,S3,Stuttgart Hbf|Stuttgart-Bad Cannstatt|Stuttgart Nürnberger Str.|Stuttgart-Sommerrain|Fellbach|Waiblingen|Neustadt-Hohenacker|Schwaikheim|Winnenden,8004233,Nellmersbach,Baden-Württemberg,Leutenbach,71397,9.415421538,48.90336425,5,2608122043,,2608122044,,h,1,Störung,,,,,,,2.0,2.0
3013064575136603376-2608122011-3,7363,2608122016,2608122016,1,,S,S3,Backnang|Maubach,8004233,Nellmersbach,Baden-Württemberg,Leutenbach,71397,9.415421538,48.90336425,5,2608122016,,2608122017,,h,1,Störung,,,,,,,0.0,1.0
-7578975115161805427-2608122041-6,7365,2608122055,2608122055,2,,S,S3,Backnang|Maubach|Nellmersbach|Winnenden|Schwaikheim,8004333,Neustadt-Hohenacker,Baden-Württemberg,Waiblingen,71336,9.32455106,48.85921668,5,2608122055,,2608122056,,h,1,Störung,,,,,,,0.0,1.0
-8025183112725946697-2608121942-7,7358,2608122003,2608122003,1,,S,S3,Stuttgart Hbf|Stuttgart-Bad Cannstatt|Stuttgart Nürnberger Str.|Stuttgart-Sommerrain|Fellbach|Waiblingen,8004333,Neustadt-Hohenacker,Baden-Württemberg,Waiblingen,71336,9.32455106,48.85921668,5,2608122004,,2608122004,,h,1,Störung,,,,,,,1.0,1.0
2147434767086644516-2608122012-7,7360,2608122033,2608122033,1,,S,S3,Stuttgart Hbf|Stuttgart-Bad Cannstatt|Stuttgart Nürnberger Str.|Stuttgart-Sommerrain|Fellbach|Waiblingen,8004333,Neustadt-Hohenacker,Baden-Württemberg,Waiblingen,71336,9.32455106,48.85921668,5,2608122034,,2608122035,,h,1,Störung,,,,,,,1.0,2.0
3013064575136603376-2608122011-6,7363,2608122025,2608122025,2,,S,S3,Backnang|Maubach|Nellmersbach|Winnenden|Schwaikheim,8004333,Neustadt-Hohenacker,Baden-Württemberg,Waiblingen,71336,9.32455106,48.85921668,5,2608122026,,2608122026,,h,1,Störung,,,,,,,1.0,1.0
-7461252280383009819-2608121933-10,7661,2608122001,2608122001,2,,S,S6,Weil der Stadt|Malmsheim|Renningen|Rutesheim|Leonberg|Höfingen|Ditzingen|Weilimdorf|Korntal,8004338,Neuwirtshaus (Porscheplatz),Baden-Württemberg,Stuttgart,70435,9.151955614,48.83384734,4,2608122001,,2608122002,,,,,,,,,,,0.0,1.0
-2600155914573285531-2608122017-5,7660,2608122028,2608122029,1,,S,S6,Stuttgart Hbf|Stuttgart Nordbahnhof|Stuttgart-Feuerbach|Stuttgart-Zuffenhausen,8004338,Neuwirtshaus (Porscheplatz),Baden-Württemberg,Stuttgart,70435,9.151955614,48.83384734,4,2608122033,,2608122033,,,,,,,,,,,5.0,4.0
7978151233968095571-2608122004-14,7061,2608122046,2608122046,2,,S,S60,Böblingen|Sindelfingen|Maichingen|Maichingen Nord|Magstadt|Renningen Süd|Renningen|Rutesheim|Leonberg|Höfingen|Ditzingen|Weilimdorf|Korntal,8004338,Neuwirtshaus (Porscheplatz),Baden-Württemberg,Stuttgart,70435,9.151955614,48.83384734,4,2608122046,,2608122047,,,,,,,,,,,0.0,1.0
-4954691136188615428-2608122047-5,7662,2608122058,2608122059,1,,S,S6,Stuttgart Hbf|Stuttgart Nordbahnhof|Stuttgart-Feuerbach|Stuttgart-Zuffenhausen,8004338,Neuwirtshaus (Porscheplatz),Baden-Württemberg,Stuttgart,70435,9.151955614,48.83384734,4,2608122058,,2608122059,,,,,,,,,,,0.0,0.0
-5721042257730826301-2608122038-3,7066,2608122043,2608122043,1,,S,S60,Stuttgart-Feuerbach|Stuttgart-Zuffenhausen,8004338,Neuwirtshaus (Porscheplatz),Baden-Württemberg,Stuttgart,70435,9.151955614,48.83384734,4,2608122043,,2608122044,,,,,,,,,,,0.0,1.0
1873598070724127797-2608122008-3,7064,2608122013,2608122013,1,,S,S60,Stuttgart-Feuerbach|Stuttgart-Zuffenhausen,8004338,Neuwirtshaus (Porscheplatz),Baden-Württemberg,Stuttgart,70435,9.151955614,48.83384734,4,2608122013,,2608122014,,,,,,,,,,,0.0,1.0
3128900407755296936-2608121934-14,7059,2608122016,2608122016,2,,S,S60,Böblingen|Sindelfingen|Maichingen|Maichingen Nord|Magstadt|Renningen Süd|Renningen|Rutesheim|Leonberg|Höfingen|Ditzingen|Weilimdorf|Korntal,8004338,Neuwirtshaus (Porscheplatz),Baden-Württemberg,Stuttgart,70435,9.151955614,48.83384734,4,2608122016,,2608122017,,,,,,,,,,,0.0,1.0
-6035664515132253415-2608122003-10,7663,2608122031,2608122031,2,,S,S6,Weil der Stadt|Malmsheim|Renningen|Rutesheim|Leonberg|Höfingen|Ditzingen|Weilimdorf|Korntal,8004338,Neuwirtshaus (Porscheplatz),Baden-Württemberg,Stuttgart,70435,9.151955614,48.83384734,4,2608122032,,2608122032,,,,,,,,,,,1.0,1.0
8471049758632745221-2608122016-2,7764,2608122019,2608122019,2,,S,S1,Herrenberg,8004490,Nufringen,Baden-Württemberg,Nufringen,71154,8.889817485,48.62010967,5,2608122019,,2608122019,,,,,,,,,,,0.0,0.0
4922732542051090705-2608121946-8,7759,2608122011,2608122011,1,,S,S1,Stuttgart-Vaihingen|Stuttgart-Rohr|Goldberg(Württ)|Böblingen|Hulb|Ehningen(b Böblingen)|Gärtringen,8004490,Nufringen,Baden-Württemberg,Nufringen,71154,8.889817485,48.62010967,5,2608122011,,2608122012,,,,,,,,,,,0.0,1.0
-1277972719015839341-2608122046-2,7766,2608122049,2608122049,2,,S,S1,Herrenberg,8004490,Nufringen,Baden-Württemberg,Nufringen,71154,8.889817485,48.62010967,5,2608122049,,2608122049,,,,,,,,,,,0.0,0.0
-5683208302743683023-2608122016-8,7761,2608122041,2608122041,1,,S,S1,Stuttgart-Vaihingen|Stuttgart-Rohr|Goldberg(Württ)|Böblingen|Hulb|Ehningen(b Böblingen)|Gärtringen,8004490,Nufringen,Baden-Württemberg,Nufringen,71154,8.889817485,48.62010967,5,2608122041,,2608122041,,,,,,,,,,,0.0,0.0
-3332126691151860800-2608122005-3,7961,2608122014,2608122014,1,,S,S2,Stuttgart-Vaihingen|Stuttgart-Rohr,8004496,Oberaichen,Baden-Württemberg,Leinfelden-Echterdingen,70771,9.12743664,48.70512422,5,2608122014,,2608122015,,,,,,,,,,,0.0,1.0
9081680076512318350-2608122033-5,7962,2608122045,2608122045,2,,S,S2,Filderstadt|Stuttgart Flughafen/Messe|Echterdingen|Leinfelden,8004496,Oberaichen,Baden-Württemberg,Leinfelden-Echterdingen,70771,9.12743664,48.70512422,5,2608122045,,2608122045,,,,,,,,,,,0.0,0.0
-6493516335616942710-2608122035-3,7963,2608122044,2608122044,1,,S,S2,Stuttgart-Vaihingen|Stuttgart-Rohr,8004496,Oberaichen,Baden-Württemberg,Leinfelden-Echterdingen,70771,9.12743664,48.70512422,5,2608122044,,2608122044,,,,,,,,,,,0.0,0.0
4493743563171895434-2608122003-5,7960,2608122015,2608122015,2,,S,S2,Filderstadt|Stuttgart Flughafen/Messe|Echterdingen|Leinfelden,8004496,Oberaichen,Baden-Württemberg,Leinfelden-Echterdingen,70771,9.12743664,48.70512422,5,2608122015,,2608122015,,,,,,,,,,,0.0,0.0
-4904342913615484814-2608122025-8,7162,2608122045,2608122045,4,,S,S1,Stuttgart Hbf|Stuttgart-Bad Cannstatt|Stuttgart Neckarpark|Stuttgart-Untertürkheim|Stuttgart-Obertürkheim|Esslingen-Mettingen|Esslingen(Neckar),8004528,Oberesslingen,Baden-Württemberg,Esslingen am Neckar,73730,9.327277435,48.72983585,3,2608122046,,2608122047,,,,,,,,,,,1.0,2.0
904272065433025864-2608122020-8,7165,2608122044,2608122045,3,,S,S1,Kirchheim(Teck)|Kirchheim(Teck)-Ötlingen|Wendlingen(Neckar)|Wernau(Neckar)|Plochingen|Altbach|Esslingen-Zell,8004528,Oberesslingen,Baden-Württemberg,Esslingen am Neckar,73730,9.327277435,48.72983585,3,2608122044,,2608122045,,,,,,,,,,,0.0,0.0
-8339144586973292546-2608121955-8,7160,2608122015,2608122015,4,,S,S1,Stuttgart Hbf|Stuttgart-Bad Cannstatt|Stuttgart Neckarpark|Stuttgart-Untertürkheim|Stuttgart-Obertürkheim|Esslingen-Mettingen|Esslingen(Neckar),8004528,Oberesslingen,Baden-Württemberg,Esslingen am Neckar,73730,9.327277435,48.72983585,3,2608122016,,2608122017,,,,,,,,,,,1.0,2.0
-6930448942701268015-2608121950-8,7163,2608122014,2608122015,3,,S,S1,Kirchheim(Teck)|Kirchheim(Teck)-Ötlingen|Wendlingen(Neckar)|Wernau(Neckar)|Plochingen|Altbach|Esslingen-Zell,8004528,Oberesslingen,Baden-Württemberg,Esslingen am Neckar,73730,9.327277435,48.72983585,3,2608122014,,2608122015,,,,,,,,,,,0.0,0.0
3938780047506096015-2608122046-1,19356,,2608122046,,,RE,MEX12,,8000302,Plochingen,Baden-Württemberg,Plochingen,73207,9.411294578,48.71293906,2,,,2608122047,10,h,2,Bauarbeiten,,,,,,,0.0,1.0
-5517293294077476489-2608121940-4,19169,2608122000,2608122000,6,,ARV,MEX16,Stuttgart Hbf|Stuttgart-Bad Cannstatt|Esslingen(Neckar),8000302,Plochingen,Baden-Württemberg,Plochingen,73207,9.411294578,48.71293906,2,2608122000,4,2608122002,4,,,,,,,,,,0.0,2.0
-3308886757577533631-2608121946-19,19172,2608122056,2608122057,1,,ARV,MEX16,Ulm Hbf|Beimerstetten|Westerstetten|Lonsee|Urspring|Amstetten(Württ)|Geislingen(Steige)|Geislingen(Steige)West|Kuchen|Gingen(Fils)|Süßen|Salach|Eislingen(Fils)|Göppingen|Faurndau|Uhingen|Ebersbach(Fils)|Reichenbach(Fils),8000302,Plochingen,Baden-Württemberg,Plochingen,73207,9.411294578,48.71293906,2,2608122109,3,2608122110,3,,,,,,,,,,13.0,13.0
-7977039131388172031-2608121857-12,19241,2608122011,,9,,RE,,Heilbronn Hbf|Nordheim(Württ)|Lauffen(Neckar)|Kirchheim(Neckar)|Walheim(Württ)|Besigheim|Bietigheim-Bissingen|Ludwigsburg|Stuttgart Hbf|Stuttgart-Bad Cannstatt|Esslingen(Neckar),8000302,Plochingen,Baden-Württemberg,Plochingen,73207,9.411294578,48.71293906,2,2608122011,10,,,h,2,Bauarbeiten,,,,,,,0.0,0.0
-4904342913615484814-2608122025-11,7162,2608122053,2608122055,9,,S,S1,Stuttgart Hbf|Stuttgart-Bad Cannstatt|Stuttgart Neckarpark|Stuttgart-Untertürkheim|Stuttgart-Obertürkheim|Esslingen-Mettingen|Esslingen(Neckar)|Oberesslingen|Esslingen-Zell|Altbach,8000302,Plochingen,Baden-Württemberg,Plochingen,73207,9.411294578,48.71293906,2,2608122053,10,2608122055,10,,,,,,,,,,0.0,0.0
8782592837942437623-2608122039-3,4233,2608122054,2608122056,4,,RE,RE5,Stuttgart Hbf|Esslingen(Neckar),8000302,Plochingen,Baden-Württemberg,Plochingen,73207,9.411294578,48.71293906,2,,,,,h,2,Bauarbeiten,,,,,c,c,0.0,0.0
904272065433025864-2608122020-5,7165,2608122035,2608122037,9,,S,S1,Kirchheim(Teck)|Kirchheim(Teck)-Ötlingen|Wendlingen(Neckar)|Wernau(Neckar),8000302,Plochingen,Baden-Württemberg,Plochingen,73207,9.411294578,48.71293906,2,2608122036,,2608122037,,,,,,,,,,,1.0,0.0
5577281673232344236-2608121805-11,4228,2608122003,2608122005,3,,RE,RE5,Friedrichshafen Stadt|Meckenbeuren|Ravensburg|Aulendorf|Bad Schussenried|Biberach(Riß)|Laupheim West|Ulm Hbf|Geislingen(Steige)|Göppingen,8000302,Plochingen,Baden-Württemberg,Plochingen,73207,9.411294578,48.71293906,2,2608122045,1,2608122046,1,h,2,Störung,,,Friedrichshafen Stadt|Meckenbeuren|Ravensburg|Aulendorf|Bad Schussenried|Biberach(Riß)|Laupheim West|Ulm Hbf|Geislingen(Steige)|Göppingen,Esslingen(Neckar)|Stuttgart Hbf,,,42.0,41.0
-8339144586973292546-2608121955-11,7160,2608122023,2608122025,10,,S,S1,Stuttgart Hbf|Stuttgart-Bad Cannstatt|Stuttgart Neckarpark|Stuttgart-Untertürkheim|Stuttgart-Obertürkheim|Esslingen-Mettingen|Esslingen(Neckar)|Oberesslingen|Esslingen-Zell|Altbach,8000302,Plochingen,Baden-Württemberg,Plochingen,73207,9.411294578,48.71293906,2,2608122024,9,2608122025,9,,,,,,,,,,1.0,0.0
-2158318065575271496-2608122012-1,19334,,2608122012,,,RE,MEX18,,8000302,Plochingen,Baden-Württemberg,Plochingen,73207,9.411294578,48.71293906,2,,,2608122012,,,,,,,,,,,0.0,0.0
-7930634805914691834-2608121948-13,19170,2608122028,2608122031,1,,ARV,MEX16,Geislingen(Steige)|Geislingen(Steige)West|Kuchen|Gingen(Fils)|Süßen|Salach|Eislingen(Fils)|Göppingen|Faurndau|Uhingen|Ebersbach(Fils)|Reichenbach(Fils),8000302,Plochingen,Baden-Württemberg,Plochingen,73207,9.411294578,48.71293906,2,2608122028,,2608122031,,,,,,,,,,,0.0,0.0
-6930448942701268015-2608121950-5,7163,2608122005,2608122007,9,,S,S1,Kirchheim(Teck)|Kirchheim(Teck)-Ötlingen|Wendlingen(Neckar)|Wernau(Neckar),8000302,Plochingen,Baden-Württemberg,Plochingen,73207,9.411294578,48.71293906,2,2608122006,,2608122007,,,,,,,,,,,1.0,0.0
8301307047007953671-2608122004-4,19171,2608122023,2608122033,6,,ARV,MEX16,Stuttgart Hbf|Stuttgart-Bad Cannstatt|Esslingen(Neckar),8000302,Plochingen,Baden-Württemberg,Plochingen,73207,9.411294578,48.71293906,2,2608122023,,2608122033,,,,,,,,,,,0.0,0.0
2445066244051190717-2608121930-11,19333,2608122043,,9,,RE,,Heilbronn Hbf|Nordheim(Württ)|Lauffen(Neckar)|Kirchheim(Neckar)|Walheim(Württ)|Besigheim|Bietigheim-Bissingen|Ludwigsburg|Kornwestheim Pbf|Esslingen(Neckar),8000302,Plochingen,Baden-Württemberg,Plochingen,73207,9.411294578,48.71293906,2,2608122054,9,,,h,2,Störung,,,,,,,11.0,0.0
-195423559232226563-2608122058-1,26184,,2608122058,,,SWE,RB76,,8000313,Renningen,Baden-Württemberg,Renningen,71272,8.932650148,48.77515509,3,,,2608122058,,h,2,Störung,,,,,,,0.0,0.0
-2600155914573285531-2608122017-12,7660,2608122049,2608122052,3,,S,S6,Stuttgart Hbf|Stuttgart Nordbahnhof|Stuttgart-Feuerbach|Stuttgart-Zuffenhausen|Neuwirtshaus(Porscheplatz)|Korntal|Weilimdorf|Ditzingen|Höfingen|Leonberg|Rutesheim,8000313,Renningen,Baden-Württemberg,Renningen,71272,8.932650148,48.77515509,3,2608122053,,2608122054,,,,,,,,,,,4.0,2.0
7978151233968095571-2608122004-7,7061,2608122020,2608122026,2,,S,S60,Böblingen|Sindelfingen|Maichingen|Maichingen Nord|Magstadt|Renningen Süd,8000313,Renningen,Baden-Württemberg,Renningen,71272,8.932650148,48.77515509,3,2608122021,,2608122026,,,,,,,,,,,1.0,0.0
1336318002580222572-2608122033-3,7665,2608122037,2608122041,2,,S,S6,Weil der Stadt|Malmsheim,8000313,Renningen,Baden-Württemberg,Renningen,71272,8.932650148,48.77515509,3,2608122042,,2608122043,,,,,,,,,,,5.0,2.0
7403533374467901658-2608122034-7,7063,2608122050,,2,,S,,Böblingen|Sindelfingen|Maichingen|Maichingen Nord|Magstadt|Renningen Süd,8000313,Renningen,Baden-Württemberg,Renningen,71272,8.932650148,48.77515509,3,2608122051,,,,,,,,,,,,,1.0,0.0
-1350780593772268701-2608121947-12,7658,2608122019,2608122022,3,,S,S6,Stuttgart Hbf|Stuttgart Nordbahnhof|Stuttgart-Feuerbach|Stuttgart-Zuffenhausen|Neuwirtshaus(Porscheplatz)|Korntal|Weilimdorf|Ditzingen|Höfingen|Leonberg|Rutesheim,8000313,Renningen,Baden-Württemberg,Renningen,71272,8.932650148,48.77515509,3,2608122026,,2608122027,,,,,,,,,,,7.0,5.0
1873598070724127797-2608122008-10,7064,2608122034,2608122039,3,,S,S60,Stuttgart-Feuerbach|Stuttgart-Zuffenhausen|Neuwirtshaus(Porscheplatz)|Korntal|Weilimdorf|Ditzingen|Höfingen|Leonberg|Rutesheim,8000313,Renningen,Baden-Württemberg,Renningen,71272,8.932650148,48.77515509,3,2608122034,,2608122039,,,,,,,,,,,0.0,0.0
-2505073361064219079-2608122026-6,26183,2608122048,,4,,SWE,,Calw|Calw-Heumaden|Althengstett|Ostelsheim|Weil der Stadt,8000313,Renningen,Baden-Württemberg,Renningen,71272,8.932650148,48.77515509,3,2608122049,,,,h,2,Störung,,,,,,,1.0,0.0
3112269054498031514-2608121938-10,7062,2608122004,2608122009,3,,S,S60,Stuttgart-Feuerbach|Stuttgart-Zuffenhausen|Neuwirtshaus(Porscheplatz)|Korntal|Weilimdorf|Ditzingen|Höfingen|Leonberg|Rutesheim,8000313,Renningen,Baden-Württemberg,Renningen,71272,8.932650148,48.77515509,3,2608122004,,2608122013,,,,,,,,,,,0.0,4.0
-6035664515132253415-2608122003-3,7663,2608122007,2608122011,2,,S,S6,Weil der Stadt|Malmsheim,8000313,Renningen,Baden-Württemberg,Renningen,71272,8.932650148,48.77515509,3,2608122012,,2608122013,,,,,,,,,,,5.0,2.0
3851149700712559495-2608122033-9,7265,2608122051,2608122052,2,,S,S2,Schorndorf|Weiler(Rems)|Winterbach(b Schorndorf)|Geradstetten|Grunbach|Beutelsbach|Endersbach|Stetten-Beinstein,8005157,Rommelshausen,Baden-Württemberg,Kernen,71394,9.319175885,48.81552017,4,2608122057,,2608122059,,h,1,Bauarbeiten,,,,,,,6.0,7.0
-2392081487151840569-2608122020-7,7260,2608122037,2608122037,1,,S,S2,Stuttgart Hbf|Stuttgart-Bad Cannstatt|Stuttgart Nürnberger Str.|Stuttgart-Sommerrain|Fellbach|Waiblingen,8005157,Rommelshausen,Baden-Württemberg,Kernen,71394,9.319175885,48.81552017,4,2608122040,,2608122040,,h,1,Bauarbeiten,,,,,,,3.0,3.0
-6838047124896004939-2608122003-9,7263,2608122021,2608122022,2,,S,S2,Schorndorf|Weiler(Rems)|Winterbach(b Schorndorf)|Geradstetten|Grunbach|Beutelsbach|Endersbach|Stetten-Beinstein,8005157,Rommelshausen,Baden-Württemberg,Kernen,71394,9.319175885,48.81552017,4,2608122021,,2608122022,,h,1,Bauarbeiten,,,,,,,0.0,0.0
8752806059694385566-2608121950-7,7258,2608122007,2608122007,1,,S,S2,Stuttgart Hbf|Stuttgart-Bad Cannstatt|Stuttgart Nürnberger Str.|Stuttgart-Sommerrain|Fellbach|Waiblingen,8005157,Rommelshausen,Baden-Württemberg,Kernen,71394,9.319175885,48.81552017,4,2608122008,,2608122009,,h,1,Bauarbeiten,,,,,,,1.0,2.0
-2600155914573285531-2608122017-11,7660,2608122046,2608122046,2,,S,S6,Stuttgart Hbf|Stuttgart Nordbahnhof|Stuttgart-Feuerbach|Stuttgart-Zuffenhausen|Neuwirtshaus(Porscheplatz)|Korntal|Weilimdorf|Ditzingen|Höfingen|Leonberg,8005236,Rutesheim,Baden-Württemberg,Leonberg,71229,8.960325242,48.79031093,5,2608122050,,2608122051,,,,,,,,,,,4.0,5.0
7978151233968095571-2608122004-8,7061,2608122028,2608122029,1,,S,S60,Böblingen|Sindelfingen|Maichingen|Maichingen Nord|Magstadt|Renningen Süd|Renningen,8005236,Rutesheim,Baden-Württemberg,Leonberg,71229,8.960325242,48.79031093,5,2608122029,,2608122029,,,,,,,,,,,1.0,0.0
1336318002580222572-2608122033-4,7665,2608122043,2608122044,1,,S,S6,Weil der Stadt|Malmsheim|Renningen,8005236,Rutesheim,Baden-Württemberg,Leonberg,71229,8.960325242,48.79031093,5,2608122045,,2608122046,,,,,,,,,,,2.0,2.0
-1350780593772268701-2608121947-11,7658,2608122016,2608122016,2,,S,S6,Stuttgart Hbf|Stuttgart Nordbahnhof|Stuttgart-Feuerbach|Stuttgart-Zuffenhausen|Neuwirtshaus(Porscheplatz)|Korntal|Weilimdorf|Ditzingen|Höfingen|Leonberg,8005236,Rutesheim,Baden-Württemberg,Leonberg,71229,8.960325242,48.79031093,5,2608122024,,2608122024,,,,,,,,,,,8.0,8.0
1873598070724127797-2608122008-9,7064,2608122031,2608122031,2,,S,S60,Stuttgart-Feuerbach|Stuttgart-Zuffenhausen|Neuwirtshaus(Porscheplatz)|Korntal|Weilimdorf|Ditzingen|Höfingen|Leonberg,8005236,Rutesheim,Baden-Württemberg,Leonberg,71229,8.960325242,48.79031093,5,2608122031,,2608122032,,,,,,,,,,,0.0,1.0
3112269054498031514-2608121938-9,7062,2608122001,2608122001,2,,S,S60,Stuttgart-Feuerbach|Stuttgart-Zuffenhausen|Neuwirtshaus(Porscheplatz)|Korntal|Weilimdorf|Ditzingen|Höfingen|Leonberg,8005236,Rutesheim,Baden-Württemberg,Leonberg,71229,8.960325242,48.79031093,5,2608122001,,2608122002,,,,,,,,,,,0.0,1.0
-6035664515132253415-2608122003-4,7663,2608122013,2608122014,1,,S,S6,Weil der Stadt|Malmsheim|Renningen,8005236,Rutesheim,Baden-Württemberg,Leonberg,71229,8.960325242,48.79031093,5,2608122015,,2608122016,,,,,,,,,,,2.0,2.0
3851149700712559495-2608122033-1,7265,,2608122033,,,S,S2,,8005424,Schorndorf,Baden-Württemberg,Schorndorf,73614,9.525686251,48.80693898,3,,,2608122037,14,h,1,Bauarbeiten,,,,,,,0.0,4.0
-2392081487151840569-2608122020-15,7260,2608122055,,1,,S,,Stuttgart Hbf|Stuttgart-Bad Cannstatt|Stuttgart Nürnberger Str.|Stuttgart-Sommerrain|Fellbach|Waiblingen|Rommelshausen|Stetten-Beinstein|Endersbach|Beutelsbach|Grunbach|Geradstetten|Winterbach(b Schorndorf)|Weiler(Rems),8005424,Schorndorf,Baden-Württemberg,Schorndorf,73614,9.525686251,48.80693898,3,2608122056,14,,,h,1,Bauarbeiten,,,,,,,1.0,0.0
-3684325824798683904-2608121911-15,19484,2608122013,2608122014,3,,ARV,MEX13,Ellwangen|Schrezheim|Schwabsberg|Goldshöfe|Hofen(b Aalen)|Wasseralfingen|Aalen Hbf|Mögglingen(Gmünd)|Böbingen(Rems)|Schwäbisch Gmünd|Lorch(Württ)|Waldhausen(b Schorndorf)|Plüderhausen|Urbach(b Schorndorf),8005424,Schorndorf,Baden-Württemberg,Schorndorf,73614,9.525686251,48.80693898,3,2608122016,,2608122018,,,,,,,,,,,3.0,4.0
-6838047124896004939-2608122003-1,7263,,2608122003,,,S,S2,,8005424,Schorndorf,Baden-Württemberg,Schorndorf,73614,9.525686251,48.80693898,3,,,2608122003,,h,1,Bauarbeiten,,,,,,,0.0,0.0
113273195473749418-2608121911-5,19684,2608122028,2608122029,3,,ARV,RE1,Crailsheim|Ellwangen|Aalen Hbf|Schwäbisch Gmünd,8005424,Schorndorf,Baden-Württemberg,Schorndorf,73614,9.525686251,48.80693898,3,2608122037,,2608122038,,h,2,Information,,,,,,,9.0,9.0
8752806059694385566-2608121950-15,7258,2608122025,,14,,S,,Stuttgart Hbf|Stuttgart-Bad Cannstatt|Stuttgart Nürnberger Str.|Stuttgart-Sommerrain|Fellbach|Waiblingen|Rommelshausen|Stetten-Beinstein|Endersbach|Beutelsbach|Grunbach|Geradstetten|Winterbach(b Schorndorf)|Weiler(Rems),8005424,Schorndorf,Baden-Württemberg,Schorndorf,73614,9.525686251,48.80693898,3,2608122025,1,,,h,1,Bauarbeiten,,,,,,,0.0,0.0
-5956983835443587833-2608121947-4,19431,2608122013,2608122014,2,,ARV,MEX13,Stuttgart Hbf|Stuttgart-Bad Cannstatt|Waiblingen,8005424,Schorndorf,Baden-Württemberg,Schorndorf,73614,9.525686251,48.80693898,3,2608122035,,2608122036,,,,,,,,,,,22.0,22.0
91239951430369415-2608122007-9,19436,2608122043,2608122044,3,,ARV,MEX13,Aalen Hbf|Mögglingen(Gmünd)|Böbingen(Rems)|Schwäbisch Gmünd|Lorch(Württ)|Waldhausen(b Schorndorf)|Plüderhausen|Urbach(b Schorndorf),8005424,Schorndorf,Baden-Württemberg,Schorndorf,73614,9.525686251,48.80693898,3,2608122051,,2608122051,,,,,,,,,,,8.0,7.0
-2812268842155007410-2608122020-4,19483,2608122043,2608122044,2,,ARV,MEX13,Stuttgart Hbf|Stuttgart-Bad Cannstatt|Waiblingen,8005424,Schorndorf,Baden-Württemberg,Schorndorf,73614,9.525686251,48.80693898,3,2608122043,,2608122044,,,,,,,,,,,0.0,0.0
-7578975115161805427-2608122041-5,7365,2608122052,2608122053,1,,S,S3,Backnang|Maubach|Nellmersbach|Winnenden,8005454,Schwaikheim,Baden-Württemberg,Schwaikheim,71409,9.354747358,48.86832665,4,2608122053,,2608122054,,h,1,Störung,,,,,,,1.0,1.0
-8025183112725946697-2608121942-8,7358,2608122006,2608122006,2,,S,S3,Stuttgart Hbf|Stuttgart-Bad Cannstatt|Stuttgart Nürnberger Str.|Stuttgart-Sommerrain|Fellbach|Waiblingen|Neustadt-Hohenacker,8005454,Schwaikheim,Baden-Württemberg,Schwaikheim,71409,9.354747358,48.86832665,4,2608122007,,2608122007,,h,1,Störung,,,,,,,1.0,1.0
2147434767086644516-2608122012-8,7360,2608122036,2608122036,2,,S,S3,Stuttgart Hbf|Stuttgart-Bad Cannstatt|Stuttgart Nürnberger Str.|Stuttgart-Sommerrain|Fellbach|Waiblingen|Neustadt-Hohenacker,8005454,Schwaikheim,Baden-Württemberg,Schwaikheim,71409,9.354747358,48.86832665,4,2608122037,,2608122038,,h,1,Störung,,,,,,,1.0,2.0
3013064575136603376-2608122011-5,7363,2608122022,2608122023,1,,S,S3,Backnang|Maubach|Nellmersbach|Winnenden,8005454,Schwaikheim,Baden-Württemberg,Schwaikheim,71409,9.354747358,48.86832665,4,2608122023,,2608122024,,h,1,Störung,,,,,,,1.0,1.0
7978151233968095571-2608122004-2,7061,2608122006,2608122007,1,,S,S60,Böblingen,8005574,Sindelfingen,Baden-Württemberg,Sindelfingen,71063,8.999262079,48.70387346,6,2608122007,,2608122007,,,,,,,,,,,1.0,0.0
7403533374467901658-2608122034-2,7063,2608122036,2608122037,1,,S,S60,Böblingen,8005574,Sindelfingen,Baden-Württemberg,Sindelfingen,71063,8.999262079,48.70387346,6,2608122037,,2608122037,,,,,,,,,,,1.0,0.0
1873598070724127797-2608122008-15,7064,2608122052,2608122053,1,,S,S60,Stuttgart-Feuerbach|Stuttgart-Zuffenhausen|Neuwirtshaus(Porscheplatz)|Korntal|Weilimdorf|Ditzingen|Höfingen|Leonberg|Rutesheim|Renningen|Renningen Süd|Magstadt|Maichingen Nord|Maichingen,8005574,Sindelfingen,Baden-Württemberg,Sindelfingen,71063,8.999262079,48.70387346,6,2608122055,,2608122056,,,,,,,,,,,3.0,3.0
3112269054498031514-2608121938-15,7062,2608122022,2608122023,1,,S,S60,Stuttgart-Feuerbach|Stuttgart-Zuffenhausen|Neuwirtshaus(Porscheplatz)|Korntal|Weilimdorf|Ditzingen|Höfingen|Leonberg|Rutesheim|Renningen|Renningen Süd|Magstadt|Maichingen Nord|Maichingen,8005574,Sindelfingen,Baden-Württemberg,Sindelfingen,71063,8.999262079,48.70387346,6,2608122026,,2608122026,,,,,,,,,,,4.0,3.0
3851149700712559495-2608122033-8,7265,2608122049,2608122049,2,,S,S2,Schorndorf|Weiler(Rems)|Winterbach(b Schorndorf)|Geradstetten|Grunbach|Beutelsbach|Endersbach,8005726,Stetten-Beinstein,Baden-Württemberg,Weinstadt,71384,9.352769725,48.81199601,5,2608122055,,2608122055,,h,1,Bauarbeiten,,,,,,,6.0,6.0
-2392081487151840569-2608122020-8,7260,2608122039,2608122039,1,,S,S2,Stuttgart Hbf|Stuttgart-Bad Cannstatt|Stuttgart Nürnberger Str.|Stuttgart-Sommerrain|Fellbach|Waiblingen|Rommelshausen,8005726,Stetten-Beinstein,Baden-Württemberg,Weinstadt,71384,9.352769725,48.81199601,5,2608122042,,2608122043,,h,1,Bauarbeiten,,,,,,,3.0,4.0
-6838047124896004939-2608122003-8,7263,2608122019,2608122019,2,,S,S2,Schorndorf|Weiler(Rems)|Winterbach(b Schorndorf)|Geradstetten|Grunbach|Beutelsbach|Endersbach,8005726,Stetten-Beinstein,Baden-Württemberg,Weinstadt,71384,9.352769725,48.81199601,5,2608122019,,2608122019,,h,1,Bauarbeiten,,,,,,,0.0,0.0
8752806059694385566-2608121950-8,7258,2608122009,2608122009,1,,S,S2,Stuttgart Hbf|Stuttgart-Bad Cannstatt|Stuttgart Nürnberger Str.|Stuttgart-Sommerrain|Fellbach|Waiblingen|Rommelshausen,8005726,Stetten-Beinstein,Baden-Württemberg,Weinstadt,71384,9.352769725,48.81199601,5,2608122011,,2608122011,,h,1,Bauarbeiten,,,,,,,2.0,2.0
-7226604022876462423-2608122031-1,40237,,2608122031,,,EN,,,8000096,Stuttgart Hbf,Baden-Württemberg,Stuttgart,70173,9.183172973,48.78473069,1,,,2608122031,,,,,,,,,,,0.0,0.0
-2536730708892828091-2608122015-1,17669,,2608122015,,,RE,RE14a,,8000096,Stuttgart Hbf,Baden-Württemberg,Stuttgart,70173,9.183172973,48.78473069,1,,,2608122015,,,,,,,,,,,0.0,0.0
5943186620424368039-2608121947-4,19244,2608122013,2608122018,8,,RE,MEX12,Plochingen|Esslingen(Neckar)|Stuttgart-Bad Cannstatt,8000096,Stuttgart Hbf,Baden-Württemberg,Stuttgart,70173,9.183172973,48.78473069,1,2608122012,,2608122018,,h,2,Störung,,,,,,,-1.0,0.0
-6212403965013446492-2608121941-12,7361,2608122017,,4,,S,,Backnang|Maubach|Nellmersbach|Winnenden|Schwaikheim|Neustadt-Hohenacker|Waiblingen|Fellbach|Stuttgart-Sommerrain|Stuttgart Nürnberger Str.|Stuttgart-Bad Cannstatt,8000096,Stuttgart Hbf,Baden-Württemberg,Stuttgart,70173,9.183172973,48.78473069,1,2608122020,,,,h,1,Störung,,,,,,,3.0,0.0
-5208721691458454869-2608122015-1,17667,,2608122015,,,RE,RE14b,,8000096,Stuttgart Hbf,Baden-Württemberg,Stuttgart,70173,9.183172973,48.78473069,1,,,2608122015,,,,,,,,,,,0.0,0.0
4919787015450610271-2608121911-9,17558,2608122002,,13,,RE,,Gaildorf West|Murrhardt|Sulzbach(Murr)|Oppenweiler(Württ)|Backnang|Winnenden|Waiblingen|Stuttgart-Bad Cannstatt,8000096,Stuttgart Hbf,Baden-Württemberg,Stuttgart,70173,9.183172973,48.78473069,1,2608122002,,,,h,1,Störung,,,,,,,0.0,0.0
5564750212670929059-2608122057-1,89695,,2608122057,,,ARV,RE90,,8000096,Stuttgart Hbf,Baden-Württemberg,Stuttgart,70173,9.183172973,48.78473069,1,,,2608122057,16,h,2,Information,,,,,,,0.0,0.0
-7610672940066525446-2608121845-5,590,2608122043,2608122049,9,,ICE,,München Hbf|München-Pasing|Augsburg Hbf|Ulm Hbf,8000096,Stuttgart Hbf,Baden-Württemberg,Stuttgart,70173,9.183172973,48.78473069,1,2608122121,,2608122126,,h,1,Störung,,,München Hbf|München-Pasing|Augsburg Hbf|Ulm Hbf,Mannheim Hbf|Frankfurt(Main)Hbf|Fulda|Eisenach Hbf|Erfurt Hbf,,,38.0,37.0
-2392081487151840569-2608122020-1,7260,,2608122020,,,S,S2,,8000096,Stuttgart Hbf,Baden-Württemberg,Stuttgart,70173,9.183172973,48.78473069,1,,,2608122024,,h,1,Bauarbeiten,,,,,,,0.0,4.0
-6572211236779796534-2608121920-15,7161,2608122005,,4,,S,,Kirchheim(Teck)|Kirchheim(Teck)-Ötlingen|Wendlingen(Neckar)|Wernau(Neckar)|Plochingen|Altbach|Esslingen-Zell|Oberesslingen|Esslingen(Neckar)|Esslingen-Mettingen|Stuttgart-Obertürkheim|Stuttgart-Untertürkheim|Stuttgart Neckarpark|Stuttgart-Bad Cannstatt,8000096,Stuttgart Hbf,Baden-Württemberg,Stuttgart,70173,9.183172973,48.78473069,1,2608122005,,,,,,,,,,,,,0.0,0.0
5746849997041182137-2608121807-14,2382,2608122043,,6,,IC,,Konstanz|Radolfzell|Singen(Hohentwiel)|Engen|Tuttlingen|Spaichingen|Rottweil|Oberndorf(Neckar)|Sulz(Neckar)|Horb|Bondorf(b Herrenberg)|Gäufelden|Herrenberg,8000096,Stuttgart Hbf,Baden-Württemberg,Stuttgart,70173,9.183172973,48.78473069,1,2608122043,,,,h,2,Information,,,,,,,0.0,0.0
-8031600068786801903-2608121906-5,2167,2608122003,2608122009,16,,IC,,Karlsruhe Hbf|Pforzheim Hbf|Mühlacker|Vaihingen(Enz),8000096,Stuttgart Hbf,Baden-Württemberg,Stuttgart,70173,9.183172973,48.78473069,1,,,2608122009,,h,3,Information,,,,,c,,0.0,0.0
-7461252280383009819-2608121933-14,7661,2608122015,,2,,S,,Weil der Stadt|Malmsheim|Renningen|Rutesheim|Leonberg|Höfingen|Ditzingen|Weilimdorf|Korntal|Neuwirtshaus(Porscheplatz)|Stuttgart-Zuffenhausen|Stuttgart-Feuerbach|Stuttgart Nordbahnhof,8000096,Stuttgart Hbf,Baden-Württemberg,Stuttgart,70173,9.183172973,48.78473069,1,2608122016,,,,,,,,,,,,,1.0,0.0
-4217556654966046239-2608122042-1,7362,,2608122042,,,S,S3,,8000096,Stuttgart Hbf,Baden-Württemberg,Stuttgart,70173,9.183172973,48.78473069,1,,,2608122042,,h,1,Störung,,,,,,,0.0,0.0
3090077021401438649-2608122050-1,7262,,2608122050,,,S,S2,,8000096,Stuttgart Hbf,Baden-Württemberg,Stuttgart,70173,9.183172973,48.78473069,1,,,2608122050,,h,1,Bauarbeiten,,,,,,,0.0,0.0
-3684325824798683904-2608121911-18,19484,2608122039,,13,,ARV,,Ellwangen|Schrezheim|Schwabsberg|Goldshöfe|Hofen(b Aalen)|Wasseralfingen|Aalen Hbf|Mögglingen(Gmünd)|Böbingen(Rems)|Schwäbisch Gmünd|Lorch(Württ)|Waldhausen(b Schorndorf)|Plüderhausen|Urbach(b Schorndorf)|Schorndorf|Waiblingen|Stuttgart-Bad Cannstatt,8000096,Stuttgart Hbf,Baden-Württemberg,Stuttgart,70173,9.183172973,48.78473069,1,2608122040,,,,,,,,,,,,,1.0,0.0
-2600155914573285531-2608122017-1,7660,,2608122017,,,S,S6,,8000096,Stuttgart Hbf,Baden-Württemberg,Stuttgart,70173,9.183172973,48.78473069,1,,,2608122023,,,,,,,,,,,0.0,6.0
-4904342913615484814-2608122025-1,7162,,2608122025,,,S,S1,,8000096,Stuttgart Hbf,Baden-Württemberg,Stuttgart,70173,9.183172973,48.78473069,1,,,2608122027,,,,,,,,,,,0.0,2.0
8782592837942437623-2608122039-1,4233,,2608122039,,,RE,RE5,,8000096,Stuttgart Hbf,Baden-Württemberg,Stuttgart,70173,9.183172973,48.78473069,1,,,,,h,2,Bauarbeiten,,,,,,c,0.0,0.0
-4171010256462557009-2608122026-1,285,,2608122026,,,IC,,,8000096,Stuttgart Hbf,Baden-Württemberg,Stuttgart,70173,9.183172973,48.78473069,1,,,,,h,2,Information,,,,,,c,0.0,0.0
-4954691136188615428-2608122047-1,7662,,2608122047,,,S,S6,,8000096,Stuttgart Hbf,Baden-Württemberg,Stuttgart,70173,9.183172973,48.78473069,1,,,2608122047,,,,,,,,,,,0.0,0.0
-6838047124896004939-2608122003-15,7263,2608122040,,3,,S,,Schorndorf|Weiler(Rems)|Winterbach(b Schorndorf)|Geradstetten|Grunbach|Beutelsbach|Endersbach|Stetten-Beinstein|Rommelshausen|Waiblingen|Fellbach|Stuttgart-Sommerrain|Stuttgart Nürnberger Str.|Stuttgart-Bad Cannstatt,8000096,Stuttgart Hbf,Baden-Württemberg,Stuttgart,70173,9.183172973,48.78473069,1,2608122040,,,,h,1,Bauarbeiten,,,,,,,0.0,0.0
113273195473749418-2608121911-6,19684,2608122050,2608122059,10,,ARV,RE1,Crailsheim|Ellwangen|Aalen Hbf|Schwäbisch Gmünd|Schorndorf,8000096,Stuttgart Hbf,Baden-Württemberg,Stuttgart,70173,9.183172973,48.78473069,1,2608122058,,2608122104,,h,2,Information,,,,,,,8.0,5.0
8307190956398043749-2608121932-7,19029,2608122025,,7,,ARV,,Karlsruhe Hbf|Karlsruhe-Durlach|Wilferdingen-Singen|Pforzheim Hbf|Mühlacker|Vaihingen(Enz),8000096,Stuttgart Hbf,Baden-Württemberg,Stuttgart,70173,9.183172973,48.78473069,1,2608122029,,,,h,2,Information,,,,,,,4.0,0.0
-6800969003193975062-2608121807-14,52382,2608122043,,6,,RE,,Konstanz|Radolfzell|Singen(Hohentwiel)|Engen|Tuttlingen|Spaichingen|Rottweil|Oberndorf(Neckar)|Sulz(Neckar)|Horb|Bondorf(b Herrenberg)|Gäufelden|Herrenberg,8000096,Stuttgart Hbf,Baden-Württemberg,Stuttgart,70173,9.183172973,48.78473069,1,2608122043,,,,h,2,Information,,,,,,,0.0,0.0
7736550546307083827-2608121345-13,613,2608122011,2608122017,15,,ICE,,Hamburg Hbf|Hamburg-Harburg|Bremen Hbf|Osnabrück Hbf|Münster(Westf)Hbf|Dortmund Hbf|Hagen Hbf|Wuppertal Hbf|Solingen Hbf|Köln Hbf|Frankfurt(M) Flughafen Fernbf|Mannheim Hbf,8000096,Stuttgart Hbf,Baden-Württemberg,Stuttgart,70173,9.183172973,48.78473069,1,2608122019,,2608122023,,h,1,Störung,,,,,,,8.0,6.0
-3278481612433611047-2608121933-15,7261,2608122010,,3,,S,,Schorndorf|Weiler(Rems)|Winterbach(b Schorndorf)|Geradstetten|Grunbach|Beutelsbach|Endersbach|Stetten-Beinstein|Rommelshausen|Waiblingen|Fellbach|Stuttgart-Sommerrain|Stuttgart Nürnberger Str.|Stuttgart-Bad Cannstatt,8000096,Stuttgart Hbf,Baden-Württemberg,Stuttgart,70173,9.183172973,48.78473069,1,2608122014,,,,h,1,Bauarbeiten,,,,,,,4.0,0.0
-2299085007408785264-2608121933-14,7461,2608122025,,1,,S,,Backnang|Burgstall(Murr)|Kirchberg(Murr)|Erdmannhausen|Marbach(Neckar)|Benningen(Neckar)|Freiberg(Neckar)|Favoritepark|Ludwigsburg|Kornwestheim Pbf|Stuttgart-Zuffenhausen|Stuttgart-Feuerbach|Stuttgart Nordbahnhof,8000096,Stuttgart Hbf,Baden-Württemberg,Stuttgart,70173,9.183172973,48.78473069,1,2608122030,,,,,,,,,,,,,5.0,0.0
6929098726566169295-2608122055-1,7164,,2608122055,,,S,S1,,8000096,Stuttgart Hbf,Baden-Württemberg,Stuttgart,70173,9.183172973,48.78473069,1,,,2608122055,,,,,,,,,,,0.0,0.0
-1439359717796706481-2608121907-12,19434,2608122009,,14,,ARV,,Aalen Hbf|Mögglingen(Gmünd)|Böbingen(Rems)|Schwäbisch Gmünd|Lorch(Württ)|Waldhausen(b Schorndorf)|Plüderhausen|Urbach(b Schorndorf)|Schorndorf|Waiblingen|Stuttgart-Bad Cannstatt,8000096,Stuttgart Hbf,Baden-Württemberg,Stuttgart,70173,9.183172973,48.78473069,1,2608122014,12,,,,,,,,,,,,5.0,0.0
-1376306189822422777-2608122003-1,28497,,2608122003,,,RE,RESB,,8000096,Stuttgart Hbf,Baden-Württemberg,Stuttgart,70173,9.183172973,48.78473069,1,,,2608122003,5,h,1,Störung,,,,,,c,0.0,0.0
2147434767086644516-2608122012-1,7360,,2608122012,,,S,S3,,8000096,Stuttgart Hbf,Baden-Württemberg,Stuttgart,70173,9.183172973,48.78473069,1,,,2608122015,,h,1,Störung,,,,,,,0.0,3.0
5577281673232344236-2608121805-13,4228,2608122022,,12,,RE,,Friedrichshafen Stadt|Meckenbeuren|Ravensburg|Aulendorf|Bad Schussenried|Biberach(Riß)|Laupheim West|Ulm Hbf|Geislingen(Steige)|Göppingen|Plochingen|Esslingen(Neckar),8000096,Stuttgart Hbf,Baden-Württemberg,Stuttgart,70173,9.183172973,48.78473069,1,2608122104,,,,h,2,Störung,,,Friedrichshafen Stadt|Meckenbeuren|Ravensburg|Aulendorf|Bad Schussenried|Biberach(Riß)|Laupheim West|Ulm Hbf|Geislingen(Steige)|Göppingen|Plochingen|Esslingen(Neckar),,,,42.0,0.0
3812495709101926064-2608121937-9,7561,2608122005,,1,,S,,Bietigheim-Bissingen|Tamm(Württ)|Asperg|Ludwigsburg|Kornwestheim Pbf|Stuttgart-Zuffenhausen|Stuttgart-Feuerbach|Stuttgart Nordbahnhof,8000096,Stuttgart Hbf,Baden-Württemberg,Stuttgart,70173,9.183172973,48.78473069,1,2608122010,,,,,,,,,,,,,5.0,0.0
-2670578142775611336-2608122037-1,7460,,2608122037,,,S,S4,,8000096,Stuttgart Hbf,Baden-Württemberg,Stuttgart,70173,9.183172973,48.78473069,1,,,2608122038,,,,,,,,,,,0.0,1.0
3013064575136603376-2608122011-12,7363,2608122047,,4,,S,,Backnang|Maubach|Nellmersbach|Winnenden|Schwaikheim|Neustadt-Hohenacker|Waiblingen|Fellbach|Stuttgart-Sommerrain|Stuttgart Nürnberger Str.|Stuttgart-Bad Cannstatt,8000096,Stuttgart Hbf,Baden-Württemberg,Stuttgart,70173,9.183172973,48.78473069,1,2608122047,,,,h,1,Störung,,,,,,,0.0,0.0
3081120732937112595-2608122057-1,7564,,2608122057,,,S,S5,,8000096,Stuttgart Hbf,Baden-Württemberg,Stuttgart,70173,9.183172973,48.78473069,1,,,2608122057,,,,,,,,,,,0.0,0.0
7779639667266141021-2608122032-1,19030,,2608122032,,,ARV,RE1,,8000096,Stuttgart Hbf,Baden-Württemberg,Stuttgart,70173,9.183172973,48.78473069,1,,,2608122033,10,h,2,Information,,,,,,,0.0,1.0
-7930634805914691834-2608121948-16,19170,2608122053,,12,,ARV,,Geislingen(Steige)|Geislingen(Steige)West|Kuchen|Gingen(Fils)|Süßen|Salach|Eislingen(Fils)|Göppingen|Faurndau|Uhingen|Ebersbach(Fils)|Reichenbach(Fils)|Plochingen|Esslingen(Neckar)|Stuttgart-Bad Cannstatt,8000096,Stuttgart Hbf,Baden-Württemberg,Stuttgart,70173,9.183172973,48.78473069,1,2608122051,,,,,,,,,,,,,-2.0,0.0
5949417852042325682-2608122031-1,237,,2608122031,,,NJ,,,8000096,Stuttgart Hbf,Baden-Württemberg,Stuttgart,70173,9.183172973,48.78473069,1,,,2608122031,,,,,,,,,,,0.0,0.0
-6930448942701268015-2608121950-15,7163,2608122035,,4,,S,,Kirchheim(Teck)|Kirchheim(Teck)-Ötlingen|Wendlingen(Neckar)|Wernau(Neckar)|Plochingen|Altbach|Esslingen-Zell|Oberesslingen|Esslingen(Neckar)|Esslingen-Mettingen|Stuttgart-Obertürkheim|Stuttgart-Untertürkheim|Stuttgart Neckarpark|Stuttgart-Bad Cannstatt,8000096,Stuttgart Hbf,Baden-Württemberg,Stuttgart,70173,9.183172973,48.78473069,1,2608122035,,,,,,,,,,,,,0.0,0.0
6746955278691408993-2608122031-1,50237,,2608122031,,,EN,,,8000096,Stuttgart Hbf,Baden-Württemberg,Stuttgart,70173,9.183172973,48.78473069,1,,,2608122031,,,,,,,,,,,0.0,0.0
-6268040799960483129-2608122007-9,7563,2608122035,,2,,S,,Bietigheim-Bissingen|Tamm(Württ)|Asperg|Ludwigsburg|Kornwestheim Pbf|Stuttgart-Zuffenhausen|Stuttgart-Feuerbach|Stuttgart Nordbahnhof,8000096,Stuttgart Hbf,Baden-Württemberg,Stuttgart,70173,9.183172973,48.78473069,1,2608122036,,,,,,,,,,,,,1.0,0.0
3366099886625871029-2608121356-10,773,2608122038,,5,,ICE,,Kiel Hbf|Neumünster|Hamburg Hbf|Celle|Hannover Hbf|Göttingen|Kassel-Wilhelmshöhe|Frankfurt(Main)Hbf|Mannheim Hbf,8000096,Stuttgart Hbf,Baden-Württemberg,Stuttgart,70173,9.183172973,48.78473069,1,2608122038,,,,h,2,Information,,,,,,,0.0,0.0
4467268805557329244-2608122026-1,50285,,2608122026,,,RE,IC87,,8000096,Stuttgart Hbf,Baden-Württemberg,Stuttgart,70173,9.183172973,48.78473069,1,,,,,h,2,Information,,,,,,c,0.0,0.0
8301307047007953671-2608122004-1,19171,,2608122004,,,ARV,MEX16,,8000096,Stuttgart Hbf,Baden-Württemberg,Stuttgart,70173,9.183172973,48.78473069,1,,,2608122004,,,,,,,,,,,0.0,0.0
-2812268842155007410-2608122020-1,19483,,2608122020,,,ARV,MEX13,,8000096,Stuttgart Hbf,Baden-Württemberg,Stuttgart,70173,9.183172973,48.78473069,1,,,2608122020,12,,,,,,,,,,0.0,0.0
-6610276676854069199-2608122003-14,7463,2608122055,,2,,S,,Backnang|Burgstall(Murr)|Kirchberg(Murr)|Erdmannhausen|Marbach(Neckar)|Benningen(Neckar)|Freiberg(Neckar)|Favoritepark|Ludwigsburg|Kornwestheim Pbf|Stuttgart-Zuffenhausen|Stuttgart-Feuerbach|Stuttgart Nordbahnhof,8000096,Stuttgart Hbf,Baden-Württemberg,Stuttgart,70173,9.183172973,48.78473069,1,2608122103,,,,,,,,,,,,,8.0,0.0
60349379957709074-2608122006-6,19685,2608122059,,15,,ARV,,Karlsruhe Hbf|Karlsruhe-Durlach|Pforzheim Hbf|Mühlacker|Vaihingen(Enz),8000096,Stuttgart Hbf,Baden-Württemberg,Stuttgart,70173,9.183172973,48.78473069,1,2608122101,,,,h,2,Information,,,,,,,2.0,0.0
1506843355871310603-2608122033-3,28496,2608122055,,7,,RE,,Böblingen|Stuttgart-Vaihingen,8000096,Stuttgart Hbf,Baden-Württemberg,Stuttgart,70173,9.183172973,48.78473069,1,2608122055,,,,h,1,Störung,,,,,c,,0.0,0.0
-5626492874762918281-2608121836-22,19168,2608122016,,10,,ARV,,Ulm Hbf|Beimerstetten|Westerstetten|Lonsee|Urspring|Amstetten(Württ)|Geislingen(Steige)|Geislingen(Steige)West|Kuchen|Gingen(Fils)|Süßen|Salach|Eislingen(Fils)|Göppingen|Faurndau|Uhingen|Ebersbach(Fils)|Reichenbach(Fils)|Plochingen|Esslingen(Neckar)|Stuttgart-Bad Cannstatt,8000096,Stuttgart Hbf,Baden-Württemberg,Stuttgart,70173,9.183172973,48.78473069,1,2608122016,11,,,,,,,,,,,,0.0,0.0
-1687267916704717500-2608122007-1,7458,,2608122007,,,S,S4,,8000096,Stuttgart Hbf,Baden-Württemberg,Stuttgart,70173,9.183172973,48.78473069,1,,,2608122010,,,,,,,,,,,0.0,3.0
-6035664515132253415-2608122003-14,7663,2608122045,,1,,S,,Weil der Stadt|Malmsheim|Renningen|Rutesheim|Leonberg|Höfingen|Ditzingen|Weilimdorf|Korntal|Neuwirtshaus(Porscheplatz)|Stuttgart-Zuffenhausen|Stuttgart-Feuerbach|Stuttgart Nordbahnhof,8000096,Stuttgart Hbf,Baden-Württemberg,Stuttgart,70173,9.183172973,48.78473069,1,2608122045,,,,,,,,,,,,,0.0,0.0
4084410163644003742-2608122042-1,19173,,2608122042,,,ARV,MEX16,,8000096,Stuttgart Hbf,Baden-Württemberg,Stuttgart,70173,9.183172973,48.78473069,1,,,2608122042,,,,,,,,,,,0.0,0.0
5605939437382144784-2608122027-1,7562,,2608122027,,,S,S5,,8000096,Stuttgart Hbf,Baden-Württemberg,Stuttgart,70173,9.183172973,48.78473069,1,,,2608122030,,,,,,,,,,,0.0,3.0
-6477978226066436130-2608122047-1,19435,,2608122047,,,ARV,MEX13,,8000096,Stuttgart Hbf,Baden-Württemberg,Stuttgart,70173,9.183172973,48.78473069,1,,,2608122048,,,,,,,,,,,0.0,1.0
-4904342913615484814-2608122025-3,7162,2608122032,2608122032,2,,S,S1,Stuttgart Hbf|Stuttgart-Bad Cannstatt,8006743,Stuttgart Neckarpark,Baden-Württemberg,Stuttgart,70372,9.24106855,48.79194362,4,2608122034,,2608122035,,,,,,,,,,,2.0,3.0
904272065433025864-2608122020-13,7165,2608122057,2608122057,1,,S,S1,Kirchheim(Teck)|Kirchheim(Teck)-Ötlingen|Wendlingen(Neckar)|Wernau(Neckar)|Plochingen|Altbach|Esslingen-Zell|Oberesslingen|Esslingen(Neckar)|Esslingen-Mettingen|Stuttgart-Obertürkheim|Stuttgart-Untertürkheim,8006743,Stuttgart Neckarpark,Baden-Württemberg,Stuttgart,70372,9.24106855,48.79194362,4,2608122057,,2608122057,,,,,,,,,,,0.0,0.0
-8339144586973292546-2608121955-3,7160,2608122002,2608122002,2,,S,S1,Stuttgart Hbf|Stuttgart-Bad Cannstatt,8006743,Stuttgart Neckarpark,Baden-Württemberg,Stuttgart,70372,9.24106855,48.79194362,4,2608122004,,2608122004,,,,,,,,,,,2.0,2.0
-6930448942701268015-2608121950-13,7163,2608122027,2608122027,1,,S,S1,Kirchheim(Teck)|Kirchheim(Teck)-Ötlingen|Wendlingen(Neckar)|Wernau(Neckar)|Plochingen|Altbach|Esslingen-Zell|Oberesslingen|Esslingen(Neckar)|Esslingen-Mettingen|Stuttgart-Obertürkheim|Stuttgart-Untertürkheim,8006743,Stuttgart Neckarpark,Baden-Württemberg,Stuttgart,70372,9.24106855,48.79194362,4,2608122027,,2608122028,,,,,,,,,,,0.0,1.0
-5752778913722820927-2608121957-2,7560,2608122000,2608122001,3,,S,S5,Stuttgart Hbf,8005767,Stuttgart Nord,Baden-Württemberg,Stuttgard-Nord,70174,9.188061449,48.80374161,5,2608122007,,2608122007,,,,,,,,,,,7.0,6.0
-7461252280383009819-2608121933-13,7661,2608122009,2608122011,4,,S,S6,Weil der Stadt|Malmsheim|Renningen|Rutesheim|Leonberg|Höfingen|Ditzingen|Weilimdorf|Korntal|Neuwirtshaus(Porscheplatz)|Stuttgart-Zuffenhausen|Stuttgart-Feuerbach,8005767,Stuttgart Nord,Baden-Württemberg,Stuttgard-Nord,70174,9.188061449,48.80374161,5,2608122009,,2608122011,,,,,,,,,,,0.0,0.0
-2600155914573285531-2608122017-2,7660,2608122020,2608122022,3,,S,S6,Stuttgart Hbf,8005767,Stuttgart Nord,Baden-Württemberg,Stuttgard-Nord,70174,9.188061449,48.80374161,5,2608122026,,2608122027,,,,,,,,,,,6.0,5.0
-4954691136188615428-2608122047-2,7662,2608122050,2608122052,3,,S,S6,Stuttgart Hbf,8005767,Stuttgart Nord,Baden-Württemberg,Stuttgard-Nord,70174,9.188061449,48.80374161,5,2608122051,,2608122052,,,,,,,,,,,1.0,0.0
-2299085007408785264-2608121933-13,7461,2608122019,2608122021,4,,S,S4,Backnang|Burgstall(Murr)|Kirchberg(Murr)|Erdmannhausen|Marbach(Neckar)|Benningen(Neckar)|Freiberg(Neckar)|Favoritepark|Ludwigsburg|Kornwestheim Pbf|Stuttgart-Zuffenhausen|Stuttgart-Feuerbach,8005767,Stuttgart Nord,Baden-Württemberg,Stuttgard-Nord,70174,9.188061449,48.80374161,5,2608122020,,2608122021,,,,,,,,,,,1.0,0.0
3812495709101926064-2608121937-8,7561,2608121959,2608122001,4,,S,S5,Bietigheim-Bissingen|Tamm(Württ)|Asperg|Ludwigsburg|Kornwestheim Pbf|Stuttgart-Zuffenhausen|Stuttgart-Feuerbach,8005767,Stuttgart Nord,Baden-Württemberg,Stuttgard-Nord,70174,9.188061449,48.80374161,5,2608122001,,2608122004,,,,,,,,,,,2.0,3.0
-2670578142775611336-2608122037-2,7460,2608122040,2608122041,3,,S,S4,Stuttgart Hbf,8005767,Stuttgart Nord,Baden-Württemberg,Stuttgard-Nord,70174,9.188061449,48.80374161,5,2608122042,,2608122043,,,,,,,,,,,2.0,2.0
-6268040799960483129-2608122007-8,7563,2608122029,2608122031,4,,S,S5,Bietigheim-Bissingen|Tamm(Württ)|Asperg|Ludwigsburg|Kornwestheim Pbf|Stuttgart-Zuffenhausen|Stuttgart-Feuerbach,8005767,Stuttgart Nord,Baden-Württemberg,Stuttgard-Nord,70174,9.188061449,48.80374161,5,2608122029,,2608122033,,,,,,,,,,,0.0,2.0
-8846636026834830888-2608122037-8,7565,2608122059,2608122101,4,,S,S5,Bietigheim-Bissingen|Tamm(Württ)|Asperg|Ludwigsburg|Kornwestheim Pbf|Stuttgart-Zuffenhausen|Stuttgart-Feuerbach,8005767,Stuttgart Nord,Baden-Württemberg,Stuttgard-Nord,70174,9.188061449,48.80374161,5,2608122102,,2608122102,,,,,,,,,,,3.0,1.0
-6610276676854069199-2608122003-13,7463,2608122049,2608122051,4,,S,S4,Backnang|Burgstall(Murr)|Kirchberg(Murr)|Erdmannhausen|Marbach(Neckar)|Benningen(Neckar)|Freiberg(Neckar)|Favoritepark|Ludwigsburg|Kornwestheim Pbf|Stuttgart-Zuffenhausen|Stuttgart-Feuerbach,8005767,Stuttgart Nord,Baden-Württemberg,Stuttgard-Nord,70174,9.188061449,48.80374161,5,2608122055,,2608122056,,,,,,,,,,,6.0,5.0
-1687267916704717500-2608122007-2,7458,2608122010,2608122011,3,,S,S4,Stuttgart Hbf,8005767,Stuttgart Nord,Baden-Württemberg,Stuttgard-Nord,70174,9.188061449,48.80374161,5,2608122015,,2608122015,,,,,,,,,,,5.0,4.0
-6035664515132253415-2608122003-13,7663,2608122039,2608122041,4,,S,S6,Weil der Stadt|Malmsheim|Renningen|Rutesheim|Leonberg|Höfingen|Ditzingen|Weilimdorf|Korntal|Neuwirtshaus(Porscheplatz)|Stuttgart-Zuffenhausen|Stuttgart-Feuerbach,8005767,Stuttgart Nord,Baden-Württemberg,Stuttgard-Nord,70174,9.188061449,48.80374161,5,2608122039,,2608122041,,,,,,,,,,,0.0,0.0
5605939437382144784-2608122027-2,7562,2608122030,2608122031,3,,S,S5,Stuttgart Hbf,8005767,Stuttgart Nord,Baden-Württemberg,Stuttgard-Nord,70174,9.188061449,48.80374161,5,2608122033,,2608122034,,,,,,,,,,,3.0,3.0
-6212403965013446492-2608121941-10,7361,2608122007,2608122008,1,,S,S3,Backnang|Maubach|Nellmersbach|Winnenden|Schwaikheim|Neustadt-Hohenacker|Waiblingen|Fellbach|Stuttgart-Sommerrain,8004357,Stuttgart Nürnberger Straße,Baden-Württemberg,Stuttgart,70374,9.234576905,48.80656062,5,2608122009,,2608122010,,h,1,Störung,,,,,,,2.0,2.0
-2392081487151840569-2608122020-3,7260,2608122027,2608122027,4,,S,S2,Stuttgart Hbf|Stuttgart-Bad Cannstatt,8004357,Stuttgart Nürnberger Straße,Baden-Württemberg,Stuttgart,70374,9.234576905,48.80656062,5,2608122031,,2608122031,,h,1,Bauarbeiten,,,,,,,4.0,4.0
-4217556654966046239-2608122042-3,7362,2608122052,2608122052,4,,S,S3,Stuttgart Hbf|Stuttgart-Bad Cannstatt,8004357,Stuttgart Nürnberger Straße,Baden-Württemberg,Stuttgart,70374,9.234576905,48.80656062,5,2608122053,,2608122054,,h,1,Störung,,,,,,,1.0,2.0
3090077021401438649-2608122050-3,7262,2608122057,2608122057,4,,S,S2,Stuttgart Hbf|Stuttgart-Bad Cannstatt,8004357,Stuttgart Nürnberger Straße,Baden-Württemberg,Stuttgart,70374,9.234576905,48.80656062,5,2608122057,,2608122057,,h,1,Bauarbeiten,,,,,,,0.0,0.0
-6838047124896004939-2608122003-13,7263,2608122032,2608122033,1,,S,S2,Schorndorf|Weiler(Rems)|Winterbach(b Schorndorf)|Geradstetten|Grunbach|Beutelsbach|Endersbach|Stetten-Beinstein|Rommelshausen|Waiblingen|Fellbach|Stuttgart-Sommerrain,8004357,Stuttgart Nürnberger Straße,Baden-Württemberg,Stuttgart,70374,9.234576905,48.80656062,5,2608122032,,2608122033,,h,1,Bauarbeiten,,,,,,,0.0,0.0
-3278481612433611047-2608121933-13,7261,2608122002,2608122003,1,,S,S2,Schorndorf|Weiler(Rems)|Winterbach(b Schorndorf)|Geradstetten|Grunbach|Beutelsbach|Endersbach|Stetten-Beinstein|Rommelshausen|Waiblingen|Fellbach|Stuttgart-Sommerrain,8004357,Stuttgart Nürnberger Straße,Baden-Württemberg,Stuttgart,70374,9.234576905,48.80656062,5,2608122005,,2608122006,,h,1,Bauarbeiten,,,,,,,3.0,3.0
2147434767086644516-2608122012-3,7360,2608122022,2608122022,4,,S,S3,Stuttgart Hbf|Stuttgart-Bad Cannstatt,8004357,Stuttgart Nürnberger Straße,Baden-Württemberg,Stuttgart,70374,9.234576905,48.80656062,5,2608122023,,2608122024,,h,1,Störung,,,,,,,1.0,2.0
3013064575136603376-2608122011-10,7363,2608122037,2608122038,1,,S,S3,Backnang|Maubach|Nellmersbach|Winnenden|Schwaikheim|Neustadt-Hohenacker|Waiblingen|Fellbach|Stuttgart-Sommerrain,8004357,Stuttgart Nürnberger Straße,Baden-Württemberg,Stuttgart,70374,9.234576905,48.80656062,5,2608122038,,2608122039,,h,1,Störung,,,,,,,1.0,1.0
5943186620424368039-2608121947-3,19244,2608122003,2608122007,1,,RE,MEX12,Plochingen|Esslingen(Neckar),8005769,Stuttgart-Bad Cannstatt,Baden-Württemberg,Stuttgart,70372,9.217468636,48.80127978,3,2608122004,,2608122007,,h,2,Störung,,,,,,,1.0,0.0
-6212403965013446492-2608121941-11,7361,2608122011,2608122013,2,,S,S3,Backnang|Maubach|Nellmersbach|Winnenden|Schwaikheim|Neustadt-Hohenacker|Waiblingen|Fellbach|Stuttgart-Sommerrain|Stuttgart Nürnberger Str.,8005769,Stuttgart-Bad Cannstatt,Baden-Württemberg,Stuttgart,70372,9.217468636,48.80127978,3,2608122013,,2608122015,,h,1,Störung,,,,,,,2.0,2.0
-2392081487151840569-2608122020-2,7260,2608122024,2608122024,3,,S,S2,Stuttgart Hbf,8005769,Stuttgart-Bad Cannstatt,Baden-Württemberg,Stuttgart,70372,9.217468636,48.80127978,3,2608122028,,2608122028,,h,1,Bauarbeiten,,,,,,,4.0,4.0
-6572211236779796534-2608121920-14,7161,2608122000,2608122001,2,,S,S1,Kirchheim(Teck)|Kirchheim(Teck)-Ötlingen|Wendlingen(Neckar)|Wernau(Neckar)|Plochingen|Altbach|Esslingen-Zell|Oberesslingen|Esslingen(Neckar)|Esslingen-Mettingen|Stuttgart-Obertürkheim|Stuttgart-Untertürkheim|Stuttgart Neckarpark,8005769,Stuttgart-Bad Cannstatt,Baden-Württemberg,Stuttgart,70372,9.217468636,48.80127978,3,2608122000,,2608122001,,,,,,,,,,,0.0,0.0
-4217556654966046239-2608122042-2,7362,2608122046,2608122049,3,,S,S3,Stuttgart Hbf,8005769,Stuttgart-Bad Cannstatt,Baden-Württemberg,Stuttgart,70372,9.217468636,48.80127978,3,2608122046,,2608122049,,h,1,Störung,,,,,,,0.0,0.0
3090077021401438649-2608122050-2,7262,2608122054,2608122054,3,,S,S2,Stuttgart Hbf,8005769,Stuttgart-Bad Cannstatt,Baden-Württemberg,Stuttgart,70372,9.217468636,48.80127978,3,2608122054,,2608122054,,h,1,Bauarbeiten,,,,,,,0.0,0.0
-3684325824798683904-2608121911-17,19484,2608122035,2608122035,6,,ARV,MEX13,Ellwangen|Schrezheim|Schwabsberg|Goldshöfe|Hofen(b Aalen)|Wasseralfingen|Aalen Hbf|Mögglingen(Gmünd)|Böbingen(Rems)|Schwäbisch Gmünd|Lorch(Württ)|Waldhausen(b Schorndorf)|Plüderhausen|Urbach(b Schorndorf)|Schorndorf|Waiblingen,8005769,Stuttgart-Bad Cannstatt,Baden-Württemberg,Stuttgart,70372,9.217468636,48.80127978,3,2608122035,,2608122036,,,,,,,,,,,0.0,1.0
-4904342913615484814-2608122025-2,7162,2608122028,2608122029,3,,S,S1,Stuttgart Hbf,8005769,Stuttgart-Bad Cannstatt,Baden-Württemberg,Stuttgart,70372,9.217468636,48.80127978,3,2608122031,,2608122032,,,,,,,,,,,3.0,3.0
-6838047124896004939-2608122003-14,7263,2608122035,2608122036,2,,S,S2,Schorndorf|Weiler(Rems)|Winterbach(b Schorndorf)|Geradstetten|Grunbach|Beutelsbach|Endersbach|Stetten-Beinstein|Rommelshausen|Waiblingen|Fellbach|Stuttgart-Sommerrain|Stuttgart Nürnberger Str.,8005769,Stuttgart-Bad Cannstatt,Baden-Württemberg,Stuttgart,70372,9.217468636,48.80127978,3,2608122035,,2608122036,,h,1,Bauarbeiten,,,,,,,0.0,0.0
-3278481612433611047-2608121933-14,7261,2608122005,2608122006,2,,S,S2,Schorndorf|Weiler(Rems)|Winterbach(b Schorndorf)|Geradstetten|Grunbach|Beutelsbach|Endersbach|Stetten-Beinstein|Rommelshausen|Waiblingen|Fellbach|Stuttgart-Sommerrain|Stuttgart Nürnberger Str.,8005769,Stuttgart-Bad Cannstatt,Baden-Württemberg,Stuttgart,70372,9.217468636,48.80127978,3,2608122009,,2608122010,,h,1,Bauarbeiten,,,,,,,4.0,4.0
6929098726566169295-2608122055-2,7164,2608122058,2608122059,3,,S,S1,Stuttgart Hbf,8005769,Stuttgart-Bad Cannstatt,Baden-Württemberg,Stuttgart,70372,9.217468636,48.80127978,3,2608122058,,2608122059,,,,,,,,,,,0.0,0.0
-1439359717796706481-2608121907-11,19434,2608122005,2608122005,6,,ARV,MEX13,Aalen Hbf|Mögglingen(Gmünd)|Böbingen(Rems)|Schwäbisch Gmünd|Lorch(Württ)|Waldhausen(b Schorndorf)|Plüderhausen|Urbach(b Schorndorf)|Schorndorf|Waiblingen,8005769,Stuttgart-Bad Cannstatt,Baden-Württemberg,Stuttgart,70372,9.217468636,48.80127978,3,2608122007,,2608122010,,,,,,,,,,,2.0,5.0
2147434767086644516-2608122012-2,7360,2608122016,2608122019,3,,S,S3,Stuttgart Hbf,8005769,Stuttgart-Bad Cannstatt,Baden-Württemberg,Stuttgart,70372,9.217468636,48.80127978,3,2608122020,,2608122020,,h,1,Störung,,,,,,,4.0,1.0
3013064575136603376-2608122011-11,7363,2608122041,2608122043,2,,S,S3,Backnang|Maubach|Nellmersbach|Winnenden|Schwaikheim|Neustadt-Hohenacker|Waiblingen|Fellbach|Stuttgart-Sommerrain|Stuttgart Nürnberger Str.,8005769,Stuttgart-Bad Cannstatt,Baden-Württemberg,Stuttgart,70372,9.217468636,48.80127978,3,2608122042,,2608122043,,h,1,Störung,,,,,,,1.0,0.0
-7930634805914691834-2608121948-15,19170,2608122046,2608122049,5,,ARV,MEX16,Geislingen(Steige)|Geislingen(Steige)West|Kuchen|Gingen(Fils)|Süßen|Salach|Eislingen(Fils)|Göppingen|Faurndau|Uhingen|Ebersbach(Fils)|Reichenbach(Fils)|Plochingen|Esslingen(Neckar),8005769,Stuttgart-Bad Cannstatt,Baden-Württemberg,Stuttgart,70372,9.217468636,48.80127978,3,2608122046,,2608122047,,,,,,,,,,,0.0,-2.0
-6930448942701268015-2608121950-14,7163,2608122030,2608122031,2,,S,S1,Kirchheim(Teck)|Kirchheim(Teck)-Ötlingen|Wendlingen(Neckar)|Wernau(Neckar)|Plochingen|Altbach|Esslingen-Zell|Oberesslingen|Esslingen(Neckar)|Esslingen-Mettingen|Stuttgart-Obertürkheim|Stuttgart-Untertürkheim|Stuttgart Neckarpark,8005769,Stuttgart-Bad Cannstatt,Baden-Württemberg,Stuttgart,70372,9.217468636,48.80127978,3,2608122030,,2608122031,,,,,,,,,,,0.0,0.0
8301307047007953671-2608122004-2,19171,2608122007,2608122008,8,,ARV,MEX16,Stuttgart Hbf,8005769,Stuttgart-Bad Cannstatt,Baden-Württemberg,Stuttgart,70372,9.217468636,48.80127978,3,2608122008,,2608122009,,,,,,,,,,,1.0,1.0
-2812268842155007410-2608122020-2,19483,2608122023,2608122025,7,,ARV,MEX13,Stuttgart Hbf,8005769,Stuttgart-Bad Cannstatt,Baden-Württemberg,Stuttgart,70372,9.217468636,48.80127978,3,2608122024,,2608122025,,,,,,,,,,,1.0,0.0
-5626492874762918281-2608121836-21,19168,2608122011,2608122012,5,,ARV,MEX16,Ulm Hbf|Beimerstetten|Westerstetten|Lonsee|Urspring|Amstetten(Württ)|Geislingen(Steige)|Geislingen(Steige)West|Kuchen|Gingen(Fils)|Süßen|Salach|Eislingen(Fils)|Göppingen|Faurndau|Uhingen|Ebersbach(Fils)|Reichenbach(Fils)|Plochingen|Esslingen(Neckar),8005769,Stuttgart-Bad Cannstatt,Baden-Württemberg,Stuttgart,70372,9.217468636,48.80127978,3,2608122009,,2608122012,,,,,,,,,,,-2.0,0.0
4084410163644003742-2608122042-2,19173,2608122045,2608122046,8,,ARV,MEX16,Stuttgart Hbf,8005769,Stuttgart-Bad Cannstatt,Baden-Württemberg,Stuttgart,70372,9.217468636,48.80127978,3,2608122046,,2608122047,,,,,,,,,,,1.0,1.0
-6477978226066436130-2608122047-2,19435,2608122050,2608122052,7,,ARV,MEX13,Stuttgart Hbf,8005769,Stuttgart-Bad Cannstatt,Baden-Württemberg,Stuttgart,70372,9.217468636,48.80127978,3,2608122051,,2608122052,,,,,,,,,,,1.0,0.0
-5752778913722820927-2608121957-3,7560,2608122003,2608122004,2,,S,S5,Stuttgart Hbf|Stuttgart Nordbahnhof,8005770,Stuttgart-Feuerbach,Baden-Württemberg,Feuerbach,70469,9.169186287,48.81363554,3,2608122009,,2608122009,,,,,,,,,,,6.0,5.0
-7461252280383009819-2608121933-12,7661,2608122006,2608122006,1,,S,S6,Weil der Stadt|Malmsheim|Renningen|Rutesheim|Leonberg|Höfingen|Ditzingen|Weilimdorf|Korntal|Neuwirtshaus(Porscheplatz)|Stuttgart-Zuffenhausen,8005770,Stuttgart-Feuerbach,Baden-Württemberg,Feuerbach,70469,9.169186287,48.81363554,3,2608122006,,2608122006,,,,,,,,,,,0.0,0.0
-2600155914573285531-2608122017-3,7660,2608122024,2608122024,2,,S,S6,Stuttgart Hbf|Stuttgart Nordbahnhof,8005770,Stuttgart-Feuerbach,Baden-Württemberg,Feuerbach,70469,9.169186287,48.81363554,3,2608122028,,2608122029,,,,,,,,,,,4.0,5.0
7978151233968095571-2608122004-16,7061,2608122051,,1a,,S,,Böblingen|Sindelfingen|Maichingen|Maichingen Nord|Magstadt|Renningen Süd|Renningen|Rutesheim|Leonberg|Höfingen|Ditzingen|Weilimdorf|Korntal|Neuwirtshaus(Porscheplatz)|Stuttgart-Zuffenhausen,8005770,Stuttgart-Feuerbach,Baden-Württemberg,Feuerbach,70469,9.169186287,48.81363554,3,2608122051,,,,,,,,,,,,,0.0,0.0
-4954691136188615428-2608122047-3,7662,2608122054,2608122054,2,,S,S6,Stuttgart Hbf|Stuttgart Nordbahnhof,8005770,Stuttgart-Feuerbach,Baden-Württemberg,Feuerbach,70469,9.169186287,48.81363554,3,2608122054,,2608122054,,,,,,,,,,,0.0,0.0
-2299085007408785264-2608121933-12,7461,2608122016,2608122017,1,,S,S4,Backnang|Burgstall(Murr)|Kirchberg(Murr)|Erdmannhausen|Marbach(Neckar)|Benningen(Neckar)|Freiberg(Neckar)|Favoritepark|Ludwigsburg|Kornwestheim Pbf|Stuttgart-Zuffenhausen,8005770,Stuttgart-Feuerbach,Baden-Württemberg,Feuerbach,70469,9.169186287,48.81363554,3,2608122018,,2608122019,,,,,,,,,,,2.0,2.0
-2670578142775611336-2608122037-3,7460,2608122043,2608122044,2,,S,S4,Stuttgart Hbf|Stuttgart Nordbahnhof,8005770,Stuttgart-Feuerbach,Baden-Württemberg,Feuerbach,70469,9.169186287,48.81363554,3,2608122045,,2608122046,,,,,,,,,,,2.0,2.0
-5721042257730826301-2608122038-1,7066,,2608122038,,,S,S60,,8005770,Stuttgart-Feuerbach,Baden-Württemberg,Feuerbach,70469,9.169186287,48.81363554,3,,,2608122038,,,,,,,,,,,0.0,0.0
-6268040799960483129-2608122007-7,7563,2608122026,2608122026,1,,S,S5,Bietigheim-Bissingen|Tamm(Württ)|Asperg|Ludwigsburg|Kornwestheim Pbf|Stuttgart-Zuffenhausen,8005770,Stuttgart-Feuerbach,Baden-Württemberg,Feuerbach,70469,9.169186287,48.81363554,3,2608122026,,2608122027,,,,,,,,,,,0.0,1.0
1873598070724127797-2608122008-1,7064,,2608122008,,,S,S60,,8005770,Stuttgart-Feuerbach,Baden-Württemberg,Feuerbach,70469,9.169186287,48.81363554,3,,,2608122008,,,,,,,,,,,0.0,0.0
-8846636026834830888-2608122037-7,7565,2608122056,2608122056,1,,S,S5,Bietigheim-Bissingen|Tamm(Württ)|Asperg|Ludwigsburg|Kornwestheim Pbf|Stuttgart-Zuffenhausen,8005770,Stuttgart-Feuerbach,Baden-Württemberg,Feuerbach,70469,9.169186287,48.81363554,3,2608122059,,2608122059,,,,,,,,,,,3.0,3.0
3128900407755296936-2608121934-16,7059,2608122021,,1a,,S,,Böblingen|Sindelfingen|Maichingen|Maichingen Nord|Magstadt|Renningen Süd|Renningen|Rutesheim|Leonberg|Höfingen|Ditzingen|Weilimdorf|Korntal|Neuwirtshaus(Porscheplatz)|Stuttgart-Zuffenhausen,8005770,Stuttgart-Feuerbach,Baden-Württemberg,Feuerbach,70469,9.169186287,48.81363554,3,2608122021,,,,,,,,,,,,,0.0,0.0
-6610276676854069199-2608122003-12,7463,2608122046,2608122047,1,,S,S4,Backnang|Burgstall(Murr)|Kirchberg(Murr)|Erdmannhausen|Marbach(Neckar)|Benningen(Neckar)|Freiberg(Neckar)|Favoritepark|Ludwigsburg|Kornwestheim Pbf|Stuttgart-Zuffenhausen,8005770,Stuttgart-Feuerbach,Baden-Württemberg,Feuerbach,70469,9.169186287,48.81363554,3,2608122053,,2608122053,,,,,,,,,,,7.0,6.0
-1687267916704717500-2608122007-3,7458,2608122013,2608122014,2,,S,S4,Stuttgart Hbf|Stuttgart Nordbahnhof,8005770,Stuttgart-Feuerbach,Baden-Württemberg,Feuerbach,70469,9.169186287,48.81363554,3,2608122017,,2608122017,,,,,,,,,,,4.0,3.0
-6035664515132253415-2608122003-12,7663,2608122036,2608122036,1,,S,S6,Weil der Stadt|Malmsheim|Renningen|Rutesheim|Leonberg|Höfingen|Ditzingen|Weilimdorf|Korntal|Neuwirtshaus(Porscheplatz)|Stuttgart-Zuffenhausen,8005770,Stuttgart-Feuerbach,Baden-Württemberg,Feuerbach,70469,9.169186287,48.81363554,3,2608122036,,2608122036,,,,,,,,,,,0.0,0.0
5605939437382144784-2608122027-3,7562,2608122033,2608122034,2,,S,S5,Stuttgart Hbf|Stuttgart Nordbahnhof,8005770,Stuttgart-Feuerbach,Baden-Württemberg,Feuerbach,70469,9.169186287,48.81363554,3,2608122035,,2608122036,,,,,,,,,,,2.0,2.0
-4904342913615484814-2608122025-5,7162,2608122037,2608122037,6,,S,S1,Stuttgart Hbf|Stuttgart-Bad Cannstatt|Stuttgart Neckarpark|Stuttgart-Untertürkheim,8005772,Stuttgart-Obertürkheim,Baden-Württemberg,Stuttgart,70329,9.268167932,48.76175015,4,2608122039,,2608122039,,,,,,,,,,,2.0,2.0
904272065433025864-2608122020-11,7165,2608122052,2608122052,5,,S,S1,Kirchheim(Teck)|Kirchheim(Teck)-Ötlingen|Wendlingen(Neckar)|Wernau(Neckar)|Plochingen|Altbach|Esslingen-Zell|Oberesslingen|Esslingen(Neckar)|Esslingen-Mettingen,8005772,Stuttgart-Obertürkheim,Baden-Württemberg,Stuttgart,70329,9.268167932,48.76175015,4,2608122052,,2608122052,,,,,,,,,,,0.0,0.0
-8339144586973292546-2608121955-5,7160,2608122007,2608122007,6,,S,S1,Stuttgart Hbf|Stuttgart-Bad Cannstatt|Stuttgart Neckarpark|Stuttgart-Untertürkheim,8005772,Stuttgart-Obertürkheim,Baden-Württemberg,Stuttgart,70329,9.268167932,48.76175015,4,2608122008,,2608122009,,,,,,,,,,,1.0,2.0
-6930448942701268015-2608121950-11,7163,2608122022,2608122022,5,,S,S1,Kirchheim(Teck)|Kirchheim(Teck)-Ötlingen|Wendlingen(Neckar)|Wernau(Neckar)|Plochingen|Altbach|Esslingen-Zell|Oberesslingen|Esslingen(Neckar)|Esslingen-Mettingen,8005772,Stuttgart-Obertürkheim,Baden-Württemberg,Stuttgart,70329,9.268167932,48.76175015,4,2608122022,,2608122023,,,,,,,,,,,0.0,1.0
4683056481244044415-2608122046-2,7763,2608122047,2608122053,2,,S,S1,Stuttgart-Vaihingen,8005773,Stuttgart-Rohr,Baden-Württemberg,Stuttgart,70565,9.108158025,48.71799427,4,2608122048,,2608122053,,,,,,,,,,,1.0,0.0
8471049758632745221-2608122016-8,7764,2608122037,2608122038,3,,S,S1,Herrenberg|Nufringen|Gärtringen|Ehningen(b Böblingen)|Hulb|Böblingen|Goldberg(Württ),8005773,Stuttgart-Rohr,Baden-Württemberg,Stuttgart,70565,9.108158025,48.71799427,4,2608122038,,2608122039,,,,,,,,,,,1.0,1.0
-3332126691151860800-2608122005-2,7961,2608122006,2608122012,2,,S,S2,Stuttgart-Vaihingen,8005773,Stuttgart-Rohr,Baden-Württemberg,Stuttgart,70565,9.108158025,48.71799427,4,2608122006,,2608122012,,,,,,,,,,,0.0,0.0
9081680076512318350-2608122033-6,7962,2608122048,2608122049,3,,S,S2,Filderstadt|Stuttgart Flughafen/Messe|Echterdingen|Leinfelden|Oberaichen,8005773,Stuttgart-Rohr,Baden-Württemberg,Stuttgart,70565,9.108158025,48.71799427,4,2608122048,,2608122049,,,,,,,,,,,0.0,0.0
-6796240322761220487-2608121946-8,7762,2608122007,2608122008,3,,S,S1,Herrenberg|Nufringen|Gärtringen|Ehningen(b Böblingen)|Hulb|Böblingen|Goldberg(Württ),8005773,Stuttgart-Rohr,Baden-Württemberg,Stuttgart,70565,9.108158025,48.71799427,4,2608122008,,2608122009,,,,,,,,,,,1.0,1.0
-6493516335616942710-2608122035-2,7963,2608122036,2608122042,2,,S,S2,Stuttgart-Vaihingen,8005773,Stuttgart-Rohr,Baden-Württemberg,Stuttgart,70565,9.108158025,48.71799427,4,2608122037,,2608122042,,,,,,,,,,,1.0,0.0
-5683208302743683023-2608122016-2,7761,2608122017,2608122023,2,,S,S1,Stuttgart-Vaihingen,8005773,Stuttgart-Rohr,Baden-Württemberg,Stuttgart,70565,9.108158025,48.71799427,4,2608122017,,2608122023,,,,,,,,,,,0.0,0.0
4493743563171895434-2608122003-6,7960,2608122018,2608122019,3,,S,S2,Filderstadt|Stuttgart Flughafen/Messe|Echterdingen|Leinfelden|Oberaichen,8005773,Stuttgart-Rohr,Baden-Württemberg,Stuttgart,70565,9.108158025,48.71799427,4,2608122018,,2608122019,,,,,,,,,,,0.0,0.0
-6212403965013446492-2608121941-9,7361,2608122005,2608122005,1,,S,S3,Backnang|Maubach|Nellmersbach|Winnenden|Schwaikheim|Neustadt-Hohenacker|Waiblingen|Fellbach,8005774,Stuttgart-Sommerrain,Baden-Württemberg,Stuttgart,70374,9.248369749,48.81521824,5,2608122007,,2608122008,,h,1,Störung,,,,,,,2.0,3.0
-2392081487151840569-2608122020-4,7260,2608122029,2608122029,4,,S,S2,Stuttgart Hbf|Stuttgart-Bad Cannstatt|Stuttgart Nürnberger Str.,8005774,Stuttgart-Sommerrain,Baden-Württemberg,Stuttgart,70374,9.248369749,48.81521824,5,2608122033,,2608122033,,h,1,Bauarbeiten,,,,,,,4.0,4.0
-4217556654966046239-2608122042-4,7362,2608122054,2608122054,4,,S,S3,Stuttgart Hbf|Stuttgart-Bad Cannstatt|Stuttgart Nürnberger Str.,8005774,Stuttgart-Sommerrain,Baden-Württemberg,Stuttgart,70374,9.248369749,48.81521824,5,2608122056,,2608122056,,h,1,Störung,,,,,,,2.0,2.0
3090077021401438649-2608122050-4,7262,2608122059,2608122059,4,,S,S2,Stuttgart Hbf|Stuttgart-Bad Cannstatt|Stuttgart Nürnberger Str.,8005774,Stuttgart-Sommerrain,Baden-Württemberg,Stuttgart,70374,9.248369749,48.81521824,5,2608122059,,2608122059,,h,1,Bauarbeiten,,,,,,,0.0,0.0
-6838047124896004939-2608122003-12,7263,2608122030,2608122030,1,,S,S2,Schorndorf|Weiler(Rems)|Winterbach(b Schorndorf)|Geradstetten|Grunbach|Beutelsbach|Endersbach|Stetten-Beinstein|Rommelshausen|Waiblingen|Fellbach,8005774,Stuttgart-Sommerrain,Baden-Württemberg,Stuttgart,70374,9.248369749,48.81521824,5,2608122030,,2608122031,,h,1,Bauarbeiten,,,,,,,0.0,1.0
-3278481612433611047-2608121933-12,7261,2608122000,2608122000,1,,S,S2,Schorndorf|Weiler(Rems)|Winterbach(b Schorndorf)|Geradstetten|Grunbach|Beutelsbach|Endersbach|Stetten-Beinstein|Rommelshausen|Waiblingen|Fellbach,8005774,Stuttgart-Sommerrain,Baden-Württemberg,Stuttgart,70374,9.248369749,48.81521824,5,2608122003,,2608122004,,h,1,Bauarbeiten,,,,,,,3.0,4.0
2147434767086644516-2608122012-4,7360,2608122024,2608122024,4,,S,S3,Stuttgart Hbf|Stuttgart-Bad Cannstatt|Stuttgart Nürnberger Str.,8005774,Stuttgart-Sommerrain,Baden-Württemberg,Stuttgart,70374,9.248369749,48.81521824,5,2608122025,,2608122026,,h,1,Störung,,,,,,,1.0,2.0
3013064575136603376-2608122011-9,7363,2608122035,2608122035,1,,S,S3,Backnang|Maubach|Nellmersbach|Winnenden|Schwaikheim|Neustadt-Hohenacker|Waiblingen|Fellbach,8005774,Stuttgart-Sommerrain,Baden-Württemberg,Stuttgart,70374,9.248369749,48.81521824,5,2608122036,,2608122036,,h,1,Störung,,,,,,,1.0,1.0
-4904342913615484814-2608122025-4,7162,2608122034,2608122034,6,,S,S1,Stuttgart Hbf|Stuttgart-Bad Cannstatt|Stuttgart Neckarpark,8005775,Stuttgart-Untertürkheim Pbf,Baden-Württemberg,Stuttgart,70327,9.250467074,48.77984679,3,2608122036,,2608122036,,,,,,,,,,,2.0,2.0
904272065433025864-2608122020-12,7165,2608122055,2608122055,5,,S,S1,Kirchheim(Teck)|Kirchheim(Teck)-Ötlingen|Wendlingen(Neckar)|Wernau(Neckar)|Plochingen|Altbach|Esslingen-Zell|Oberesslingen|Esslingen(Neckar)|Esslingen-Mettingen|Stuttgart-Obertürkheim,8005775,Stuttgart-Untertürkheim Pbf,Baden-Württemberg,Stuttgart,70327,9.250467074,48.77984679,3,2608122055,,2608122055,,,,,,,,,,,0.0,0.0
-8339144586973292546-2608121955-4,7160,2608122004,2608122004,6,,S,S1,Stuttgart Hbf|Stuttgart-Bad Cannstatt|Stuttgart Neckarpark,8005775,Stuttgart-Untertürkheim Pbf,Baden-Württemberg,Stuttgart,70327,9.250467074,48.77984679,3,2608122006,,2608122006,,,,,,,,,,,2.0,2.0
-6930448942701268015-2608121950-12,7163,2608122025,2608122025,5,,S,S1,Kirchheim(Teck)|Kirchheim(Teck)-Ötlingen|Wendlingen(Neckar)|Wernau(Neckar)|Plochingen|Altbach|Esslingen-Zell|Oberesslingen|Esslingen(Neckar)|Esslingen-Mettingen|Stuttgart-Obertürkheim,8005775,Stuttgart-Untertürkheim Pbf,Baden-Württemberg,Stuttgart,70327,9.250467074,48.77984679,3,2608122025,,2608122026,,,,,,,,,,,0.0,1.0
4683056481244044415-2608122046-1,7763,,2608122046,,,S,S1,,8005776,Stuttgart-Vaihingen,Baden-Württemberg,Stuttgart,70563,9.113913368,48.72698116,3,,,2608122046,,,,,,,,,,,0.0,0.0
-2536730708892828091-2608122015-2,17669,2608122028,2608122029,1,,RE,RE14a,Stuttgart Hbf,8005776,Stuttgart-Vaihingen,Baden-Württemberg,Stuttgart,70563,9.113913368,48.72698116,3,2608122030,,2608122031,,,,,,,,,,,2.0,2.0
-5208721691458454869-2608122015-2,17667,2608122028,2608122029,1,,RE,RE14b,Stuttgart Hbf,8005776,Stuttgart-Vaihingen,Baden-Württemberg,Stuttgart,70563,9.113913368,48.72698116,3,2608122030,,2608122031,,,,,,,,,,,2.0,2.0
8471049758632745221-2608122016-9,7764,2608122040,,3,,S,,Herrenberg|Nufringen|Gärtringen|Ehningen(b Böblingen)|Hulb|Böblingen|Goldberg(Württ)|Stuttgart-Rohr,8005776,Stuttgart-Vaihingen,Baden-Württemberg,Stuttgart,70563,9.113913368,48.72698116,3,2608122041,,,,,,,,,,,,,1.0,0.0
-3332126691151860800-2608122005-1,7961,,2608122005,,,S,S2,,8005776,Stuttgart-Vaihingen,Baden-Württemberg,Stuttgart,70563,9.113913368,48.72698116,3,,,2608122005,,,,,,,,,,,0.0,0.0
9081680076512318350-2608122033-7,7962,2608122050,,2,,S,,Filderstadt|Stuttgart Flughafen/Messe|Echterdingen|Leinfelden|Oberaichen|Stuttgart-Rohr,8005776,Stuttgart-Vaihingen,Baden-Württemberg,Stuttgart,70563,9.113913368,48.72698116,3,2608122051,,,,,,,,,,,,,1.0,0.0
-6796240322761220487-2608121946-9,7762,2608122010,,3,,S,,Herrenberg|Nufringen|Gärtringen|Ehningen(b Böblingen)|Hulb|Böblingen|Goldberg(Württ)|Stuttgart-Rohr,8005776,Stuttgart-Vaihingen,Baden-Württemberg,Stuttgart,70563,9.113913368,48.72698116,3,2608122010,,,,,,,,,,,,,0.0,0.0
-1376306189822422777-2608122003-2,28497,2608122018,2608122018,4,,RE,RESB,Stuttgart Hbf,8005776,Stuttgart-Vaihingen,Baden-Württemberg,Stuttgart,70563,9.113913368,48.72698116,3,2608122018,,2608122019,,h,1,Störung,,,,,c,c,0.0,1.0
-6493516335616942710-2608122035-1,7963,,2608122035,,,S,S2,,8005776,Stuttgart-Vaihingen,Baden-Württemberg,Stuttgart,70563,9.113913368,48.72698116,3,,,2608122035,,,,,,,,,,,0.0,0.0
1506843355871310603-2608122033-2,28496,2608122041,2608122041,4,,RE,RESB,Böblingen,8005776,Stuttgart-Vaihingen,Baden-Württemberg,Stuttgart,70563,9.113913368,48.72698116,3,2608122041,,2608122041,,h,1,Störung,,,,,c,c,0.0,0.0
-5683208302743683023-2608122016-1,7761,,2608122016,,,S,S1,,8005776,Stuttgart-Vaihingen,Baden-Württemberg,Stuttgart,70563,9.113913368,48.72698116,3,,,2608122016,,,,,,,,,,,0.0,0.0
4493743563171895434-2608122003-7,7960,2608122020,,2,,S,,Filderstadt|Stuttgart Flughafen/Messe|Echterdingen|Leinfelden|Oberaichen|Stuttgart-Rohr,8005776,Stuttgart-Vaihingen,Baden-Württemberg,Stuttgart,70563,9.113913368,48.72698116,3,2608122020,,,,,,,,,,,,,0.0,0.0
-2600155914573285531-2608122017-7,7660,2608122033,2608122034,1,,S,S6,Stuttgart Hbf|Stuttgart Nordbahnhof|Stuttgart-Feuerbach|Stuttgart-Zuffenhausen|Neuwirtshaus(Porscheplatz)|Korntal,8006268,Stuttgart-Weilimdorf,Baden-Württemberg,Stuttgart,70499,9.094370086,48.82208429,5,2608122038,,2608122038,,,,,,,,,,,5.0,4.0
7978151233968095571-2608122004-12,7061,2608122041,2608122041,2,,S,S60,Böblingen|Sindelfingen|Maichingen|Maichingen Nord|Magstadt|Renningen Süd|Renningen|Rutesheim|Leonberg|Höfingen|Ditzingen,8006268,Stuttgart-Weilimdorf,Baden-Württemberg,Stuttgart,70499,9.094370086,48.82208429,5,2608122041,,2608122042,,,,,,,,,,,0.0,1.0
1336318002580222572-2608122033-8,7665,2608122056,2608122056,2,,S,S6,Weil der Stadt|Malmsheim|Renningen|Rutesheim|Leonberg|Höfingen|Ditzingen,8006268,Stuttgart-Weilimdorf,Baden-Württemberg,Stuttgart,70499,9.094370086,48.82208429,5,2608122057,,2608122058,,,,,,,,,,,1.0,2.0
-1350780593772268701-2608121947-7,7658,2608122003,2608122004,1,,S,S6,Stuttgart Hbf|Stuttgart Nordbahnhof|Stuttgart-Feuerbach|Stuttgart-Zuffenhausen|Neuwirtshaus(Porscheplatz)|Korntal,8006268,Stuttgart-Weilimdorf,Baden-Württemberg,Stuttgart,70499,9.094370086,48.82208429,5,2608122011,,2608122011,,,,,,,,,,,8.0,7.0
-5721042257730826301-2608122038-5,7066,2608122048,2608122048,1,,S,S60,Stuttgart-Feuerbach|Stuttgart-Zuffenhausen|Neuwirtshaus(Porscheplatz)|Korntal,8006268,Stuttgart-Weilimdorf,Baden-Württemberg,Stuttgart,70499,9.094370086,48.82208429,5,2608122048,,2608122049,,,,,,,,,,,0.0,1.0
1873598070724127797-2608122008-5,7064,2608122018,2608122018,1,,S,S60,Stuttgart-Feuerbach|Stuttgart-Zuffenhausen|Neuwirtshaus(Porscheplatz)|Korntal,8006268,Stuttgart-Weilimdorf,Baden-Württemberg,Stuttgart,70499,9.094370086,48.82208429,5,2608122018,,2608122018,,,,,,,,,,,0.0,0.0
3128900407755296936-2608121934-12,7059,2608122011,2608122011,2,,S,S60,Böblingen|Sindelfingen|Maichingen|Maichingen Nord|Magstadt|Renningen Süd|Renningen|Rutesheim|Leonberg|Höfingen|Ditzingen,8006268,Stuttgart-Weilimdorf,Baden-Württemberg,Stuttgart,70499,9.094370086,48.82208429,5,2608122012,,2608122012,,,,,,,,,,,1.0,1.0
-6035664515132253415-2608122003-8,7663,2608122026,2608122026,2,,S,S6,Weil der Stadt|Malmsheim|Renningen|Rutesheim|Leonberg|Höfingen|Ditzingen,8006268,Stuttgart-Weilimdorf,Baden-Württemberg,Stuttgart,70499,9.094370086,48.82208429,5,2608122027,,2608122028,,,,,,,,,,,1.0,2.0
-5752778913722820927-2608121957-4,7560,2608122006,2608122007,4,,S,S5,Stuttgart Hbf|Stuttgart Nordbahnhof|Stuttgart-Feuerbach,8005778,Stuttgart-Zuffenhausen,Baden-Württemberg,Stuttgart,70435,9.167156375,48.82960884,3,2608122011,,2608122011,,,,,,,,,,,5.0,4.0
-7461252280383009819-2608121933-11,7661,2608122003,2608122004,12,,S,S6,Weil der Stadt|Malmsheim|Renningen|Rutesheim|Leonberg|Höfingen|Ditzingen|Weilimdorf|Korntal|Neuwirtshaus(Porscheplatz),8005778,Stuttgart-Zuffenhausen,Baden-Württemberg,Stuttgart,70435,9.167156375,48.82960884,3,2608122004,,2608122004,,,,,,,,,,,1.0,0.0
-2600155914573285531-2608122017-4,7660,2608122026,2608122027,11,,S,S6,Stuttgart Hbf|Stuttgart Nordbahnhof|Stuttgart-Feuerbach,8005778,Stuttgart-Zuffenhausen,Baden-Württemberg,Stuttgart,70435,9.167156375,48.82960884,3,2608122031,,2608122031,,,,,,,,,,,5.0,4.0
7978151233968095571-2608122004-15,7061,2608122048,2608122049,12,,S,S60,Böblingen|Sindelfingen|Maichingen|Maichingen Nord|Magstadt|Renningen Süd|Renningen|Rutesheim|Leonberg|Höfingen|Ditzingen|Weilimdorf|Korntal|Neuwirtshaus(Porscheplatz),8005778,Stuttgart-Zuffenhausen,Baden-Württemberg,Stuttgart,70435,9.167156375,48.82960884,3,2608122048,,2608122049,,,,,,,,,,,0.0,0.0
-4954691136188615428-2608122047-4,7662,2608122056,2608122057,11,,S,S6,Stuttgart Hbf|Stuttgart Nordbahnhof|Stuttgart-Feuerbach,8005778,Stuttgart-Zuffenhausen,Baden-Württemberg,Stuttgart,70435,9.167156375,48.82960884,3,2608122056,,2608122057,,,,,,,,,,,0.0,0.0
-2299085007408785264-2608121933-11,7461,2608122013,2608122014,2,,S,S4,Backnang|Burgstall(Murr)|Kirchberg(Murr)|Erdmannhausen|Marbach(Neckar)|Benningen(Neckar)|Freiberg(Neckar)|Favoritepark|Ludwigsburg|Kornwestheim Pbf,8005778,Stuttgart-Zuffenhausen,Baden-Württemberg,Stuttgart,70435,9.167156375,48.82960884,3,2608122015,,2608122016,,,,,,,,,,,2.0,2.0
-2670578142775611336-2608122037-4,7460,2608122046,2608122047,4,,S,S4,Stuttgart Hbf|Stuttgart Nordbahnhof|Stuttgart-Feuerbach,8005778,Stuttgart-Zuffenhausen,Baden-Württemberg,Stuttgart,70435,9.167156375,48.82960884,3,2608122047,,2608122048,,,,,,,,,,,1.0,1.0
-5721042257730826301-2608122038-2,7066,2608122041,2608122041,12,,S,S60,Stuttgart-Feuerbach,8005778,Stuttgart-Zuffenhausen,Baden-Württemberg,Stuttgart,70435,9.167156375,48.82960884,3,2608122041,,2608122041,,,,,,,,,,,0.0,0.0
-6268040799960483129-2608122007-6,7563,2608122023,2608122024,2,,S,S5,Bietigheim-Bissingen|Tamm(Württ)|Asperg|Ludwigsburg|Kornwestheim Pbf,8005778,Stuttgart-Zuffenhausen,Baden-Württemberg,Stuttgart,70435,9.167156375,48.82960884,3,2608122023,,2608122024,,,,,,,,,,,0.0,0.0
1873598070724127797-2608122008-2,7064,2608122011,2608122011,12,,S,S60,Stuttgart-Feuerbach,8005778,Stuttgart-Zuffenhausen,Baden-Württemberg,Stuttgart,70435,9.167156375,48.82960884,3,2608122011,,2608122011,,,,,,,,,,,0.0,0.0
-8846636026834830888-2608122037-6,7565,2608122053,2608122054,2,,S,S5,Bietigheim-Bissingen|Tamm(Württ)|Asperg|Ludwigsburg|Kornwestheim Pbf,8005778,Stuttgart-Zuffenhausen,Baden-Württemberg,Stuttgart,70435,9.167156375,48.82960884,3,2608122056,,2608122057,,,,,,,,,,,3.0,3.0
3128900407755296936-2608121934-15,7059,2608122018,2608122019,12,,S,S60,Böblingen|Sindelfingen|Maichingen|Maichingen Nord|Magstadt|Renningen Süd|Renningen|Rutesheim|Leonberg|Höfingen|Ditzingen|Weilimdorf|Korntal|Neuwirtshaus(Porscheplatz),8005778,Stuttgart-Zuffenhausen,Baden-Württemberg,Stuttgart,70435,9.167156375,48.82960884,3,2608122018,,2608122019,,,,,,,,,,,0.0,0.0
-6610276676854069199-2608122003-11,7463,2608122043,2608122044,2,,S,S4,Backnang|Burgstall(Murr)|Kirchberg(Murr)|Erdmannhausen|Marbach(Neckar)|Benningen(Neckar)|Freiberg(Neckar)|Favoritepark|Ludwigsburg|Kornwestheim Pbf,8005778,Stuttgart-Zuffenhausen,Baden-Württemberg,Stuttgart,70435,9.167156375,48.82960884,3,2608122050,,2608122051,,,,,,,,,,,7.0,7.0
-1687267916704717500-2608122007-4,7458,2608122016,2608122017,4,,S,S4,Stuttgart Hbf|Stuttgart Nordbahnhof|Stuttgart-Feuerbach,8005778,Stuttgart-Zuffenhausen,Baden-Württemberg,Stuttgart,70435,9.167156375,48.82960884,3,2608122019,,2608122020,,,,,,,,,,,3.0,3.0
-6035664515132253415-2608122003-11,7663,2608122033,2608122034,12,,S,S6,Weil der Stadt|Malmsheim|Renningen|Rutesheim|Leonberg|Höfingen|Ditzingen|Weilimdorf|Korntal|Neuwirtshaus(Porscheplatz),8005778,Stuttgart-Zuffenhausen,Baden-Württemberg,Stuttgart,70435,9.167156375,48.82960884,3,2608122034,,2608122034,,,,,,,,,,,1.0,0.0
5605939437382144784-2608122027-4,7562,2608122036,2608122037,4,,S,S5,Stuttgart Hbf|Stuttgart Nordbahnhof|Stuttgart-Feuerbach,8005778,Stuttgart-Zuffenhausen,Baden-Württemberg,Stuttgart,70435,9.167156375,48.82960884,3,2608122037,,2608122038,,,,,,,,,,,1.0,1.0
-5752778913722820927-2608121957-8,7560,2608122020,2608122020,3,,S,S5,Stuttgart Hbf|Stuttgart Nordbahnhof|Stuttgart-Feuerbach|Stuttgart-Zuffenhausen|Kornwestheim Pbf|Ludwigsburg|Asperg,8005820,Tamm (Württ),Baden-Württemberg,Tamm,71732,9.125288012,48.92187736,4,2608122023,,2608122023,,,,,,,,,,,3.0,3.0
-6268040799960483129-2608122007-2,7563,2608122010,2608122010,2,,S,S5,Bietigheim-Bissingen,8005820,Tamm (Württ),Baden-Württemberg,Tamm,71732,9.125288012,48.92187736,4,2608122010,,2608122010,,,,,,,,,,,0.0,0.0
-8846636026834830888-2608122037-2,7565,2608122040,2608122040,2,,S,S5,Bietigheim-Bissingen,8005820,Tamm (Württ),Baden-Württemberg,Tamm,71732,9.125288012,48.92187736,4,2608122040,,2608122040,,,,,,,,,,,0.0,0.0
5605939437382144784-2608122027-8,7562,2608122050,2608122050,3,,S,S5,Stuttgart Hbf|Stuttgart Nordbahnhof|Stuttgart-Feuerbach|Stuttgart-Zuffenhausen|Kornwestheim Pbf|Ludwigsburg|Asperg,8005820,Tamm (Württ),Baden-Württemberg,Tamm,71732,9.125288012,48.92187736,4,2608122052,,2608122052,,,,,,,,,,,2.0,2.0
3851149700712559495-2608122033-10,7265,2608122054,2608122055,5,,S,S2,Schorndorf|Weiler(Rems)|Winterbach(b Schorndorf)|Geradstetten|Grunbach|Beutelsbach|Endersbach|Stetten-Beinstein|Rommelshausen,8000180,Waiblingen,Baden-Württemberg,Waiblingen,71332,9.300476874,48.8262444,3,2608122100,,2608122101,,h,1,Bauarbeiten,,,,,,,6.0,6.0
-6212403965013446492-2608121941-7,7361,2608121959,2608122000,1,,S,S3,Backnang|Maubach|Nellmersbach|Winnenden|Schwaikheim|Neustadt-Hohenacker,8000180,Waiblingen,Baden-Württemberg,Waiblingen,71332,9.300476874,48.8262444,3,2608122002,,2608122002,,h,1,Störung,,,,,,,3.0,2.0
-2392081487151840569-2608122020-6,7260,2608122034,2608122035,7,,S,S2,Stuttgart Hbf|Stuttgart-Bad Cannstatt|Stuttgart Nürnberger Str.|Stuttgart-Sommerrain|Fellbach,8000180,Waiblingen,Baden-Württemberg,Waiblingen,71332,9.300476874,48.8262444,3,2608122038,,2608122038,,h,1,Bauarbeiten,,,,,,,4.0,3.0
-7578975115161805427-2608122041-7,7365,2608122059,2608122100,1,,S,S3,Backnang|Maubach|Nellmersbach|Winnenden|Schwaikheim|Neustadt-Hohenacker,8000180,Waiblingen,Baden-Württemberg,Waiblingen,71332,9.300476874,48.8262444,3,2608122059,,2608122100,,h,1,Störung,,,,,,,0.0,0.0
-4217556654966046239-2608122042-6,7362,2608122059,2608122100,3,,S,S3,Stuttgart Hbf|Stuttgart-Bad Cannstatt|Stuttgart Nürnberger Str.|Stuttgart-Sommerrain|Fellbach,8000180,Waiblingen,Baden-Württemberg,Waiblingen,71332,9.300476874,48.8262444,3,2608122101,,2608122101,,h,1,Störung,,,,,,,2.0,1.0
-3684325824798683904-2608121911-16,19484,2608122028,2608122028,6,,ARV,MEX13,Ellwangen|Schrezheim|Schwabsberg|Goldshöfe|Hofen(b Aalen)|Wasseralfingen|Aalen Hbf|Mögglingen(Gmünd)|Böbingen(Rems)|Schwäbisch Gmünd|Lorch(Württ)|Waldhausen(b Schorndorf)|Plüderhausen|Urbach(b Schorndorf)|Schorndorf,8000180,Waiblingen,Baden-Württemberg,Waiblingen,71332,9.300476874,48.8262444,3,2608122029,,2608122029,,,,,,,,,,,1.0,1.0
-6838047124896004939-2608122003-10,7263,2608122024,2608122025,5,,S,S2,Schorndorf|Weiler(Rems)|Winterbach(b Schorndorf)|Geradstetten|Grunbach|Beutelsbach|Endersbach|Stetten-Beinstein|Rommelshausen,8000180,Waiblingen,Baden-Württemberg,Waiblingen,71332,9.300476874,48.8262444,3,2608122024,,2608122025,,h,1,Bauarbeiten,,,,,,,0.0,0.0
8752806059694385566-2608121950-6,7258,2608122004,2608122005,7,,S,S2,Stuttgart Hbf|Stuttgart-Bad Cannstatt|Stuttgart Nürnberger Str.|Stuttgart-Sommerrain|Fellbach,8000180,Waiblingen,Baden-Württemberg,Waiblingen,71332,9.300476874,48.8262444,3,2608122007,,2608122007,,h,1,Bauarbeiten,,,,,,,3.0,2.0
-8025183112725946697-2608121942-6,7358,2608121959,2608122000,3,,S,S3,Stuttgart Hbf|Stuttgart-Bad Cannstatt|Stuttgart Nürnberger Str.|Stuttgart-Sommerrain|Fellbach,8000180,Waiblingen,Baden-Württemberg,Waiblingen,71332,9.300476874,48.8262444,3,2608122000,,2608122001,,h,1,Störung,,,,,,,1.0,1.0
2147434767086644516-2608122012-6,7360,2608122029,2608122030,3,,S,S3,Stuttgart Hbf|Stuttgart-Bad Cannstatt|Stuttgart Nürnberger Str.|Stuttgart-Sommerrain|Fellbach,8000180,Waiblingen,Baden-Württemberg,Waiblingen,71332,9.300476874,48.8262444,3,2608122030,,2608122031,,h,1,Störung,,,,,,,1.0,1.0
-5956983835443587833-2608121947-3,19431,2608122002,2608122002,6,,ARV,MEX13,Stuttgart Hbf|Stuttgart-Bad Cannstatt,8000180,Waiblingen,Baden-Württemberg,Waiblingen,71332,9.300476874,48.8262444,3,2608122025,7,2608122025,7,,,,,,,,,,23.0,23.0
-8727928698848828557-2608121953-3,17553,2608122004,2608122007,3,,RE,MEX90,Stuttgart Hbf|Stuttgart-Bad Cannstatt,8000180,Waiblingen,Baden-Württemberg,Waiblingen,71332,9.300476874,48.8262444,3,2608122004,,2608122007,,,,,,,,,,,0.0,0.0
3013064575136603376-2608122011-7,7363,2608122029,2608122030,1,,S,S3,Backnang|Maubach|Nellmersbach|Winnenden|Schwaikheim|Neustadt-Hohenacker,8000180,Waiblingen,Baden-Württemberg,Waiblingen,71332,9.300476874,48.8262444,3,2608122030,,2608122031,,h,1,Störung,,,,,,,1.0,1.0
91239951430369415-2608122007-10,19436,2608122058,2608122058,6,,ARV,MEX13,Aalen Hbf|Mögglingen(Gmünd)|Böbingen(Rems)|Schwäbisch Gmünd|Lorch(Württ)|Waldhausen(b Schorndorf)|Plüderhausen|Urbach(b Schorndorf)|Schorndorf,8000180,Waiblingen,Baden-Württemberg,Waiblingen,71332,9.300476874,48.8262444,3,2608122106,7,2608122108,7,,,,,,,,,,8.0,10.0
-2812268842155007410-2608122020-3,19483,2608122032,2608122032,6,,ARV,MEX13,Stuttgart Hbf|Stuttgart-Bad Cannstatt,8000180,Waiblingen,Baden-Württemberg,Waiblingen,71332,9.300476874,48.8262444,3,2608122033,7,2608122033,7,,,,,,,,,,1.0,1.0
7675928623185323080-2608121956-5,26181,2608122014,,141,,SWE,,Calw|Calw-Heumaden|Althengstett|Ostelsheim,8006271,Weil der Stadt,Baden-Württemberg,Weil der Stadt,71263,8.873189074,48.7557357,4,2608122016,,,,h,2,Störung,,,,,,,2.0,0.0
-2600155914573285531-2608122017-14,7660,2608122057,,2,,S,,Stuttgart Hbf|Stuttgart Nordbahnhof|Stuttgart-Feuerbach|Stuttgart-Zuffenhausen|Neuwirtshaus(Porscheplatz)|Korntal|Weilimdorf|Ditzingen|Höfingen|Leonberg|Rutesheim|Renningen|Malmsheim,8006271,Weil der Stadt,Baden-Württemberg,Weil der Stadt,71263,8.873189074,48.7557357,4,2608122059,,,,,,,,,,,,,2.0,0.0
1336318002580222572-2608122033-1,7665,,2608122033,,,S,S6,,8006271,Weil der Stadt,Baden-Württemberg,Weil der Stadt,71263,8.873189074,48.7557357,4,,,2608122036,,,,,,,,,,,0.0,3.0
-1350780593772268701-2608121947-14,7658,2608122027,,2,,S,,Stuttgart Hbf|Stuttgart Nordbahnhof|Stuttgart-Feuerbach|Stuttgart-Zuffenhausen|Neuwirtshaus(Porscheplatz)|Korntal|Weilimdorf|Ditzingen|Höfingen|Leonberg|Rutesheim|Renningen|Malmsheim,8006271,Weil der Stadt,Baden-Württemberg,Weil der Stadt,71263,8.873189074,48.7557357,4,2608122032,,,,,,,,,,,,,5.0,0.0
5500962391087602522-2608121958-2,26180,2608122001,2608122003,141,,SWE,RB76,Renningen,8006271,Weil der Stadt,Baden-Württemberg,Weil der Stadt,71263,8.873189074,48.7557357,4,2608122002,,2608122003,,h,2,Störung,,,,,,,1.0,0.0
-2505073361064219079-2608122026-5,26183,2608122044,2608122044,141,,SWE,RB76,Calw|Calw-Heumaden|Althengstett|Ostelsheim,8006271,Weil der Stadt,Baden-Württemberg,Weil der Stadt,71263,8.873189074,48.7557357,4,2608122044,,2608122045,,h,2,Störung,,,,,,,0.0,1.0
-6035664515132253415-2608122003-1,7663,,2608122003,,,S,S6,,8006271,Weil der Stadt,Baden-Württemberg,Weil der Stadt,71263,8.873189074,48.7557357,4,,,2608122007,,,,,,,,,,,0.0,4.0
3851149700712559495-2608122033-2,7265,2608122036,2608122036,2,,S,S2,Schorndorf,8006277,Weiler (Rems),Baden-Württemberg,Schorndorf,76314,9.501891172,48.80034585,5,2608122042,,2608122043,,h,1,Bauarbeiten,,,,,,,6.0,7.0
-2392081487151840569-2608122020-14,7260,2608122052,2608122052,1,,S,S2,Stuttgart Hbf|Stuttgart-Bad Cannstatt|Stuttgart Nürnberger Str.|Stuttgart-Sommerrain|Fellbach|Waiblingen|Rommelshausen|Stetten-Beinstein|Endersbach|Beutelsbach|Grunbach|Geradstetten|Winterbach(b Schorndorf),8006277,Weiler (Rems),Baden-Württemberg,Schorndorf,76314,9.501891172,48.80034585,5,2608122055,,2608122056,,h,1,Bauarbeiten,,,,,,,3.0,4.0
-6838047124896004939-2608122003-2,7263,2608122006,2608122006,2,,S,S2,Schorndorf,8006277,Weiler (Rems),Baden-Württemberg,Schorndorf,76314,9.501891172,48.80034585,5,2608122006,,2608122006,,h,1,Bauarbeiten,,,,,,,0.0,0.0
8752806059694385566-2608121950-14,7258,2608122022,2608122022,1,,S,S2,Stuttgart Hbf|Stuttgart-Bad Cannstatt|Stuttgart Nürnberger Str.|Stuttgart-Sommerrain|Fellbach|Waiblingen|Rommelshausen|Stetten-Beinstein|Endersbach|Beutelsbach|Grunbach|Geradstetten|Winterbach(b Schorndorf),8006277,Weiler (Rems),Baden-Württemberg,Schorndorf,76314,9.501891172,48.80034585,5,2608122024,,2608122024,,h,1,Bauarbeiten,,,,,,,2.0,2.0
-6339081390103529152-2608122024-1,16071,,2608122024,,,RE,RE200,,8006331,Wendlingen (Neckar),Baden-Württemberg,Wendlingen am Neckar,73240,9.373662098,48.67368917,3,,,2608122024,,h,2,Störung,,,,,,c,0.0,0.0
-1558425123957504280-2608121925-13,7158,2608122002,2608122003,11,,S,S1,Stuttgart Hbf|Stuttgart-Bad Cannstatt|Stuttgart Neckarpark|Stuttgart-Untertürkheim|Stuttgart-Obertürkheim|Esslingen-Mettingen|Esslingen(Neckar)|Oberesslingen|Esslingen-Zell|Altbach|Plochingen|Wernau(Neckar),8006331,Wendlingen (Neckar),Baden-Württemberg,Wendlingen am Neckar,73240,9.373662098,48.67368917,3,2608122003,,2608122004,,,,,,,,,,,1.0,1.0
904272065433025864-2608122020-3,7165,2608122027,2608122028,12,,S,S1,Kirchheim(Teck)|Kirchheim(Teck)-Ötlingen,8006331,Wendlingen (Neckar),Baden-Württemberg,Wendlingen am Neckar,73240,9.373662098,48.67368917,3,2608122028,,2608122029,,,,,,,,,,,1.0,1.0
-8339144586973292546-2608121955-13,7160,2608122032,2608122033,11,,S,S1,Stuttgart Hbf|Stuttgart-Bad Cannstatt|Stuttgart Neckarpark|Stuttgart-Untertürkheim|Stuttgart-Obertürkheim|Esslingen-Mettingen|Esslingen(Neckar)|Oberesslingen|Esslingen-Zell|Altbach|Plochingen|Wernau(Neckar),8006331,Wendlingen (Neckar),Baden-Württemberg,Wendlingen am Neckar,73240,9.373662098,48.67368917,3,2608122033,,2608122033,,,,,,,,,,,1.0,0.0
3640255321950948894-2608122029-3,16072,2608122059,,3,,RE,,Ulm Hbf|Merklingen - Schwäbische Alb,8006331,Wendlingen (Neckar),Baden-Württemberg,Wendlingen am Neckar,73240,9.373662098,48.67368917,3,2608122057,,,,h,2,Störung,,,,,,,-2.0,0.0
3106830256264099267-2608122050-3,7167,2608122057,2608122058,12,,S,S1,Kirchheim(Teck)|Kirchheim(Teck)-Ötlingen,8006331,Wendlingen (Neckar),Baden-Württemberg,Wendlingen am Neckar,73240,9.373662098,48.67368917,3,2608122057,,2608122103,,,,,,,,,,,0.0,5.0
-4904342913615484814-2608122025-12,7162,2608122058,2608122059,2,,S,S1,Stuttgart Hbf|Stuttgart-Bad Cannstatt|Stuttgart Neckarpark|Stuttgart-Untertürkheim|Stuttgart-Obertürkheim|Esslingen-Mettingen|Esslingen(Neckar)|Oberesslingen|Esslingen-Zell|Altbach|Plochingen,8006346,Wernau (Neckar),Baden-Württemberg,Wernau (Neckar),73249,9.413654423,48.69417221,4,2608122058,,2608122059,,,,,,,,,,,0.0,0.0
904272065433025864-2608122020-4,7165,2608122031,2608122031,1,,S,S1,Kirchheim(Teck)|Kirchheim(Teck)-Ötlingen|Wendlingen(Neckar),8006346,Wernau (Neckar),Baden-Württemberg,Wernau (Neckar),73249,9.413654423,48.69417221,4,2608122032,,2608122033,,,,,,,,,,,1.0,2.0
-8339144586973292546-2608121955-12,7160,2608122028,2608122029,2,,S,S1,Stuttgart Hbf|Stuttgart-Bad Cannstatt|Stuttgart Neckarpark|Stuttgart-Untertürkheim|Stuttgart-Obertürkheim|Esslingen-Mettingen|Esslingen(Neckar)|Oberesslingen|Esslingen-Zell|Altbach|Plochingen,8006346,Wernau (Neckar),Baden-Württemberg,Wernau (Neckar),73249,9.413654423,48.69417221,4,2608122028,,2608122029,,,,,,,,,,,0.0,0.0
-6930448942701268015-2608121950-4,7163,2608122001,2608122001,1,,S,S1,Kirchheim(Teck)|Kirchheim(Teck)-Ötlingen|Wendlingen(Neckar),8006346,Wernau (Neckar),Baden-Württemberg,Wernau (Neckar),73249,9.413654423,48.69417221,4,2608122001,,2608122002,,,,,,,,,,,0.0,1.0
-7578975115161805427-2608122041-4,7365,2608122049,2608122050,3,,S,S3,Backnang|Maubach|Nellmersbach,8006479,Winnenden,Baden-Württemberg,Winnenden,71364,9.392155928,48.8795625,3,2608122050,,2608122050,,h,1,Störung,,,,,,,1.0,0.0
-8025183112725946697-2608121942-9,7358,2608122009,2608122009,2,,S,S3,Stuttgart Hbf|Stuttgart-Bad Cannstatt|Stuttgart Nürnberger Str.|Stuttgart-Sommerrain|Fellbach|Waiblingen|Neustadt-Hohenacker|Schwaikheim,8006479,Winnenden,Baden-Württemberg,Winnenden,71364,9.392155928,48.8795625,3,2608122010,,2608122010,,h,1,Störung,,,,,,,1.0,1.0
2147434767086644516-2608122012-9,7360,2608122039,2608122039,2,,S,S3,Stuttgart Hbf|Stuttgart-Bad Cannstatt|Stuttgart Nürnberger Str.|Stuttgart-Sommerrain|Fellbach|Waiblingen|Neustadt-Hohenacker|Schwaikheim,8006479,Winnenden,Baden-Württemberg,Winnenden,71364,9.392155928,48.8795625,3,2608122040,,2608122041,,h,1,Störung,,,,,,,1.0,2.0
-8727928698848828557-2608121953-4,17553,2608122013,2608122014,2,,RE,MEX90,Stuttgart Hbf|Stuttgart-Bad Cannstatt|Waiblingen,8006479,Winnenden,Baden-Württemberg,Winnenden,71364,9.392155928,48.8795625,3,2608122014,,2608122015,,,,,,,,,,,1.0,1.0
3013064575136603376-2608122011-4,7363,2608122019,2608122020,3,,S,S3,Backnang|Maubach|Nellmersbach,8006479,Winnenden,Baden-Württemberg,Winnenden,71364,9.392155928,48.8795625,3,2608122020,,2608122021,,h,1,Störung,,,,,,,1.0,1.0
1301990910613774192-2608122008-6,98238,2608122055,2608122057,,,ARV,RE90,Gaildorf West|Murrhardt|Sulzbach(Murr)|Oppenweiler(Württ)|Backnang,8006479,Winnenden,Baden-Württemberg,Winnenden,71364,9.392155928,48.8795625,3,2608122054,3,2608122057,3,h,2,Information,,,,,,,-1.0,0.0
3851149700712559495-2608122033-3,7265,2608122038,2608122038,1,,S,S2,Schorndorf|Weiler(Rems),8006485,Winterbach (b Schorndorf),Baden-Württemberg,Winterbach,73650,9.481549751,48.79842743,4,2608122044,,2608122044,,h,1,Bauarbeiten,,,,,,,6.0,6.0
-2392081487151840569-2608122020-13,7260,2608122050,2608122050,2,,S,S2,Stuttgart Hbf|Stuttgart-Bad Cannstatt|Stuttgart Nürnberger Str.|Stuttgart-Sommerrain|Fellbach|Waiblingen|Rommelshausen|Stetten-Beinstein|Endersbach|Beutelsbach|Grunbach|Geradstetten,8006485,Winterbach (b Schorndorf),Baden-Württemberg,Winterbach,73650,9.481549751,48.79842743,4,2608122053,,2608122054,,h,1,Bauarbeiten,,,,,,,3.0,4.0
-6838047124896004939-2608122003-3,7263,2608122008,2608122008,1,,S,S2,Schorndorf|Weiler(Rems),8006485,Winterbach (b Schorndorf),Baden-Württemberg,Winterbach,73650,9.481549751,48.79842743,4,2608122008,,2608122008,,h,1,Bauarbeiten,,,,,,,0.0,0.0
8752806059694385566-2608121950-13,7258,2608122020,2608122020,2,,S,S2,Stuttgart Hbf|Stuttgart-Bad Cannstatt|Stuttgart Nürnberger Str.|Stuttgart-Sommerrain|Fellbach|Waiblingen|Rommelshausen|Stetten-Beinstein|Endersbach|Beutelsbach|Grunbach|Geradstetten,8006485,Winterbach (b Schorndorf),Baden-Württemberg,Winterbach,73650,9.481549751,48.79842743,4,2608122022,,2608122022,,h,1,Bauarbeiten,,,,,,,2.0,2.0
7978151233968095571-2608122004-5,7061,2608122013,2608122014,1,,S,S60,Böblingen|Sindelfingen|Maichingen|Maichingen Nord,8003807,Magstadt,Baden-Württemberg,Magstadt,71106,8.965315746,48.73616033,6,2608122014,,2608122015,,,,,,,,,,,1.0,1.0
7403533374467901658-2608122034-5,7063,2608122043,2608122044,1,,S,S60,Böblingen|Sindelfingen|Maichingen|Maichingen Nord,8003807,Magstadt,Baden-Württemberg,Magstadt,71106,8.965315746,48.73616033,6,2608122043,,2608122044,,,,,,,,,,,0.0,0.0
1873598070724127797-2608122008-12,7064,2608122045,2608122045,2,,S,S60,Stuttgart-Feuerbach|Stuttgart-Zuffenhausen|Neuwirtshaus(Porscheplatz)|Korntal|Weilimdorf|Ditzingen|Höfingen|Leonberg|Rutesheim|Renningen|Renningen Süd,8003807,Magstadt,Baden-Württemberg,Magstadt,71106,8.965315746,48.73616033,6,2608122046,,2608122047,,,,,,,,,,,1.0,2.0
3112269054498031514-2608121938-12,7062,2608122015,2608122015,2,,S,S60,Stuttgart-Feuerbach|Stuttgart-Zuffenhausen|Neuwirtshaus(Porscheplatz)|Korntal|Weilimdorf|Ditzingen|Höfingen|Leonberg|Rutesheim|Renningen|Renningen Süd,8003807,Magstadt,Baden-Württemberg,Magstadt,71106,8.965315746,48.73616033,6,2608122019,,2608122019,,,,,,,,,,,4.0,4.0
7978151233968095571-2608122004-4,7061,2608122011,2608122011,1,,S,S60,Böblingen|Sindelfingen|Maichingen,8003834,Maichingen Nord,Baden-Württemberg,Sindelfingen,71069,8.979416996,48.72750392,5,2608122012,,2608122013,,,,,,,,,,,1.0,2.0
7403533374467901658-2608122034-4,7063,2608122041,2608122041,1,,S,S60,Böblingen|Sindelfingen|Maichingen,8003834,Maichingen Nord,Baden-Württemberg,Sindelfingen,71069,8.979416996,48.72750392,5,2608122042,,2608122042,,,,,,,,,,,1.0,1.0
1873598070724127797-2608122008-13,7064,2608122047,2608122047,2,,S,S60,Stuttgart-Feuerbach|Stuttgart-Zuffenhausen|Neuwirtshaus(Porscheplatz)|Korntal|Weilimdorf|Ditzingen|Höfingen|Leonberg|Rutesheim|Renningen|Renningen Süd|Magstadt,8003834,Maichingen Nord,Baden-Württemberg,Sindelfingen,71069,8.979416996,48.72750392,5,2608122048,,2608122049,,,,,,,,,,,1.0,2.0
3112269054498031514-2608121938-13,7062,2608122017,2608122017,2,,S,S60,Stuttgart-Feuerbach|Stuttgart-Zuffenhausen|Neuwirtshaus(Porscheplatz)|Korntal|Weilimdorf|Ditzingen|Höfingen|Leonberg|Rutesheim|Renningen|Renningen Süd|Magstadt,8003834,Maichingen Nord,Baden-Württemberg,Sindelfingen,71069,8.979416996,48.72750392,5,2608122021,,2608122021,,,,,,,,,,,4.0,4.0
7978151233968095571-2608122004-3,7061,2608122009,2608122010,1,,S,S60,Böblingen|Sindelfingen,8003808,Maichingen,Baden-Württemberg,Sindelfingen,71069,8.969606704,48.72162074,6,2608122010,,2608122011,,,,,,,,,,,1.0,1.0
7403533374467901658-2608122034-3,7063,2608122039,2608122040,1,,S,S60,Böblingen|Sindelfingen,8003808,Maichingen,Baden-Württemberg,Sindelfingen,71069,8.969606704,48.72162074,6,2608122040,,2608122041,,,,,,,,,,,1.0,1.0
1873598070724127797-2608122008-14,7064,2608122049,2608122049,1,,S,S60,Stuttgart-Feuerbach|Stuttgart-Zuffenhausen|Neuwirtshaus(Porscheplatz)|Korntal|Weilimdorf|Ditzingen|Höfingen|Leonberg|Rutesheim|Renningen|Renningen Süd|Magstadt|Maichingen Nord,8003808,Maichingen,Baden-Württemberg,Sindelfingen,71069,8.969606704,48.72162074,6,2608122050,,2608122052,,,,,,,,,,,1.0,3.0
3112269054498031514-2608121938-14,7062,2608122019,2608122019,1,,S,S60,Stuttgart-Feuerbach|Stuttgart-Zuffenhausen|Neuwirtshaus(Porscheplatz)|Korntal|Weilimdorf|Ditzingen|Höfingen|Leonberg|Rutesheim|Renningen|Renningen Süd|Magstadt|Maichingen Nord,8003808,Maichingen,Baden-Württemberg,Sindelfingen,71069,8.969606704,48.72162074,6,2608122023,,2608122023,,,,,,,,,,,4.0,4.0
7978151233968095571-2608122004-6,7061,2608122017,2608122018,1,,S,S60,Böblingen|Sindelfingen|Maichingen|Maichingen Nord|Magstadt,8005001,Renningen Süd,Baden-Württemberg,Renningen,71272,8.932068278,48.76261937,6,2608122018,,2608122019,,,,,,,,,,,1.0,1.0
7403533374467901658-2608122034-6,7063,2608122047,2608122048,1,,S,S60,Böblingen|Sindelfingen|Maichingen|Maichingen Nord|Magstadt,8005001,Renningen Süd,Baden-Württemberg,Renningen,71272,8.932068278,48.76261937,6,2608122047,,2608122048,,,,,,,,,,,0.0,0.0
1873598070724127797-2608122008-11,7064,2608122041,2608122041,2,,S,S60,Stuttgart-Feuerbach|Stuttgart-Zuffenhausen|Neuwirtshaus(Porscheplatz)|Korntal|Weilimdorf|Ditzingen|Höfingen|Leonberg|Rutesheim|Renningen,8005001,Renningen Süd,Baden-Württemberg,Renningen,71272,8.932068278,48.76261937,6,2608122041,,2608122043,,,,,,,,,,,0.0,2.0
3112269054498031514-2608121938-11,7062,2608122011,2608122011,2,,S,S60,Stuttgart-Feuerbach|Stuttgart-Zuffenhausen|Neuwirtshaus(Porscheplatz)|Korntal|Weilimdorf|Ditzingen|Höfingen|Leonberg|Rutesheim|Renningen,8005001,Renningen Süd,Baden-Württemberg,Renningen,71272,8.932068278,48.76261937,6,2608122015,,2608122016,,,,,,,,,,,4.0,5.0
