ID,train_number,planned_arrival,planned_departure,planned_platform,planned_status,category_train,train,path,eva_nr,station_name,station_state,station_city,station_zipcode,station_long,station_lat,station_category,changed_arrival,changed_platform_arrival,changed_departure,changed_platform_departure,message_status,priority,info,arrival_hidden,departure_hidden,arrival_path,departure_path,arrival_status,departure_status,arrival_delay_m,departure_delay_m
6090333868698703745-2608172125-10,7166,2608172150,2608172150,4,,S,S1,Stuttgart Hbf|Stuttgart-Bad Cannstatt|Stuttgart Neckarpark|Stuttgart-Untertürkheim|Stuttgart-Obertürkheim|Esslingen-Mettingen|Esslingen(Neckar)|Oberesslingen|Esslingen-Zell,8000508,Altbach,Baden-Württemberg,Altbach,73776,9.382434033,48.72031354,3,2608172150,,2608172151,,,,,,,,,,,0.0,1.0
3106830256264099267-2608172050-6,7167,2608172109,2608172110,3,,S,S1,Kirchheim(Teck)|Kirchheim(Teck)-Ötlingen|Wendlingen(Neckar)|Wernau(Neckar)|Plochingen,8000508,Altbach,Baden-Württemberg,Altbach,73776,9.382434033,48.72031354,3,2608172113,,2608172113,,,,,,,,,,,4.0,3.0
-1445914617040136913-2608172120-6,7169,2608172139,2608172140,3,,S,S1,Kirchheim(Teck)|Kirchheim(Teck)-Ötlingen|Wendlingen(Neckar)|Wernau(Neckar)|Plochingen,8000508,Altbach,Baden-Württemberg,Altbach,73776,9.382434033,48.72031354,3,2608172139,,2608172140,,,,,,,,,,,0.0,0.0
6929098726566169295-2608172055-10,7164,2608172120,2608172120,4,,S,S1,Stuttgart Hbf|Stuttgart-Bad Cannstatt|Stuttgart Neckarpark|Stuttgart-Untertürkheim|Stuttgart-Obertürkheim|Esslingen-Mettingen|Esslingen(Neckar)|Oberesslingen|Esslingen-Zell,8000508,Altbach,Baden-Württemberg,Altbach,73776,9.382434033,48.72031354,3,2608172120,,2608172120,,,,,,,,,,,0.0,0.0
8207276654188600407-2608172107-3,7567,2608172112,2608172113,3,,S,S5,Bietigheim-Bissingen|Tamm(Württ),8000630,Asperg,Baden-Württemberg,Asperg,71679,9.147977466,48.90725609,4,2608172113,,2608172113,,,,,,,,,,,1.0,0.0
-3661735359450834382-2608172137-3,7569,2608172142,2608172143,3,,S,S5,Bietigheim-Bissingen|Tamm(Württ),8000630,Asperg,Baden-Württemberg,Asperg,71679,9.147977466,48.90725609,4,2608172142,,2608172143,,,,,,,,,,,0.0,0.0
-4698443977179735697-2608172127-6,7566,2608172147,2608172147,4,,S,S5,Stuttgart Hbf|Stuttgart Nordbahnhof|Stuttgart-Zuffenhausen|Kornwestheim Pbf|Ludwigsburg,8000630,Asperg,Baden-Württemberg,Asperg,71679,9.147977466,48.90725609,4,2608172149,,2608172149,,,,,,,,,,,2.0,2.0
3081120732937112595-2608172057-6,7564,2608172117,2608172117,4,,S,S5,Stuttgart Hbf|Stuttgart Nordbahnhof|Stuttgart-Zuffenhausen|Kornwestheim Pbf|Ludwigsburg,8000630,Asperg,Baden-Württemberg,Asperg,71679,9.147977466,48.90725609,4,2608172120,,2608172121,,,,,,,,,,,3.0,4.0
8574263120480324907-2608172152-1,17557,,2608172152,,,RB,MEX90,,8000016,Backnang,Baden-Württemberg,Backnang,71522,9.425986107,48.94264844,3,,,2608172152,3,,,,,,,,,,0.0,0.0
970449513727673732-2608172141-1,7369,,2608172141,,,S,S3,,8000016,Backnang,Baden-Württemberg,Backnang,71522,9.425986107,48.94264844,3,,,2608172142,,,,,,,,,,,0.0,1.0
7418717905807514467-2608172034-7,17562,2608172106,,3,,RB,,Gaildorf West|Fichtenberg|Fornsbach|Murrhardt|Sulzbach(Murr)|Oppenweiler(Württ),8000016,Backnang,Baden-Württemberg,Backnang,71522,9.425986107,48.94264844,3,2608172106,,,,h,2,Störung,,,,,,,0.0,0.0
613026341677136269-2608172103-1,7467,,2608172103,,,S,S4,,8000016,Backnang,Baden-Württemberg,Backnang,71522,9.425986107,48.94264844,3,,,2608172103,,h,1,Bauarbeiten,,,,,,,0.0,0.0
5564750212670929059-2608172057-5,89695,2608172122,2608172124,,,ARV,90,Stuttgart Hbf|Stuttgart-Bad Cannstatt|Waiblingen|Winnenden,8000016,Backnang,Baden-Württemberg,Backnang,71522,9.425986107,48.94264844,3,2608172122,4,2608172124,4,h,2,Information,,,,,,,0.0,0.0
6924424662402192372-2608172112-12,7364,2608172148,,5,,S,,Stuttgart Hbf|Stuttgart-Bad Cannstatt|Stuttgart Nürnberger Str.|Stuttgart-Sommerrain|Fellbach|Waiblingen|Neustadt-Hohenacker|Schwaikheim|Winnenden|Nellmersbach|Maubach,8000016,Backnang,Baden-Württemberg,Backnang,71522,9.425986107,48.94264844,3,2608172148,,,,,,,,,,,,,0.0,0.0
3859668929434965477-2608172111-1,7367,,2608172111,,,S,S3,,8000016,Backnang,Baden-Württemberg,Backnang,71522,9.425986107,48.94264844,3,,,2608172111,,,,,,,,,,,0.0,0.0
2958161372308159730-2608172111-5,17564,2608172136,2608172137,4,,RE,MEX90,Gaildorf West|Murrhardt|Sulzbach(Murr)|Oppenweiler(Württ),8000016,Backnang,Baden-Württemberg,Backnang,71522,9.425986107,48.94264844,3,2608172139,,2608172140,,,,,,,,,,,3.0,3.0
-2670578142775611336-2608172037-13,7460,2608172122,,1,,S,,Stuttgart Hbf|Stuttgart Nordbahnhof|Stuttgart-Zuffenhausen|Kornwestheim Pbf|Ludwigsburg|Favoritepark|Freiberg(Neckar)|Benningen(Neckar)|Marbach(Neckar)|Erdmannhausen|Kirchberg(Murr)|Burgstall(Murr),8000016,Backnang,Baden-Württemberg,Backnang,71522,9.425986107,48.94264844,3,2608172122,,,,,,,,,,,,,0.0,0.0
-4217556654966046239-2608172042-12,7362,2608172118,,5,,S,,Stuttgart Hbf|Stuttgart-Bad Cannstatt|Stuttgart Nürnberger Str.|Stuttgart-Sommerrain|Fellbach|Waiblingen|Neustadt-Hohenacker|Schwaikheim|Winnenden|Nellmersbach|Maubach,8000016,Backnang,Baden-Württemberg,Backnang,71522,9.425986107,48.94264844,3,2608172118,,,,,,,,,,,,,0.0,0.0
3766048702884366970-2608172155-2,7469,2608172157,2608172157,2,,S,S4,Marbach(Neckar),8000873,Benningen (Neckar),Baden-Württemberg,Benningen am Neckar,71726,9.244299075,48.94379773,5,2608172157,,2608172158,,h,1,Bauarbeiten,,,,,,,0.0,1.0
613026341677136269-2608172103-6,7467,2608172127,2608172127,2,,S,S4,Backnang|Burgstall(Murr)|Kirchberg(Murr)|Erdmannhausen|Marbach(Neckar),8000873,Benningen (Neckar),Baden-Württemberg,Benningen am Neckar,71726,9.244299075,48.94379773,5,2608172127,,2608172127,,h,1,Bauarbeiten,,,,,,,0.0,0.0
6402086477437547994-2608172107-8,7462,2608172132,2608172133,1,,S,S4,Stuttgart Hbf|Stuttgart Nordbahnhof|Stuttgart-Zuffenhausen|Kornwestheim Pbf|Ludwigsburg|Favoritepark|Freiberg(Neckar),8000873,Benningen (Neckar),Baden-Württemberg,Benningen am Neckar,71726,9.244299075,48.94379773,5,2608172138,,2608172139,,h,1,Bauarbeiten,,,,,,,6.0,6.0
-2670578142775611336-2608172037-8,7460,2608172102,2608172103,1,,S,S4,Stuttgart Hbf|Stuttgart Nordbahnhof|Stuttgart-Zuffenhausen|Kornwestheim Pbf|Ludwigsburg|Favoritepark|Freiberg(Neckar),8000873,Benningen (Neckar),Baden-Württemberg,Benningen am Neckar,71726,9.244299075,48.94379773,5,2608172103,,2608172104,,,,,,,,,,,1.0,1.0
-7971444916294519755-2608172120-10,7264,2608172143,2608172143,1,,S,S2,Stuttgart Hbf|Stuttgart-Bad Cannstatt|Stuttgart Nürnberger Str.|Stuttgart-Sommerrain|Fellbach|Waiblingen|Rommelshausen|Stetten-Beinstein|Endersbach,8000934,Beutelsbach,Baden-Württemberg,Weinstadt,71384,9.38551589,48.81038925,5,2608172145,,2608172145,,h,1,Bauarbeiten,,,,,,,2.0,2.0
2890455660221075834-2608172133-6,7269,2608172145,2608172145,2,,S,S2,Schorndorf|Weiler(Rems)|Winterbach(b Schorndorf)|Geradstetten|Grunbach,8000934,Beutelsbach,Baden-Württemberg,Weinstadt,71384,9.38551589,48.81038925,5,2608172145,,2608172145,,h,1,Bauarbeiten,,,,,,,0.0,0.0
2628700476961371155-2608172103-6,7267,2608172115,2608172115,2,,S,S2,Schorndorf|Weiler(Rems)|Winterbach(b Schorndorf)|Geradstetten|Grunbach,8000934,Beutelsbach,Baden-Württemberg,Weinstadt,71384,9.38551589,48.81038925,5,2608172115,,2608172116,,h,1,Bauarbeiten,,,,,,,0.0,1.0
3090077021401438649-2608172050-10,7262,2608172113,2608172113,1,,S,S2,Stuttgart Hbf|Stuttgart-Bad Cannstatt|Stuttgart Nürnberger Str.|Stuttgart-Sommerrain|Fellbach|Waiblingen|Rommelshausen|Stetten-Beinstein|Endersbach,8000934,Beutelsbach,Baden-Württemberg,Weinstadt,71384,9.38551589,48.81038925,5,2608172113,,2608172114,,h,1,Bauarbeiten,,,,,,,0.0,1.0
-5459894153900505065-2608172130-7,19337,2608172155,2608172157,8,,RE,MEX18,Heilbronn Hbf|Nordheim(Württ)|Lauffen(Neckar)|Kirchheim(Neckar)|Walheim(Württ)|Besigheim,8000038,Bietigheim-Bissingen,Baden-Württemberg,Bietigheim-Bissingen,74321,9.137217396,48.94794988,2,2608172159,,2608172200,,h,2,Störung,,,,,,,4.0,3.0
8207276654188600407-2608172107-1,7567,,2608172107,,,S,S5,,8000038,Bietigheim-Bissingen,Baden-Württemberg,Bietigheim-Bissingen,74321,9.137217396,48.94794988,2,,,2608172107,6,,,,,,,,,,0.0,0.0
3007786819983011594-2608172044-12,19293,2608172124,,3,,RE,,Pforzheim Hbf|Eutingen(Baden)|Niefern|Enzberg|Mühlacker|Mühlacker Rößlesweg|Illingen(Württ)|Vaihingen(Enz)|Sersheim|Sachsenheim|Ellental,8000038,Bietigheim-Bissingen,Baden-Württemberg,Bietigheim-Bissingen,74321,9.137217396,48.94794988,2,2608172130,,,,h,2,Information,,,,,,,6.0,0.0
-5278958257211183007-2608172132-1,19294,,2608172132,,,RE,MEX17,,8000038,Bietigheim-Bissingen,Baden-Württemberg,Bietigheim-Bissingen,74321,9.137217396,48.94794988,2,,,2608172134,,h,2,Information,,,,,,,0.0,2.0
-5037183582436815429-2608172106-3,99127,2608172140,,,,ARV,,Neckarsulm|Heilbronn Hbf,8000038,Bietigheim-Bissingen,Baden-Württemberg,Bietigheim-Bissingen,74321,9.137217396,48.94794988,2,2608172144,9,,,,,,,,,,,,4.0,0.0
-3661735359450834382-2608172137-1,7569,,2608172137,,,S,S5,,8000038,Bietigheim-Bissingen,Baden-Württemberg,Bietigheim-Bissingen,74321,9.137217396,48.94794988,2,,,2608172137,6,,,,,,,,,,0.0,0.0
-4698443977179735697-2608172127-8,7566,2608172154,,5,,S,,Stuttgart Hbf|Stuttgart Nordbahnhof|Stuttgart-Zuffenhausen|Kornwestheim Pbf|Ludwigsburg|Asperg|Tamm(Württ),8000038,Bietigheim-Bissingen,Baden-Württemberg,Bietigheim-Bissingen,74321,9.137217396,48.94794988,2,2608172156,6,,,,,,,,,,,,2.0,0.0
9213895271120086804-2608172114-12,19537,2608172149,2608172150,4,,RE,MEX17,Pforzheim Hbf|Eutingen(Baden)|Niefern|Enzberg|Mühlacker|Mühlacker Rößlesweg|Illingen(Württ)|Vaihingen(Enz)|Sersheim|Sachsenheim|Ellental,8000038,Bietigheim-Bissingen,Baden-Württemberg,Bietigheim-Bissingen,74321,9.137217396,48.94794988,2,2608172150,,2608172151,,h,2,Bauarbeiten,,,,,,,1.0,1.0
8212366017237548172-2608172057-7,19361,2608172122,2608172125,8,,RE,MEX12,Heilbronn Hbf|Nordheim(Württ)|Lauffen(Neckar)|Kirchheim(Neckar)|Walheim(Württ)|Besigheim,8000038,Bietigheim-Bissingen,Baden-Württemberg,Bietigheim-Bissingen,74321,9.137217396,48.94794988,2,2608172124,,2608172127,,h,2,Bauarbeiten,,,,,,,2.0,2.0
-2158318065575271496-2608172012-5,19334,2608172059,2608172100,10,,RE,MEX18,Plochingen|Esslingen(Neckar)|Kornwestheim Pbf|Ludwigsburg,8000038,Bietigheim-Bissingen,Baden-Württemberg,Bietigheim-Bissingen,74321,9.137217396,48.94794988,2,2608172059,,2608172100,,h,2,Störung,,,,,,,0.0,0.0
3081120732937112595-2608172057-8,7564,2608172124,,5,,S,,Stuttgart Hbf|Stuttgart Nordbahnhof|Stuttgart-Zuffenhausen|Kornwestheim Pbf|Ludwigsburg|Asperg|Tamm(Württ),8000038,Bietigheim-Bissingen,Baden-Württemberg,Bietigheim-Bissingen,74321,9.137217396,48.94794988,2,2608172127,6,,,,,,,,,,,,3.0,0.0
2482873040206726198-2608172104-1,19534,,2608172104,,,RE,MEX17,,8000038,Bietigheim-Bissingen,Baden-Württemberg,Bietigheim-Bissingen,74321,9.137217396,48.94794988,2,,,2608172105,3,h,2,Information,,,,,,,0.0,1.0
-3116545725312332693-2608172119-1,56792,,2608172119,,,ARV,8,,8000038,Bietigheim-Bissingen,Baden-Württemberg,Bietigheim-Bissingen,74321,9.137217396,48.94794988,2,,,2608172119,9,,,,,,,,,,0.0,0.0
4601980119676676489-2608172016-12,19356,2608172135,2608172136,10,,RE,MEX12,Reutlingen Hbf|Metzingen(Württ)|Bempflingen|Nürtingen|Oberboihingen|Wendlingen(Neckar)|Plochingen|Esslingen(Neckar)|Stuttgart-Bad Cannstatt|Stuttgart Hbf|Ludwigsburg,8000038,Bietigheim-Bissingen,Baden-Württemberg,Bietigheim-Bissingen,74321,9.137217396,48.94794988,2,2608172137,,2608172139,,h,2,Bauarbeiten,,,,,,,2.0,3.0
1091836898745684931-2608172116-6,7768,2608172130,2608172130,3,,S,S1,Herrenberg|Nufringen|Gärtringen|Ehningen(b Böblingen)|Hulb,8001055,Böblingen,Baden-Württemberg,Böblingen,71034,9.004531864,48.68784871,3,2608172134,,2608172134,,,,,,,,,,,4.0,4.0
-5395345771773963639-2608172132-12,8173,2608172155,,1,,WEG,,Dettenhausen|Weil im Schönbuch Untere Halde|Weil im Schönbuch Röte|Weil im Schönbuch Troppel|Holzgerlingen Buch|Holzgerlingen Bf|Holzgerlingen Hülben|Böblingen Zimmerschlag|Böblingen Heusteigstr|Böblingen Südbf|Böblingen Danziger Str,8001055,Böblingen,Baden-Württemberg,Böblingen,71034,9.004531864,48.68784871,3,2608172156,,,,,,,,,,,,,1.0,0.0
978787480329593539-2608172135-1,8172,,2608172135,,,WEG,RB46,,8001055,Böblingen,Baden-Württemberg,Böblingen,71034,9.004531864,48.68784871,3,,,2608172138,,,,,,,,,,,0.0,3.0
-7667904401447584686-2608172133-1,28498,,2608172133,,,RE,RESB,,8001055,Böblingen,Baden-Württemberg,Böblingen,71034,9.004531864,48.68784871,3,,,2608172143,,,,,,,,,,,0.0,10.0
-8158613416807274501-2608172104-1,7065,,2608172104,,,S,S60,,8001055,Böblingen,Baden-Württemberg,Böblingen,71034,9.004531864,48.68784871,3,,,2608172105,,h,1,Bauarbeiten,,,,,,,0.0,1.0
6707371745203943234-2608172102-12,8169,2608172125,,1,,WEG,,Dettenhausen|Weil im Schönbuch Untere Halde|Weil im Schönbuch Röte|Weil im Schönbuch Troppel|Holzgerlingen Buch|Holzgerlingen Bf|Holzgerlingen Hülben|Böblingen Zimmerschlag|Böblingen Heusteigstr|Böblingen Südbf|Böblingen Danziger Str,8001055,Böblingen,Baden-Württemberg,Böblingen,71034,9.004531864,48.68784871,3,2608172128,,,,,,,,,,,,,3.0,0.0
-5866427935955509808-2608172134-1,7067,,2608172134,,,S,S60,,8001055,Böblingen,Baden-Württemberg,Böblingen,71034,9.004531864,48.68784871,3,,,2608172136,,h,1,Bauarbeiten,,,,,,,0.0,2.0
4683056481244044415-2608172046-4,7763,2608172100,2608172100,4,,S,S1,Stuttgart-Vaihingen|Stuttgart-Rohr|Goldberg(Württ),8001055,Böblingen,Baden-Württemberg,Böblingen,71034,9.004531864,48.68784871,3,2608172100,,2608172101,,,,,,,,,,,0.0,1.0
7537870707558801072-2608172116-4,7765,2608172130,2608172130,4,,S,S1,Stuttgart-Vaihingen|Stuttgart-Rohr|Goldberg(Württ),8001055,Böblingen,Baden-Württemberg,Böblingen,71034,9.004531864,48.68784871,3,2608172131,,2608172132,,,,,,,,,,,1.0,2.0
5309476577673731873-2608172101-3,28499,2608172126,,2,,RE,,Stuttgart Hbf|Stuttgart-Vaihingen,8001055,Böblingen,Baden-Württemberg,Böblingen,71034,9.004531864,48.68784871,3,2608172138,,,,,,,,,,,,,12.0,0.0
4738053113714419734-2608172105-1,8168,,2608172105,,,WEG,RB46,,8001055,Böblingen,Baden-Württemberg,Böblingen,71034,9.004531864,48.68784871,3,,,2608172105,,,,,,,,,,,0.0,0.0
-8173057082443024324-2608172013-15,17682,2608172120,2608172121,2,,RE,RE14b,Freudenstadt Hbf|Grüntal-Wittlensweiler|Dornstetten-Aach|Dornstetten|Schopfloch(b Freudenstadt)|Bittelbronn|Horb-Heiligenfeld|Hochdorf(b Horb)|Eutingen Nord|Eutingen im Gäu|Ergenzingen|Bondorf(b Herrenberg)|Gäufelden|Herrenberg,8001055,Böblingen,Baden-Württemberg,Böblingen,71034,9.004531864,48.68784871,3,2608172125,,2608172126,,,,,,,,,,,5.0,5.0
-7115850203393089615-2608172002-10,17680,2608172120,2608172121,2,,RE,RE14a,Rottweil|Oberndorf(Neckar)|Sulz(Neckar)|Horb|Eutingen im Gäu|Ergenzingen|Bondorf(b Herrenberg)|Gäufelden|Herrenberg,8001055,Böblingen,Baden-Württemberg,Böblingen,71034,9.004531864,48.68784871,3,2608172125,,2608172126,,h,2,Bauarbeiten,,,,,,,5.0,5.0
-1277972719015839341-2608172046-6,7766,2608172100,2608172100,3,,S,S1,Herrenberg|Nufringen|Gärtringen|Ehningen(b Böblingen)|Hulb,8001055,Böblingen,Baden-Württemberg,Böblingen,71034,9.004531864,48.68784871,3,2608172112,,2608172113,,,,,,,,,,,12.0,13.0
1155168320367792743-2608172041-15,7066,2608172126,,5,,S,,Stuttgart-Zuffenhausen|Neuwirtshaus(Porscheplatz)|Korntal|Weilimdorf|Ditzingen|Höfingen|Leonberg|Rutesheim|Renningen|Renningen Süd|Magstadt|Maichingen Nord|Maichingen|Sindelfingen,8001055,Böblingen,Baden-Württemberg,Böblingen,71034,9.004531864,48.68784871,3,2608172126,,,,h,1,Bauarbeiten,,,,,,,0.0,0.0
-279161464129784570-2608172139-7,7068,2608172156,,5,,S,,Renningen|Renningen Süd|Magstadt|Maichingen Nord|Maichingen|Sindelfingen,8001055,Böblingen,Baden-Württemberg,Böblingen,71034,9.004531864,48.68784871,3,2608172156,,,,h,1,Bauarbeiten,,,,,,,0.0,0.0
613026341677136269-2608172103-2,7467,2608172107,2608172108,1,,S,S4,Backnang,8001296,Burgstall (Murr),Baden-Württemberg,Burgstetten,71576,9.36973562,48.92851826,6,2608172107,,2608172108,,h,1,Bauarbeiten,,,,,,,0.0,0.0
-2670578142775611336-2608172037-12,7460,2608172117,2608172117,1,,S,S4,Stuttgart Hbf|Stuttgart Nordbahnhof|Stuttgart-Zuffenhausen|Kornwestheim Pbf|Ludwigsburg|Favoritepark|Freiberg(Neckar)|Benningen(Neckar)|Marbach(Neckar)|Erdmannhausen|Kirchberg(Murr),8001296,Burgstall (Murr),Baden-Württemberg,Burgstetten,71576,9.36973562,48.92851826,6,2608172117,,2608172117,,,,,,,,,,,0.0,0.0
-4129909752986717170-2608172133-7,7669,2608172154,2608172154,3,,S,S6,Weil der Stadt|Malmsheim|Renningen|Rutesheim|Leonberg|Höfingen,8001476,Ditzingen,Baden-Württemberg,Ditzingen,71254,9.067095186,48.82358726,4,2608172154,,2608172154,,h,1,Bauarbeiten,,,,,,,0.0,0.0
-6752834245723676258-2608172125-6,7664,2608172136,2608172136,2,,S,S6,Stuttgart-Feuerbach|Stuttgart-Zuffenhausen|Neuwirtshaus(Porscheplatz)|Korntal|Weilimdorf,8001476,Ditzingen,Baden-Württemberg,Ditzingen,71254,9.067095186,48.82358726,4,2608172137,,2608172138,,h,1,Bauarbeiten,,,,,,,1.0,2.0
-7506781114720968709-2608172103-7,7667,2608172124,2608172124,3,,S,S6,Weil der Stadt|Malmsheim|Renningen|Rutesheim|Leonberg|Höfingen,8001476,Ditzingen,Baden-Württemberg,Ditzingen,71254,9.067095186,48.82358726,4,2608172125,,2608172125,,h,1,Bauarbeiten,,,,,,,1.0,1.0
-5979926096684375900-2608172055-6,7662,2608172106,2608172106,2,,S,S6,Stuttgart-Feuerbach|Stuttgart-Zuffenhausen|Neuwirtshaus(Porscheplatz)|Korntal|Weilimdorf,8001476,Ditzingen,Baden-Württemberg,Ditzingen,71254,9.067095186,48.82358726,4,2608172110,,2608172111,,h,1,Bauarbeiten,,,,,,,4.0,5.0
7308365696903436202-2608172105-5,7965,2608172119,2608172120,1,,S,S2,Stuttgart-Vaihingen|Stuttgart-Rohr|Oberaichen|Leinfelden,8001650,Echterdingen,Baden-Württemberg,Echterdingen,70771,9.169307175,48.69214787,4,2608172119,,2608172120,,,,,,,,,,,0.0,0.0
4105031587460682562-2608172135-5,7967,2608172149,2608172150,1,,S,S2,Stuttgart-Vaihingen|Stuttgart-Rohr|Oberaichen|Leinfelden,8001650,Echterdingen,Baden-Württemberg,Echterdingen,70771,9.169307175,48.69214787,4,2608172149,,2608172150,,,,,,,,,,,0.0,0.0
-2334134821981316841-2608172133-3,7966,2608172140,2608172140,2,,S,S2,Filderstadt|Stuttgart Flughafen/Messe,8001650,Echterdingen,Baden-Württemberg,Echterdingen,70771,9.169307175,48.69214787,4,2608172140,,2608172140,,,,,,,,,,,0.0,0.0
-7605544355025909436-2608172103-3,7964,2608172110,2608172110,2,,S,S2,Filderstadt|Stuttgart Flughafen/Messe,8001650,Echterdingen,Baden-Württemberg,Echterdingen,70771,9.169307175,48.69214787,4,2608172110,,2608172110,,,,,,,,,,,0.0,0.0
800896748119483466-2608172146-4,7770,2608172155,2608172155,1,,S,S1,Herrenberg|Nufringen|Gärtringen,8001689,Ehningen (b Böblingen),Baden-Württemberg,Ehningen,71139,8.944310368,48.66275549,4,2608172157,,2608172158,,,,,,,,,,,2.0,3.0
1091836898745684931-2608172116-4,7768,2608172125,2608172125,1,,S,S1,Herrenberg|Nufringen|Gärtringen,8001689,Ehningen (b Böblingen),Baden-Württemberg,Ehningen,71139,8.944310368,48.66275549,4,2608172126,,2608172129,,,,,,,,,,,1.0,4.0
4683056481244044415-2608172046-6,7763,2608172105,2608172105,2,,S,S1,Stuttgart-Vaihingen|Stuttgart-Rohr|Goldberg(Württ)|Böblingen|Hulb,8001689,Ehningen (b Böblingen),Baden-Württemberg,Ehningen,71139,8.944310368,48.66275549,4,2608172105,,2608172106,,,,,,,,,,,0.0,1.0
7537870707558801072-2608172116-6,7765,2608172135,2608172135,2,,S,S1,Stuttgart-Vaihingen|Stuttgart-Rohr|Goldberg(Württ)|Böblingen|Hulb,8001689,Ehningen (b Böblingen),Baden-Württemberg,Ehningen,71139,8.944310368,48.66275549,4,2608172137,,2608172138,,,,,,,,,,,2.0,3.0
-7971444916294519755-2608172120-9,7264,2608172141,2608172141,2,,S,S2,Stuttgart Hbf|Stuttgart-Bad Cannstatt|Stuttgart Nürnberger Str.|Stuttgart-Sommerrain|Fellbach|Waiblingen|Rommelshausen|Stetten-Beinstein,8001785,Endersbach,Baden-Württemberg,Weinstadt,71384,9.370192421,48.81317323,4,2608172143,,2608172144,,h,1,Bauarbeiten,,,,,,,2.0,3.0
2890455660221075834-2608172133-7,7269,2608172147,2608172147,3,,S,S2,Schorndorf|Weiler(Rems)|Winterbach(b Schorndorf)|Geradstetten|Grunbach|Beutelsbach,8001785,Endersbach,Baden-Württemberg,Weinstadt,71384,9.370192421,48.81317323,4,2608172147,,2608172147,,h,1,Bauarbeiten,,,,,,,0.0,0.0
2628700476961371155-2608172103-7,7267,2608172117,2608172117,3,,S,S2,Schorndorf|Weiler(Rems)|Winterbach(b Schorndorf)|Geradstetten|Grunbach|Beutelsbach,8001785,Endersbach,Baden-Württemberg,Weinstadt,71384,9.370192421,48.81317323,4,2608172117,,2608172118,,h,1,Bauarbeiten,,,,,,,0.0,1.0
3090077021401438649-2608172050-9,7262,2608172111,2608172111,2,,S,S2,Stuttgart Hbf|Stuttgart-Bad Cannstatt|Stuttgart Nürnberger Str.|Stuttgart-Sommerrain|Fellbach|Waiblingen|Rommelshausen|Stetten-Beinstein,8001785,Endersbach,Baden-Württemberg,Weinstadt,71384,9.370192421,48.81317323,4,2608172111,,2608172112,,h,1,Bauarbeiten,,,,,,,0.0,1.0
613026341677136269-2608172103-4,7467,2608172117,2608172118,1,,S,S4,Backnang|Burgstall(Murr)|Kirchberg(Murr),8001827,Erdmannhausen,Baden-Württemberg,Erdmannhausen,71729,9.298930848,48.9483447,6,2608172118,,2608172118,,h,1,Bauarbeiten,,,,,,,1.0,0.0
6402086477437547994-2608172107-10,7462,2608172140,2608172140,1,,S,S4,Stuttgart Hbf|Stuttgart Nordbahnhof|Stuttgart-Zuffenhausen|Kornwestheim Pbf|Ludwigsburg|Favoritepark|Freiberg(Neckar)|Benningen(Neckar)|Marbach(Neckar),8001827,Erdmannhausen,Baden-Württemberg,Erdmannhausen,71729,9.298930848,48.9483447,6,2608172143,,2608172145,,h,1,Bauarbeiten,,,,,,,3.0,5.0
-2670578142775611336-2608172037-10,7460,2608172110,2608172110,1,,S,S4,Stuttgart Hbf|Stuttgart Nordbahnhof|Stuttgart-Zuffenhausen|Kornwestheim Pbf|Ludwigsburg|Favoritepark|Freiberg(Neckar)|Benningen(Neckar)|Marbach(Neckar),8001827,Erdmannhausen,Baden-Württemberg,Erdmannhausen,71729,9.298930848,48.9483447,6,2608172110,,2608172111,,,,,,,,,,,0.0,1.0
6090333868698703745-2608172125-7,7166,2608172142,2608172143,8,,S,S1,Stuttgart Hbf|Stuttgart-Bad Cannstatt|Stuttgart Neckarpark|Stuttgart-Untertürkheim|Stuttgart-Obertürkheim|Esslingen-Mettingen,8001920,Esslingen (Neckar),Baden-Württemberg,Esslingen am Neckar,73728,9.300578149,48.73854148,3,2608172142,,2608172143,,,,,,,,,,,0.0,0.0
-3308886757577533631-2608171946-20,19172,2608172104,2608172105,3,,ARV,16,Ulm Hbf|Beimerstetten|Westerstetten|Lonsee|Urspring|Amstetten(Württ)|Geislingen(Steige)|Geislingen(Steige)West|Kuchen|Gingen(Fils)|Süßen|Salach|Eislingen(Fils)|Göppingen|Faurndau|Uhingen|Ebersbach(Fils)|Reichenbach(Fils)|Plochingen,8001920,Esslingen (Neckar),Baden-Württemberg,Esslingen am Neckar,73728,9.300578149,48.73854148,3,2608172104,,2608172105,,,,,,,,,,,0.0,0.0
1229260282759837658-2608172112-2,19336,2608172122,2608172123,3,,RE,MEX18,Plochingen,8001920,Esslingen (Neckar),Baden-Württemberg,Esslingen am Neckar,73728,9.300578149,48.73854148,3,2608172120,,2608172123,,h,2,Bauarbeiten,,,,,,,-2.0,0.0
-557792537201496520-2608172100-3,19175,2608172115,2608172115,6,,ARV,16,Stuttgart Hbf|Stuttgart-Bad Cannstatt,8001920,Esslingen (Neckar),Baden-Württemberg,Esslingen am Neckar,73728,9.300578149,48.73854148,3,2608172115,5,2608172116,5,,,,,,,,,,0.0,1.0
3106830256264099267-2608172050-9,7167,2608172117,2608172117,7,,S,S1,Kirchheim(Teck)|Kirchheim(Teck)-Ötlingen|Wendlingen(Neckar)|Wernau(Neckar)|Plochingen|Altbach|Esslingen-Zell|Oberesslingen,8001920,Esslingen (Neckar),Baden-Württemberg,Esslingen am Neckar,73728,9.300578149,48.73854148,3,2608172120,,2608172121,,,,,,,,,,,3.0,4.0
9051693092006692929-2608172137-2,4235,2608172145,2608172147,5,,RE,RE5,Stuttgart Hbf,8001920,Esslingen (Neckar),Baden-Württemberg,Esslingen am Neckar,73728,9.300578149,48.73854148,3,2608172152,,2608172153,,,,,,,,,,,7.0,6.0
6759640336004358692-2608171905-12,4230,2608172109,2608172110,3,,RE,RE5,Friedrichshafen Stadt|Meckenbeuren|Ravensburg|Aulendorf|Bad Schussenried|Biberach(Riß)|Laupheim West|Ulm Hbf|Geislingen(Steige)|Göppingen|Plochingen,8001920,Esslingen (Neckar),Baden-Württemberg,Esslingen am Neckar,73728,9.300578149,48.73854148,3,2608172114,,2608172115,,h,2,Bauarbeiten,,,,,,,5.0,5.0
5518407205938790119-2608172030-10,19335,2608172134,2608172135,6,,RE,MEX18,Heilbronn Hbf|Nordheim(Württ)|Lauffen(Neckar)|Kirchheim(Neckar)|Walheim(Württ)|Besigheim|Bietigheim-Bissingen|Ludwigsburg|Kornwestheim Pbf,8001920,Esslingen (Neckar),Baden-Württemberg,Esslingen am Neckar,73728,9.300578149,48.73854148,3,2608172147,5,2608172148,5,h,2,Störung,,,,,,,13.0,13.0
-6102671226917243432-2608172116-8,19358,2608172154,2608172155,3,,RE,MEX12,Reutlingen Hbf|Metzingen(Württ)|Bempflingen|Nürtingen|Oberboihingen|Wendlingen(Neckar)|Plochingen,8001920,Esslingen (Neckar),Baden-Württemberg,Esslingen am Neckar,73728,9.300578149,48.73854148,3,2608172154,,2608172155,,h,2,Bauarbeiten,,,,,,,0.0,0.0
7200444769907381892-2608171527-16,995,2608172135,2608172145,,,ICE,,Berlin-Charlottenburg|Berlin-Spandau|Stendal Hbf|Wolfsburg Hbf|Braunschweig Hbf|Hildesheim Hbf|Göttingen|Kassel-Wilhelmshöhe|Fulda|Frankfurt(Main)Süd|Darmstadt Hbf|Bensheim|Weinheim(Bergstr)Hbf|Heidelberg Hbf|Wiesloch-Walldorf,8001920,Esslingen (Neckar),Baden-Württemberg,Esslingen am Neckar,73728,9.300578149,48.73854148,3,2608172138,6,2608172148,6,h,3,Information,,,,,,,3.0,3.0
8382187992903264693-2608171957-10,19349,2608172103,2608172105,8,,RE,MEX12,Heilbronn Hbf|Nordheim(Württ)|Lauffen(Neckar)|Kirchheim(Neckar)|Walheim(Württ)|Besigheim|Bietigheim-Bissingen|Ludwigsburg|Kornwestheim Pbf,8001920,Esslingen (Neckar),Baden-Württemberg,Esslingen am Neckar,73728,9.300578149,48.73854148,3,2608172107,6,2608172108,6,h,2,Bauarbeiten,,,,,,,4.0,3.0
-9043595130434349800-2608172048-14,19174,2608172140,2608172140,3,,ARV,16,Geislingen(Steige)|Geislingen(Steige)West|Kuchen|Gingen(Fils)|Süßen|Salach|Eislingen(Fils)|Göppingen|Faurndau|Uhingen|Ebersbach(Fils)|Reichenbach(Fils)|Plochingen,8001920,Esslingen (Neckar),Baden-Württemberg,Esslingen am Neckar,73728,9.300578149,48.73854148,3,2608172140,,2608172140,,,,,,,,,,,0.0,0.0
-1445914617040136913-2608172120-9,7169,2608172147,2608172147,7,,S,S1,Kirchheim(Teck)|Kirchheim(Teck)-Ötlingen|Wendlingen(Neckar)|Wernau(Neckar)|Plochingen|Altbach|Esslingen-Zell|Oberesslingen,8001920,Esslingen (Neckar),Baden-Württemberg,Esslingen am Neckar,73728,9.300578149,48.73854148,3,2608172147,,2608172147,,,,,,,,,,,0.0,0.0
-6727683722954373951-2608171809-9,1015,2608172148,2608172152,6,,ICE,,Dortmund Hbf|Essen Hbf|Duisburg Hbf|Düsseldorf Hbf|Köln Messe/Deutz Gl.11-12|Frankfurt(M) Flughafen Fernbf|Mannheim Hbf|Vaihingen(Enz),8001920,Esslingen (Neckar),Baden-Württemberg,Esslingen am Neckar,73728,9.300578149,48.73854148,3,2608172205,,2608172208,,h,2,Information,,,,,,,17.0,16.0
2515064770390304228-2608172140-3,19177,2608172151,2608172154,5,,ARV,16,Stuttgart Hbf|Stuttgart-Bad Cannstatt,8001920,Esslingen (Neckar),Baden-Württemberg,Esslingen am Neckar,73728,9.300578149,48.73854148,3,2608172159,,2608172159,,,,,,,,,,,8.0,5.0
6929098726566169295-2608172055-7,7164,2608172112,2608172113,8,,S,S1,Stuttgart Hbf|Stuttgart-Bad Cannstatt|Stuttgart Neckarpark|Stuttgart-Untertürkheim|Stuttgart-Obertürkheim|Esslingen-Mettingen,8001920,Esslingen (Neckar),Baden-Württemberg,Esslingen am Neckar,73728,9.300578149,48.73854148,3,2608172112,,2608172113,,,,,,,,,,,0.0,0.0
6090333868698703745-2608172125-6,7166,2608172139,2608172139,4,,S,S1,Stuttgart Hbf|Stuttgart-Bad Cannstatt|Stuttgart Neckarpark|Stuttgart-Untertürkheim|Stuttgart-Obertürkheim,8001921,Esslingen-Mettingen,Baden-Württemberg,Esslingen am Neckar,73733,9.275799007,48.74696655,3,2608172139,,2608172140,,,,,,,,,,,0.0,1.0
3106830256264099267-2608172050-10,7167,2608172119,2608172120,3,,S,S1,Kirchheim(Teck)|Kirchheim(Teck)-Ötlingen|Wendlingen(Neckar)|Wernau(Neckar)|Plochingen|Altbach|Esslingen-Zell|Oberesslingen|Esslingen(Neckar),8001921,Esslingen-Mettingen,Baden-Württemberg,Esslingen am Neckar,73733,9.275799007,48.74696655,3,2608172123,,2608172123,,,,,,,,,,,4.0,3.0
-1445914617040136913-2608172120-10,7169,2608172149,2608172150,3,,S,S1,Kirchheim(Teck)|Kirchheim(Teck)-Ötlingen|Wendlingen(Neckar)|Wernau(Neckar)|Plochingen|Altbach|Esslingen-Zell|Oberesslingen|Esslingen(Neckar),8001921,Esslingen-Mettingen,Baden-Württemberg,Esslingen am Neckar,73733,9.275799007,48.74696655,3,2608172149,,2608172150,,,,,,,,,,,0.0,0.0
6929098726566169295-2608172055-6,7164,2608172109,2608172109,4,,S,S1,Stuttgart Hbf|Stuttgart-Bad Cannstatt|Stuttgart Neckarpark|Stuttgart-Untertürkheim|Stuttgart-Obertürkheim,8001921,Esslingen-Mettingen,Baden-Württemberg,Esslingen am Neckar,73733,9.275799007,48.74696655,3,2608172109,,2608172109,,,,,,,,,,,0.0,0.0
6090333868698703745-2608172125-9,7166,2608172147,2608172148,4,,S,S1,Stuttgart Hbf|Stuttgart-Bad Cannstatt|Stuttgart Neckarpark|Stuttgart-Untertürkheim|Stuttgart-Obertürkheim|Esslingen-Mettingen|Esslingen(Neckar)|Oberesslingen,8006642,Esslingen-Zell,Baden-Württemberg,Esslingen am Neckar,73730,9.359739507,48.72436142,3,2608172148,,2608172148,,,,,,,,,,,1.0,0.0
3106830256264099267-2608172050-7,7167,2608172112,2608172112,3,,S,S1,Kirchheim(Teck)|Kirchheim(Teck)-Ötlingen|Wendlingen(Neckar)|Wernau(Neckar)|Plochingen|Altbach,8006642,Esslingen-Zell,Baden-Württemberg,Esslingen am Neckar,73730,9.359739507,48.72436142,3,2608172115,,2608172115,,,,,,,,,,,3.0,3.0
-1445914617040136913-2608172120-7,7169,2608172142,2608172142,3,,S,S1,Kirchheim(Teck)|Kirchheim(Teck)-Ötlingen|Wendlingen(Neckar)|Wernau(Neckar)|Plochingen|Altbach,8006642,Esslingen-Zell,Baden-Württemberg,Esslingen am Neckar,73730,9.359739507,48.72436142,3,2608172142,,2608172142,,,,,,,,,,,0.0,0.0
6929098726566169295-2608172055-9,7164,2608172117,2608172118,4,,S,S1,Stuttgart Hbf|Stuttgart-Bad Cannstatt|Stuttgart Neckarpark|Stuttgart-Untertürkheim|Stuttgart-Obertürkheim|Esslingen-Mettingen|Esslingen(Neckar)|Oberesslingen,8006642,Esslingen-Zell,Baden-Württemberg,Esslingen am Neckar,73730,9.359739507,48.72436142,3,2608172118,,2608172118,,,,,,,,,,,1.0,0.0
-5248477185843077062-2608172033-8,7465,2608172103,2608172104,2,,S,S4,Backnang|Burgstall(Murr)|Kirchberg(Murr)|Erdmannhausen|Marbach(Neckar)|Benningen(Neckar)|Freiberg(Neckar),8001967,Favoritepark,Baden-Württemberg,Ludwigsburg,71634,9.180574277,48.90948451,5,2608172103,,2608172104,,h,1,Bauarbeiten,,,,,,,0.0,0.0
2828988855077273536-2608172137-6,7464,2608172156,2608172156,1,,S,S4,Stuttgart Hbf|Stuttgart Nordbahnhof|Stuttgart-Zuffenhausen|Kornwestheim Pbf|Ludwigsburg,8001967,Favoritepark,Baden-Württemberg,Ludwigsburg,71634,9.180574277,48.90948451,5,2608172157,,2608172158,,h,1,Bauarbeiten,,,,,,,1.0,2.0
613026341677136269-2608172103-8,7467,2608172133,2608172134,2,,S,S4,Backnang|Burgstall(Murr)|Kirchberg(Murr)|Erdmannhausen|Marbach(Neckar)|Benningen(Neckar)|Freiberg(Neckar),8001967,Favoritepark,Baden-Württemberg,Ludwigsburg,71634,9.180574277,48.90948451,5,2608172133,,2608172134,,h,1,Bauarbeiten,,,,,,,0.0,0.0
6402086477437547994-2608172107-6,7462,2608172126,2608172126,1,,S,S4,Stuttgart Hbf|Stuttgart Nordbahnhof|Stuttgart-Zuffenhausen|Kornwestheim Pbf|Ludwigsburg,8001967,Favoritepark,Baden-Württemberg,Ludwigsburg,71634,9.180574277,48.90948451,5,2608172132,,2608172132,,h,1,Bauarbeiten,,,,,,,6.0,6.0
-7578975115161805427-2608172041-8,7365,2608172102,2608172103,4,,S,S3,Backnang|Maubach|Nellmersbach|Winnenden|Schwaikheim|Neustadt-Hohenacker|Waiblingen,8001974,Fellbach,Baden-Württemberg,Fellbach,70736,9.270645988,48.8202936,3,2608172104,,2608172104,,,,,,,,,,,2.0,1.0
-7971444916294519755-2608172120-5,7264,2608172131,2608172132,1,,S,S2,Stuttgart Hbf|Stuttgart-Bad Cannstatt|Stuttgart Nürnberger Str.|Stuttgart-Sommerrain,8001974,Fellbach,Baden-Württemberg,Fellbach,70736,9.270645988,48.8202936,3,2608172131,,2608172132,,h,1,Bauarbeiten,,,,,,,0.0,0.0
553786968472239584-2608172142-5,7366,2608172156,2608172157,1,,S,S3,Stuttgart Hbf|Stuttgart-Bad Cannstatt|Stuttgart Nürnberger Str.|Stuttgart-Sommerrain,8001974,Fellbach,Baden-Württemberg,Fellbach,70736,9.270645988,48.8202936,3,2608172156,,2608172157,,,,,,,,,,,0.0,0.0
2890455660221075834-2608172133-11,7269,2608172157,2608172158,4,,S,S2,Schorndorf|Weiler(Rems)|Winterbach(b Schorndorf)|Geradstetten|Grunbach|Beutelsbach|Endersbach|Stetten-Beinstein|Rommelshausen|Waiblingen,8001974,Fellbach,Baden-Württemberg,Fellbach,70736,9.270645988,48.8202936,3,2608172157,,2608172158,,h,1,Bauarbeiten,,,,,,,0.0,0.0
6924424662402192372-2608172112-5,7364,2608172126,2608172127,1,,S,S3,Stuttgart Hbf|Stuttgart-Bad Cannstatt|Stuttgart Nürnberger Str.|Stuttgart-Sommerrain,8001974,Fellbach,Baden-Württemberg,Fellbach,70736,9.270645988,48.8202936,3,2608172126,,2608172127,,,,,,,,,,,0.0,0.0
2628700476961371155-2608172103-11,7267,2608172127,2608172128,4,,S,S2,Schorndorf|Weiler(Rems)|Winterbach(b Schorndorf)|Geradstetten|Grunbach|Beutelsbach|Endersbach|Stetten-Beinstein|Rommelshausen|Waiblingen,8001974,Fellbach,Baden-Württemberg,Fellbach,70736,9.270645988,48.8202936,3,2608172127,,2608172128,,h,1,Bauarbeiten,,,,,,,0.0,0.0
3859668929434965477-2608172111-8,7367,2608172132,2608172133,4,,S,S3,Backnang|Maubach|Nellmersbach|Winnenden|Schwaikheim|Neustadt-Hohenacker|Waiblingen,8001974,Fellbach,Baden-Württemberg,Fellbach,70736,9.270645988,48.8202936,3,2608172133,,2608172133,,,,,,,,,,,1.0,0.0
3090077021401438649-2608172050-5,7262,2608172101,2608172102,1,,S,S2,Stuttgart Hbf|Stuttgart-Bad Cannstatt|Stuttgart Nürnberger Str.|Stuttgart-Sommerrain,8001974,Fellbach,Baden-Württemberg,Fellbach,70736,9.270645988,48.8202936,3,2608172102,,2608172102,,h,1,Bauarbeiten,,,,,,,1.0,0.0
7308365696903436202-2608172105-6,7965,2608172122,2608172123,1,,S,S2,Stuttgart-Vaihingen|Stuttgart-Rohr|Oberaichen|Leinfelden|Echterdingen,8005768,Stuttgart Flughafen/Messe,Baden-Württemberg,Leinfelden-Echterdingen,70629,9.193411574,48.69075193,4,2608172123,,2608172123,,,,,,,,,,,1.0,0.0
4105031587460682562-2608172135-6,7967,2608172152,2608172153,1,,S,S2,Stuttgart-Vaihingen|Stuttgart-Rohr|Oberaichen|Leinfelden|Echterdingen,8005768,Stuttgart Flughafen/Messe,Baden-Württemberg,Leinfelden-Echterdingen,70629,9.193411574,48.69075193,4,2608172152,,2608172153,,,,,,,,,,,0.0,0.0
-2334134821981316841-2608172133-2,7966,2608172137,2608172138,2,,S,S2,Filderstadt,8005768,Stuttgart Flughafen/Messe,Baden-Württemberg,Leinfelden-Echterdingen,70629,9.193411574,48.69075193,4,2608172137,,2608172138,,,,,,,,,,,0.0,0.0
-7605544355025909436-2608172103-2,7964,2608172107,2608172108,2,,S,S2,Filderstadt,8005768,Stuttgart Flughafen/Messe,Baden-Württemberg,Leinfelden-Echterdingen,70629,9.193411574,48.69075193,4,2608172107,,2608172108,,,,,,,,,,,0.0,0.0
-5248477185843077062-2608172033-7,7465,2608172100,2608172101,2,,S,S4,Backnang|Burgstall(Murr)|Kirchberg(Murr)|Erdmannhausen|Marbach(Neckar)|Benningen(Neckar),8002065,Freiberg (Neckar),Baden-Württemberg,Freiberg am Neckar,71691,9.197530085,48.92994974,5,2608172100,,2608172101,,h,1,Bauarbeiten,,,,,,,0.0,0.0
2828988855077273536-2608172137-7,7464,2608172159,2608172159,3,,S,S4,Stuttgart Hbf|Stuttgart Nordbahnhof|Stuttgart-Zuffenhausen|Kornwestheim Pbf|Ludwigsburg|Favoritepark,8002065,Freiberg (Neckar),Baden-Württemberg,Freiberg am Neckar,71691,9.197530085,48.92994974,5,2608172200,,2608172200,,h,1,Bauarbeiten,,,,,,,1.0,1.0
613026341677136269-2608172103-7,7467,2608172130,2608172131,2,,S,S4,Backnang|Burgstall(Murr)|Kirchberg(Murr)|Erdmannhausen|Marbach(Neckar)|Benningen(Neckar),8002065,Freiberg (Neckar),Baden-Württemberg,Freiberg am Neckar,71691,9.197530085,48.92994974,5,2608172130,,2608172131,,h,1,Bauarbeiten,,,,,,,0.0,0.0
6402086477437547994-2608172107-7,7462,2608172129,2608172129,3,,S,S4,Stuttgart Hbf|Stuttgart Nordbahnhof|Stuttgart-Zuffenhausen|Kornwestheim Pbf|Ludwigsburg|Favoritepark,8002065,Freiberg (Neckar),Baden-Württemberg,Freiberg am Neckar,71691,9.197530085,48.92994974,5,2608172135,,2608172136,,h,1,Bauarbeiten,,,,,,,6.0,7.0
800896748119483466-2608172146-3,7770,2608172152,2608172152,2,,S,S1,Herrenberg|Nufringen,8002165,Gärtringen,Baden-Württemberg,Gärtringen,71116,8.908864487,48.64080021,5,2608172154,,2608172154,,,,,,,,,,,2.0,2.0
1091836898745684931-2608172116-3,7768,2608172122,2608172122,2,,S,S1,Herrenberg|Nufringen,8002165,Gärtringen,Baden-Württemberg,Gärtringen,71116,8.908864487,48.64080021,5,2608172123,,2608172124,,,,,,,,,,,1.0,2.0
4683056481244044415-2608172046-7,7763,2608172108,2608172108,1,,S,S1,Stuttgart-Vaihingen|Stuttgart-Rohr|Goldberg(Württ)|Böblingen|Hulb|Ehningen(b Böblingen),8002165,Gärtringen,Baden-Württemberg,Gärtringen,71116,8.908864487,48.64080021,5,2608172110,,2608172111,,,,,,,,,,,2.0,3.0
7537870707558801072-2608172116-7,7765,2608172138,2608172138,1,,S,S1,Stuttgart-Vaihingen|Stuttgart-Rohr|Goldberg(Württ)|Böblingen|Hulb|Ehningen(b Böblingen),8002165,Gärtringen,Baden-Württemberg,Gärtringen,71116,8.908864487,48.64080021,5,2608172142,,2608172143,,,,,,,,,,,4.0,5.0
-7971444916294519755-2608172120-12,7264,2608172147,2608172147,2,,S,S2,Stuttgart Hbf|Stuttgart-Bad Cannstatt|Stuttgart Nürnberger Str.|Stuttgart-Sommerrain|Fellbach|Waiblingen|Rommelshausen|Stetten-Beinstein|Endersbach|Beutelsbach|Grunbach,8002240,Geradstetten,Baden-Württemberg,Remshalden,73630,9.439522346,48.80527689,5,2608172149,,2608172149,,h,1,Bauarbeiten,,,,,,,2.0,2.0
2890455660221075834-2608172133-4,7269,2608172140,2608172141,1,,S,S2,Schorndorf|Weiler(Rems)|Winterbach(b Schorndorf),8002240,Geradstetten,Baden-Württemberg,Remshalden,73630,9.439522346,48.80527689,5,2608172140,,2608172141,,h,1,Bauarbeiten,,,,,,,0.0,0.0
2628700476961371155-2608172103-4,7267,2608172110,2608172111,1,,S,S2,Schorndorf|Weiler(Rems)|Winterbach(b Schorndorf),8002240,Geradstetten,Baden-Württemberg,Remshalden,73630,9.439522346,48.80527689,5,2608172111,,2608172111,,h,1,Bauarbeiten,,,,,,,1.0,0.0
3090077021401438649-2608172050-12,7262,2608172117,2608172117,2,,S,S2,Stuttgart Hbf|Stuttgart-Bad Cannstatt|Stuttgart Nürnberger Str.|Stuttgart-Sommerrain|Fellbach|Waiblingen|Rommelshausen|Stetten-Beinstein|Endersbach|Beutelsbach|Grunbach,8002240,Geradstetten,Baden-Württemberg,Remshalden,73630,9.439522346,48.80527689,5,2608172118,,2608172119,,h,1,Bauarbeiten,,,,,,,1.0,2.0
1091836898745684931-2608172116-7,7768,2608172132,2608172132,2,,S,S1,Herrenberg|Nufringen|Gärtringen|Ehningen(b Böblingen)|Hulb|Böblingen,8005201,Goldberg,Baden-Württemberg,Böblingen,71032,9.019733387,48.69651581,5,2608172136,,2608172136,,,,,,,,,,,4.0,4.0
-3745751710781721805-2608172146-3,7767,2608172158,2608172158,1,,S,S1,Stuttgart-Vaihingen|Stuttgart-Rohr,8005201,Goldberg,Baden-Württemberg,Böblingen,71032,9.019733387,48.69651581,5,2608172158,,2608172158,,,,,,,,,,,0.0,0.0
7537870707558801072-2608172116-3,7765,2608172128,2608172128,1,,S,S1,Stuttgart-Vaihingen|Stuttgart-Rohr,8005201,Goldberg,Baden-Württemberg,Böblingen,71032,9.019733387,48.69651581,5,2608172129,,2608172130,,,,,,,,,,,1.0,2.0
-1277972719015839341-2608172046-7,7766,2608172102,2608172102,2,,S,S1,Herrenberg|Nufringen|Gärtringen|Ehningen(b Böblingen)|Hulb|Böblingen,8005201,Goldberg,Baden-Württemberg,Böblingen,71032,9.019733387,48.69651581,5,2608172114,,2608172115,,,,,,,,,,,12.0,13.0
-7971444916294519755-2608172120-11,7264,2608172145,2608172145,3,,S,S2,Stuttgart Hbf|Stuttgart-Bad Cannstatt|Stuttgart Nürnberger Str.|Stuttgart-Sommerrain|Fellbach|Waiblingen|Rommelshausen|Stetten-Beinstein|Endersbach|Beutelsbach,8002448,Grunbach,Baden-Württemberg,Remshalden,73630,9.419580601,48.810414,4,2608172147,,2608172148,,h,1,Bauarbeiten,,,,,,,2.0,3.0
2890455660221075834-2608172133-5,7269,2608172142,2608172143,2,,S,S2,Schorndorf|Weiler(Rems)|Winterbach(b Schorndorf)|Geradstetten,8002448,Grunbach,Baden-Württemberg,Remshalden,73630,9.419580601,48.810414,4,2608172142,,2608172143,,h,1,Bauarbeiten,,,,,,,0.0,0.0
2628700476961371155-2608172103-5,7267,2608172112,2608172113,2,,S,S2,Schorndorf|Weiler(Rems)|Winterbach(b Schorndorf)|Geradstetten,8002448,Grunbach,Baden-Württemberg,Remshalden,73630,9.419580601,48.810414,4,2608172113,,2608172113,,h,1,Bauarbeiten,,,,,,,1.0,0.0
3090077021401438649-2608172050-11,7262,2608172115,2608172115,3,,S,S2,Stuttgart Hbf|Stuttgart-Bad Cannstatt|Stuttgart Nürnberger Str.|Stuttgart-Sommerrain|Fellbach|Waiblingen|Rommelshausen|Stetten-Beinstein|Endersbach|Beutelsbach,8002448,Grunbach,Baden-Württemberg,Remshalden,73630,9.419580601,48.810414,4,2608172116,,2608172117,,h,1,Bauarbeiten,,,,,,,1.0,2.0
800896748119483466-2608172146-1,7770,,2608172146,,,S,S1,,8002785,Herrenberg,Baden-Württemberg,Herrenberg,71083,8.862625253,48.59395697,3,,,2608172148,,,,,,,,,,,0.0,2.0
-1257569421659206839-2608172149-1,22872,,2608172149,,,RB,RB63,,8002785,Herrenberg,Baden-Württemberg,Herrenberg,71083,8.862625253,48.59395697,3,,,2608172149,,,,,,,,,,,0.0,0.0
1091836898745684931-2608172116-1,7768,,2608172116,,,S,S1,,8002785,Herrenberg,Baden-Württemberg,Herrenberg,71083,8.862625253,48.59395697,3,,,2608172117,,,,,,,,,,,0.0,1.0
-8109577220092481634-2608172119-1,22870,,2608172119,,,RB,RB63,,8002785,Herrenberg,Baden-Württemberg,Herrenberg,71083,8.862625253,48.59395697,3,,,2608172119,,,,,,,,,,,0.0,0.0
4683056481244044415-2608172046-9,7763,2608172115,,3,,S,,Stuttgart-Vaihingen|Stuttgart-Rohr|Goldberg(Württ)|Böblingen|Hulb|Ehningen(b Böblingen)|Gärtringen|Nufringen,8002785,Herrenberg,Baden-Württemberg,Herrenberg,71083,8.862625253,48.59395697,3,2608172117,,,,,,,,,,,,,2.0,0.0
7537870707558801072-2608172116-9,7765,2608172145,,3,,S,,Stuttgart-Vaihingen|Stuttgart-Rohr|Goldberg(Württ)|Böblingen|Hulb|Ehningen(b Böblingen)|Gärtringen|Nufringen,8002785,Herrenberg,Baden-Württemberg,Herrenberg,71083,8.862625253,48.59395697,3,2608172149,,,,,,,,,,,,,4.0,0.0
-8173057082443024324-2608172013-14,17682,2608172110,2608172111,1,,RE,RE14b,Freudenstadt Hbf|Grüntal-Wittlensweiler|Dornstetten-Aach|Dornstetten|Schopfloch(b Freudenstadt)|Bittelbronn|Horb-Heiligenfeld|Hochdorf(b Horb)|Eutingen Nord|Eutingen im Gäu|Ergenzingen|Bondorf(b Herrenberg)|Gäufelden,8002785,Herrenberg,Baden-Württemberg,Herrenberg,71083,8.862625253,48.59395697,3,2608172112,,2608172114,,,,,,,,,,,2.0,3.0
1074882191789160867-2608172111-10,22875,2608172141,,102,,RB,,Tübingen Hbf|Tübingen West|Unterjesingen Sandäcker|Unterjesingen Mitte|Pfäffingen|Entringen|Altingen(Württ)|Gültstein|Herrenberg Zwerchweg,8002785,Herrenberg,Baden-Württemberg,Herrenberg,71083,8.862625253,48.59395697,3,2608172141,,,,,,,,,,,,,0.0,0.0
-7115850203393089615-2608172002-9,17680,2608172110,2608172111,1,,RE,RE14a,Rottweil|Oberndorf(Neckar)|Sulz(Neckar)|Horb|Eutingen im Gäu|Ergenzingen|Bondorf(b Herrenberg)|Gäufelden,8002785,Herrenberg,Baden-Württemberg,Herrenberg,71083,8.862625253,48.59395697,3,2608172112,,2608172114,,h,2,Bauarbeiten,,,,,,,2.0,3.0
5410392350429499457-2608172116-2,52385,2608172147,2608172147,4,,RE,IC87,Stuttgart Hbf,8002785,Herrenberg,Baden-Württemberg,Herrenberg,71083,8.862625253,48.59395697,3,2608172202,,2608172203,,h,2,Information,,,,,,,15.0,16.0
-3713288251534579682-2608172041-10,22871,2608172111,,102,,RB,,Tübingen Hbf|Tübingen West|Unterjesingen Sandäcker|Unterjesingen Mitte|Pfäffingen|Entringen|Altingen(Württ)|Gültstein|Herrenberg Zwerchweg,8002785,Herrenberg,Baden-Württemberg,Herrenberg,71083,8.862625253,48.59395697,3,2608172111,,,,,,,,,,,,,0.0,0.0
-4202043283235864726-2608172116-2,2385,2608172147,2608172147,4,,IC,,Stuttgart Hbf,8002785,Herrenberg,Baden-Württemberg,Herrenberg,71083,8.862625253,48.59395697,3,2608172202,,2608172203,,h,2,Information,,,,,,,15.0,16.0
-4129909752986717170-2608172133-6,7669,2608172150,2608172151,1,,S,S6,Weil der Stadt|Malmsheim|Renningen|Rutesheim|Leonberg,8002892,Höfingen,Baden-Württemberg,Leonberg,71229,9.026180834,48.81503436,5,2608172150,,2608172151,,h,1,Bauarbeiten,,,,,,,0.0,0.0
-6752834245723676258-2608172125-7,7664,2608172139,2608172139,2,,S,S6,Stuttgart-Feuerbach|Stuttgart-Zuffenhausen|Neuwirtshaus(Porscheplatz)|Korntal|Weilimdorf|Ditzingen,8002892,Höfingen,Baden-Württemberg,Leonberg,71229,9.026180834,48.81503436,5,2608172140,,2608172141,,h,1,Bauarbeiten,,,,,,,1.0,2.0
-7506781114720968709-2608172103-6,7667,2608172120,2608172121,1,,S,S6,Weil der Stadt|Malmsheim|Renningen|Rutesheim|Leonberg,8002892,Höfingen,Baden-Württemberg,Leonberg,71229,9.026180834,48.81503436,5,2608172121,,2608172122,,h,1,Bauarbeiten,,,,,,,1.0,1.0
-5979926096684375900-2608172055-7,7662,2608172109,2608172109,2,,S,S6,Stuttgart-Feuerbach|Stuttgart-Zuffenhausen|Neuwirtshaus(Porscheplatz)|Korntal|Weilimdorf|Ditzingen,8002892,Höfingen,Baden-Württemberg,Leonberg,71229,9.026180834,48.81503436,5,2608172113,,2608172114,,h,1,Bauarbeiten,,,,,,,4.0,5.0
800896748119483466-2608172146-5,7770,2608172158,2608172158,2,,S,S1,Herrenberg|Nufringen|Gärtringen|Ehningen(b Böblingen),8003022,Hulb,Baden-Württemberg,Böblingen-Hulb,71032,8.982396429,48.67924173,5,2608172200,,2608172200,,,,,,,,,,,2.0,2.0
1091836898745684931-2608172116-5,7768,2608172128,2608172128,2,,S,S1,Herrenberg|Nufringen|Gärtringen|Ehningen(b Böblingen),8003022,Hulb,Baden-Württemberg,Böblingen-Hulb,71032,8.982396429,48.67924173,5,2608172131,,2608172132,,,,,,,,,,,3.0,4.0
4683056481244044415-2608172046-5,7763,2608172102,2608172102,1,,S,S1,Stuttgart-Vaihingen|Stuttgart-Rohr|Goldberg(Württ)|Böblingen,8003022,Hulb,Baden-Württemberg,Böblingen-Hulb,71032,8.982396429,48.67924173,5,2608172103,,2608172103,,,,,,,,,,,1.0,1.0
7537870707558801072-2608172116-5,7765,2608172132,2608172132,1,,S,S1,Stuttgart-Vaihingen|Stuttgart-Rohr|Goldberg(Württ)|Böblingen,8003022,Hulb,Baden-Württemberg,Böblingen-Hulb,71032,8.982396429,48.67924173,5,2608172134,,2608172134,,,,,,,,,,,2.0,2.0
7308365696903436202-2608172105-7,7965,2608172127,,1,,S,,Stuttgart-Vaihingen|Stuttgart-Rohr|Oberaichen|Leinfelden|Echterdingen|Stuttgart Flughafen/Messe,8001984,Filderstadt,Baden-Württemberg,Filderstadt,70794,9.217581315,48.67649151,5,2608172127,,,,,,,,,,,,,0.0,0.0
4105031587460682562-2608172135-7,7967,2608172157,,1,,S,,Stuttgart-Vaihingen|Stuttgart-Rohr|Oberaichen|Leinfelden|Echterdingen|Stuttgart Flughafen/Messe,8001984,Filderstadt,Baden-Württemberg,Filderstadt,70794,9.217581315,48.67649151,5,2608172157,,,,,,,,,,,,,0.0,0.0
-2334134821981316841-2608172133-1,7966,,2608172133,,,S,S2,,8001984,Filderstadt,Baden-Württemberg,Filderstadt,70794,9.217581315,48.67649151,5,,,2608172133,,,,,,,,,,,0.0,0.0
-7605544355025909436-2608172103-1,7964,,2608172103,,,S,S2,,8001984,Filderstadt,Baden-Württemberg,Filderstadt,70794,9.217581315,48.67649151,5,,,2608172103,,,,,,,,,,,0.0,0.0
613026341677136269-2608172103-3,7467,2608172112,2608172115,1,,S,S4,Backnang|Burgstall(Murr),8003266,Kirchberg (Murr),Baden-Württemberg,Kirchberg an der Murr,71737,9.328210283,48.93928182,6,2608172112,,2608172115,,h,1,Bauarbeiten,,,,,,,0.0,0.0
6402086477437547994-2608172107-11,7462,2608172143,,2,,S,,Stuttgart Hbf|Stuttgart Nordbahnhof|Stuttgart-Zuffenhausen|Kornwestheim Pbf|Ludwigsburg|Favoritepark|Freiberg(Neckar)|Benningen(Neckar)|Marbach(Neckar)|Erdmannhausen,8003266,Kirchberg (Murr),Baden-Württemberg,Kirchberg an der Murr,71737,9.328210283,48.93928182,6,2608172147,,,,h,1,Bauarbeiten,,,,,,,4.0,0.0
-2670578142775611336-2608172037-11,7460,2608172113,2608172113,2,,S,S4,Stuttgart Hbf|Stuttgart Nordbahnhof|Stuttgart-Zuffenhausen|Kornwestheim Pbf|Ludwigsburg|Favoritepark|Freiberg(Neckar)|Benningen(Neckar)|Marbach(Neckar)|Erdmannhausen,8003266,Kirchberg (Murr),Baden-Württemberg,Kirchberg an der Murr,71737,9.328210283,48.93928182,6,2608172113,,2608172113,,,,,,,,,,,0.0,0.0
-1445914617040136913-2608172120-1,7169,,2608172120,,,S,S1,,8003280,Kirchheim (Teck),Baden-Württemberg,Kirchheim unter Teck,73230,9.443872422,48.64415981,4,,,2608172120,,,,,,,,,,,0.0,0.0
1733518000541873569-2608172150-1,7171,,2608172150,,,S,S1,,8003280,Kirchheim (Teck),Baden-Württemberg,Kirchheim unter Teck,73230,9.443872422,48.64415981,4,,,2608172151,,,,,,,,,,,0.0,1.0
-4904342913615484814-2608172025-15,7162,2608172109,,2,,S,,Stuttgart Hbf|Stuttgart-Bad Cannstatt|Stuttgart Neckarpark|Stuttgart-Untertürkheim|Stuttgart-Obertürkheim|Esslingen-Mettingen|Esslingen(Neckar)|Oberesslingen|Esslingen-Zell|Altbach|Plochingen|Wernau(Neckar)|Wendlingen(Neckar)|Kirchheim(Teck)-Ötlingen,8003280,Kirchheim (Teck),Baden-Württemberg,Kirchheim unter Teck,73230,9.443872422,48.64415981,4,2608172113,,,,,,,,,,,,,4.0,0.0
6929098726566169295-2608172055-15,7164,2608172139,,2,,S,,Stuttgart Hbf|Stuttgart-Bad Cannstatt|Stuttgart Neckarpark|Stuttgart-Untertürkheim|Stuttgart-Obertürkheim|Esslingen-Mettingen|Esslingen(Neckar)|Oberesslingen|Esslingen-Zell|Altbach|Plochingen|Wernau(Neckar)|Wendlingen(Neckar)|Kirchheim(Teck)-Ötlingen,8003280,Kirchheim (Teck),Baden-Württemberg,Kirchheim unter Teck,73230,9.443872422,48.64415981,4,2608172141,,,,,,,,,,,,,2.0,0.0
-1445914617040136913-2608172120-2,7169,2608172123,2608172123,1,,S,S1,Kirchheim(Teck),8003282,Kirchheim (Teck)-Ötlingen,Baden-Württemberg,Kirchheim unter Teck,73230,9.416261302,48.65782388,5,2608172123,,2608172124,,,,,,,,,,,0.0,1.0
1733518000541873569-2608172150-2,7171,2608172153,2608172153,1,,S,S1,Kirchheim(Teck),8003282,Kirchheim (Teck)-Ötlingen,Baden-Württemberg,Kirchheim unter Teck,73230,9.416261302,48.65782388,5,2608172153,,2608172155,,,,,,,,,,,0.0,2.0
-4904342913615484814-2608172025-14,7162,2608172106,2608172107,1,,S,S1,Stuttgart Hbf|Stuttgart-Bad Cannstatt|Stuttgart Neckarpark|Stuttgart-Untertürkheim|Stuttgart-Obertürkheim|Esslingen-Mettingen|Esslingen(Neckar)|Oberesslingen|Esslingen-Zell|Altbach|Plochingen|Wernau(Neckar)|Wendlingen(Neckar),8003282,Kirchheim (Teck)-Ötlingen,Baden-Württemberg,Kirchheim unter Teck,73230,9.416261302,48.65782388,5,2608172110,,2608172111,,,,,,,,,,,4.0,4.0
6929098726566169295-2608172055-14,7164,2608172137,2608172137,1,,S,S1,Stuttgart Hbf|Stuttgart-Bad Cannstatt|Stuttgart Neckarpark|Stuttgart-Untertürkheim|Stuttgart-Obertürkheim|Esslingen-Mettingen|Esslingen(Neckar)|Oberesslingen|Esslingen-Zell|Altbach|Plochingen|Wernau(Neckar)|Wendlingen(Neckar),8003282,Kirchheim (Teck)-Ötlingen,Baden-Württemberg,Kirchheim unter Teck,73230,9.416261302,48.65782388,5,2608172141,,2608172138,,,,,,,,,,,4.0,1.0
-2167142398167396955-2608172131-7,1259,2608172154,,7,,WEG,,Heimerdingen|Hemmingen|Schwieberdingen|Münchingen|Münchingen Rührberg|Korntal Gymnasium,8003409,Korntal,Baden-Württemberg,Korntal,70825,9.121099128,48.82640246,4,2608172158,,,,,,,,,,,,,4.0,0.0
-3316083055442951467-2608172105-1,1252,,2608172105,,,WEG,RB47,,8003409,Korntal,Baden-Württemberg,Korntal,70825,9.121099128,48.82640246,4,,,2608172107,,,,,,,,,,,0.0,2.0
-4129909752986717170-2608172133-9,7669,2608172158,2608172159,3,,S,S6,Weil der Stadt|Malmsheim|Renningen|Rutesheim|Leonberg|Höfingen|Ditzingen|Weilimdorf,8003409,Korntal,Baden-Württemberg,Korntal,70825,9.121099128,48.82640246,4,2608172158,,2608172159,,h,1,Bauarbeiten,,,,,,,0.0,0.0
-6752834245723676258-2608172125-4,7664,2608172131,2608172131,1,,S,S6,Stuttgart-Feuerbach|Stuttgart-Zuffenhausen|Neuwirtshaus(Porscheplatz),8003409,Korntal,Baden-Württemberg,Korntal,70825,9.121099128,48.82640246,4,2608172132,,2608172133,,h,1,Bauarbeiten,,,,,,,1.0,2.0
-7506781114720968709-2608172103-9,7667,2608172128,2608172129,3,,S,S6,Weil der Stadt|Malmsheim|Renningen|Rutesheim|Leonberg|Höfingen|Ditzingen|Weilimdorf,8003409,Korntal,Baden-Württemberg,Korntal,70825,9.121099128,48.82640246,4,2608172129,,2608172130,,h,1,Bauarbeiten,,,,,,,1.0,1.0
-9149741226891491490-2608172101-7,1253,2608172124,,7,,WEG,,Heimerdingen|Hemmingen|Schwieberdingen|Münchingen|Münchingen Rührberg|Korntal Gymnasium,8003409,Korntal,Baden-Württemberg,Korntal,70825,9.121099128,48.82640246,4,2608172126,,,,,,,,,,,,,2.0,0.0
-5979926096684375900-2608172055-4,7662,2608172101,2608172101,1,,S,S6,Stuttgart-Feuerbach|Stuttgart-Zuffenhausen|Neuwirtshaus(Porscheplatz),8003409,Korntal,Baden-Württemberg,Korntal,70825,9.121099128,48.82640246,4,2608172106,,2608172106,,h,1,Bauarbeiten,,,,,,,5.0,5.0
-6472147564470833257-2608172135-1,1258,,2608172135,,,WEG,RB47,,8003409,Korntal,Baden-Württemberg,Korntal,70825,9.121099128,48.82640246,4,,,2608172135,,,,,,,,,,,0.0,0.0
8207276654188600407-2608172107-5,7567,2608172119,2608172120,3,,S,S5,Bietigheim-Bissingen|Tamm(Württ)|Asperg|Ludwigsburg,8003411,Kornwestheim Pbf,Baden-Württemberg,Kornwestheim,70806,9.179967278,48.86215948,3,2608172120,,2608172121,,,,,,,,,,,1.0,1.0
1229260282759837658-2608172112-3,19336,2608172142,2608172147,5,,RE,MEX18,Plochingen|Esslingen(Neckar),8003411,Kornwestheim Pbf,Baden-Württemberg,Kornwestheim,70806,9.179967278,48.86215948,3,2608172144,,2608172147,,h,2,Bauarbeiten,,,,,,,2.0,0.0
-5248477185843077062-2608172033-10,7465,2608172110,2608172110,3,,S,S4,Backnang|Burgstall(Murr)|Kirchberg(Murr)|Erdmannhausen|Marbach(Neckar)|Benningen(Neckar)|Freiberg(Neckar)|Favoritepark|Ludwigsburg,8003411,Kornwestheim Pbf,Baden-Württemberg,Kornwestheim,70806,9.179967278,48.86215948,3,2608172110,,2608172111,,h,1,Bauarbeiten,,,,,,,0.0,1.0
2828988855077273536-2608172137-4,7464,2608172150,2608172150,4,,S,S4,Stuttgart Hbf|Stuttgart Nordbahnhof|Stuttgart-Zuffenhausen,8003411,Kornwestheim Pbf,Baden-Württemberg,Kornwestheim,70806,9.179967278,48.86215948,3,2608172150,,2608172151,,h,1,Bauarbeiten,,,,,,,0.0,1.0
-3661735359450834382-2608172137-5,7569,2608172149,2608172150,3,,S,S5,Bietigheim-Bissingen|Tamm(Württ)|Asperg|Ludwigsburg,8003411,Kornwestheim Pbf,Baden-Württemberg,Kornwestheim,70806,9.179967278,48.86215948,3,2608172149,,2608172150,,,,,,,,,,,0.0,0.0
613026341677136269-2608172103-10,7467,2608172140,2608172140,3,,S,S4,Backnang|Burgstall(Murr)|Kirchberg(Murr)|Erdmannhausen|Marbach(Neckar)|Benningen(Neckar)|Freiberg(Neckar)|Favoritepark|Ludwigsburg,8003411,Kornwestheim Pbf,Baden-Württemberg,Kornwestheim,70806,9.179967278,48.86215948,3,2608172140,,2608172140,,h,1,Bauarbeiten,,,,,,,0.0,0.0
-4698443977179735697-2608172127-4,7566,2608172140,2608172140,4,,S,S5,Stuttgart Hbf|Stuttgart Nordbahnhof|Stuttgart-Zuffenhausen,8003411,Kornwestheim Pbf,Baden-Württemberg,Kornwestheim,70806,9.179967278,48.86215948,3,2608172141,,2608172142,,,,,,,,,,,1.0,2.0
5518407205938790119-2608172030-9,19335,2608172113,2608172120,6,,RE,MEX18,Heilbronn Hbf|Nordheim(Württ)|Lauffen(Neckar)|Kirchheim(Neckar)|Walheim(Württ)|Besigheim|Bietigheim-Bissingen|Ludwigsburg,8003411,Kornwestheim Pbf,Baden-Württemberg,Kornwestheim,70806,9.179967278,48.86215948,3,2608172118,,2608172121,,h,2,Störung,,,,,,,5.0,1.0
6402086477437547994-2608172107-4,7462,2608172120,2608172120,4,,S,S4,Stuttgart Hbf|Stuttgart Nordbahnhof|Stuttgart-Zuffenhausen,8003411,Kornwestheim Pbf,Baden-Württemberg,Kornwestheim,70806,9.179967278,48.86215948,3,2608172125,,2608172126,,h,1,Bauarbeiten,,,,,,,5.0,6.0
3081120732937112595-2608172057-4,7564,2608172110,2608172110,4,,S,S5,Stuttgart Hbf|Stuttgart Nordbahnhof|Stuttgart-Zuffenhausen,8003411,Kornwestheim Pbf,Baden-Württemberg,Kornwestheim,70806,9.179967278,48.86215948,3,2608172113,,2608172114,,,,,,,,,,,3.0,4.0
7308365696903436202-2608172105-4,7965,2608172116,2608172117,1,,S,S2,Stuttgart-Vaihingen|Stuttgart-Rohr|Oberaichen,8003622,Leinfelden,Baden-Württemberg,Leinfelden-Echterdingen,70771,9.142859698,48.6964193,4,2608172116,,2608172117,,,,,,,,,,,0.0,0.0
4105031587460682562-2608172135-4,7967,2608172146,2608172147,1,,S,S2,Stuttgart-Vaihingen|Stuttgart-Rohr|Oberaichen,8003622,Leinfelden,Baden-Württemberg,Leinfelden-Echterdingen,70771,9.142859698,48.6964193,4,2608172147,,2608172148,,,,,,,,,,,1.0,1.0
-2334134821981316841-2608172133-4,7966,2608172142,2608172143,2,,S,S2,Filderstadt|Stuttgart Flughafen/Messe|Echterdingen,8003622,Leinfelden,Baden-Württemberg,Leinfelden-Echterdingen,70771,9.142859698,48.6964193,4,2608172142,,2608172143,,,,,,,,,,,0.0,0.0
-7605544355025909436-2608172103-4,7964,2608172112,2608172113,2,,S,S2,Filderstadt|Stuttgart Flughafen/Messe|Echterdingen,8003622,Leinfelden,Baden-Württemberg,Leinfelden-Echterdingen,70771,9.142859698,48.6964193,4,2608172112,,2608172113,,,,,,,,,,,0.0,0.0
-4129909752986717170-2608172133-5,7669,2608172147,2608172147,1,,S,S6,Weil der Stadt|Malmsheim|Renningen|Rutesheim,8003652,Leonberg,Baden-Württemberg,Leonberg,71229,9.004025993,48.79970547,3,2608172147,,2608172147,,h,1,Bauarbeiten,,,,,,,0.0,0.0
-6752834245723676258-2608172125-8,7664,2608172143,2608172143,2,,S,S6,Stuttgart-Feuerbach|Stuttgart-Zuffenhausen|Neuwirtshaus(Porscheplatz)|Korntal|Weilimdorf|Ditzingen|Höfingen,8003652,Leonberg,Baden-Württemberg,Leonberg,71229,9.004025993,48.79970547,3,2608172144,,2608172145,,h,1,Bauarbeiten,,,,,,,1.0,2.0
-7506781114720968709-2608172103-5,7667,2608172117,2608172117,1,,S,S6,Weil der Stadt|Malmsheim|Renningen|Rutesheim,8003652,Leonberg,Baden-Württemberg,Leonberg,71229,9.004025993,48.79970547,3,2608172118,,2608172118,,h,1,Bauarbeiten,,,,,,,1.0,1.0
-5979926096684375900-2608172055-8,7662,2608172113,2608172113,2,,S,S6,Stuttgart-Feuerbach|Stuttgart-Zuffenhausen|Neuwirtshaus(Porscheplatz)|Korntal|Weilimdorf|Ditzingen|Höfingen,8003652,Leonberg,Baden-Württemberg,Leonberg,71229,9.004025993,48.79970547,3,2608172117,,2608172117,,h,1,Bauarbeiten,,,,,,,4.0,4.0
8207276654188600407-2608172107-4,7567,2608172116,2608172116,3,,S,S5,Bietigheim-Bissingen|Tamm(Württ)|Asperg,8000235,Ludwigsburg,Baden-Württemberg,Ludwigsburg,71638,9.185229823,48.89208622,3,2608172116,,2608172117,,,,,,,,,,,0.0,1.0
1229260282759837658-2608172112-4,19336,2608172151,2608172153,1,,RE,MEX18,Plochingen|Esslingen(Neckar)|Kornwestheim Pbf,8000235,Ludwigsburg,Baden-Württemberg,Ludwigsburg,71638,9.185229823,48.89208622,3,2608172151,,2608172153,,h,2,Bauarbeiten,,,,,,,0.0,0.0
-5248477185843077062-2608172033-9,7465,2608172106,2608172107,3,,S,S4,Backnang|Burgstall(Murr)|Kirchberg(Murr)|Erdmannhausen|Marbach(Neckar)|Benningen(Neckar)|Freiberg(Neckar)|Favoritepark,8000235,Ludwigsburg,Baden-Württemberg,Ludwigsburg,71638,9.185229823,48.89208622,3,2608172106,,2608172107,,h,1,Bauarbeiten,,,,,,,0.0,0.0
5478205539568852992-2608172146-2,19580,2608172156,2608172157,1,,RE,MEX17,Stuttgart Hbf,8000235,Ludwigsburg,Baden-Württemberg,Ludwigsburg,71638,9.185229823,48.89208622,3,2608172156,,2608172157,,h,2,Bauarbeiten,,,,,,,0.0,0.0
2828988855077273536-2608172137-5,7464,2608172153,2608172154,2,,S,S4,Stuttgart Hbf|Stuttgart Nordbahnhof|Stuttgart-Zuffenhausen|Kornwestheim Pbf,8000235,Ludwigsburg,Baden-Württemberg,Ludwigsburg,71638,9.185229823,48.89208622,3,2608172154,,2608172155,,h,1,Bauarbeiten,,,,,,,1.0,1.0
-3661735359450834382-2608172137-4,7569,2608172146,2608172146,3,,S,S5,Bietigheim-Bissingen|Tamm(Württ)|Asperg,8000235,Ludwigsburg,Baden-Württemberg,Ludwigsburg,71638,9.185229823,48.89208622,3,2608172146,,2608172147,,,,,,,,,,,0.0,1.0
613026341677136269-2608172103-9,7467,2608172136,2608172137,3,,S,S4,Backnang|Burgstall(Murr)|Kirchberg(Murr)|Erdmannhausen|Marbach(Neckar)|Benningen(Neckar)|Freiberg(Neckar)|Favoritepark,8000235,Ludwigsburg,Baden-Württemberg,Ludwigsburg,71638,9.185229823,48.89208622,3,2608172136,,2608172137,,h,1,Bauarbeiten,,,,,,,0.0,0.0
-4698443977179735697-2608172127-5,7566,2608172143,2608172144,2,,S,S5,Stuttgart Hbf|Stuttgart Nordbahnhof|Stuttgart-Zuffenhausen|Kornwestheim Pbf,8000235,Ludwigsburg,Baden-Württemberg,Ludwigsburg,71638,9.185229823,48.89208622,3,2608172145,,2608172146,,,,,,,,,,,2.0,2.0
5518407205938790119-2608172030-8,19335,2608172104,2608172107,4,,RE,MEX18,Heilbronn Hbf|Nordheim(Württ)|Lauffen(Neckar)|Kirchheim(Neckar)|Walheim(Württ)|Besigheim|Bietigheim-Bissingen,8000235,Ludwigsburg,Baden-Württemberg,Ludwigsburg,71638,9.185229823,48.89208622,3,2608172108,5,2608172114,5,h,2,Störung,,,,,,,4.0,7.0
9213895271120086804-2608172114-13,19537,2608172157,2608172157,4,,RE,MEX17,Pforzheim Hbf|Eutingen(Baden)|Niefern|Enzberg|Mühlacker|Mühlacker Rößlesweg|Illingen(Württ)|Vaihingen(Enz)|Sersheim|Sachsenheim|Ellental|Bietigheim-Bissingen,8000235,Ludwigsburg,Baden-Württemberg,Ludwigsburg,71638,9.185229823,48.89208622,3,2608172157,,2608172158,,h,2,Bauarbeiten,,,,,,,0.0,1.0
8212366017237548172-2608172057-8,19361,2608172131,2608172132,4,,RE,MEX12,Heilbronn Hbf|Nordheim(Württ)|Lauffen(Neckar)|Kirchheim(Neckar)|Walheim(Württ)|Besigheim|Bietigheim-Bissingen,8000235,Ludwigsburg,Baden-Württemberg,Ludwigsburg,71638,9.185229823,48.89208622,3,2608172133,,2608172134,,h,2,Bauarbeiten,,,,,,,2.0,2.0
6402086477437547994-2608172107-5,7462,2608172123,2608172124,2,,S,S4,Stuttgart Hbf|Stuttgart Nordbahnhof|Stuttgart-Zuffenhausen|Kornwestheim Pbf,8000235,Ludwigsburg,Baden-Württemberg,Ludwigsburg,71638,9.185229823,48.89208622,3,2608172129,,2608172130,,h,1,Bauarbeiten,,,,,,,6.0,6.0
3081120732937112595-2608172057-5,7564,2608172113,2608172114,2,,S,S5,Stuttgart Hbf|Stuttgart Nordbahnhof|Stuttgart-Zuffenhausen|Kornwestheim Pbf,8000235,Ludwigsburg,Baden-Württemberg,Ludwigsburg,71638,9.185229823,48.89208622,3,2608172117,,2608172117,,,,,,,,,,,4.0,3.0
4601980119676676489-2608172016-11,19356,2608172129,2608172129,1,,RE,MEX12,Reutlingen Hbf|Metzingen(Württ)|Bempflingen|Nürtingen|Oberboihingen|Wendlingen(Neckar)|Plochingen|Esslingen(Neckar)|Stuttgart-Bad Cannstatt|Stuttgart Hbf,8000235,Ludwigsburg,Baden-Württemberg,Ludwigsburg,71638,9.185229823,48.89208622,3,2608172130,,2608172131,,h,2,Bauarbeiten,,,,,,,1.0,2.0
-4129909752986717170-2608172133-2,7669,2608172135,2608172135,2,,S,S6,Weil der Stadt,8003831,Malmsheim,Baden-Württemberg,Renningen,71272,8.905105557,48.77183564,5,2608172136,,2608172136,,h,1,Bauarbeiten,,,,,,,1.0,1.0
-6752834245723676258-2608172125-11,7664,2608172154,2608172154,1,,S,S6,Stuttgart-Feuerbach|Stuttgart-Zuffenhausen|Neuwirtshaus(Porscheplatz)|Korntal|Weilimdorf|Ditzingen|Höfingen|Leonberg|Rutesheim|Renningen,8003831,Malmsheim,Baden-Württemberg,Renningen,71272,8.905105557,48.77183564,5,2608172155,,2608172155,,h,1,Bauarbeiten,,,,,,,1.0,1.0
-7506781114720968709-2608172103-2,7667,2608172105,2608172105,2,,S,S6,Weil der Stadt,8003831,Malmsheim,Baden-Württemberg,Renningen,71272,8.905105557,48.77183564,5,2608172106,,2608172107,,h,1,Bauarbeiten,,,,,,,1.0,2.0
-5979926096684375900-2608172055-11,7662,2608172124,2608172124,1,,S,S6,Stuttgart-Feuerbach|Stuttgart-Zuffenhausen|Neuwirtshaus(Porscheplatz)|Korntal|Weilimdorf|Ditzingen|Höfingen|Leonberg|Rutesheim|Renningen,8003831,Malmsheim,Baden-Württemberg,Renningen,71272,8.905105557,48.77183564,5,2608172125,,2608172125,,h,1,Bauarbeiten,,,,,,,1.0,1.0
3766048702884366970-2608172155-1,7469,,2608172155,,,S,S4,,8003853,Marbach (Neckar),Baden-Württemberg,Marbach am Neckar,71672,9.264611825,48.9437708,3,,,2608172155,1,h,1,Bauarbeiten,,,,,,,0.0,0.0
613026341677136269-2608172103-5,7467,2608172121,2608172125,,,S,S4,Backnang|Burgstall(Murr)|Kirchberg(Murr)|Erdmannhausen,8003853,Marbach (Neckar),Baden-Württemberg,Marbach am Neckar,71672,9.264611825,48.9437708,3,2608172121,1,2608172125,1,h,1,Bauarbeiten,,,,,,,0.0,0.0
6402086477437547994-2608172107-9,7462,2608172135,2608172138,1,,S,S4,Stuttgart Hbf|Stuttgart Nordbahnhof|Stuttgart-Zuffenhausen|Kornwestheim Pbf|Ludwigsburg|Favoritepark|Freiberg(Neckar)|Benningen(Neckar),8003853,Marbach (Neckar),Baden-Württemberg,Marbach am Neckar,71672,9.264611825,48.9437708,3,2608172141,,2608172141,,h,1,Bauarbeiten,,,,,,,6.0,3.0
-2670578142775611336-2608172037-9,7460,2608172105,2608172108,1,,S,S4,Stuttgart Hbf|Stuttgart Nordbahnhof|Stuttgart-Zuffenhausen|Kornwestheim Pbf|Ludwigsburg|Favoritepark|Freiberg(Neckar)|Benningen(Neckar),8003853,Marbach (Neckar),Baden-Württemberg,Marbach am Neckar,71672,9.264611825,48.9437708,3,2608172106,,2608172108,,,,,,,,,,,1.0,0.0
970449513727673732-2608172141-2,7369,2608172143,2608172144,1,,S,S3,Backnang,8003913,Maubach,Baden-Württemberg,Backnang,71522,9.419487062,48.92623463,4,2608172145,,2608172146,,,,,,,,,,,2.0,2.0
6924424662402192372-2608172112-11,7364,2608172144,2608172145,2,,S,S3,Stuttgart Hbf|Stuttgart-Bad Cannstatt|Stuttgart Nürnberger Str.|Stuttgart-Sommerrain|Fellbach|Waiblingen|Neustadt-Hohenacker|Schwaikheim|Winnenden|Nellmersbach,8003913,Maubach,Baden-Württemberg,Backnang,71522,9.419487062,48.92623463,4,2608172144,,2608172145,,,,,,,,,,,0.0,0.0
3859668929434965477-2608172111-2,7367,2608172113,2608172114,1,,S,S3,Backnang,8003913,Maubach,Baden-Württemberg,Backnang,71522,9.419487062,48.92623463,4,2608172114,,2608172114,,,,,,,,,,,1.0,0.0
-4217556654966046239-2608172042-11,7362,2608172114,2608172115,2,,S,S3,Stuttgart Hbf|Stuttgart-Bad Cannstatt|Stuttgart Nürnberger Str.|Stuttgart-Sommerrain|Fellbach|Waiblingen|Neustadt-Hohenacker|Schwaikheim|Winnenden|Nellmersbach,8003913,Maubach,Baden-Württemberg,Backnang,71522,9.419487062,48.92623463,4,2608172115,,2608172115,,,,,,,,,,,1.0,0.0
970449513727673732-2608172141-3,7369,2608172146,2608172146,1,,S,S3,Backnang|Maubach,8004233,Nellmersbach,Baden-Württemberg,Leutenbach,71397,9.415421538,48.90336425,5,2608172148,,2608172149,,,,,,,,,,,2.0,3.0
6924424662402192372-2608172112-10,7364,2608172141,2608172142,2,,S,S3,Stuttgart Hbf|Stuttgart-Bad Cannstatt|Stuttgart Nürnberger Str.|Stuttgart-Sommerrain|Fellbach|Waiblingen|Neustadt-Hohenacker|Schwaikheim|Winnenden,8004233,Nellmersbach,Baden-Württemberg,Leutenbach,71397,9.415421538,48.90336425,5,2608172141,,2608172142,,,,,,,,,,,0.0,0.0
3859668929434965477-2608172111-3,7367,2608172116,2608172116,1,,S,S3,Backnang|Maubach,8004233,Nellmersbach,Baden-Württemberg,Leutenbach,71397,9.415421538,48.90336425,5,2608172116,,2608172117,,,,,,,,,,,0.0,1.0
-4217556654966046239-2608172042-10,7362,2608172111,2608172112,2,,S,S3,Stuttgart Hbf|Stuttgart-Bad Cannstatt|Stuttgart Nürnberger Str.|Stuttgart-Sommerrain|Fellbach|Waiblingen|Neustadt-Hohenacker|Schwaikheim|Winnenden,8004233,Nellmersbach,Baden-Württemberg,Leutenbach,71397,9.415421538,48.90336425,5,2608172112,,2608172112,,,,,,,,,,,1.0,0.0
970449513727673732-2608172141-6,7369,2608172155,2608172155,2,,S,S3,Backnang|Maubach|Nellmersbach|Winnenden|Schwaikheim,8004333,Neustadt-Hohenacker,Baden-Württemberg,Waiblingen,71336,9.32455106,48.85921668,5,2608172157,,2608172158,,,,,,,,,,,2.0,3.0
6924424662402192372-2608172112-7,7364,2608172133,2608172133,1,,S,S3,Stuttgart Hbf|Stuttgart-Bad Cannstatt|Stuttgart Nürnberger Str.|Stuttgart-Sommerrain|Fellbach|Waiblingen,8004333,Neustadt-Hohenacker,Baden-Württemberg,Waiblingen,71336,9.32455106,48.85921668,5,2608172133,,2608172134,,,,,,,,,,,0.0,1.0
3859668929434965477-2608172111-6,7367,2608172125,2608172125,2,,S,S3,Backnang|Maubach|Nellmersbach|Winnenden|Schwaikheim,8004333,Neustadt-Hohenacker,Baden-Württemberg,Waiblingen,71336,9.32455106,48.85921668,5,2608172126,,2608172126,,,,,,,,,,,1.0,1.0
-4217556654966046239-2608172042-7,7362,2608172103,2608172103,1,,S,S3,Stuttgart Hbf|Stuttgart-Bad Cannstatt|Stuttgart Nürnberger Str.|Stuttgart-Sommerrain|Fellbach|Waiblingen,8004333,Neustadt-Hohenacker,Baden-Württemberg,Waiblingen,71336,9.32455106,48.85921668,5,2608172103,,2608172104,,,,,,,,,,,0.0,1.0
1336318002580222572-2608172033-10,7665,2608172101,2608172101,2,,S,S6,Weil der Stadt|Malmsheim|Renningen|Rutesheim|Leonberg|Höfingen|Ditzingen|Weilimdorf|Korntal,8004338,Neuwirtshaus (Porscheplatz),Baden-Württemberg,Stuttgart,70435,9.151955614,48.83384734,4,2608172101,,2608172104,,h,1,Bauarbeiten,,,,,,,0.0,3.0
-6752834245723676258-2608172125-3,7664,2608172128,2608172129,1,,S,S6,Stuttgart-Feuerbach|Stuttgart-Zuffenhausen,8004338,Neuwirtshaus (Porscheplatz),Baden-Württemberg,Stuttgart,70435,9.151955614,48.83384734,4,2608172130,,2608172130,,h,1,Bauarbeiten,,,,,,,2.0,1.0
-7506781114720968709-2608172103-10,7667,2608172131,2608172131,2,,S,S6,Weil der Stadt|Malmsheim|Renningen|Rutesheim|Leonberg|Höfingen|Ditzingen|Weilimdorf|Korntal,8004338,Neuwirtshaus (Porscheplatz),Baden-Württemberg,Stuttgart,70435,9.151955614,48.83384734,4,2608172132,,2608172133,,h,1,Bauarbeiten,,,,,,,1.0,2.0
-8144433675714112427-2608172155-3,7666,2608172158,2608172159,1,,S,S6,Stuttgart-Feuerbach|Stuttgart-Zuffenhausen,8004338,Neuwirtshaus (Porscheplatz),Baden-Württemberg,Stuttgart,70435,9.151955614,48.83384734,4,2608172200,,2608172201,,h,1,Bauarbeiten,,,,,,,2.0,2.0
800896748119483466-2608172146-2,7770,2608172149,2608172149,2,,S,S1,Herrenberg,8004490,Nufringen,Baden-Württemberg,Nufringen,71154,8.889817485,48.62010967,5,2608172151,,2608172152,,,,,,,,,,,2.0,3.0
1091836898745684931-2608172116-2,7768,2608172119,2608172119,2,,S,S1,Herrenberg,8004490,Nufringen,Baden-Württemberg,Nufringen,71154,8.889817485,48.62010967,5,2608172120,,2608172121,,,,,,,,,,,1.0,2.0
4683056481244044415-2608172046-8,7763,2608172111,2608172111,1,,S,S1,Stuttgart-Vaihingen|Stuttgart-Rohr|Goldberg(Württ)|Böblingen|Hulb|Ehningen(b Böblingen)|Gärtringen,8004490,Nufringen,Baden-Württemberg,Nufringen,71154,8.889817485,48.62010967,5,2608172113,,2608172113,,,,,,,,,,,2.0,2.0
7537870707558801072-2608172116-8,7765,2608172141,2608172141,1,,S,S1,Stuttgart-Vaihingen|Stuttgart-Rohr|Goldberg(Württ)|Böblingen|Hulb|Ehningen(b Böblingen)|Gärtringen,8004490,Nufringen,Baden-Württemberg,Nufringen,71154,8.889817485,48.62010967,5,2608172145,,2608172145,,,,,,,,,,,4.0,4.0
7308365696903436202-2608172105-3,7965,2608172114,2608172114,1,,S,S2,Stuttgart-Vaihingen|Stuttgart-Rohr,8004496,Oberaichen,Baden-Württemberg,Leinfelden-Echterdingen,70771,9.12743664,48.70512422,5,2608172114,,2608172115,,,,,,,,,,,0.0,1.0
4105031587460682562-2608172135-3,7967,2608172144,2608172144,1,,S,S2,Stuttgart-Vaihingen|Stuttgart-Rohr,8004496,Oberaichen,Baden-Württemberg,Leinfelden-Echterdingen,70771,9.12743664,48.70512422,5,2608172144,,2608172145,,,,,,,,,,,0.0,1.0
-2334134821981316841-2608172133-5,7966,2608172145,2608172145,2,,S,S2,Filderstadt|Stuttgart Flughafen/Messe|Echterdingen|Leinfelden,8004496,Oberaichen,Baden-Württemberg,Leinfelden-Echterdingen,70771,9.12743664,48.70512422,5,2608172145,,2608172145,,,,,,,,,,,0.0,0.0
-7605544355025909436-2608172103-5,7964,2608172115,2608172115,2,,S,S2,Filderstadt|Stuttgart Flughafen/Messe|Echterdingen|Leinfelden,8004496,Oberaichen,Baden-Württemberg,Leinfelden-Echterdingen,70771,9.12743664,48.70512422,5,2608172115,,2608172115,,,,,,,,,,,0.0,0.0
6090333868698703745-2608172125-8,7166,2608172145,2608172145,4,,S,S1,Stuttgart Hbf|Stuttgart-Bad Cannstatt|Stuttgart Neckarpark|Stuttgart-Untertürkheim|Stuttgart-Obertürkheim|Esslingen-Mettingen|Esslingen(Neckar),8004528,Oberesslingen,Baden-Württemberg,Esslingen am Neckar,73730,9.327277435,48.72983585,3,2608172145,,2608172145,,,,,,,,,,,0.0,0.0
3106830256264099267-2608172050-8,7167,2608172114,2608172115,3,,S,S1,Kirchheim(Teck)|Kirchheim(Teck)-Ötlingen|Wendlingen(Neckar)|Wernau(Neckar)|Plochingen|Altbach|Esslingen-Zell,8004528,Oberesslingen,Baden-Württemberg,Esslingen am Neckar,73730,9.327277435,48.72983585,3,2608172117,,2608172118,,,,,,,,,,,3.0,3.0
-1445914617040136913-2608172120-8,7169,2608172144,2608172145,3,,S,S1,Kirchheim(Teck)|Kirchheim(Teck)-Ötlingen|Wendlingen(Neckar)|Wernau(Neckar)|Plochingen|Altbach|Esslingen-Zell,8004528,Oberesslingen,Baden-Württemberg,Esslingen am Neckar,73730,9.327277435,48.72983585,3,2608172144,,2608172145,,,,,,,,,,,0.0,0.0
6929098726566169295-2608172055-8,7164,2608172115,2608172115,4,,S,S1,Stuttgart Hbf|Stuttgart-Bad Cannstatt|Stuttgart Neckarpark|Stuttgart-Untertürkheim|Stuttgart-Obertürkheim|Esslingen-Mettingen|Esslingen(Neckar),8004528,Oberesslingen,Baden-Württemberg,Esslingen am Neckar,73730,9.327277435,48.72983585,3,2608172115,,2608172115,,,,,,,,,,,0.0,0.0
6090333868698703745-2608172125-11,7166,2608172153,2608172155,10,,S,S1,Stuttgart Hbf|Stuttgart-Bad Cannstatt|Stuttgart Neckarpark|Stuttgart-Untertürkheim|Stuttgart-Obertürkheim|Esslingen-Mettingen|Esslingen(Neckar)|Oberesslingen|Esslingen-Zell|Altbach,8000302,Plochingen,Baden-Württemberg,Plochingen,73207,9.411294578,48.71293906,2,2608172153,,2608172155,,,,,,,,,,,0.0,0.0
1229260282759837658-2608172112-1,19336,,2608172112,,,RE,MEX18,,8000302,Plochingen,Baden-Württemberg,Plochingen,73207,9.411294578,48.71293906,2,,,2608172112,,h,2,Bauarbeiten,,,,,,,0.0,0.0
-557792537201496520-2608172100-4,19175,2608172121,2608172130,3,,ARV,16,Stuttgart Hbf|Stuttgart-Bad Cannstatt|Esslingen(Neckar),8000302,Plochingen,Baden-Württemberg,Plochingen,73207,9.411294578,48.71293906,2,2608172122,4,2608172130,4,,,,,,,,,,1.0,0.0
4084410163644003742-2608172042-4,19173,2608172100,2608172104,3,,ARV,16,Stuttgart Hbf|Stuttgart-Bad Cannstatt|Esslingen(Neckar),8000302,Plochingen,Baden-Württemberg,Plochingen,73207,9.411294578,48.71293906,2,2608172104,4,2608172104,4,,,,,,,,,,4.0,0.0
3106830256264099267-2608172050-5,7167,2608172105,2608172107,9,,S,S1,Kirchheim(Teck)|Kirchheim(Teck)-Ötlingen|Wendlingen(Neckar)|Wernau(Neckar),8000302,Plochingen,Baden-Württemberg,Plochingen,73207,9.411294578,48.71293906,2,2608172110,,2608172111,,,,,,,,,,,5.0,4.0
9051693092006692929-2608172137-3,4235,2608172154,2608172156,4,,RE,RE5,Stuttgart Hbf|Esslingen(Neckar),8000302,Plochingen,Baden-Württemberg,Plochingen,73207,9.411294578,48.71293906,2,2608172158,,2608172159,,,,,,,,,,,4.0,3.0
6759640336004358692-2608171905-11,4230,2608172102,2608172103,1,,RE,RE5,Friedrichshafen Stadt|Meckenbeuren|Ravensburg|Aulendorf|Bad Schussenried|Biberach(Riß)|Laupheim West|Ulm Hbf|Geislingen(Steige)|Göppingen,8000302,Plochingen,Baden-Württemberg,Plochingen,73207,9.411294578,48.71293906,2,2608172107,,2608172108,,h,2,Bauarbeiten,,,,,,,5.0,5.0
5518407205938790119-2608172030-11,19335,2608172142,,9,,RE,,Heilbronn Hbf|Nordheim(Württ)|Lauffen(Neckar)|Kirchheim(Neckar)|Walheim(Württ)|Besigheim|Bietigheim-Bissingen|Ludwigsburg|Kornwestheim Pbf|Esslingen(Neckar),8000302,Plochingen,Baden-Württemberg,Plochingen,73207,9.411294578,48.71293906,2,2608172154,6,,,h,2,Störung,,,,,,,12.0,0.0
-6102671226917243432-2608172116-7,19358,2608172147,2608172148,6,,RE,MEX12,Reutlingen Hbf|Metzingen(Württ)|Bempflingen|Nürtingen|Oberboihingen|Wendlingen(Neckar),8000302,Plochingen,Baden-Württemberg,Plochingen,73207,9.411294578,48.71293906,2,2608172147,,2608172148,,h,2,Bauarbeiten,,,,,,,0.0,0.0
8382187992903264693-2608171957-11,19349,2608172111,2608172112,9,,RE,MEX12,Heilbronn Hbf|Nordheim(Württ)|Lauffen(Neckar)|Kirchheim(Neckar)|Walheim(Württ)|Besigheim|Bietigheim-Bissingen|Ludwigsburg|Kornwestheim Pbf|Esslingen(Neckar),8000302,Plochingen,Baden-Württemberg,Plochingen,73207,9.411294578,48.71293906,2,2608172114,10,2608172115,10,h,2,Bauarbeiten,,,,,,,3.0,3.0
6004078165100865350-2608172036-19,19176,2608172157,2608172158,3,,ARV,16,Ulm Hbf|Beimerstetten|Westerstetten|Lonsee|Urspring|Amstetten(Württ)|Geislingen(Steige)|Geislingen(Steige)West|Kuchen|Gingen(Fils)|Süßen|Salach|Eislingen(Fils)|Göppingen|Faurndau|Uhingen|Ebersbach(Fils)|Reichenbach(Fils),8000302,Plochingen,Baden-Württemberg,Plochingen,73207,9.411294578,48.71293906,2,2608172200,,2608172201,,,,,,,,,,,3.0,3.0
-9043595130434349800-2608172048-13,19174,2608172128,2608172134,1,,ARV,16,Geislingen(Steige)|Geislingen(Steige)West|Kuchen|Gingen(Fils)|Süßen|Salach|Eislingen(Fils)|Göppingen|Faurndau|Uhingen|Ebersbach(Fils)|Reichenbach(Fils),8000302,Plochingen,Baden-Württemberg,Plochingen,73207,9.411294578,48.71293906,2,2608172128,,2608172134,,,,,,,,,,,0.0,0.0
-1445914617040136913-2608172120-5,7169,2608172135,2608172137,9,,S,S1,Kirchheim(Teck)|Kirchheim(Teck)-Ötlingen|Wendlingen(Neckar)|Wernau(Neckar),8000302,Plochingen,Baden-Württemberg,Plochingen,73207,9.411294578,48.71293906,2,2608172137,,2608172137,,,,,,,,,,,2.0,0.0
6929098726566169295-2608172055-11,7164,2608172123,2608172126,9,,S,S1,Stuttgart Hbf|Stuttgart-Bad Cannstatt|Stuttgart Neckarpark|Stuttgart-Untertürkheim|Stuttgart-Obertürkheim|Esslingen-Mettingen|Esslingen(Neckar)|Oberesslingen|Esslingen-Zell|Altbach,8000302,Plochingen,Baden-Württemberg,Plochingen,73207,9.411294578,48.71293906,2,2608172123,,2608172126,,,,,,,,,,,0.0,0.0
-4129909752986717170-2608172133-3,7669,2608172137,2608172141,2,,S,S6,Weil der Stadt|Malmsheim,8000313,Renningen,Baden-Württemberg,Renningen,71272,8.932650148,48.77515509,3,2608172138,,2608172141,,h,1,Bauarbeiten,,,,,,,1.0,0.0
-6752834245723676258-2608172125-10,7664,2608172149,2608172152,3,,S,S6,Stuttgart-Feuerbach|Stuttgart-Zuffenhausen|Neuwirtshaus(Porscheplatz)|Korntal|Weilimdorf|Ditzingen|Höfingen|Leonberg|Rutesheim,8000313,Renningen,Baden-Württemberg,Renningen,71272,8.932650148,48.77515509,3,2608172151,,2608172153,,h,1,Bauarbeiten,,,,,,,2.0,1.0
-8158613416807274501-2608172104-7,7065,2608172120,,2,,S,,Böblingen|Sindelfingen|Maichingen|Maichingen Nord|Magstadt|Renningen Süd,8000313,Renningen,Baden-Württemberg,Renningen,71272,8.932650148,48.77515509,3,2608172122,,,,h,1,Bauarbeiten,,,,,,,2.0,0.0
-7506781114720968709-2608172103-3,7667,2608172107,2608172111,2,,S,S6,Weil der Stadt|Malmsheim,8000313,Renningen,Baden-Württemberg,Renningen,71272,8.932650148,48.77515509,3,2608172109,,2608172111,,h,1,Bauarbeiten,,,,,,,2.0,0.0
-5866427935955509808-2608172134-7,7067,2608172150,,2,,S,,Böblingen|Sindelfingen|Maichingen|Maichingen Nord|Magstadt|Renningen Süd,8000313,Renningen,Baden-Württemberg,Renningen,71272,8.932650148,48.77515509,3,2608172152,,,,h,1,Bauarbeiten,,,,,,,2.0,0.0
-5979926096684375900-2608172055-10,7662,2608172119,2608172122,3,,S,S6,Stuttgart-Feuerbach|Stuttgart-Zuffenhausen|Neuwirtshaus(Porscheplatz)|Korntal|Weilimdorf|Ditzingen|Höfingen|Leonberg|Rutesheim,8000313,Renningen,Baden-Württemberg,Renningen,71272,8.932650148,48.77515509,3,2608172123,,2608172123,,h,1,Bauarbeiten,,,,,,,4.0,1.0
1155168320367792743-2608172041-9,7066,2608172104,2608172109,3,,S,S60,Stuttgart-Zuffenhausen|Neuwirtshaus(Porscheplatz)|Korntal|Weilimdorf|Ditzingen|Höfingen|Leonberg|Rutesheim,8000313,Renningen,Baden-Württemberg,Renningen,71272,8.932650148,48.77515509,3,2608172105,,2608172110,,h,1,Bauarbeiten,,,,,,,1.0,1.0
-279161464129784570-2608172139-1,7068,,2608172139,,,S,S60,,8000313,Renningen,Baden-Württemberg,Renningen,71272,8.932650148,48.77515509,3,,,2608172139,,h,1,Bauarbeiten,,,,,,,0.0,0.0
-7971444916294519755-2608172120-7,7264,2608172137,2608172137,1,,S,S2,Stuttgart Hbf|Stuttgart-Bad Cannstatt|Stuttgart Nürnberger Str.|Stuttgart-Sommerrain|Fellbach|Waiblingen,8005157,Rommelshausen,Baden-Württemberg,Kernen,71394,9.319175885,48.81552017,4,2608172139,,2608172139,,h,1,Bauarbeiten,,,,,,,2.0,2.0
2890455660221075834-2608172133-9,7269,2608172151,2608172152,2,,S,S2,Schorndorf|Weiler(Rems)|Winterbach(b Schorndorf)|Geradstetten|Grunbach|Beutelsbach|Endersbach|Stetten-Beinstein,8005157,Rommelshausen,Baden-Württemberg,Kernen,71394,9.319175885,48.81552017,4,2608172151,,2608172152,,h,1,Bauarbeiten,,,,,,,0.0,0.0
2628700476961371155-2608172103-9,7267,2608172121,2608172122,2,,S,S2,Schorndorf|Weiler(Rems)|Winterbach(b Schorndorf)|Geradstetten|Grunbach|Beutelsbach|Endersbach|Stetten-Beinstein,8005157,Rommelshausen,Baden-Württemberg,Kernen,71394,9.319175885,48.81552017,4,2608172122,,2608172123,,h,1,Bauarbeiten,,,,,,,1.0,1.0
3090077021401438649-2608172050-7,7262,2608172107,2608172107,1,,S,S2,Stuttgart Hbf|Stuttgart-Bad Cannstatt|Stuttgart Nürnberger Str.|Stuttgart-Sommerrain|Fellbach|Waiblingen,8005157,Rommelshausen,Baden-Württemberg,Kernen,71394,9.319175885,48.81552017,4,2608172107,,2608172108,,h,1,Bauarbeiten,,,,,,,0.0,1.0
-4129909752986717170-2608172133-4,7669,2608172143,2608172144,1,,S,S6,Weil der Stadt|Malmsheim|Renningen,8005236,Rutesheim,Baden-Württemberg,Leonberg,71229,8.960325242,48.79031093,5,2608172144,,2608172144,,h,1,Bauarbeiten,,,,,,,1.0,0.0
-6752834245723676258-2608172125-9,7664,2608172146,2608172146,2,,S,S6,Stuttgart-Feuerbach|Stuttgart-Zuffenhausen|Neuwirtshaus(Porscheplatz)|Korntal|Weilimdorf|Ditzingen|Höfingen|Leonberg,8005236,Rutesheim,Baden-Württemberg,Leonberg,71229,8.960325242,48.79031093,5,2608172148,,2608172148,,h,1,Bauarbeiten,,,,,,,2.0,2.0
-7506781114720968709-2608172103-4,7667,2608172113,2608172114,1,,S,S6,Weil der Stadt|Malmsheim|Renningen,8005236,Rutesheim,Baden-Württemberg,Leonberg,71229,8.960325242,48.79031093,5,2608172114,,2608172115,,h,1,Bauarbeiten,,,,,,,1.0,1.0
-5979926096684375900-2608172055-9,7662,2608172116,2608172116,2,,S,S6,Stuttgart-Feuerbach|Stuttgart-Zuffenhausen|Neuwirtshaus(Porscheplatz)|Korntal|Weilimdorf|Ditzingen|Höfingen|Leonberg,8005236,Rutesheim,Baden-Württemberg,Leonberg,71229,8.960325242,48.79031093,5,2608172120,,2608172120,,h,1,Bauarbeiten,,,,,,,4.0,4.0
1155168320367792743-2608172041-8,7066,2608172101,2608172101,2,,S,S60,Stuttgart-Zuffenhausen|Neuwirtshaus(Porscheplatz)|Korntal|Weilimdorf|Ditzingen|Höfingen|Leonberg,8005236,Rutesheim,Baden-Württemberg,Leonberg,71229,8.960325242,48.79031093,5,2608172102,,2608172103,,h,1,Bauarbeiten,,,,,,,1.0,2.0
-489160259659374986-2608171952-17,19486,2608172113,2608172114,3,,ARV,13,Crailsheim|Jagstzell|Ellwangen|Schrezheim|Schwabsberg|Goldshöfe|Hofen(b Aalen)|Wasseralfingen|Aalen Hbf|Mögglingen(Gmünd)|Böbingen(Rems)|Schwäbisch Gmünd|Lorch(Württ)|Waldhausen(b Schorndorf)|Plüderhausen|Urbach(b Schorndorf),8005424,Schorndorf,Baden-Württemberg,Schorndorf,73614,9.525686251,48.80693898,3,2608172118,,2608172119,,h,2,Information,,,,,,,5.0,5.0
-4811206268621532947-2608172120-4,19485,2608172143,2608172144,2,,ARV,13,Stuttgart Hbf|Stuttgart-Bad Cannstatt|Waiblingen,8005424,Schorndorf,Baden-Württemberg,Schorndorf,73614,9.525686251,48.80693898,3,2608172144,,2608172145,,h,2,Information,,,,,,,1.0,1.0
-7971444916294519755-2608172120-15,7264,2608172155,,1,,S,,Stuttgart Hbf|Stuttgart-Bad Cannstatt|Stuttgart Nürnberger Str.|Stuttgart-Sommerrain|Fellbach|Waiblingen|Rommelshausen|Stetten-Beinstein|Endersbach|Beutelsbach|Grunbach|Geradstetten|Winterbach(b Schorndorf)|Weiler(Rems),8005424,Schorndorf,Baden-Württemberg,Schorndorf,73614,9.525686251,48.80693898,3,2608172155,14,,,h,1,Bauarbeiten,,,,,,,0.0,0.0
4357443539708976180-2608172107-9,19440,2608172143,2608172144,3,,ARV,13,Aalen Hbf|Mögglingen(Gmünd)|Böbingen(Rems)|Schwäbisch Gmünd|Lorch(Württ)|Waldhausen(b Schorndorf)|Plüderhausen|Urbach(b Schorndorf),8005424,Schorndorf,Baden-Württemberg,Schorndorf,73614,9.525686251,48.80693898,3,2608172202,,2608172203,,h,2,Information,,,,,,,19.0,19.0
2890455660221075834-2608172133-1,7269,,2608172133,,,S,S2,,8005424,Schorndorf,Baden-Württemberg,Schorndorf,73614,9.525686251,48.80693898,3,,,2608172133,14,h,1,Bauarbeiten,,,,,,,0.0,0.0
-6477978226066436130-2608172047-4,19435,2608172113,2608172114,2,,ARV,13,Stuttgart Hbf|Stuttgart-Bad Cannstatt|Waiblingen,8005424,Schorndorf,Baden-Württemberg,Schorndorf,73614,9.525686251,48.80693898,3,2608172113,,2608172114,,h,2,Information,,,,,,,0.0,0.0
2628700476961371155-2608172103-1,7267,,2608172103,,,S,S2,,8005424,Schorndorf,Baden-Württemberg,Schorndorf,73614,9.525686251,48.80693898,3,,,2608172103,1,h,1,Bauarbeiten,,,,,,,0.0,0.0
3090077021401438649-2608172050-15,7262,2608172125,,14,,S,,Stuttgart Hbf|Stuttgart-Bad Cannstatt|Stuttgart Nürnberger Str.|Stuttgart-Sommerrain|Fellbach|Waiblingen|Rommelshausen|Stetten-Beinstein|Endersbach|Beutelsbach|Grunbach|Geradstetten|Winterbach(b Schorndorf)|Weiler(Rems),8005424,Schorndorf,Baden-Württemberg,Schorndorf,73614,9.525686251,48.80693898,3,2608172125,1,,,h,1,Bauarbeiten,,,,,,,0.0,0.0
970449513727673732-2608172141-5,7369,2608172152,2608172153,1,,S,S3,Backnang|Maubach|Nellmersbach|Winnenden,8005454,Schwaikheim,Baden-Württemberg,Schwaikheim,71409,9.354747358,48.86832665,4,2608172155,,2608172156,,,,,,,,,,,3.0,3.0
6924424662402192372-2608172112-8,7364,2608172136,2608172136,2,,S,S3,Stuttgart Hbf|Stuttgart-Bad Cannstatt|Stuttgart Nürnberger Str.|Stuttgart-Sommerrain|Fellbach|Waiblingen|Neustadt-Hohenacker,8005454,Schwaikheim,Baden-Württemberg,Schwaikheim,71409,9.354747358,48.86832665,4,2608172136,,2608172137,,,,,,,,,,,0.0,1.0
3859668929434965477-2608172111-5,7367,2608172122,2608172123,1,,S,S3,Backnang|Maubach|Nellmersbach|Winnenden,8005454,Schwaikheim,Baden-Württemberg,Schwaikheim,71409,9.354747358,48.86832665,4,2608172123,,2608172124,,,,,,,,,,,1.0,1.0
-4217556654966046239-2608172042-8,7362,2608172106,2608172106,2,,S,S3,Stuttgart Hbf|Stuttgart-Bad Cannstatt|Stuttgart Nürnberger Str.|Stuttgart-Sommerrain|Fellbach|Waiblingen|Neustadt-Hohenacker,8005454,Schwaikheim,Baden-Württemberg,Schwaikheim,71409,9.354747358,48.86832665,4,2608172106,,2608172107,,,,,,,,,,,0.0,1.0
-8158613416807274501-2608172104-2,7065,2608172106,2608172107,1,,S,S60,Böblingen,8005574,Sindelfingen,Baden-Württemberg,Sindelfingen,71063,8.999262079,48.70387346,6,2608172107,,2608172108,,h,1,Bauarbeiten,,,,,,,1.0,1.0
-5866427935955509808-2608172134-2,7067,2608172136,2608172137,1,,S,S60,Böblingen,8005574,Sindelfingen,Baden-Württemberg,Sindelfingen,71063,8.999262079,48.70387346,6,2608172138,,2608172139,,h,1,Bauarbeiten,,,,,,,2.0,2.0
1155168320367792743-2608172041-14,7066,2608172122,2608172123,1,,S,S60,Stuttgart-Zuffenhausen|Neuwirtshaus(Porscheplatz)|Korntal|Weilimdorf|Ditzingen|Höfingen|Leonberg|Rutesheim|Renningen|Renningen Süd|Magstadt|Maichingen Nord|Maichingen,8005574,Sindelfingen,Baden-Württemberg,Sindelfingen,71063,8.999262079,48.70387346,6,2608172123,,2608172123,,h,1,Bauarbeiten,,,,,,,1.0,0.0
-279161464129784570-2608172139-6,7068,2608172152,2608172153,1,,S,S60,Renningen|Renningen Süd|Magstadt|Maichingen Nord|Maichingen,8005574,Sindelfingen,Baden-Württemberg,Sindelfingen,71063,8.999262079,48.70387346,6,2608172153,,2608172153,,h,1,Bauarbeiten,,,,,,,1.0,0.0
-7971444916294519755-2608172120-8,7264,2608172139,2608172139,1,,S,S2,Stuttgart Hbf|Stuttgart-Bad Cannstatt|Stuttgart Nürnberger Str.|Stuttgart-Sommerrain|Fellbach|Waiblingen|Rommelshausen,8005726,Stetten-Beinstein,Baden-Württemberg,Weinstadt,71384,9.352769725,48.81199601,5,2608172141,,2608172142,,h,1,Bauarbeiten,,,,,,,2.0,3.0
2890455660221075834-2608172133-8,7269,2608172149,2608172149,2,,S,S2,Schorndorf|Weiler(Rems)|Winterbach(b Schorndorf)|Geradstetten|Grunbach|Beutelsbach|Endersbach,8005726,Stetten-Beinstein,Baden-Württemberg,Weinstadt,71384,9.352769725,48.81199601,5,2608172149,,2608172149,,h,1,Bauarbeiten,,,,,,,0.0,0.0
2628700476961371155-2608172103-8,7267,2608172119,2608172119,2,,S,S2,Schorndorf|Weiler(Rems)|Winterbach(b Schorndorf)|Geradstetten|Grunbach|Beutelsbach|Endersbach,8005726,Stetten-Beinstein,Baden-Württemberg,Weinstadt,71384,9.352769725,48.81199601,5,2608172119,,2608172120,,h,1,Bauarbeiten,,,,,,,0.0,1.0
3090077021401438649-2608172050-8,7262,2608172109,2608172109,1,,S,S2,Stuttgart Hbf|Stuttgart-Bad Cannstatt|Stuttgart Nürnberger Str.|Stuttgart-Sommerrain|Fellbach|Waiblingen|Rommelshausen,8005726,Stetten-Beinstein,Baden-Württemberg,Weinstadt,71384,9.352769725,48.81199601,5,2608172110,,2608172110,,h,1,Bauarbeiten,,,,,,,1.0,1.0
-7578975115161805427-2608172041-12,7365,2608172117,,4,,S,,Backnang|Maubach|Nellmersbach|Winnenden|Schwaikheim|Neustadt-Hohenacker|Waiblingen|Fellbach|Stuttgart-Sommerrain|Stuttgart Nürnberger Str.|Stuttgart-Bad Cannstatt,8000096,Stuttgart Hbf,Baden-Württemberg,Stuttgart,70173,9.183172973,48.78473069,1,2608172117,,,,,,,,,,,,,0.0,0.0
-1629091222842562557-2608171936-5,50182,2608172133,,5,,RE,,Singen(Hohentwiel)|Tuttlingen|Rottweil|Horb,8000096,Stuttgart Hbf,Baden-Württemberg,Stuttgart,70173,9.183172973,48.78473069,1,,,,,h,2,Information,,,,,c,,0.0,0.0
6090333868698703745-2608172125-1,7166,,2608172125,,,S,S1,,8000096,Stuttgart Hbf,Baden-Württemberg,Stuttgart,70173,9.183172973,48.78473069,1,,,2608172125,,,,,,,,,,,0.0,0.0
-6151352840709963938-2608171837-7,182,2608172133,,5,,IC,,Zürich HB|Schaffhausen|Singen(Hohentwiel)|Tuttlingen|Rottweil|Horb,8000096,Stuttgart Hbf,Baden-Württemberg,Stuttgart,70173,9.183172973,48.78473069,1,,,,,h,1,Information,,,,,c,,0.0,0.0
8207276654188600407-2608172107-8,7567,2608172135,,2,,S,,Bietigheim-Bissingen|Tamm(Württ)|Asperg|Ludwigsburg|Kornwestheim Pbf|Stuttgart-Zuffenhausen|Stuttgart Nordbahnhof,8000096,Stuttgart Hbf,Baden-Württemberg,Stuttgart,70173,9.183172973,48.78473069,1,2608172136,,,,,,,,,,,,,1.0,0.0
-3308886757577533631-2608171946-22,19172,2608172116,,12,,ARV,,Ulm Hbf|Beimerstetten|Westerstetten|Lonsee|Urspring|Amstetten(Württ)|Geislingen(Steige)|Geislingen(Steige)West|Kuchen|Gingen(Fils)|Süßen|Salach|Eislingen(Fils)|Göppingen|Faurndau|Uhingen|Ebersbach(Fils)|Reichenbach(Fils)|Plochingen|Esslingen(Neckar)|Stuttgart-Bad Cannstatt,8000096,Stuttgart Hbf,Baden-Württemberg,Stuttgart,70173,9.183172973,48.78473069,1,2608172118,,,,,,,,,,,,,2.0,0.0
-8959018065734509300-2608172010-6,1099,2608172155,,8,,ICE,,Frankfurt(Main)Hbf|Darmstadt Hbf|Bensheim|Weinheim(Bergstr)Hbf|Heidelberg Hbf,8000096,Stuttgart Hbf,Baden-Württemberg,Stuttgart,70173,9.183172973,48.78473069,1,,,,,,,,,,,,c,,0.0,0.0
534212340185310120-2608172147-1,19437,,2608172147,,,ARV,13,,8000096,Stuttgart Hbf,Baden-Württemberg,Stuttgart,70173,9.183172973,48.78473069,1,,,2608172148,,h,2,Information,,,,,,,0.0,1.0
-5248477185843077062-2608172033-14,7465,2608172125,,1,,S,,Backnang|Burgstall(Murr)|Kirchberg(Murr)|Erdmannhausen|Marbach(Neckar)|Benningen(Neckar)|Freiberg(Neckar)|Favoritepark|Ludwigsburg|Kornwestheim Pbf|Stuttgart-Zuffenhausen|Stuttgart-Feuerbach|Stuttgart Nordbahnhof,8000096,Stuttgart Hbf,Baden-Württemberg,Stuttgart,70173,9.183172973,48.78473069,1,2608172126,,,,h,1,Bauarbeiten,,,,,,,1.0,0.0
-4825568150332843798-2608172032-7,19031,2608172133,,6,,ARV,,Karlsruhe Hbf|Karlsruhe-Durlach|Wilferdingen-Singen|Pforzheim Hbf|Mühlacker|Vaihingen(Enz),8000096,Stuttgart Hbf,Baden-Württemberg,Stuttgart,70173,9.183172973,48.78473069,1,2608172142,5,,,,,,,,,,,,9.0,0.0
5478205539568852992-2608172146-1,19580,,2608172146,,,RE,MEX17,,8000096,Stuttgart Hbf,Baden-Württemberg,Stuttgart,70173,9.183172973,48.78473069,1,,,2608172146,6,h,2,Bauarbeiten,,,,,,,0.0,0.0
-489160259659374986-2608171952-20,19486,2608172139,,14,,ARV,,Crailsheim|Jagstzell|Ellwangen|Schrezheim|Schwabsberg|Goldshöfe|Hofen(b Aalen)|Wasseralfingen|Aalen Hbf|Mögglingen(Gmünd)|Böbingen(Rems)|Schwäbisch Gmünd|Lorch(Württ)|Waldhausen(b Schorndorf)|Plüderhausen|Urbach(b Schorndorf)|Schorndorf|Waiblingen|Stuttgart-Bad Cannstatt,8000096,Stuttgart Hbf,Baden-Württemberg,Stuttgart,70173,9.183172973,48.78473069,1,2608172141,,,,h,2,Information,,,,,,,2.0,0.0
904272065433025864-2608172020-15,7165,2608172105,,4,,S,,Kirchheim(Teck)|Kirchheim(Teck)-Ötlingen|Wendlingen(Neckar)|Wernau(Neckar)|Plochingen|Altbach|Esslingen-Zell|Oberesslingen|Esslingen(Neckar)|Esslingen-Mettingen|Stuttgart-Obertürkheim|Stuttgart-Untertürkheim|Stuttgart Neckarpark|Stuttgart-Bad Cannstatt,8000096,Stuttgart Hbf,Baden-Württemberg,Stuttgart,70173,9.183172973,48.78473069,1,2608172105,,,,,,,,,,,,,0.0,0.0
2828988855077273536-2608172137-1,7464,,2608172137,,,S,S4,,8000096,Stuttgart Hbf,Baden-Württemberg,Stuttgart,70173,9.183172973,48.78473069,1,,,2608172138,,h,1,Bauarbeiten,,,,,,,0.0,1.0
-6294731278479900645-2608172150-1,7266,,2608172150,,,S,S2,,8000096,Stuttgart Hbf,Baden-Württemberg,Stuttgart,70173,9.183172973,48.78473069,1,,,2608172150,,h,1,Bauarbeiten,,,,,,,0.0,0.0
-4811206268621532947-2608172120-1,19485,,2608172120,,,ARV,13,,8000096,Stuttgart Hbf,Baden-Württemberg,Stuttgart,70173,9.183172973,48.78473069,1,,,2608172123,,h,2,Information,,,,,,,0.0,3.0
-557792537201496520-2608172100-1,19175,,2608172100,,,ARV,16,,8000096,Stuttgart Hbf,Baden-Württemberg,Stuttgart,70173,9.183172973,48.78473069,1,,,2608172100,,,,,,,,,,,0.0,0.0
-7667904401447584686-2608172133-3,28498,2608172158,,5,,RE,,Böblingen|Stuttgart-Vaihingen,8000096,Stuttgart Hbf,Baden-Württemberg,Stuttgart,70173,9.183172973,48.78473069,1,2608172205,,,,,,,,,,,,,7.0,0.0
3106830256264099267-2608172050-15,7167,2608172135,,4,,S,,Kirchheim(Teck)|Kirchheim(Teck)-Ötlingen|Wendlingen(Neckar)|Wernau(Neckar)|Plochingen|Altbach|Esslingen-Zell|Oberesslingen|Esslingen(Neckar)|Esslingen-Mettingen|Stuttgart-Obertürkheim|Stuttgart-Untertürkheim|Stuttgart Neckarpark|Stuttgart-Bad Cannstatt,8000096,Stuttgart Hbf,Baden-Württemberg,Stuttgart,70173,9.183172973,48.78473069,1,2608172136,,,,,,,,,,,,,1.0,0.0
-7971444916294519755-2608172120-1,7264,,2608172120,,,S,S2,,8000096,Stuttgart Hbf,Baden-Württemberg,Stuttgart,70173,9.183172973,48.78473069,1,,,2608172120,,h,1,Bauarbeiten,,,,,,,0.0,0.0
613026341677136269-2608172103-14,7467,2608172155,,1,,S,,Backnang|Burgstall(Murr)|Kirchberg(Murr)|Erdmannhausen|Marbach(Neckar)|Benningen(Neckar)|Freiberg(Neckar)|Favoritepark|Ludwigsburg|Kornwestheim Pbf|Stuttgart-Zuffenhausen|Stuttgart-Feuerbach|Stuttgart Nordbahnhof,8000096,Stuttgart Hbf,Baden-Württemberg,Stuttgart,70173,9.183172973,48.78473069,1,2608172155,,,,h,1,Bauarbeiten,,,,,,,0.0,0.0
5987283900685740896-2608171753-5,9579,2608172126,,9,,ICE,,Paris Est|Strasbourg|Karlsruhe Hbf|Vaihingen(Enz),8000096,Stuttgart Hbf,Baden-Württemberg,Stuttgart,70173,9.183172973,48.78473069,1,2608172132,9,,,h,3,Störung,,,,,,,6.0,0.0
9051693092006692929-2608172137-1,4235,,2608172137,,,RE,RE5,,8000096,Stuttgart Hbf,Baden-Württemberg,Stuttgart,70173,9.183172973,48.78473069,1,,,2608172137,14,,,,,,,,,,0.0,0.0
1301990910613774192-2608172008-9,98238,2608172123,,,,ARV,,Gaildorf West|Murrhardt|Sulzbach(Murr)|Oppenweiler(Württ)|Backnang|Winnenden|Waiblingen|Stuttgart-Bad Cannstatt,8000096,Stuttgart Hbf,Baden-Württemberg,Stuttgart,70173,9.183172973,48.78473069,1,2608172123,13,,,h,2,Information,,,,,,,0.0,0.0
553786968472239584-2608172142-1,7366,,2608172142,,,S,S3,,8000096,Stuttgart Hbf,Baden-Württemberg,Stuttgart,70173,9.183172973,48.78473069,1,,,2608172142,,,,,,,,,,,0.0,0.0
6759640336004358692-2608171905-13,4230,2608172120,,11,,RE,,Friedrichshafen Stadt|Meckenbeuren|Ravensburg|Aulendorf|Bad Schussenried|Biberach(Riß)|Laupheim West|Ulm Hbf|Geislingen(Steige)|Göppingen|Plochingen|Esslingen(Neckar),8000096,Stuttgart Hbf,Baden-Württemberg,Stuttgart,70173,9.183172973,48.78473069,1,2608172125,,,,h,2,Bauarbeiten,,,,,,,5.0,0.0
8322424274180843926-2608171928-5,510,2608172143,2608172149,10,,ICE,,München Hbf|München-Pasing|Augsburg Hbf|Ulm Hbf,8000096,Stuttgart Hbf,Baden-Württemberg,Stuttgart,70173,9.183172973,48.78473069,1,2608172138,,2608172149,,,,,,,,,,,-5.0,0.0
-2697374704234513960-2608172132-1,19032,,2608172132,,,ARV,1,,8000096,Stuttgart Hbf,Baden-Württemberg,Stuttgart,70173,9.183172973,48.78473069,1,,,2608172132,,,,,,,,,,,0.0,0.0
5309476577673731873-2608172101-1,28499,,2608172101,,,RE,RESB,,8000096,Stuttgart Hbf,Baden-Württemberg,Stuttgart,70173,9.183172973,48.78473069,1,,,2608172112,8,,,,,,,,,,0.0,11.0
-4698443977179735697-2608172127-1,7566,,2608172127,,,S,S5,,8000096,Stuttgart Hbf,Baden-Württemberg,Stuttgart,70173,9.183172973,48.78473069,1,,,2608172127,,,,,,,,,,,0.0,0.0
-8173057082443024324-2608172013-17,17682,2608172142,,7,,RE,,Freudenstadt Hbf|Grüntal-Wittlensweiler|Dornstetten-Aach|Dornstetten|Schopfloch(b Freudenstadt)|Bittelbronn|Horb-Heiligenfeld|Hochdorf(b Horb)|Eutingen Nord|Eutingen im Gäu|Ergenzingen|Bondorf(b Herrenberg)|Gäufelden|Herrenberg|Böblingen|Stuttgart-Vaihingen,8000096,Stuttgart Hbf,Baden-Württemberg,Stuttgart,70173,9.183172973,48.78473069,1,2608172152,,,,,,,,,,,,,10.0,0.0
2044823728383562621-2608171550-15,2064,2608172153,2608172159,11,,IC,,Leipzig Hbf|Naumburg(Saale)Hbf|Jena Paradies|Jena-Göschwitz|Rudolstadt(Thür)|Saalfeld(Saale)|Ludwigsstadt|Kronach|Lichtenfels|Bamberg|Erlangen|Nürnberg Hbf|Ansbach|Aalen Hbf,8000096,Stuttgart Hbf,Baden-Württemberg,Stuttgart,70173,9.183172973,48.78473069,1,2608172209,,2608172214,,h,2,Information,,,,,,,16.0,15.0
3851149700712559495-2608172033-15,7265,2608172110,,3,,S,,Schorndorf|Weiler(Rems)|Winterbach(b Schorndorf)|Geradstetten|Grunbach|Beutelsbach|Endersbach|Stetten-Beinstein|Rommelshausen|Waiblingen|Fellbach|Stuttgart-Sommerrain|Stuttgart Nürnberger Str.|Stuttgart-Bad Cannstatt,8000096,Stuttgart Hbf,Baden-Württemberg,Stuttgart,70173,9.183172973,48.78473069,1,2608172110,,,,h,1,Bauarbeiten,,,,,,,0.0,0.0
6924424662402192372-2608172112-1,7364,,2608172112,,,S,S3,,8000096,Stuttgart Hbf,Baden-Württemberg,Stuttgart,70173,9.183172973,48.78473069,1,,,2608172112,,,,,,,,,,,0.0,0.0
8212366017237548172-2608172057-9,19361,2608172142,2608172152,15,,RE,MEX12,Heilbronn Hbf|Nordheim(Württ)|Lauffen(Neckar)|Kirchheim(Neckar)|Walheim(Württ)|Besigheim|Bietigheim-Bissingen|Ludwigsburg,8000096,Stuttgart Hbf,Baden-Württemberg,Stuttgart,70173,9.183172973,48.78473069,1,2608172145,,2608172152,,h,2,Bauarbeiten,,,,,,,3.0,0.0
6402086477437547994-2608172107-1,7462,,2608172107,,,S,S4,,8000096,Stuttgart Hbf,Baden-Württemberg,Stuttgart,70173,9.183172973,48.78473069,1,,,2608172109,,h,1,Bauarbeiten,,,,,,,0.0,2.0
-1118747796873824672-2608171349-11,1243,2608172145,,6,,FLX,,Hamburg-Bergedorf|Berlin-Spandau|Berlin Hbf|Berlin Südkreuz|Halle(Saale)Hbf|Erfurt Hbf|Fulda|Frankfurt(Main)Süd|Darmstadt Hbf|Heidelberg Hbf,8000096,Stuttgart Hbf,Baden-Württemberg,Stuttgart,70173,9.183172973,48.78473069,1,2608172213,8,,,,,,,,,,,,28.0,0.0
7200444769907381892-2608171527-17,995,2608172157,,9,,ICE,,Berlin-Charlottenburg|Berlin-Spandau|Stendal Hbf|Wolfsburg Hbf|Braunschweig Hbf|Hildesheim Hbf|Göttingen|Kassel-Wilhelmshöhe|Fulda|Frankfurt(Main)Süd|Darmstadt Hbf|Bensheim|Weinheim(Bergstr)Hbf|Heidelberg Hbf|Wiesloch-Walldorf|Esslingen(Neckar),8000096,Stuttgart Hbf,Baden-Württemberg,Stuttgart,70173,9.183172973,48.78473069,1,2608172200,,,,h,3,Information,,,,,,,3.0,0.0
5680698672680243057-2608172155-1,7168,,2608172155,,,S,S1,,8000096,Stuttgart Hbf,Baden-Württemberg,Stuttgart,70173,9.183172973,48.78473069,1,,,2608172155,,,,,,,,,,,0.0,0.0
-8846636026834830888-2608172037-8,7565,2608172105,,2,,S,,Bietigheim-Bissingen|Tamm(Württ)|Asperg|Ludwigsburg|Kornwestheim Pbf|Stuttgart-Zuffenhausen|Stuttgart Nordbahnhof,8000096,Stuttgart Hbf,Baden-Württemberg,Stuttgart,70173,9.183172973,48.78473069,1,2608172106,,,,,,,,,,,,,1.0,0.0
-7115850203393089615-2608172002-12,17680,2608172142,,7,,RE,,Rottweil|Oberndorf(Neckar)|Sulz(Neckar)|Horb|Eutingen im Gäu|Ergenzingen|Bondorf(b Herrenberg)|Gäufelden|Herrenberg|Böblingen|Stuttgart-Vaihingen,8000096,Stuttgart Hbf,Baden-Württemberg,Stuttgart,70173,9.183172973,48.78473069,1,2608172152,,,,h,2,Bauarbeiten,,,,,,,10.0,0.0
5410392350429499457-2608172116-1,52385,,2608172116,,,RE,IC87,,8000096,Stuttgart Hbf,Baden-Württemberg,Stuttgart,70173,9.183172973,48.78473069,1,,,2608172122,5,h,2,Information,,,,,,,0.0,6.0
2628700476961371155-2608172103-15,7267,2608172140,,3,,S,,Schorndorf|Weiler(Rems)|Winterbach(b Schorndorf)|Geradstetten|Grunbach|Beutelsbach|Endersbach|Stetten-Beinstein|Rommelshausen|Waiblingen|Fellbach|Stuttgart-Sommerrain|Stuttgart Nürnberger Str.|Stuttgart-Bad Cannstatt,8000096,Stuttgart Hbf,Baden-Württemberg,Stuttgart,70173,9.183172973,48.78473069,1,2608172140,,,,h,1,Bauarbeiten,,,,,,,0.0,0.0
91239951430369415-2608172007-12,19436,2608172109,,14,,ARV,,Aalen Hbf|Mögglingen(Gmünd)|Böbingen(Rems)|Schwäbisch Gmünd|Lorch(Württ)|Waldhausen(b Schorndorf)|Plüderhausen|Urbach(b Schorndorf)|Schorndorf|Waiblingen|Stuttgart-Bad Cannstatt,8000096,Stuttgart Hbf,Baden-Württemberg,Stuttgart,70173,9.183172973,48.78473069,1,2608172114,,,,h,2,Information,,,,,,,5.0,0.0
-9043595130434349800-2608172048-16,19174,2608172150,,12,,ARV,,Geislingen(Steige)|Geislingen(Steige)West|Kuchen|Gingen(Fils)|Süßen|Salach|Eislingen(Fils)|Göppingen|Faurndau|Uhingen|Ebersbach(Fils)|Reichenbach(Fils)|Plochingen|Esslingen(Neckar)|Stuttgart-Bad Cannstatt,8000096,Stuttgart Hbf,Baden-Württemberg,Stuttgart,70173,9.183172973,48.78473069,1,2608172151,,,,,,,,,,,,,1.0,0.0
1389785616641395473-2608171601-5,1163,2608172101,,11,,ICE,,Berlin Gesundbrunnen|Berlin Hbf|Berlin Südkreuz|Nürnberg Hbf,8000096,Stuttgart Hbf,Baden-Württemberg,Stuttgart,70173,9.183172973,48.78473069,1,2608172146,,,,c,,,,,Berlin Gesundbrunnen|Berlin Hbf|Berlin Südkreuz|Nürnberg Hbf,,,,45.0,0.0
3859668929434965477-2608172111-12,7367,2608172147,,4,,S,,Backnang|Maubach|Nellmersbach|Winnenden|Schwaikheim|Neustadt-Hohenacker|Waiblingen|Fellbach|Stuttgart-Sommerrain|Stuttgart Nürnberger Str.|Stuttgart-Bad Cannstatt,8000096,Stuttgart Hbf,Baden-Württemberg,Stuttgart,70173,9.183172973,48.78473069,1,2608172147,,,,,,,,,,,,,0.0,0.0
4601980119676676489-2608172016-10,19356,2608172113,2608172120,10,,RE,MEX12,Reutlingen Hbf|Metzingen(Württ)|Bempflingen|Nürtingen|Oberboihingen|Wendlingen(Neckar)|Plochingen|Esslingen(Neckar)|Stuttgart-Bad Cannstatt,8000096,Stuttgart Hbf,Baden-Württemberg,Stuttgart,70173,9.183172973,48.78473069,1,2608172112,,2608172121,,h,2,Bauarbeiten,,,,,,,-1.0,1.0
-2631007370516690844-2608172157-1,7568,,2608172157,,,S,S5,,8000096,Stuttgart Hbf,Baden-Württemberg,Stuttgart,70173,9.183172973,48.78473069,1,,,2608172157,,,,,,,,,,,0.0,0.0
3201207977925592989-2608171313-13,2593,2608172111,2608172117,16,,ICE,,Hamburg Hbf|Ludwigslust|Wittenberge|Berlin Hbf|Berlin Südkreuz|Lutherstadt Wittenberg Hbf|Leipzig Hbf|Erfurt Hbf|Eisenach Hbf|Fulda|Frankfurt(Main)Hbf|Mannheim Hbf,8000096,Stuttgart Hbf,Baden-Württemberg,Stuttgart,70173,9.183172973,48.78473069,1,2608172112,,2608172117,,h,3,Information,,,,,,,1.0,0.0
-4202043283235864726-2608172116-1,2385,,2608172116,,,IC,,,8000096,Stuttgart Hbf,Baden-Württemberg,Stuttgart,70173,9.183172973,48.78473069,1,,,2608172122,5,h,2,Information,,,,,,,0.0,6.0
205536001243633238-2608172155-1,88649,,2608172155,,,ARV,90,,8000096,Stuttgart Hbf,Baden-Württemberg,Stuttgart,70173,9.183172973,48.78473069,1,,,2608172155,,h,2,Information,,,,,,,0.0,0.0
2515064770390304228-2608172140-1,19177,,2608172140,,,ARV,16,,8000096,Stuttgart Hbf,Baden-Württemberg,Stuttgart,70173,9.183172973,48.78473069,1,,,2608172141,,,,,,,,,,,0.0,1.0
4790964350260582077-2608172014-14,19573,2608172109,,8,,RE,,Pforzheim Hbf|Eutingen(Baden)|Niefern|Enzberg|Mühlacker|Mühlacker Rößlesweg|Illingen(Württ)|Vaihingen(Enz)|Sersheim|Sachsenheim|Ellental|Bietigheim-Bissingen|Ludwigsburg,8000096,Stuttgart Hbf,Baden-Württemberg,Stuttgart,70173,9.183172973,48.78473069,1,2608172110,6,,,h,2,Bauarbeiten,,,,,,,1.0,0.0
6090333868698703745-2608172125-3,7166,2608172132,2608172132,2,,S,S1,Stuttgart Hbf|Stuttgart-Bad Cannstatt,8006743,Stuttgart Neckarpark,Baden-Württemberg,Stuttgart,70372,9.24106855,48.79194362,4,2608172132,,2608172133,,,,,,,,,,,0.0,1.0
3106830256264099267-2608172050-13,7167,2608172127,2608172127,1,,S,S1,Kirchheim(Teck)|Kirchheim(Teck)-Ötlingen|Wendlingen(Neckar)|Wernau(Neckar)|Plochingen|Altbach|Esslingen-Zell|Oberesslingen|Esslingen(Neckar)|Esslingen-Mettingen|Stuttgart-Obertürkheim|Stuttgart-Untertürkheim,8006743,Stuttgart Neckarpark,Baden-Württemberg,Stuttgart,70372,9.24106855,48.79194362,4,2608172129,,2608172130,,,,,,,,,,,2.0,3.0
-1445914617040136913-2608172120-13,7169,2608172157,2608172157,1,,S,S1,Kirchheim(Teck)|Kirchheim(Teck)-Ötlingen|Wendlingen(Neckar)|Wernau(Neckar)|Plochingen|Altbach|Esslingen-Zell|Oberesslingen|Esslingen(Neckar)|Esslingen-Mettingen|Stuttgart-Obertürkheim|Stuttgart-Untertürkheim,8006743,Stuttgart Neckarpark,Baden-Württemberg,Stuttgart,70372,9.24106855,48.79194362,4,2608172157,,2608172157,,,,,,,,,,,0.0,0.0
6929098726566169295-2608172055-3,7164,2608172102,2608172102,2,,S,S1,Stuttgart Hbf|Stuttgart-Bad Cannstatt,8006743,Stuttgart Neckarpark,Baden-Württemberg,Stuttgart,70372,9.24106855,48.79194362,4,2608172102,,2608172102,,,,,,,,,,,0.0,0.0
8207276654188600407-2608172107-7,7567,2608172129,2608172131,4,,S,S5,Bietigheim-Bissingen|Tamm(Württ)|Asperg|Ludwigsburg|Kornwestheim Pbf|Stuttgart-Zuffenhausen,8005767,Stuttgart Nord,Baden-Württemberg,Stuttgard-Nord,70174,9.188061449,48.80374161,5,2608172133,,2608172133,,,,,,,,,,,4.0,2.0
-5248477185843077062-2608172033-13,7465,2608172119,2608172121,4,,S,S4,Backnang|Burgstall(Murr)|Kirchberg(Murr)|Erdmannhausen|Marbach(Neckar)|Benningen(Neckar)|Freiberg(Neckar)|Favoritepark|Ludwigsburg|Kornwestheim Pbf|Stuttgart-Zuffenhausen|Stuttgart-Feuerbach,8005767,Stuttgart Nord,Baden-Württemberg,Stuttgard-Nord,70174,9.188061449,48.80374161,5,2608172122,,2608172122,,h,1,Bauarbeiten,,,,,,,3.0,1.0
2828988855077273536-2608172137-2,7464,2608172140,2608172141,3,,S,S4,Stuttgart Hbf,8005767,Stuttgart Nord,Baden-Württemberg,Stuttgard-Nord,70174,9.188061449,48.80374161,5,2608172142,,2608172142,,h,1,Bauarbeiten,,,,,,,2.0,1.0
-3661735359450834382-2608172137-7,7569,2608172159,2608172201,4,,S,S5,Bietigheim-Bissingen|Tamm(Württ)|Asperg|Ludwigsburg|Kornwestheim Pbf|Stuttgart-Zuffenhausen,8005767,Stuttgart Nord,Baden-Württemberg,Stuttgard-Nord,70174,9.188061449,48.80374161,5,2608172159,,2608172201,,,,,,,,,,,0.0,0.0
613026341677136269-2608172103-13,7467,2608172149,2608172151,4,,S,S4,Backnang|Burgstall(Murr)|Kirchberg(Murr)|Erdmannhausen|Marbach(Neckar)|Benningen(Neckar)|Freiberg(Neckar)|Favoritepark|Ludwigsburg|Kornwestheim Pbf|Stuttgart-Zuffenhausen|Stuttgart-Feuerbach,8005767,Stuttgart Nord,Baden-Württemberg,Stuttgard-Nord,70174,9.188061449,48.80374161,5,2608172149,,2608172151,,h,1,Bauarbeiten,,,,,,,0.0,0.0
-4698443977179735697-2608172127-2,7566,2608172130,2608172131,3,,S,S5,Stuttgart Hbf,8005767,Stuttgart Nord,Baden-Württemberg,Stuttgard-Nord,70174,9.188061449,48.80374161,5,2608172131,,2608172133,,,,,,,,,,,1.0,2.0
6402086477437547994-2608172107-2,7462,2608172110,2608172111,3,,S,S4,Stuttgart Hbf,8005767,Stuttgart Nord,Baden-Württemberg,Stuttgard-Nord,70174,9.188061449,48.80374161,5,2608172113,,2608172114,,h,1,Bauarbeiten,,,,,,,3.0,3.0
-8846636026834830888-2608172037-7,7565,2608172059,2608172101,4,,S,S5,Bietigheim-Bissingen|Tamm(Württ)|Asperg|Ludwigsburg|Kornwestheim Pbf|Stuttgart-Zuffenhausen,8005767,Stuttgart Nord,Baden-Württemberg,Stuttgard-Nord,70174,9.188061449,48.80374161,5,2608172100,,2608172103,,,,,,,,,,,1.0,2.0
3081120732937112595-2608172057-2,7564,2608172100,2608172101,3,,S,S5,Stuttgart Hbf,8005767,Stuttgart Nord,Baden-Württemberg,Stuttgard-Nord,70174,9.188061449,48.80374161,5,2608172103,,2608172106,,,,,,,,,,,3.0,5.0
-7578975115161805427-2608172041-10,7365,2608172107,2608172108,1,,S,S3,Backnang|Maubach|Nellmersbach|Winnenden|Schwaikheim|Neustadt-Hohenacker|Waiblingen|Fellbach|Stuttgart-Sommerrain,8004357,Stuttgart Nürnberger Straße,Baden-Württemberg,Stuttgart,70374,9.234576905,48.80656062,5,2608172108,,2608172109,,,,,,,,,,,1.0,1.0
-6294731278479900645-2608172150-3,7266,2608172157,2608172157,4,,S,S2,Stuttgart Hbf|Stuttgart-Bad Cannstatt,8004357,Stuttgart Nürnberger Straße,Baden-Württemberg,Stuttgart,70374,9.234576905,48.80656062,5,2608172158,,2608172158,,h,1,Bauarbeiten,,,,,,,1.0,1.0
-7971444916294519755-2608172120-3,7264,2608172127,2608172127,4,,S,S2,Stuttgart Hbf|Stuttgart-Bad Cannstatt,8004357,Stuttgart Nürnberger Straße,Baden-Württemberg,Stuttgart,70374,9.234576905,48.80656062,5,2608172127,,2608172127,,h,1,Bauarbeiten,,,,,,,0.0,0.0
553786968472239584-2608172142-3,7366,2608172152,2608172152,4,,S,S3,Stuttgart Hbf|Stuttgart-Bad Cannstatt,8004357,Stuttgart Nürnberger Straße,Baden-Württemberg,Stuttgart,70374,9.234576905,48.80656062,5,2608172152,,2608172152,,,,,,,,,,,0.0,0.0
3851149700712559495-2608172033-13,7265,2608172102,2608172103,1,,S,S2,Schorndorf|Weiler(Rems)|Winterbach(b Schorndorf)|Geradstetten|Grunbach|Beutelsbach|Endersbach|Stetten-Beinstein|Rommelshausen|Waiblingen|Fellbach|Stuttgart-Sommerrain,8004357,Stuttgart Nürnberger Straße,Baden-Württemberg,Stuttgart,70374,9.234576905,48.80656062,5,2608172103,,2608172103,,h,1,Bauarbeiten,,,,,,,1.0,0.0
6924424662402192372-2608172112-3,7364,2608172122,2608172122,4,,S,S3,Stuttgart Hbf|Stuttgart-Bad Cannstatt,8004357,Stuttgart Nürnberger Straße,Baden-Württemberg,Stuttgart,70374,9.234576905,48.80656062,5,2608172122,,2608172122,,,,,,,,,,,0.0,0.0
2628700476961371155-2608172103-13,7267,2608172132,2608172133,1,,S,S2,Schorndorf|Weiler(Rems)|Winterbach(b Schorndorf)|Geradstetten|Grunbach|Beutelsbach|Endersbach|Stetten-Beinstein|Rommelshausen|Waiblingen|Fellbach|Stuttgart-Sommerrain,8004357,Stuttgart Nürnberger Straße,Baden-Württemberg,Stuttgart,70374,9.234576905,48.80656062,5,2608172132,,2608172133,,h,1,Bauarbeiten,,,,,,,0.0,0.0
3859668929434965477-2608172111-10,7367,2608172137,2608172138,1,,S,S3,Backnang|Maubach|Nellmersbach|Winnenden|Schwaikheim|Neustadt-Hohenacker|Waiblingen|Fellbach|Stuttgart-Sommerrain,8004357,Stuttgart Nürnberger Straße,Baden-Württemberg,Stuttgart,70374,9.234576905,48.80656062,5,2608172137,,2608172138,,,,,,,,,,,0.0,0.0
-7578975115161805427-2608172041-11,7365,2608172111,2608172113,2,,S,S3,Backnang|Maubach|Nellmersbach|Winnenden|Schwaikheim|Neustadt-Hohenacker|Waiblingen|Fellbach|Stuttgart-Sommerrain|Stuttgart Nürnberger Str.,8005769,Stuttgart-Bad Cannstatt,Baden-Württemberg,Stuttgart,70372,9.217468636,48.80127978,3,2608172111,,2608172113,,,,,,,,,,,0.0,0.0
6090333868698703745-2608172125-2,7166,2608172128,2608172129,3,,S,S1,Stuttgart Hbf,8005769,Stuttgart-Bad Cannstatt,Baden-Württemberg,Stuttgart,70372,9.217468636,48.80127978,3,2608172129,,2608172130,,,,,,,,,,,1.0,1.0
-3308886757577533631-2608171946-21,19172,2608172112,2608172112,5,,ARV,16,Ulm Hbf|Beimerstetten|Westerstetten|Lonsee|Urspring|Amstetten(Württ)|Geislingen(Steige)|Geislingen(Steige)West|Kuchen|Gingen(Fils)|Süßen|Salach|Eislingen(Fils)|Göppingen|Faurndau|Uhingen|Ebersbach(Fils)|Reichenbach(Fils)|Plochingen|Esslingen(Neckar),8005769,Stuttgart-Bad Cannstatt,Baden-Württemberg,Stuttgart,70372,9.217468636,48.80127978,3,2608172113,,2608172115,,,,,,,,,,,1.0,3.0
534212340185310120-2608172147-2,19437,2608172150,2608172152,7,,ARV,13,Stuttgart Hbf,8005769,Stuttgart-Bad Cannstatt,Baden-Württemberg,Stuttgart,70372,9.217468636,48.80127978,3,2608172151,,2608172152,,h,2,Information,,,,,,,1.0,0.0
-489160259659374986-2608171952-19,19486,2608172135,2608172135,6,,ARV,13,Crailsheim|Jagstzell|Ellwangen|Schrezheim|Schwabsberg|Goldshöfe|Hofen(b Aalen)|Wasseralfingen|Aalen Hbf|Mögglingen(Gmünd)|Böbingen(Rems)|Schwäbisch Gmünd|Lorch(Württ)|Waldhausen(b Schorndorf)|Plüderhausen|Urbach(b Schorndorf)|Schorndorf|Waiblingen,8005769,Stuttgart-Bad Cannstatt,Baden-Württemberg,Stuttgart,70372,9.217468636,48.80127978,3,2608172136,,2608172138,,h,2,Information,,,,,,,1.0,3.0
904272065433025864-2608172020-14,7165,2608172100,2608172101,2,,S,S1,Kirchheim(Teck)|Kirchheim(Teck)-Ötlingen|Wendlingen(Neckar)|Wernau(Neckar)|Plochingen|Altbach|Esslingen-Zell|Oberesslingen|Esslingen(Neckar)|Esslingen-Mettingen|Stuttgart-Obertürkheim|Stuttgart-Untertürkheim|Stuttgart Neckarpark,8005769,Stuttgart-Bad Cannstatt,Baden-Württemberg,Stuttgart,70372,9.217468636,48.80127978,3,2608172100,,2608172101,,,,,,,,,,,0.0,0.0
-6294731278479900645-2608172150-2,7266,2608172154,2608172154,3,,S,S2,Stuttgart Hbf,8005769,Stuttgart-Bad Cannstatt,Baden-Württemberg,Stuttgart,70372,9.217468636,48.80127978,3,2608172155,,2608172155,,h,1,Bauarbeiten,,,,,,,1.0,1.0
-4811206268621532947-2608172120-2,19485,2608172123,2608172125,7,,ARV,13,Stuttgart Hbf,8005769,Stuttgart-Bad Cannstatt,Baden-Württemberg,Stuttgart,70372,9.217468636,48.80127978,3,2608172126,,2608172127,,h,2,Information,,,,,,,3.0,2.0
-557792537201496520-2608172100-2,19175,2608172103,2608172106,8,,ARV,16,Stuttgart Hbf,8005769,Stuttgart-Bad Cannstatt,Baden-Württemberg,Stuttgart,70372,9.217468636,48.80127978,3,2608172103,,2608172106,,,,,,,,,,,0.0,0.0
3106830256264099267-2608172050-14,7167,2608172130,2608172131,2,,S,S1,Kirchheim(Teck)|Kirchheim(Teck)-Ötlingen|Wendlingen(Neckar)|Wernau(Neckar)|Plochingen|Altbach|Esslingen-Zell|Oberesslingen|Esslingen(Neckar)|Esslingen-Mettingen|Stuttgart-Obertürkheim|Stuttgart-Untertürkheim|Stuttgart Neckarpark,8005769,Stuttgart-Bad Cannstatt,Baden-Württemberg,Stuttgart,70372,9.217468636,48.80127978,3,2608172132,,2608172133,,,,,,,,,,,2.0,2.0
-7971444916294519755-2608172120-2,7264,2608172124,2608172124,3,,S,S2,Stuttgart Hbf,8005769,Stuttgart-Bad Cannstatt,Baden-Württemberg,Stuttgart,70372,9.217468636,48.80127978,3,2608172124,,2608172124,,h,1,Bauarbeiten,,,,,,,0.0,0.0
1301990910613774192-2608172008-8,98238,2608172114,2608172119,,,ARV,90,Gaildorf West|Murrhardt|Sulzbach(Murr)|Oppenweiler(Württ)|Backnang|Winnenden|Waiblingen,8005769,Stuttgart-Bad Cannstatt,Baden-Württemberg,Stuttgart,70372,9.217468636,48.80127978,3,2608172115,6,2608172118,6,h,2,Information,,,,,,,1.0,-1.0
553786968472239584-2608172142-2,7366,2608172146,2608172149,3,,S,S3,Stuttgart Hbf,8005769,Stuttgart-Bad Cannstatt,Baden-Württemberg,Stuttgart,70372,9.217468636,48.80127978,3,2608172146,,2608172149,,,,,,,,,,,0.0,0.0
5564750212670929059-2608172057-2,89695,2608172100,2608172101,,,ARV,90,Stuttgart Hbf,8005769,Stuttgart-Bad Cannstatt,Baden-Württemberg,Stuttgart,70372,9.217468636,48.80127978,3,2608172101,7,2608172102,7,h,2,Information,,,,,,,1.0,1.0
3851149700712559495-2608172033-14,7265,2608172105,2608172106,2,,S,S2,Schorndorf|Weiler(Rems)|Winterbach(b Schorndorf)|Geradstetten|Grunbach|Beutelsbach|Endersbach|Stetten-Beinstein|Rommelshausen|Waiblingen|Fellbach|Stuttgart-Sommerrain|Stuttgart Nürnberger Str.,8005769,Stuttgart-Bad Cannstatt,Baden-Württemberg,Stuttgart,70372,9.217468636,48.80127978,3,2608172106,,2608172106,,h,1,Bauarbeiten,,,,,,,1.0,0.0
6924424662402192372-2608172112-2,7364,2608172116,2608172119,3,,S,S3,Stuttgart Hbf,8005769,Stuttgart-Bad Cannstatt,Baden-Württemberg,Stuttgart,70372,9.217468636,48.80127978,3,2608172116,,2608172119,,,,,,,,,,,0.0,0.0
8212366017237548172-2608172057-10,19361,2608172155,2608172155,8,,RE,MEX12,Heilbronn Hbf|Nordheim(Württ)|Lauffen(Neckar)|Kirchheim(Neckar)|Walheim(Württ)|Besigheim|Bietigheim-Bissingen|Ludwigsburg|Stuttgart Hbf,8005769,Stuttgart-Bad Cannstatt,Baden-Württemberg,Stuttgart,70372,9.217468636,48.80127978,3,2608172156,,2608172157,,h,2,Bauarbeiten,,,,,,,1.0,2.0
5680698672680243057-2608172155-2,7168,2608172158,2608172159,3,,S,S1,Stuttgart Hbf,8005769,Stuttgart-Bad Cannstatt,Baden-Württemberg,Stuttgart,70372,9.217468636,48.80127978,3,2608172159,,2608172159,,,,,,,,,,,1.0,0.0
2628700476961371155-2608172103-14,7267,2608172135,2608172136,2,,S,S2,Schorndorf|Weiler(Rems)|Winterbach(b Schorndorf)|Geradstetten|Grunbach|Beutelsbach|Endersbach|Stetten-Beinstein|Rommelshausen|Waiblingen|Fellbach|Stuttgart-Sommerrain|Stuttgart Nürnberger Str.,8005769,Stuttgart-Bad Cannstatt,Baden-Württemberg,Stuttgart,70372,9.217468636,48.80127978,3,2608172136,,2608172137,,h,1,Bauarbeiten,,,,,,,1.0,1.0
91239951430369415-2608172007-11,19436,2608172105,2608172106,6,,ARV,13,Aalen Hbf|Mögglingen(Gmünd)|Böbingen(Rems)|Schwäbisch Gmünd|Lorch(Württ)|Waldhausen(b Schorndorf)|Plüderhausen|Urbach(b Schorndorf)|Schorndorf|Waiblingen,8005769,Stuttgart-Bad Cannstatt,Baden-Württemberg,Stuttgart,70372,9.217468636,48.80127978,3,2608172106,,2608172110,,h,2,Information,,,,,,,1.0,4.0
-9043595130434349800-2608172048-15,19174,2608172146,2608172147,5,,ARV,16,Geislingen(Steige)|Geislingen(Steige)West|Kuchen|Gingen(Fils)|Süßen|Salach|Eislingen(Fils)|Göppingen|Faurndau|Uhingen|Ebersbach(Fils)|Reichenbach(Fils)|Plochingen|Esslingen(Neckar),8005769,Stuttgart-Bad Cannstatt,Baden-Württemberg,Stuttgart,70372,9.217468636,48.80127978,3,2608172147,,2608172147,,,,,,,,,,,1.0,0.0
3859668929434965477-2608172111-11,7367,2608172141,2608172143,2,,S,S3,Backnang|Maubach|Nellmersbach|Winnenden|Schwaikheim|Neustadt-Hohenacker|Waiblingen|Fellbach|Stuttgart-Sommerrain|Stuttgart Nürnberger Str.,8005769,Stuttgart-Bad Cannstatt,Baden-Württemberg,Stuttgart,70372,9.217468636,48.80127978,3,2608172141,,2608172143,,,,,,,,,,,0.0,0.0
2958161372308159730-2608172111-8,17564,2608172158,2608172158,6,,RE,MEX90,Gaildorf West|Murrhardt|Sulzbach(Murr)|Oppenweiler(Württ)|Backnang|Winnenden|Waiblingen,8005769,Stuttgart-Bad Cannstatt,Baden-Württemberg,Stuttgart,70372,9.217468636,48.80127978,3,2608172200,,2608172202,,,,,,,,,,,2.0,4.0
4601980119676676489-2608172016-9,19356,2608172104,2608172108,5,,RE,MEX12,Reutlingen Hbf|Metzingen(Württ)|Bempflingen|Nürtingen|Oberboihingen|Wendlingen(Neckar)|Plochingen|Esslingen(Neckar),8005769,Stuttgart-Bad Cannstatt,Baden-Württemberg,Stuttgart,70372,9.217468636,48.80127978,3,2608172104,,2608172108,,h,2,Bauarbeiten,,,,,,,0.0,0.0
205536001243633238-2608172155-2,88649,2608172158,2608172201,7,,ARV,90,Stuttgart Hbf,8005769,Stuttgart-Bad Cannstatt,Baden-Württemberg,Stuttgart,70372,9.217468636,48.80127978,3,2608172158,,2608172201,,h,2,Information,,,,,,,0.0,0.0
2515064770390304228-2608172140-2,19177,2608172143,2608172144,8,,ARV,16,Stuttgart Hbf,8005769,Stuttgart-Bad Cannstatt,Baden-Württemberg,Stuttgart,70372,9.217468636,48.80127978,3,2608172144,,2608172145,,,,,,,,,,,1.0,1.0
-5248477185843077062-2608172033-12,7465,2608172116,2608172116,1,,S,S4,Backnang|Burgstall(Murr)|Kirchberg(Murr)|Erdmannhausen|Marbach(Neckar)|Benningen(Neckar)|Freiberg(Neckar)|Favoritepark|Ludwigsburg|Kornwestheim Pbf|Stuttgart-Zuffenhausen,8005770,Stuttgart-Feuerbach,Baden-Württemberg,Feuerbach,70469,9.169186287,48.81363554,3,,,,,h,1,Bauarbeiten,,,,,c,c,0.0,0.0
1336318002580222572-2608172033-12,7665,2608172105,,1a,,S,,Weil der Stadt|Malmsheim|Renningen|Rutesheim|Leonberg|Höfingen|Ditzingen|Weilimdorf|Korntal|Neuwirtshaus(Porscheplatz)|Stuttgart-Zuffenhausen,8005770,Stuttgart-Feuerbach,Baden-Württemberg,Feuerbach,70469,9.169186287,48.81363554,3,2608172110,,,,h,1,Bauarbeiten,,,,,,,5.0,0.0
-6752834245723676258-2608172125-1,7664,,2608172125,,,S,S6,,8005770,Stuttgart-Feuerbach,Baden-Württemberg,Feuerbach,70469,9.169186287,48.81363554,3,,,2608172125,,h,1,Bauarbeiten,,,,,,,0.0,0.0
613026341677136269-2608172103-12,7467,2608172146,2608172146,1,,S,S4,Backnang|Burgstall(Murr)|Kirchberg(Murr)|Erdmannhausen|Marbach(Neckar)|Benningen(Neckar)|Freiberg(Neckar)|Favoritepark|Ludwigsburg|Kornwestheim Pbf|Stuttgart-Zuffenhausen,8005770,Stuttgart-Feuerbach,Baden-Württemberg,Feuerbach,70469,9.169186287,48.81363554,3,,,,,h,1,Bauarbeiten,,,,,c,c,0.0,0.0
-7506781114720968709-2608172103-12,7667,2608172135,,1a,,S,,Weil der Stadt|Malmsheim|Renningen|Rutesheim|Leonberg|Höfingen|Ditzingen|Weilimdorf|Korntal|Neuwirtshaus(Porscheplatz)|Stuttgart-Zuffenhausen,8005770,Stuttgart-Feuerbach,Baden-Württemberg,Feuerbach,70469,9.169186287,48.81363554,3,2608172137,,,,h,1,Bauarbeiten,,,,,,,2.0,0.0
-8144433675714112427-2608172155-1,7666,,2608172155,,,S,S6,,8005770,Stuttgart-Feuerbach,Baden-Württemberg,Feuerbach,70469,9.169186287,48.81363554,3,,,2608172155,,h,1,Bauarbeiten,,,,,,,0.0,0.0
6090333868698703745-2608172125-5,7166,2608172137,2608172137,6,,S,S1,Stuttgart Hbf|Stuttgart-Bad Cannstatt|Stuttgart Neckarpark|Stuttgart-Untertürkheim,8005772,Stuttgart-Obertürkheim,Baden-Württemberg,Stuttgart,70329,9.268167932,48.76175015,4,2608172137,,2608172138,,,,,,,,,,,0.0,1.0
3106830256264099267-2608172050-11,7167,2608172122,2608172122,5,,S,S1,Kirchheim(Teck)|Kirchheim(Teck)-Ötlingen|Wendlingen(Neckar)|Wernau(Neckar)|Plochingen|Altbach|Esslingen-Zell|Oberesslingen|Esslingen(Neckar)|Esslingen-Mettingen,8005772,Stuttgart-Obertürkheim,Baden-Württemberg,Stuttgart,70329,9.268167932,48.76175015,4,2608172124,,2608172125,,,,,,,,,,,2.0,3.0
-1445914617040136913-2608172120-11,7169,2608172152,2608172152,5,,S,S1,Kirchheim(Teck)|Kirchheim(Teck)-Ötlingen|Wendlingen(Neckar)|Wernau(Neckar)|Plochingen|Altbach|Esslingen-Zell|Oberesslingen|Esslingen(Neckar)|Esslingen-Mettingen,8005772,Stuttgart-Obertürkheim,Baden-Württemberg,Stuttgart,70329,9.268167932,48.76175015,4,2608172152,,2608172152,,,,,,,,,,,0.0,0.0
6929098726566169295-2608172055-5,7164,2608172107,2608172107,6,,S,S1,Stuttgart Hbf|Stuttgart-Bad Cannstatt|Stuttgart Neckarpark|Stuttgart-Untertürkheim,8005772,Stuttgart-Obertürkheim,Baden-Württemberg,Stuttgart,70329,9.268167932,48.76175015,4,2608172107,,2608172107,,,,,,,,,,,0.0,0.0
1091836898745684931-2608172116-8,7768,2608172137,2608172138,3,,S,S1,Herrenberg|Nufringen|Gärtringen|Ehningen(b Böblingen)|Hulb|Böblingen|Goldberg(Württ),8005773,Stuttgart-Rohr,Baden-Württemberg,Stuttgart,70565,9.108158025,48.71799427,4,2608172142,,2608172142,,,,,,,,,,,5.0,4.0
7308365696903436202-2608172105-2,7965,2608172106,2608172112,2,,S,S2,Stuttgart-Vaihingen,8005773,Stuttgart-Rohr,Baden-Württemberg,Stuttgart,70565,9.108158025,48.71799427,4,2608172106,,2608172112,,,,,,,,,,,0.0,0.0
-3745751710781721805-2608172146-2,7767,2608172147,2608172153,2,,S,S1,Stuttgart-Vaihingen,8005773,Stuttgart-Rohr,Baden-Württemberg,Stuttgart,70565,9.108158025,48.71799427,4,2608172148,,2608172153,,,,,,,,,,,1.0,0.0
4105031587460682562-2608172135-2,7967,2608172136,2608172142,2,,S,S2,Stuttgart-Vaihingen,8005773,Stuttgart-Rohr,Baden-Württemberg,Stuttgart,70565,9.108158025,48.71799427,4,2608172136,,2608172142,,,,,,,,,,,0.0,0.0
-2334134821981316841-2608172133-6,7966,2608172148,2608172149,3,,S,S2,Filderstadt|Stuttgart Flughafen/Messe|Echterdingen|Leinfelden|Oberaichen,8005773,Stuttgart-Rohr,Baden-Württemberg,Stuttgart,70565,9.108158025,48.71799427,4,2608172148,,2608172149,,,,,,,,,,,0.0,0.0
7537870707558801072-2608172116-2,7765,2608172117,2608172123,2,,S,S1,Stuttgart-Vaihingen,8005773,Stuttgart-Rohr,Baden-Württemberg,Stuttgart,70565,9.108158025,48.71799427,4,2608172118,,2608172123,,,,,,,,,,,1.0,0.0
-7605544355025909436-2608172103-6,7964,2608172118,2608172119,3,,S,S2,Filderstadt|Stuttgart Flughafen/Messe|Echterdingen|Leinfelden|Oberaichen,8005773,Stuttgart-Rohr,Baden-Württemberg,Stuttgart,70565,9.108158025,48.71799427,4,2608172118,,2608172119,,,,,,,,,,,0.0,0.0
-1277972719015839341-2608172046-8,7766,2608172107,2608172108,3,,S,S1,Herrenberg|Nufringen|Gärtringen|Ehningen(b Böblingen)|Hulb|Böblingen|Goldberg(Württ),8005773,Stuttgart-Rohr,Baden-Württemberg,Stuttgart,70565,9.108158025,48.71799427,4,2608172121,,2608172122,,,,,,,,,,,14.0,14.0
-7578975115161805427-2608172041-9,7365,2608172105,2608172105,1,,S,S3,Backnang|Maubach|Nellmersbach|Winnenden|Schwaikheim|Neustadt-Hohenacker|Waiblingen|Fellbach,8005774,Stuttgart-Sommerrain,Baden-Württemberg,Stuttgart,70374,9.248369749,48.81521824,5,2608172106,,2608172106,,,,,,,,,,,1.0,1.0
-6294731278479900645-2608172150-4,7266,2608172159,2608172159,4,,S,S2,Stuttgart Hbf|Stuttgart-Bad Cannstatt|Stuttgart Nürnberger Str.,8005774,Stuttgart-Sommerrain,Baden-Württemberg,Stuttgart,70374,9.248369749,48.81521824,5,2608172200,,2608172200,,h,1,Bauarbeiten,,,,,,,1.0,1.0
-7971444916294519755-2608172120-4,7264,2608172129,2608172129,4,,S,S2,Stuttgart Hbf|Stuttgart-Bad Cannstatt|Stuttgart Nürnberger Str.,8005774,Stuttgart-Sommerrain,Baden-Württemberg,Stuttgart,70374,9.248369749,48.81521824,5,2608172129,,2608172130,,h,1,Bauarbeiten,,,,,,,0.0,1.0
553786968472239584-2608172142-4,7366,2608172154,2608172154,4,,S,S3,Stuttgart Hbf|Stuttgart-Bad Cannstatt|Stuttgart Nürnberger Str.,8005774,Stuttgart-Sommerrain,Baden-Württemberg,Stuttgart,70374,9.248369749,48.81521824,5,2608172154,,2608172155,,,,,,,,,,,0.0,1.0
3851149700712559495-2608172033-12,7265,2608172100,2608172100,1,,S,S2,Schorndorf|Weiler(Rems)|Winterbach(b Schorndorf)|Geradstetten|Grunbach|Beutelsbach|Endersbach|Stetten-Beinstein|Rommelshausen|Waiblingen|Fellbach,8005774,Stuttgart-Sommerrain,Baden-Württemberg,Stuttgart,70374,9.248369749,48.81521824,5,2608172100,,2608172101,,h,1,Bauarbeiten,,,,,,,0.0,1.0
6924424662402192372-2608172112-4,7364,2608172124,2608172124,4,,S,S3,Stuttgart Hbf|Stuttgart-Bad Cannstatt|Stuttgart Nürnberger Str.,8005774,Stuttgart-Sommerrain,Baden-Württemberg,Stuttgart,70374,9.248369749,48.81521824,5,2608172124,,2608172124,,,,,,,,,,,0.0,0.0
2628700476961371155-2608172103-12,7267,2608172130,2608172130,1,,S,S2,Schorndorf|Weiler(Rems)|Winterbach(b Schorndorf)|Geradstetten|Grunbach|Beutelsbach|Endersbach|Stetten-Beinstein|Rommelshausen|Waiblingen|Fellbach,8005774,Stuttgart-Sommerrain,Baden-Württemberg,Stuttgart,70374,9.248369749,48.81521824,5,2608172130,,2608172131,,h,1,Bauarbeiten,,,,,,,0.0,1.0
3859668929434965477-2608172111-9,7367,2608172135,2608172135,1,,S,S3,Backnang|Maubach|Nellmersbach|Winnenden|Schwaikheim|Neustadt-Hohenacker|Waiblingen|Fellbach,8005774,Stuttgart-Sommerrain,Baden-Württemberg,Stuttgart,70374,9.248369749,48.81521824,5,2608172135,,2608172136,,,,,,,,,,,0.0,1.0
6090333868698703745-2608172125-4,7166,2608172134,2608172134,6,,S,S1,Stuttgart Hbf|Stuttgart-Bad Cannstatt|Stuttgart Neckarpark,8005775,Stuttgart-Untertürkheim Pbf,Baden-Württemberg,Stuttgart,70327,9.250467074,48.77984679,3,2608172134,,2608172135,,,,,,,,,,,0.0,1.0
3106830256264099267-2608172050-12,7167,2608172125,2608172125,5,,S,S1,Kirchheim(Teck)|Kirchheim(Teck)-Ötlingen|Wendlingen(Neckar)|Wernau(Neckar)|Plochingen|Altbach|Esslingen-Zell|Oberesslingen|Esslingen(Neckar)|Esslingen-Mettingen|Stuttgart-Obertürkheim,8005775,Stuttgart-Untertürkheim Pbf,Baden-Württemberg,Stuttgart,70327,9.250467074,48.77984679,3,2608172127,,2608172128,,,,,,,,,,,2.0,3.0
-1445914617040136913-2608172120-12,7169,2608172155,2608172155,5,,S,S1,Kirchheim(Teck)|Kirchheim(Teck)-Ötlingen|Wendlingen(Neckar)|Wernau(Neckar)|Plochingen|Altbach|Esslingen-Zell|Oberesslingen|Esslingen(Neckar)|Esslingen-Mettingen|Stuttgart-Obertürkheim,8005775,Stuttgart-Untertürkheim Pbf,Baden-Württemberg,Stuttgart,70327,9.250467074,48.77984679,3,2608172155,,2608172155,,,,,,,,,,,0.0,0.0
6929098726566169295-2608172055-4,7164,2608172104,2608172104,6,,S,S1,Stuttgart Hbf|Stuttgart-Bad Cannstatt|Stuttgart Neckarpark,8005775,Stuttgart-Untertürkheim Pbf,Baden-Württemberg,Stuttgart,70327,9.250467074,48.77984679,3,2608172104,,2608172104,,,,,,,,,,,0.0,0.0
1091836898745684931-2608172116-9,7768,2608172140,,3,,S,,Herrenberg|Nufringen|Gärtringen|Ehningen(b Böblingen)|Hulb|Böblingen|Goldberg(Württ)|Stuttgart-Rohr,8005776,Stuttgart-Vaihingen,Baden-Württemberg,Stuttgart,70563,9.113913368,48.72698116,3,2608172144,,,,,,,,,,,,,4.0,0.0
7308365696903436202-2608172105-1,7965,,2608172105,,,S,S2,,8005776,Stuttgart-Vaihingen,Baden-Württemberg,Stuttgart,70563,9.113913368,48.72698116,3,,,2608172105,,,,,,,,,,,0.0,0.0
-7667904401447584686-2608172133-2,28498,2608172141,2608172141,4,,RE,RESB,Böblingen,8005776,Stuttgart-Vaihingen,Baden-Württemberg,Stuttgart,70563,9.113913368,48.72698116,3,2608172150,,2608172150,,,,,,,,,,,9.0,9.0
-3745751710781721805-2608172146-1,7767,,2608172146,,,S,S1,,8005776,Stuttgart-Vaihingen,Baden-Württemberg,Stuttgart,70563,9.113913368,48.72698116,3,,,2608172146,,,,,,,,,,,0.0,0.0
4105031587460682562-2608172135-1,7967,,2608172135,,,S,S2,,8005776,Stuttgart-Vaihingen,Baden-Württemberg,Stuttgart,70563,9.113913368,48.72698116,3,,,2608172135,,,,,,,,,,,0.0,0.0
-2334134821981316841-2608172133-7,7966,2608172150,,2,,S,,Filderstadt|Stuttgart Flughafen/Messe|Echterdingen|Leinfelden|Oberaichen|Stuttgart-Rohr,8005776,Stuttgart-Vaihingen,Baden-Württemberg,Stuttgart,70563,9.113913368,48.72698116,3,2608172150,,,,,,,,,,,,,0.0,0.0
7537870707558801072-2608172116-1,7765,,2608172116,,,S,S1,,8005776,Stuttgart-Vaihingen,Baden-Württemberg,Stuttgart,70563,9.113913368,48.72698116,3,,,2608172116,,,,,,,,,,,0.0,0.0
5309476577673731873-2608172101-2,28499,2608172114,2608172118,6,,RE,RESB,Stuttgart Hbf,8005776,Stuttgart-Vaihingen,Baden-Württemberg,Stuttgart,70563,9.113913368,48.72698116,3,2608172129,4,2608172130,4,,,,,,,,,,15.0,12.0
-8173057082443024324-2608172013-16,17682,2608172128,2608172129,4,,RE,RE14b,Freudenstadt Hbf|Grüntal-Wittlensweiler|Dornstetten-Aach|Dornstetten|Schopfloch(b Freudenstadt)|Bittelbronn|Horb-Heiligenfeld|Hochdorf(b Horb)|Eutingen Nord|Eutingen im Gäu|Ergenzingen|Bondorf(b Herrenberg)|Gäufelden|Herrenberg|Böblingen,8005776,Stuttgart-Vaihingen,Baden-Württemberg,Stuttgart,70563,9.113913368,48.72698116,3,2608172136,,2608172138,,,,,,,,,,,8.0,9.0
-7605544355025909436-2608172103-7,7964,2608172120,,2,,S,,Filderstadt|Stuttgart Flughafen/Messe|Echterdingen|Leinfelden|Oberaichen|Stuttgart-Rohr,8005776,Stuttgart-Vaihingen,Baden-Württemberg,Stuttgart,70563,9.113913368,48.72698116,3,2608172120,,,,,,,,,,,,,0.0,0.0
-7115850203393089615-2608172002-11,17680,2608172128,2608172129,4,,RE,RE14a,Rottweil|Oberndorf(Neckar)|Sulz(Neckar)|Horb|Eutingen im Gäu|Ergenzingen|Bondorf(b Herrenberg)|Gäufelden|Herrenberg|Böblingen,8005776,Stuttgart-Vaihingen,Baden-Württemberg,Stuttgart,70563,9.113913368,48.72698116,3,2608172136,,2608172138,,h,2,Bauarbeiten,,,,,,,8.0,9.0
-1277972719015839341-2608172046-9,7766,2608172110,,3,,S,,Herrenberg|Nufringen|Gärtringen|Ehningen(b Böblingen)|Hulb|Böblingen|Goldberg(Württ)|Stuttgart-Rohr,8005776,Stuttgart-Vaihingen,Baden-Württemberg,Stuttgart,70563,9.113913368,48.72698116,3,2608172124,,,,,,,,,,,,,14.0,0.0
-4129909752986717170-2608172133-8,7669,2608172156,2608172156,2,,S,S6,Weil der Stadt|Malmsheim|Renningen|Rutesheim|Leonberg|Höfingen|Ditzingen,8006268,Stuttgart-Weilimdorf,Baden-Württemberg,Stuttgart,70499,9.094370086,48.82208429,5,2608172156,,2608172157,,h,1,Bauarbeiten,,,,,,,0.0,1.0
-6752834245723676258-2608172125-5,7664,2608172133,2608172134,1,,S,S6,Stuttgart-Feuerbach|Stuttgart-Zuffenhausen|Neuwirtshaus(Porscheplatz)|Korntal,8006268,Stuttgart-Weilimdorf,Baden-Württemberg,Stuttgart,70499,9.094370086,48.82208429,5,2608172135,,2608172135,,h,1,Bauarbeiten,,,,,,,2.0,1.0
-7506781114720968709-2608172103-8,7667,2608172126,2608172126,2,,S,S6,Weil der Stadt|Malmsheim|Renningen|Rutesheim|Leonberg|Höfingen|Ditzingen,8006268,Stuttgart-Weilimdorf,Baden-Württemberg,Stuttgart,70499,9.094370086,48.82208429,5,2608172127,,2608172128,,h,1,Bauarbeiten,,,,,,,1.0,2.0
-5979926096684375900-2608172055-5,7662,2608172103,2608172104,1,,S,S6,Stuttgart-Feuerbach|Stuttgart-Zuffenhausen|Neuwirtshaus(Porscheplatz)|Korntal,8006268,Stuttgart-Weilimdorf,Baden-Württemberg,Stuttgart,70499,9.094370086,48.82208429,5,2608172108,,2608172109,,h,1,Bauarbeiten,,,,,,,5.0,5.0
8207276654188600407-2608172107-6,7567,2608172123,2608172124,5,,S,S5,Bietigheim-Bissingen|Tamm(Württ)|Asperg|Ludwigsburg|Kornwestheim Pbf,8005778,Stuttgart-Zuffenhausen,Baden-Württemberg,Stuttgart,70435,9.167156375,48.82960884,3,2608172128,,2608172129,,,,,,,,,,,5.0,5.0
-5248477185843077062-2608172033-11,7465,2608172113,2608172114,5,,S,S4,Backnang|Burgstall(Murr)|Kirchberg(Murr)|Erdmannhausen|Marbach(Neckar)|Benningen(Neckar)|Freiberg(Neckar)|Favoritepark|Ludwigsburg|Kornwestheim Pbf,8005778,Stuttgart-Zuffenhausen,Baden-Württemberg,Stuttgart,70435,9.167156375,48.82960884,3,2608172117,,2608172117,,h,1,Bauarbeiten,,,,,,,4.0,3.0
2828988855077273536-2608172137-3,7464,2608172146,2608172147,4,,S,S4,Stuttgart Hbf|Stuttgart Nordbahnhof,8005778,Stuttgart-Zuffenhausen,Baden-Württemberg,Stuttgart,70435,9.167156375,48.82960884,3,2608172147,,2608172148,,h,1,Bauarbeiten,,,,,,,1.0,1.0
1336318002580222572-2608172033-11,7665,2608172103,2608172104,12,,S,S6,Weil der Stadt|Malmsheim|Renningen|Rutesheim|Leonberg|Höfingen|Ditzingen|Weilimdorf|Korntal|Neuwirtshaus(Porscheplatz),8005778,Stuttgart-Zuffenhausen,Baden-Württemberg,Stuttgart,70435,9.167156375,48.82960884,3,2608172106,,2608172107,,h,1,Bauarbeiten,,,,,,,3.0,3.0
-3661735359450834382-2608172137-6,7569,2608172153,2608172154,5,,S,S5,Bietigheim-Bissingen|Tamm(Württ)|Asperg|Ludwigsburg|Kornwestheim Pbf,8005778,Stuttgart-Zuffenhausen,Baden-Württemberg,Stuttgart,70435,9.167156375,48.82960884,3,2608172153,,2608172154,,,,,,,,,,,0.0,0.0
-6752834245723676258-2608172125-2,7664,2608172126,2608172127,12,,S,S6,Stuttgart-Feuerbach,8005778,Stuttgart-Zuffenhausen,Baden-Württemberg,Stuttgart,70435,9.167156375,48.82960884,3,2608172127,,2608172127,,h,1,Bauarbeiten,,,,,,,1.0,0.0
613026341677136269-2608172103-11,7467,2608172143,2608172144,5,,S,S4,Backnang|Burgstall(Murr)|Kirchberg(Murr)|Erdmannhausen|Marbach(Neckar)|Benningen(Neckar)|Freiberg(Neckar)|Favoritepark|Ludwigsburg|Kornwestheim Pbf,8005778,Stuttgart-Zuffenhausen,Baden-Württemberg,Stuttgart,70435,9.167156375,48.82960884,3,2608172143,,2608172144,,h,1,Bauarbeiten,,,,,,,0.0,0.0
-7506781114720968709-2608172103-11,7667,2608172133,2608172134,12,,S,S6,Weil der Stadt|Malmsheim|Renningen|Rutesheim|Leonberg|Höfingen|Ditzingen|Weilimdorf|Korntal|Neuwirtshaus(Porscheplatz),8005778,Stuttgart-Zuffenhausen,Baden-Württemberg,Stuttgart,70435,9.167156375,48.82960884,3,2608172134,,2608172135,,h,1,Bauarbeiten,,,,,,,1.0,1.0
-8144433675714112427-2608172155-2,7666,2608172156,2608172157,12,,S,S6,Stuttgart-Feuerbach,8005778,Stuttgart-Zuffenhausen,Baden-Württemberg,Stuttgart,70435,9.167156375,48.82960884,3,2608172158,,2608172157,,h,1,Bauarbeiten,,,,,,,2.0,0.0
-4698443977179735697-2608172127-3,7566,2608172136,2608172137,4,,S,S5,Stuttgart Hbf|Stuttgart Nordbahnhof,8005778,Stuttgart-Zuffenhausen,Baden-Württemberg,Stuttgart,70435,9.167156375,48.82960884,3,2608172138,,2608172139,,,,,,,,,,,2.0,2.0
6402086477437547994-2608172107-3,7462,2608172116,2608172117,4,,S,S4,Stuttgart Hbf|Stuttgart Nordbahnhof,8005778,Stuttgart-Zuffenhausen,Baden-Württemberg,Stuttgart,70435,9.167156375,48.82960884,3,2608172121,,2608172122,,h,1,Bauarbeiten,,,,,,,5.0,5.0
3081120732937112595-2608172057-3,7564,2608172106,2608172107,4,,S,S5,Stuttgart Hbf|Stuttgart Nordbahnhof,8005778,Stuttgart-Zuffenhausen,Baden-Württemberg,Stuttgart,70435,9.167156375,48.82960884,3,2608172110,,2608172110,,,,,,,,,,,4.0,3.0
8207276654188600407-2608172107-2,7567,2608172110,2608172110,2,,S,S5,Bietigheim-Bissingen,8005820,Tamm (Württ),Baden-Württemberg,Tamm,71732,9.125288012,48.92187736,4,2608172110,,2608172111,,,,,,,,,,,0.0,1.0
-3661735359450834382-2608172137-2,7569,2608172140,2608172140,2,,S,S5,Bietigheim-Bissingen,8005820,Tamm (Württ),Baden-Württemberg,Tamm,71732,9.125288012,48.92187736,4,2608172140,,2608172140,,,,,,,,,,,0.0,0.0
-4698443977179735697-2608172127-7,7566,2608172150,2608172150,3,,S,S5,Stuttgart Hbf|Stuttgart Nordbahnhof|Stuttgart-Zuffenhausen|Kornwestheim Pbf|Ludwigsburg|Asperg,8005820,Tamm (Württ),Baden-Württemberg,Tamm,71732,9.125288012,48.92187736,4,2608172151,,2608172152,,,,,,,,,,,1.0,2.0
3081120732937112595-2608172057-7,7564,2608172120,2608172120,3,,S,S5,Stuttgart Hbf|Stuttgart Nordbahnhof|Stuttgart-Zuffenhausen|Kornwestheim Pbf|Ludwigsburg|Asperg,8005820,Tamm (Württ),Baden-Württemberg,Tamm,71732,9.125288012,48.92187736,4,2608172123,,2608172123,,,,,,,,,,,3.0,3.0
-7578975115161805427-2608172041-7,7365,2608172059,2608172100,1,,S,S3,Backnang|Maubach|Nellmersbach|Winnenden|Schwaikheim|Neustadt-Hohenacker,8000180,Waiblingen,Baden-Württemberg,Waiblingen,71332,9.300476874,48.8262444,3,2608172101,,2608172101,,,,,,,,,,,2.0,1.0
-489160259659374986-2608171952-18,19486,2608172128,2608172128,6,,ARV,13,Crailsheim|Jagstzell|Ellwangen|Schrezheim|Schwabsberg|Goldshöfe|Hofen(b Aalen)|Wasseralfingen|Aalen Hbf|Mögglingen(Gmünd)|Böbingen(Rems)|Schwäbisch Gmünd|Lorch(Württ)|Waldhausen(b Schorndorf)|Plüderhausen|Urbach(b Schorndorf)|Schorndorf,8000180,Waiblingen,Baden-Württemberg,Waiblingen,71332,9.300476874,48.8262444,3,2608172130,,2608172130,,h,2,Information,,,,,,,2.0,2.0
-4811206268621532947-2608172120-3,19485,2608172132,2608172132,6,,ARV,13,Stuttgart Hbf|Stuttgart-Bad Cannstatt,8000180,Waiblingen,Baden-Württemberg,Waiblingen,71332,9.300476874,48.8262444,3,2608172134,7,2608172135,7,h,2,Information,,,,,,,2.0,3.0
970449513727673732-2608172141-7,7369,2608172159,2608172200,1,,S,S3,Backnang|Maubach|Nellmersbach|Winnenden|Schwaikheim|Neustadt-Hohenacker,8000180,Waiblingen,Baden-Württemberg,Waiblingen,71332,9.300476874,48.8262444,3,2608172201,,2608172202,,,,,,,,,,,2.0,2.0
-7971444916294519755-2608172120-6,7264,2608172134,2608172135,7,,S,S2,Stuttgart Hbf|Stuttgart-Bad Cannstatt|Stuttgart Nürnberger Str.|Stuttgart-Sommerrain|Fellbach,8000180,Waiblingen,Baden-Württemberg,Waiblingen,71332,9.300476874,48.8262444,3,2608172137,,2608172138,,h,1,Bauarbeiten,,,,,,,3.0,3.0
4357443539708976180-2608172107-10,19440,2608172158,2608172158,6,,ARV,13,Aalen Hbf|Mögglingen(Gmünd)|Böbingen(Rems)|Schwäbisch Gmünd|Lorch(Württ)|Waldhausen(b Schorndorf)|Plüderhausen|Urbach(b Schorndorf)|Schorndorf,8000180,Waiblingen,Baden-Württemberg,Waiblingen,71332,9.300476874,48.8262444,3,2608172214,,2608172214,,h,2,Information,,,,,,,16.0,16.0
1301990910613774192-2608172008-7,98238,2608172104,2608172107,,,ARV,90,Gaildorf West|Murrhardt|Sulzbach(Murr)|Oppenweiler(Württ)|Backnang|Winnenden,8000180,Waiblingen,Baden-Württemberg,Waiblingen,71332,9.300476874,48.8262444,3,2608172104,1,2608172107,1,h,2,Information,,,,,,,0.0,0.0
553786968472239584-2608172142-6,7366,2608172159,2608172200,3,,S,S3,Stuttgart Hbf|Stuttgart-Bad Cannstatt|Stuttgart Nürnberger Str.|Stuttgart-Sommerrain|Fellbach,8000180,Waiblingen,Baden-Württemberg,Waiblingen,71332,9.300476874,48.8262444,3,2608172159,,2608172200,,,,,,,,,,,0.0,0.0
5564750212670929059-2608172057-3,89695,2608172107,2608172108,,,ARV,90,Stuttgart Hbf|Stuttgart-Bad Cannstatt,8000180,Waiblingen,Baden-Württemberg,Waiblingen,71332,9.300476874,48.8262444,3,2608172108,3,2608172109,3,h,2,Information,,,,,,,1.0,1.0
2890455660221075834-2608172133-10,7269,2608172154,2608172155,5,,S,S2,Schorndorf|Weiler(Rems)|Winterbach(b Schorndorf)|Geradstetten|Grunbach|Beutelsbach|Endersbach|Stetten-Beinstein|Rommelshausen,8000180,Waiblingen,Baden-Württemberg,Waiblingen,71332,9.300476874,48.8262444,3,2608172154,,2608172155,,h,1,Bauarbeiten,,,,,,,0.0,0.0
6924424662402192372-2608172112-6,7364,2608172129,2608172130,3,,S,S3,Stuttgart Hbf|Stuttgart-Bad Cannstatt|Stuttgart Nürnberger Str.|Stuttgart-Sommerrain|Fellbach,8000180,Waiblingen,Baden-Württemberg,Waiblingen,71332,9.300476874,48.8262444,3,2608172129,,2608172130,,,,,,,,,,,0.0,0.0
-6477978226066436130-2608172047-3,19435,2608172102,2608172102,6,,ARV,13,Stuttgart Hbf|Stuttgart-Bad Cannstatt,8000180,Waiblingen,Baden-Württemberg,Waiblingen,71332,9.300476874,48.8262444,3,2608172102,7,2608172102,7,h,2,Information,,,,,,,0.0,0.0
2628700476961371155-2608172103-10,7267,2608172124,2608172125,5,,S,S2,Schorndorf|Weiler(Rems)|Winterbach(b Schorndorf)|Geradstetten|Grunbach|Beutelsbach|Endersbach|Stetten-Beinstein|Rommelshausen,8000180,Waiblingen,Baden-Württemberg,Waiblingen,71332,9.300476874,48.8262444,3,2608172125,,2608172125,,h,1,Bauarbeiten,,,,,,,1.0,0.0
3859668929434965477-2608172111-7,7367,2608172129,2608172130,1,,S,S3,Backnang|Maubach|Nellmersbach|Winnenden|Schwaikheim|Neustadt-Hohenacker,8000180,Waiblingen,Baden-Württemberg,Waiblingen,71332,9.300476874,48.8262444,3,2608172130,,2608172130,,,,,,,,,,,1.0,0.0
2958161372308159730-2608172111-7,17564,2608172150,2608172151,1,,RE,MEX90,Gaildorf West|Murrhardt|Sulzbach(Murr)|Oppenweiler(Württ)|Backnang|Winnenden,8000180,Waiblingen,Baden-Württemberg,Waiblingen,71332,9.300476874,48.8262444,3,2608172153,,2608172153,,,,,,,,,,,3.0,2.0
-4217556654966046239-2608172042-6,7362,2608172059,2608172100,3,,S,S3,Stuttgart Hbf|Stuttgart-Bad Cannstatt|Stuttgart Nürnberger Str.|Stuttgart-Sommerrain|Fellbach,8000180,Waiblingen,Baden-Württemberg,Waiblingen,71332,9.300476874,48.8262444,3,2608172059,,2608172100,,,,,,,,,,,0.0,0.0
3090077021401438649-2608172050-6,7262,2608172104,2608172105,7,,S,S2,Stuttgart Hbf|Stuttgart-Bad Cannstatt|Stuttgart Nürnberger Str.|Stuttgart-Sommerrain|Fellbach,8000180,Waiblingen,Baden-Württemberg,Waiblingen,71332,9.300476874,48.8262444,3,2608172105,,2608172106,,h,1,Bauarbeiten,,,,,,,1.0,1.0
-4129909752986717170-2608172133-1,7669,,2608172133,,,S,S6,,8006271,Weil der Stadt,Baden-Württemberg,Weil der Stadt,71263,8.873189074,48.7557357,4,,,2608172133,,h,1,Bauarbeiten,,,,,,,0.0,0.0
-6752834245723676258-2608172125-12,7664,2608172157,,2,,S,,Stuttgart-Feuerbach|Stuttgart-Zuffenhausen|Neuwirtshaus(Porscheplatz)|Korntal|Weilimdorf|Ditzingen|Höfingen|Leonberg|Rutesheim|Renningen|Malmsheim,8006271,Weil der Stadt,Baden-Württemberg,Weil der Stadt,71263,8.873189074,48.7557357,4,2608172159,,,,h,1,Bauarbeiten,,,,,,,2.0,0.0
-7506781114720968709-2608172103-1,7667,,2608172103,,,S,S6,,8006271,Weil der Stadt,Baden-Württemberg,Weil der Stadt,71263,8.873189074,48.7557357,4,,,2608172103,,h,1,Bauarbeiten,,,,,,,0.0,0.0
-5979926096684375900-2608172055-12,7662,2608172127,,2,,S,,Stuttgart-Feuerbach|Stuttgart-Zuffenhausen|Neuwirtshaus(Porscheplatz)|Korntal|Weilimdorf|Ditzingen|Höfingen|Leonberg|Rutesheim|Renningen|Malmsheim,8006271,Weil der Stadt,Baden-Württemberg,Weil der Stadt,71263,8.873189074,48.7557357,4,2608172128,,,,h,1,Bauarbeiten,,,,,,,1.0,0.0
-7971444916294519755-2608172120-14,7264,2608172152,2608172152,1,,S,S2,Stuttgart Hbf|Stuttgart-Bad Cannstatt|Stuttgart Nürnberger Str.|Stuttgart-Sommerrain|Fellbach|Waiblingen|Rommelshausen|Stetten-Beinstein|Endersbach|Beutelsbach|Grunbach|Geradstetten|Winterbach(b Schorndorf),8006277,Weiler (Rems),Baden-Württemberg,Schorndorf,76314,9.501891172,48.80034585,5,2608172154,,2608172154,,h,1,Bauarbeiten,,,,,,,2.0,2.0
2890455660221075834-2608172133-2,7269,2608172136,2608172136,2,,S,S2,Schorndorf,8006277,Weiler (Rems),Baden-Württemberg,Schorndorf,76314,9.501891172,48.80034585,5,2608172136,,2608172136,,h,1,Bauarbeiten,,,,,,,0.0,0.0
2628700476961371155-2608172103-2,7267,2608172106,2608172106,2,,S,S2,Schorndorf,8006277,Weiler (Rems),Baden-Württemberg,Schorndorf,76314,9.501891172,48.80034585,5,2608172106,,2608172106,,h,1,Bauarbeiten,,,,,,,0.0,0.0
3090077021401438649-2608172050-14,7262,2608172122,2608172122,1,,S,S2,Stuttgart Hbf|Stuttgart-Bad Cannstatt|Stuttgart Nürnberger Str.|Stuttgart-Sommerrain|Fellbach|Waiblingen|Rommelshausen|Stetten-Beinstein|Endersbach|Beutelsbach|Grunbach|Geradstetten|Winterbach(b Schorndorf),8006277,Weiler (Rems),Baden-Württemberg,Schorndorf,76314,9.501891172,48.80034585,5,2608172123,,2608172124,,h,1,Bauarbeiten,,,,,,,1.0,2.0
5285248676045453612-2608172129-3,16074,2608172159,,3,,RE,,Ulm Hbf|Merklingen - Schwäbische Alb,8006331,Wendlingen (Neckar),Baden-Württemberg,Wendlingen am Neckar,73240,9.373662098,48.67368917,3,2608172200,,,,h,2,Störung,,,,,,,1.0,0.0
-6102671226917243432-2608172116-6,19358,2608172140,2608172141,1,,RE,MEX12,Reutlingen Hbf|Metzingen(Württ)|Bempflingen|Nürtingen|Oberboihingen,8006331,Wendlingen (Neckar),Baden-Württemberg,Wendlingen am Neckar,73240,9.373662098,48.67368917,3,2608172140,,2608172141,,h,2,Bauarbeiten,,,,,,,0.0,0.0
8382187992903264693-2608171957-12,19349,2608172118,2608172118,2,,RE,MEX12,Heilbronn Hbf|Nordheim(Württ)|Lauffen(Neckar)|Kirchheim(Neckar)|Walheim(Württ)|Besigheim|Bietigheim-Bissingen|Ludwigsburg|Kornwestheim Pbf|Esslingen(Neckar)|Plochingen,8006331,Wendlingen (Neckar),Baden-Württemberg,Wendlingen am Neckar,73240,9.373662098,48.67368917,3,2608172120,,2608172121,,h,2,Bauarbeiten,,,,,,,2.0,3.0
6645021575941218607-2608172124-1,16073,,2608172124,,,RE,RE200,,8006331,Wendlingen (Neckar),Baden-Württemberg,Wendlingen am Neckar,73240,9.373662098,48.67368917,3,,,2608172124,,h,2,Störung,,,,,,,0.0,0.0
-1445914617040136913-2608172120-3,7169,2608172127,2608172128,12,,S,S1,Kirchheim(Teck)|Kirchheim(Teck)-Ötlingen,8006331,Wendlingen (Neckar),Baden-Württemberg,Wendlingen am Neckar,73240,9.373662098,48.67368917,3,2608172129,,2608172129,,,,,,,,,,,2.0,1.0
1733518000541873569-2608172150-3,7171,2608172157,2608172158,12,,S,S1,Kirchheim(Teck)|Kirchheim(Teck)-Ötlingen,8006331,Wendlingen (Neckar),Baden-Württemberg,Wendlingen am Neckar,73240,9.373662098,48.67368917,3,2608172159,,2608172159,,,,,,,,,,,2.0,1.0
-4904342913615484814-2608172025-13,7162,2608172102,2608172103,11,,S,S1,Stuttgart Hbf|Stuttgart-Bad Cannstatt|Stuttgart Neckarpark|Stuttgart-Untertürkheim|Stuttgart-Obertürkheim|Esslingen-Mettingen|Esslingen(Neckar)|Oberesslingen|Esslingen-Zell|Altbach|Plochingen|Wernau(Neckar),8006331,Wendlingen (Neckar),Baden-Württemberg,Wendlingen am Neckar,73240,9.373662098,48.67368917,3,2608172103,,2608172105,,,,,,,,,,,1.0,2.0
6929098726566169295-2608172055-13,7164,2608172133,2608172133,11,,S,S1,Stuttgart Hbf|Stuttgart-Bad Cannstatt|Stuttgart Neckarpark|Stuttgart-Untertürkheim|Stuttgart-Obertürkheim|Esslingen-Mettingen|Esslingen(Neckar)|Oberesslingen|Esslingen-Zell|Altbach|Plochingen|Wernau(Neckar),8006331,Wendlingen (Neckar),Baden-Württemberg,Wendlingen am Neckar,73240,9.373662098,48.67368917,3,2608172133,,2608172134,,,,,,,,,,,0.0,1.0
6090333868698703745-2608172125-12,7166,2608172158,2608172159,2,,S,S1,Stuttgart Hbf|Stuttgart-Bad Cannstatt|Stuttgart Neckarpark|Stuttgart-Untertürkheim|Stuttgart-Obertürkheim|Esslingen-Mettingen|Esslingen(Neckar)|Oberesslingen|Esslingen-Zell|Altbach|Plochingen,8006346,Wernau (Neckar),Baden-Württemberg,Wernau (Neckar),73249,9.413654423,48.69417221,4,2608172158,,2608172159,,,,,,,,,,,0.0,0.0
3106830256264099267-2608172050-4,7167,2608172101,2608172101,1,,S,S1,Kirchheim(Teck)|Kirchheim(Teck)-Ötlingen|Wendlingen(Neckar),8006346,Wernau (Neckar),Baden-Württemberg,Wernau (Neckar),73249,9.413654423,48.69417221,4,2608172105,,2608172106,,,,,,,,,,,4.0,5.0
-1445914617040136913-2608172120-4,7169,2608172131,2608172131,1,,S,S1,Kirchheim(Teck)|Kirchheim(Teck)-Ötlingen|Wendlingen(Neckar),8006346,Wernau (Neckar),Baden-Württemberg,Wernau (Neckar),73249,9.413654423,48.69417221,4,2608172132,,2608172133,,,,,,,,,,,1.0,2.0
6929098726566169295-2608172055-12,7164,2608172129,2608172129,2,,S,S1,Stuttgart Hbf|Stuttgart-Bad Cannstatt|Stuttgart Neckarpark|Stuttgart-Untertürkheim|Stuttgart-Obertürkheim|Esslingen-Mettingen|Esslingen(Neckar)|Oberesslingen|Esslingen-Zell|Altbach|Plochingen,8006346,Wernau (Neckar),Baden-Württemberg,Wernau (Neckar),73249,9.413654423,48.69417221,4,2608172129,,2608172129,,,,,,,,,,,0.0,0.0
970449513727673732-2608172141-4,7369,2608172149,2608172150,3,,S,S3,Backnang|Maubach|Nellmersbach,8006479,Winnenden,Baden-Württemberg,Winnenden,71364,9.392155928,48.8795625,3,2608172151,,2608172152,,,,,,,,,,,2.0,2.0
5564750212670929059-2608172057-4,89695,2608172115,2608172116,,,ARV,90,Stuttgart Hbf|Stuttgart-Bad Cannstatt|Waiblingen,8006479,Winnenden,Baden-Württemberg,Winnenden,71364,9.392155928,48.8795625,3,2608172115,2,2608172116,2,h,2,Information,,,,,,,0.0,0.0
6924424662402192372-2608172112-9,7364,2608172139,2608172139,2,,S,S3,Stuttgart Hbf|Stuttgart-Bad Cannstatt|Stuttgart Nürnberger Str.|Stuttgart-Sommerrain|Fellbach|Waiblingen|Neustadt-Hohenacker|Schwaikheim,8006479,Winnenden,Baden-Württemberg,Winnenden,71364,9.392155928,48.8795625,3,2608172139,,2608172139,,,,,,,,,,,0.0,0.0
3859668929434965477-2608172111-4,7367,2608172119,2608172120,3,,S,S3,Backnang|Maubach|Nellmersbach,8006479,Winnenden,Baden-Württemberg,Winnenden,71364,9.392155928,48.8795625,3,2608172120,,2608172121,,,,,,,,,,,1.0,1.0
2958161372308159730-2608172111-6,17564,2608172143,2608172144,3,,RE,MEX90,Gaildorf West|Murrhardt|Sulzbach(Murr)|Oppenweiler(Württ)|Backnang,8006479,Winnenden,Baden-Württemberg,Winnenden,71364,9.392155928,48.8795625,3,2608172146,,2608172146,,,,,,,,,,,3.0,2.0
-4217556654966046239-2608172042-9,7362,2608172109,2608172109,2,,S,S3,Stuttgart Hbf|Stuttgart-Bad Cannstatt|Stuttgart Nürnberger Str.|Stuttgart-Sommerrain|Fellbach|Waiblingen|Neustadt-Hohenacker|Schwaikheim,8006479,Winnenden,Baden-Württemberg,Winnenden,71364,9.392155928,48.8795625,3,2608172109,,2608172109,,,,,,,,,,,0.0,0.0
-7971444916294519755-2608172120-13,7264,2608172150,2608172150,2,,S,S2,Stuttgart Hbf|Stuttgart-Bad Cannstatt|Stuttgart Nürnberger Str.|Stuttgart-Sommerrain|Fellbach|Waiblingen|Rommelshausen|Stetten-Beinstein|Endersbach|Beutelsbach|Grunbach|Geradstetten,8006485,Winterbach (b Schorndorf),Baden-Württemberg,Winterbach,73650,9.481549751,48.79842743,4,2608172152,,2608172152,,h,1,Bauarbeiten,,,,,,,2.0,2.0
2890455660221075834-2608172133-3,7269,2608172138,2608172138,1,,S,S2,Schorndorf|Weiler(Rems),8006485,Winterbach (b Schorndorf),Baden-Württemberg,Winterbach,73650,9.481549751,48.79842743,4,2608172138,,2608172138,,h,1,Bauarbeiten,,,,,,,0.0,0.0
2628700476961371155-2608172103-3,7267,2608172108,2608172108,1,,S,S2,Schorndorf|Weiler(Rems),8006485,Winterbach (b Schorndorf),Baden-Württemberg,Winterbach,73650,9.481549751,48.79842743,4,2608172108,,2608172108,,h,1,Bauarbeiten,,,,,,,0.0,0.0
3090077021401438649-2608172050-13,7262,2608172120,2608172120,2,,S,S2,Stuttgart Hbf|Stuttgart-Bad Cannstatt|Stuttgart Nürnberger Str.|Stuttgart-Sommerrain|Fellbach|Waiblingen|Rommelshausen|Stetten-Beinstein|Endersbach|Beutelsbach|Grunbach|Geradstetten,8006485,Winterbach (b Schorndorf),Baden-Württemberg,Winterbach,73650,9.481549751,48.79842743,4,2608172121,,2608172122,,h,1,Bauarbeiten,,,,,,,1.0,2.0
-8158613416807274501-2608172104-5,7065,2608172113,2608172114,1,,S,S60,Böblingen|Sindelfingen|Maichingen|Maichingen Nord,8003807,Magstadt,Baden-Württemberg,Magstadt,71106,8.965315746,48.73616033,6,2608172115,,2608172116,,h,1,Bauarbeiten,,,,,,,2.0,2.0
-5866427935955509808-2608172134-5,7067,2608172143,2608172144,1,,S,S60,Böblingen|Sindelfingen|Maichingen|Maichingen Nord,8003807,Magstadt,Baden-Württemberg,Magstadt,71106,8.965315746,48.73616033,6,2608172145,,2608172146,,h,1,Bauarbeiten,,,,,,,2.0,2.0
1155168320367792743-2608172041-11,7066,2608172115,2608172115,2,,S,S60,Stuttgart-Zuffenhausen|Neuwirtshaus(Porscheplatz)|Korntal|Weilimdorf|Ditzingen|Höfingen|Leonberg|Rutesheim|Renningen|Renningen Süd,8003807,Magstadt,Baden-Württemberg,Magstadt,71106,8.965315746,48.73616033,6,2608172116,,2608172116,,h,1,Bauarbeiten,,,,,,,1.0,1.0
-279161464129784570-2608172139-3,7068,2608172145,2608172145,2,,S,S60,Renningen|Renningen Süd,8003807,Magstadt,Baden-Württemberg,Magstadt,71106,8.965315746,48.73616033,6,2608172145,,2608172146,,h,1,Bauarbeiten,,,,,,,0.0,1.0
-8158613416807274501-2608172104-4,7065,2608172111,2608172111,1,,S,S60,Böblingen|Sindelfingen|Maichingen,8003834,Maichingen Nord,Baden-Württemberg,Sindelfingen,71069,8.979416996,48.72750392,5,2608172112,,2608172113,,h,1,Bauarbeiten,,,,,,,1.0,2.0
-5866427935955509808-2608172134-4,7067,2608172141,2608172141,1,,S,S60,Böblingen|Sindelfingen|Maichingen,8003834,Maichingen Nord,Baden-Württemberg,Sindelfingen,71069,8.979416996,48.72750392,5,2608172144,,2608172144,,h,1,Bauarbeiten,,,,,,,3.0,3.0
1155168320367792743-2608172041-12,7066,2608172117,2608172117,2,,S,S60,Stuttgart-Zuffenhausen|Neuwirtshaus(Porscheplatz)|Korntal|Weilimdorf|Ditzingen|Höfingen|Leonberg|Rutesheim|Renningen|Renningen Süd|Magstadt,8003834,Maichingen Nord,Baden-Württemberg,Sindelfingen,71069,8.979416996,48.72750392,5,2608172118,,2608172119,,h,1,Bauarbeiten,,,,,,,1.0,2.0
-279161464129784570-2608172139-4,7068,2608172147,2608172147,2,,S,S60,Renningen|Renningen Süd|Magstadt,8003834,Maichingen Nord,Baden-Württemberg,Sindelfingen,71069,8.979416996,48.72750392,5,2608172148,,2608172148,,h,1,Bauarbeiten,,,,,,,1.0,1.0
-8158613416807274501-2608172104-3,7065,2608172109,2608172110,1,,S,S60,Böblingen|Sindelfingen,8003808,Maichingen,Baden-Württemberg,Sindelfingen,71069,8.969606704,48.72162074,6,2608172110,,2608172111,,h,1,Bauarbeiten,,,,,,,1.0,1.0
-5866427935955509808-2608172134-3,7067,2608172139,2608172140,1,,S,S60,Böblingen|Sindelfingen,8003808,Maichingen,Baden-Württemberg,Sindelfingen,71069,8.969606704,48.72162074,6,2608172142,,2608172143,,h,1,Bauarbeiten,,,,,,,3.0,3.0
1155168320367792743-2608172041-13,7066,2608172119,2608172119,1,,S,S60,Stuttgart-Zuffenhausen|Neuwirtshaus(Porscheplatz)|Korntal|Weilimdorf|Ditzingen|Höfingen|Leonberg|Rutesheim|Renningen|Renningen Süd|Magstadt|Maichingen Nord,8003808,Maichingen,Baden-Württemberg,Sindelfingen,71069,8.969606704,48.72162074,6,2608172120,,2608172120,,h,1,Bauarbeiten,,,,,,,1.0,1.0
-279161464129784570-2608172139-5,7068,2608172149,2608172149,1,,S,S60,Renningen|Renningen Süd|Magstadt|Maichingen Nord,8003808,Maichingen,Baden-Württemberg,Sindelfingen,71069,8.969606704,48.72162074,6,2608172149,,2608172150,,h,1,Bauarbeiten,,,,,,,0.0,1.0
-8158613416807274501-2608172104-6,7065,2608172117,2608172118,1,,S,S60,Böblingen|Sindelfingen|Maichingen|Maichingen Nord|Magstadt,8005001,Renningen Süd,Baden-Württemberg,Renningen,71272,8.932068278,48.76261937,6,2608172119,,2608172120,,h,1,Bauarbeiten,,,,,,,2.0,2.0
-5866427935955509808-2608172134-6,7067,2608172147,2608172148,1,,S,S60,Böblingen|Sindelfingen|Maichingen|Maichingen Nord|Magstadt,8005001,Renningen Süd,Baden-Württemberg,Renningen,71272,8.932068278,48.76261937,6,2608172149,,2608172150,,h,1,Bauarbeiten,,,,,,,2.0,2.0
1155168320367792743-2608172041-10,7066,2608172111,2608172111,2,,S,S60,Stuttgart-Zuffenhausen|Neuwirtshaus(Porscheplatz)|Korntal|Weilimdorf|Ditzingen|Höfingen|Leonberg|Rutesheim|Renningen,8005001,Renningen Süd,Baden-Württemberg,Renningen,71272,8.932068278,48.76261937,6,2608172112,,2608172113,,h,1,Bauarbeiten,,,,,,,1.0,2.0
-279161464129784570-2608172139-2,7068,2608172141,2608172141,2,,S,S60,Renningen,8005001,Renningen Süd,Baden-Württemberg,Renningen,71272,8.932068278,48.76261937,6,2608172141,,2608172142,,h,1,Bauarbeiten,,,,,,,0.0,1.0
