ID,train_number,planned_arrival,planned_departure,planned_platform,planned_status,category_train,train,path,eva_nr,station_name,station_state,station_city,station_zipcode,station_long,station_lat,station_category,changed_arrival,changed_platform_arrival,changed_departure,changed_platform_departure,message_status,priority,info,arrival_hidden,departure_hidden,arrival_path,departure_path,arrival_status,departure_status,arrival_delay_m,departure_delay_m
7236638317671658556-2608071420-6,7141,2608071439,2608071440,3,,S,S1,Kirchheim(Teck)|Kirchheim(Teck)-Ötlingen|Wendlingen(Neckar)|Wernau(Neckar)|Plochingen,8000508,Altbach,Baden-Württemberg,Altbach,73776,9.382434033,48.72031354,3,2608071441,,2608071441,,,,,,,,,,,2.0,1.0
7004552740739658779-2608071350-6,7139,2608071409,2608071410,3,,S,S1,Kirchheim(Teck)|Kirchheim(Teck)-Ötlingen|Wendlingen(Neckar)|Wernau(Neckar)|Plochingen,8000508,Altbach,Baden-Württemberg,Altbach,73776,9.382434033,48.72031354,3,2608071409,,2608071410,,,,,,,,,,,0.0,0.0
8066948341588458346-2608071355-10,7136,2608071420,2608071420,4,,S,S1,Stuttgart Hbf|Stuttgart-Bad Cannstatt|Stuttgart Neckarpark|Stuttgart-Untertürkheim|Stuttgart-Obertürkheim|Esslingen-Mettingen|Esslingen(Neckar)|Oberesslingen|Esslingen-Zell,8000508,Altbach,Baden-Württemberg,Altbach,73776,9.382434033,48.72031354,3,2608071421,,2608071422,,,,,,,,,,,1.0,2.0
-5286310659195805286-2608071425-10,7138,2608071450,2608071450,4,,S,S1,Stuttgart Hbf|Stuttgart-Bad Cannstatt|Stuttgart Neckarpark|Stuttgart-Untertürkheim|Stuttgart-Obertürkheim|Esslingen-Mettingen|Esslingen(Neckar)|Oberesslingen|Esslingen-Zell,8000508,Altbach,Baden-Württemberg,Altbach,73776,9.382434033,48.72031354,3,2608071450,,2608071451,,,,,,,,,,,0.0,1.0
3829718457082671082-2608071437-3,7541,2608071442,2608071443,3,,S,S5,Bietigheim-Bissingen|Tamm(Württ),8000630,Asperg,Baden-Württemberg,Asperg,71679,9.147977466,48.90725609,4,2608071443,,2608071443,,,,,,,,,,,1.0,0.0
-2200141252164614460-2608071357-7,7536,2608071417,2608071417,4,,S,S5,Stuttgart Hbf|Stuttgart Nordbahnhof|Stuttgart-Feuerbach|Stuttgart-Zuffenhausen|Kornwestheim Pbf|Ludwigsburg,8000630,Asperg,Baden-Württemberg,Asperg,71679,9.147977466,48.90725609,4,2608071418,,2608071419,,,,,,,,,,,1.0,2.0
7922855139158603560-2608071407-3,7539,2608071412,2608071413,3,,S,S5,Bietigheim-Bissingen|Tamm(Württ),8000630,Asperg,Baden-Württemberg,Asperg,71679,9.147977466,48.90725609,4,2608071413,,2608071414,,,,,,,,,,,1.0,1.0
6402432192147431474-2608071427-7,7538,2608071447,2608071447,4,,S,S5,Stuttgart Hbf|Stuttgart Nordbahnhof|Stuttgart-Feuerbach|Stuttgart-Zuffenhausen|Kornwestheim Pbf|Ludwigsburg,8000630,Asperg,Baden-Württemberg,Asperg,71679,9.147977466,48.90725609,4,2608071447,,2608071447,,,,,,,,,,,0.0,0.0
-8805988878202978923-2608071233-17,89686,2608071436,2608071437,4,,ARV,90,Nürnberg Hbf|Roßtal|Heilsbronn|Wicklesgreuth|Ansbach|Leutershausen-Wiedersbach|Dombühl|Schnelldorf|Crailsheim|Eckartshausen-Ilshofen|Schwäbisch Hall-Hessental|Gaildorf West|Fichtenberg|Murrhardt|Sulzbach(Murr)|Oppenweiler(Württ),8000016,Backnang,Baden-Württemberg,Backnang,71522,9.425986107,48.94264844,3,2608071453,,2608071454,,h,1,Bauarbeiten,,,,,,,17.0,17.0
195941745446539029-2608071433-1,7441,,2608071433,,,S,S4,,8000016,Backnang,Baden-Württemberg,Backnang,71522,9.425986107,48.94264844,3,,,2608071434,,,,,,,,,,,0.0,1.0
7177711112930232635-2608071342-12,7334,2608071418,,5,,S,,Stuttgart Hbf|Stuttgart-Bad Cannstatt|Stuttgart Nürnberger Str.|Stuttgart-Sommerrain|Fellbach|Waiblingen|Neustadt-Hohenacker|Schwaikheim|Winnenden|Nellmersbach|Maubach,8000016,Backnang,Baden-Württemberg,Backnang,71522,9.425986107,48.94264844,3,2608071418,,,,,,,,,,,,,0.0,0.0
-8962126915234620710-2608071441-1,7341,,2608071441,,,S,S3,,8000016,Backnang,Baden-Württemberg,Backnang,71522,9.425986107,48.94264844,3,,,2608071441,,,,,,,,,,,0.0,0.0
-6549272114727686147-2608071403-1,7439,,2608071403,,,S,S4,,8000016,Backnang,Baden-Württemberg,Backnang,71522,9.425986107,48.94264844,3,,,2608071403,,,,,,,,,,,0.0,0.0
3142345419825759229-2608071412-12,7336,2608071448,,5,,S,,Stuttgart Hbf|Stuttgart-Bad Cannstatt|Stuttgart Nürnberger Str.|Stuttgart-Sommerrain|Fellbach|Waiblingen|Neustadt-Hohenacker|Schwaikheim|Winnenden|Nellmersbach|Maubach,8000016,Backnang,Baden-Württemberg,Backnang,71522,9.425986107,48.94264844,3,2608071450,,,,,,,,,,,,,2.0,0.0
7968101357330466259-2608071332-7,17536,2608071406,,3,,RB,,Gaildorf West|Fichtenberg|Fornsbach|Murrhardt|Sulzbach(Murr)|Oppenweiler(Württ),8000016,Backnang,Baden-Württemberg,Backnang,71522,9.425986107,48.94264844,3,2608071429,,,,h,1,Störung,,,,,,,23.0,0.0
3012628937038479032-2608071337-14,7432,2608071422,,1,,S,,Stuttgart Hbf|Stuttgart Nordbahnhof|Stuttgart-Feuerbach|Stuttgart-Zuffenhausen|Kornwestheim Pbf|Ludwigsburg|Favoritepark|Freiberg(Neckar)|Benningen(Neckar)|Marbach(Neckar)|Erdmannhausen|Kirchberg(Murr)|Burgstall(Murr),8000016,Backnang,Baden-Württemberg,Backnang,71522,9.425986107,48.94264844,3,2608071422,,,,,,,,,,,,,0.0,0.0
-9059701415040115440-2608071407-14,7434,2608071452,,1,,S,,Stuttgart Hbf|Stuttgart Nordbahnhof|Stuttgart-Feuerbach|Stuttgart-Zuffenhausen|Kornwestheim Pbf|Ludwigsburg|Favoritepark|Freiberg(Neckar)|Benningen(Neckar)|Marbach(Neckar)|Erdmannhausen|Kirchberg(Murr)|Burgstall(Murr),8000016,Backnang,Baden-Württemberg,Backnang,71522,9.425986107,48.94264844,3,2608071452,,,,,,,,,,,,,0.0,0.0
8491335972298095190-2608071452-1,17533,,2608071452,,,RB,MEX19,,8000016,Backnang,Baden-Württemberg,Backnang,71522,9.425986107,48.94264844,3,,,2608071453,,,,,,,,,,,0.0,1.0
8170145498793456279-2608071354-5,17531,2608071420,2608071421,4,,RE,MEX90,Stuttgart Hbf|Stuttgart-Bad Cannstatt|Waiblingen|Winnenden,8000016,Backnang,Baden-Württemberg,Backnang,71522,9.425986107,48.94264844,3,2608071421,,2608071435,,h,1,Störung,,,,,,,1.0,14.0
6554930112927852478-2608071411-1,7339,,2608071411,,,S,S3,,8000016,Backnang,Baden-Württemberg,Backnang,71522,9.425986107,48.94264844,3,,,2608071411,,,,,,,,,,,0.0,0.0
195941745446539029-2608071433-6,7441,2608071457,2608071457,2,,S,S4,Backnang|Burgstall(Murr)|Kirchberg(Murr)|Erdmannhausen|Marbach(Neckar),8000873,Benningen (Neckar),Baden-Württemberg,Benningen am Neckar,71726,9.244299075,48.94379773,5,2608071457,,2608071458,,,,,,,,,,,0.0,1.0
-6549272114727686147-2608071403-6,7439,2608071427,2608071427,2,,S,S4,Backnang|Burgstall(Murr)|Kirchberg(Murr)|Erdmannhausen|Marbach(Neckar),8000873,Benningen (Neckar),Baden-Württemberg,Benningen am Neckar,71726,9.244299075,48.94379773,5,2608071427,,2608071428,,,,,,,,,,,0.0,1.0
3012628937038479032-2608071337-9,7432,2608071402,2608071403,1,,S,S4,Stuttgart Hbf|Stuttgart Nordbahnhof|Stuttgart-Feuerbach|Stuttgart-Zuffenhausen|Kornwestheim Pbf|Ludwigsburg|Favoritepark|Freiberg(Neckar),8000873,Benningen (Neckar),Baden-Württemberg,Benningen am Neckar,71726,9.244299075,48.94379773,5,2608071403,,2608071403,,,,,,,,,,,1.0,0.0
-9059701415040115440-2608071407-9,7434,2608071432,2608071433,1,,S,S4,Stuttgart Hbf|Stuttgart Nordbahnhof|Stuttgart-Feuerbach|Stuttgart-Zuffenhausen|Kornwestheim Pbf|Ludwigsburg|Favoritepark|Freiberg(Neckar),8000873,Benningen (Neckar),Baden-Württemberg,Benningen am Neckar,71726,9.244299075,48.94379773,5,2608071432,,2608071433,,,,,,,,,,,0.0,0.0
6408695738882885508-2608071350-10,7234,2608071413,2608071413,1,,S,S2,Stuttgart Hbf|Stuttgart-Bad Cannstatt|Stuttgart Nürnberger Str.|Stuttgart-Sommerrain|Fellbach|Waiblingen|Rommelshausen|Stetten-Beinstein|Endersbach,8000934,Beutelsbach,Baden-Württemberg,Weinstadt,71384,9.38551589,48.81038925,5,2608071413,,2608071413,,h,1,Bauarbeiten,,,,,,,0.0,0.0
5042788861717640545-2608071420-10,7236,2608071443,2608071443,1,,S,S2,Stuttgart Hbf|Stuttgart-Bad Cannstatt|Stuttgart Nürnberger Str.|Stuttgart-Sommerrain|Fellbach|Waiblingen|Rommelshausen|Stetten-Beinstein|Endersbach,8000934,Beutelsbach,Baden-Württemberg,Weinstadt,71384,9.38551589,48.81038925,5,2608071448,,2608071448,,h,1,Bauarbeiten,,,,,,,5.0,5.0
-8059892926335795903-2608071403-6,7239,2608071415,2608071415,2,,S,S2,Schorndorf|Weiler(Rems)|Winterbach(b Schorndorf)|Geradstetten|Grunbach,8000934,Beutelsbach,Baden-Württemberg,Weinstadt,71384,9.38551589,48.81038925,5,2608071415,,2608071415,,h,1,Bauarbeiten,,,,,,,0.0,0.0
-5955272615429035569-2608071433-6,7241,2608071445,2608071445,2,,S,S2,Schorndorf|Weiler(Rems)|Winterbach(b Schorndorf)|Geradstetten|Grunbach,8000934,Beutelsbach,Baden-Württemberg,Weinstadt,71384,9.38551589,48.81038925,5,2608071448,,2608071449,,h,1,Bauarbeiten,,,,,,,3.0,4.0
-4917151526577063441-2608071344-12,19559,2608071424,,7,,RE,,Pforzheim Hbf|Eutingen(Baden)|Niefern|Enzberg|Mühlacker|Mühlacker Rößlesweg|Illingen(Württ)|Vaihingen(Enz)|Sersheim|Sachsenheim|Ellental,8000038,Bietigheim-Bissingen,Baden-Württemberg,Bietigheim-Bissingen,74321,9.137217396,48.94794988,2,2608071426,,,,,,,,,,,,,2.0,0.0
3829718457082671082-2608071437-1,7541,,2608071437,,,S,S5,,8000038,Bietigheim-Bissingen,Baden-Württemberg,Bietigheim-Bissingen,74321,9.137217396,48.94794988,2,,,2608071437,6,,,,,,,,,,0.0,0.0
-1379753854360117744-2608071432-1,19566,,2608071432,,,RE,MEX17,,8000038,Bietigheim-Bissingen,Baden-Württemberg,Bietigheim-Bissingen,74321,9.137217396,48.94794988,2,,,2608071433,,,,,,,,,,,0.0,1.0
7252495194908327954-2608071305-13,19232,2608071435,2608071436,10,,RB,MEX12,Tübingen Hbf|Reutlingen Hbf|Metzingen(Württ)|Bempflingen|Nürtingen|Oberboihingen|Wendlingen(Neckar)|Plochingen|Esslingen(Neckar)|Stuttgart-Bad Cannstatt|Stuttgart Hbf|Ludwigsburg,8000038,Bietigheim-Bissingen,Baden-Württemberg,Bietigheim-Bissingen,74321,9.137217396,48.94794988,2,2608071435,,2608071436,,h,2,Information,,,,,,,0.0,0.0
7848981203077215590-2608071404-1,19516,,2608071404,,,RE,MEX17,,8000038,Bietigheim-Bissingen,Baden-Württemberg,Bietigheim-Bissingen,74321,9.137217396,48.94794988,2,,,2608071404,3,,,,,,,,,,0.0,0.0
8635456581534584040-2608071406-3,99113,2608071440,2608071444,,,ARV,8,Neckarsulm|Heilbronn Hbf,8000038,Bietigheim-Bissingen,Baden-Württemberg,Bietigheim-Bissingen,74321,9.137217396,48.94794988,2,,,,,,,,,,,,c,c,0.0,0.0
7293992113880422228-2608071412-5,19320,2608071459,2608071500,10,,RB,MEX18,Plochingen|Esslingen(Neckar)|Kornwestheim Pbf|Ludwigsburg,8000038,Bietigheim-Bissingen,Baden-Württemberg,Bietigheim-Bissingen,74321,9.137217396,48.94794988,2,2608071459,,2608071501,,,,,,,,,,,0.0,1.0
-5483174092082058850-2608071408-2,99116,2608071415,2608071418,,,ARV,8,Ludwigsburg,8000038,Bietigheim-Bissingen,Baden-Württemberg,Bietigheim-Bissingen,74321,9.137217396,48.94794988,2,,,,,,,,,,,,c,c,0.0,0.0
4628542788589869008-2608071430-7,19323,2608071455,2608071457,8,,RB,MEX18,Heilbronn Hbf|Nordheim(Württ)|Lauffen(Neckar)|Kirchheim(Neckar)|Walheim(Württ)|Besigheim,8000038,Bietigheim-Bissingen,Baden-Württemberg,Bietigheim-Bissingen,74321,9.137217396,48.94794988,2,2608071458,,2608071459,,,,,,,,,,,3.0,2.0
-8095692092161839757-2608071414-12,19521,2608071450,,3,,RE,,Pforzheim Hbf|Eutingen(Baden)|Niefern|Enzberg|Mühlacker|Mühlacker Rößlesweg|Illingen(Württ)|Vaihingen(Enz)|Sersheim|Sachsenheim|Ellental,8000038,Bietigheim-Bissingen,Baden-Württemberg,Bietigheim-Bissingen,74321,9.137217396,48.94794988,2,2608071451,,,,,,,,,,,,,1.0,0.0
-3516690643744213221-2608071312-5,19318,2608071359,2608071400,10,,RE,MEX18,Plochingen|Esslingen(Neckar)|Kornwestheim Pbf|Ludwigsburg,8000038,Bietigheim-Bissingen,Baden-Württemberg,Bietigheim-Bissingen,74321,9.137217396,48.94794988,2,2608071359,,2608071400,,,,,,,,,,,0.0,0.0
2698979380668048526-2608071357-7,19227,2608071422,2608071424,8,,RB,MEX12,Heilbronn Hbf|Nordheim(Württ)|Lauffen(Neckar)|Kirchheim(Neckar)|Walheim(Württ)|Besigheim,8000038,Bietigheim-Bissingen,Baden-Württemberg,Bietigheim-Bissingen,74321,9.137217396,48.94794988,2,2608071424,,2608071427,,h,2,Information,,,,,,,2.0,3.0
-2200141252164614460-2608071357-9,7536,2608071424,,6,,S,,Stuttgart Hbf|Stuttgart Nordbahnhof|Stuttgart-Feuerbach|Stuttgart-Zuffenhausen|Kornwestheim Pbf|Ludwigsburg|Asperg|Tamm(Württ),8000038,Bietigheim-Bissingen,Baden-Württemberg,Bietigheim-Bissingen,74321,9.137217396,48.94794988,2,2608071426,,,,,,,,,,,,,2.0,0.0
7922855139158603560-2608071407-1,7539,,2608071407,,,S,S5,,8000038,Bietigheim-Bissingen,Baden-Württemberg,Bietigheim-Bissingen,74321,9.137217396,48.94794988,2,,,2608071407,6,,,,,,,,,,0.0,0.0
6402432192147431474-2608071427-9,7538,2608071454,,6,,S,,Stuttgart Hbf|Stuttgart Nordbahnhof|Stuttgart-Feuerbach|Stuttgart-Zuffenhausen|Kornwestheim Pbf|Ludwigsburg|Asperg|Tamm(Württ),8000038,Bietigheim-Bissingen,Baden-Württemberg,Bietigheim-Bissingen,74321,9.137217396,48.94794988,2,2608071454,,,,,,,,,,,,,0.0,0.0
1483937347162480380-2608071346-6,7738,2608071400,2608071400,3,,S,S1,Herrenberg|Nufringen|Gärtringen|Ehningen(b Böblingen)|Hulb,8001055,Böblingen,Baden-Württemberg,Böblingen,71034,9.004531864,48.68784871,3,2608071400,,2608071401,,,,,,,,,,,0.0,1.0
-1906058467950325249-2608071418-3,17647,2608071438,2608071439,5,,RE,RE14a,Stuttgart Hbf|Stuttgart-Vaihingen,8001055,Böblingen,Baden-Württemberg,Böblingen,71034,9.004531864,48.68784871,3,2608071442,,2608071443,,h,1,Störung,,,,,,,4.0,4.0
4879595314453883227-2608071433-1,28484,,2608071433,,,RE,RESB,,8001055,Böblingen,Baden-Württemberg,Böblingen,71034,9.004531864,48.68784871,3,,,2608071436,,h,1,Störung,,,,,,,0.0,3.0
741299647555358187-2608071418-3,17645,2608071438,2608071439,5,,RE,RE14b,Stuttgart Hbf|Stuttgart-Vaihingen,8001055,Böblingen,Baden-Württemberg,Böblingen,71034,9.004531864,48.68784871,3,2608071442,,2608071443,,h,1,Störung,,,,,,,4.0,4.0
-3747023062711209303-2608071434-1,7039,,2608071434,,,S,S60,,8001055,Böblingen,Baden-Württemberg,Böblingen,71034,9.004531864,48.68784871,3,,,2608071435,,,,,,,,,,,0.0,1.0
2278671340843010605-2608071408-16,7040,2608071456,,5,,S,,Stuttgart-Feuerbach|Stuttgart-Zuffenhausen|Neuwirtshaus(Porscheplatz)|Korntal|Weilimdorf|Ditzingen|Höfingen|Leonberg|Rutesheim|Renningen|Renningen Süd|Magstadt|Maichingen Nord|Maichingen|Sindelfingen,8001055,Böblingen,Baden-Württemberg,Böblingen,71034,9.004531864,48.68784871,3,2608071456,,,,,,,,,,,,,0.0,0.0
4349633890388831698-2608071402-12,8113,2608071425,,1,,WEG,,Dettenhausen|Weil im Schönbuch Untere Halde|Weil im Schönbuch Röte|Weil im Schönbuch Troppel|Holzgerlingen Buch|Holzgerlingen Bf|Holzgerlingen Hülben|Böblingen Zimmerschlag|Böblingen Heusteigstr|Böblingen Südbf|Böblingen Danziger Str,8001055,Böblingen,Baden-Württemberg,Böblingen,71034,9.004531864,48.68784871,3,2608071425,,,,,,,,,,,,,0.0,0.0
-4797064561971147706-2608071416-6,7740,2608071430,2608071430,3,,S,S1,Herrenberg|Nufringen|Gärtringen|Ehningen(b Böblingen)|Hulb,8001055,Böblingen,Baden-Württemberg,Böblingen,71034,9.004531864,48.68784871,3,2608071433,,2608071433,,,,,,,,,,,3.0,3.0
-117664068110103176-2608071338-16,7038,2608071426,,5,,S,,Stuttgart-Feuerbach|Stuttgart-Zuffenhausen|Neuwirtshaus(Porscheplatz)|Korntal|Weilimdorf|Ditzingen|Höfingen|Leonberg|Rutesheim|Renningen|Renningen Süd|Magstadt|Maichingen Nord|Maichingen|Sindelfingen,8001055,Böblingen,Baden-Württemberg,Böblingen,71034,9.004531864,48.68784871,3,2608071427,,,,,,,,,,,,,1.0,0.0
-3863980698338033692-2608071405-1,8112,,2608071405,,,WEG,RB46,,8001055,Böblingen,Baden-Württemberg,Böblingen,71034,9.004531864,48.68784871,3,,,2608071405,,,,,,,,,,,0.0,0.0
-3700039788940994765-2608071435-1,8116,,2608071435,,,WEG,RB46,,8001055,Böblingen,Baden-Württemberg,Böblingen,71034,9.004531864,48.68784871,3,,,2608071435,,,,,,,,,,,0.0,0.0
6124338189544576683-2608071432-12,8117,2608071455,,1,,WEG,,Dettenhausen|Weil im Schönbuch Untere Halde|Weil im Schönbuch Röte|Weil im Schönbuch Troppel|Holzgerlingen Buch|Holzgerlingen Bf|Holzgerlingen Hülben|Böblingen Zimmerschlag|Böblingen Heusteigstr|Böblingen Südbf|Böblingen Danziger Str,8001055,Böblingen,Baden-Württemberg,Böblingen,71034,9.004531864,48.68784871,3,2608071456,,,,,,,,,,,,,1.0,0.0
-7348872135065043592-2608071403-3,28485,2608071426,,2,,RE,,Stuttgart Hbf|Stuttgart-Vaihingen,8001055,Böblingen,Baden-Württemberg,Böblingen,71034,9.004531864,48.68784871,3,2608071428,,,,h,1,Störung,,,,,,,2.0,0.0
436949091827174438-2608071404-1,7037,,2608071404,,,S,S60,,8001055,Böblingen,Baden-Württemberg,Böblingen,71034,9.004531864,48.68784871,3,,,2608071404,,,,,,,,,,,0.0,0.0
5925841418672271349-2608071346-4,7735,2608071400,2608071400,4,,S,S1,Stuttgart-Vaihingen|Stuttgart-Rohr|Goldberg(Württ),8001055,Böblingen,Baden-Württemberg,Böblingen,71034,9.004531864,48.68784871,3,2608071400,,2608071401,,,,,,,,,,,0.0,1.0
-2046266840700657376-2608071416-4,7737,2608071430,2608071430,4,,S,S1,Stuttgart-Vaihingen|Stuttgart-Rohr|Goldberg(Württ),8001055,Böblingen,Baden-Württemberg,Böblingen,71034,9.004531864,48.68784871,3,2608071430,,2608071431,,,,,,,,,,,0.0,1.0
195941745446539029-2608071433-2,7441,2608071437,2608071438,1,,S,S4,Backnang,8001296,Burgstall (Murr),Baden-Württemberg,Burgstetten,71576,9.36973562,48.92851826,6,2608071438,,2608071438,,,,,,,,,,,1.0,0.0
-6549272114727686147-2608071403-2,7439,2608071407,2608071408,1,,S,S4,Backnang,8001296,Burgstall (Murr),Baden-Württemberg,Burgstetten,71576,9.36973562,48.92851826,6,2608071408,,2608071409,,,,,,,,,,,1.0,1.0
3012628937038479032-2608071337-13,7432,2608071417,2608071417,1,,S,S4,Stuttgart Hbf|Stuttgart Nordbahnhof|Stuttgart-Feuerbach|Stuttgart-Zuffenhausen|Kornwestheim Pbf|Ludwigsburg|Favoritepark|Freiberg(Neckar)|Benningen(Neckar)|Marbach(Neckar)|Erdmannhausen|Kirchberg(Murr),8001296,Burgstall (Murr),Baden-Württemberg,Burgstetten,71576,9.36973562,48.92851826,6,2608071417,,2608071417,,,,,,,,,,,0.0,0.0
-9059701415040115440-2608071407-13,7434,2608071447,2608071447,1,,S,S4,Stuttgart Hbf|Stuttgart Nordbahnhof|Stuttgart-Feuerbach|Stuttgart-Zuffenhausen|Kornwestheim Pbf|Ludwigsburg|Favoritepark|Freiberg(Neckar)|Benningen(Neckar)|Marbach(Neckar)|Erdmannhausen|Kirchberg(Murr),8001296,Burgstall (Murr),Baden-Württemberg,Burgstetten,71576,9.36973562,48.92851826,6,2608071447,,2608071448,,,,,,,,,,,0.0,1.0
-6979903820146248028-2608071334-11,7035,2608071409,2608071409,3,,S,S60,Böblingen|Sindelfingen|Maichingen|Maichingen Nord|Magstadt|Renningen Süd|Renningen|Rutesheim|Leonberg|Höfingen,8001476,Ditzingen,Baden-Württemberg,Ditzingen,71254,9.067095186,48.82358726,4,2608071409,,2608071409,,,,,,,,,,,0.0,0.0
-2645153808296859604-2608071403-7,7639,2608071424,2608071424,3,,S,S6,Weil der Stadt|Malmsheim|Renningen|Rutesheim|Leonberg|Höfingen,8001476,Ditzingen,Baden-Württemberg,Ditzingen,71254,9.067095186,48.82358726,4,2608071424,,2608071424,,,,,,,,,,,0.0,0.0
7530988178137712619-2608071417-8,7636,2608071436,2608071436,2,,S,S6,Stuttgart Hbf|Stuttgart Nordbahnhof|Stuttgart-Feuerbach|Stuttgart-Zuffenhausen|Neuwirtshaus(Porscheplatz)|Korntal|Weilimdorf,8001476,Ditzingen,Baden-Württemberg,Ditzingen,71254,9.067095186,48.82358726,4,2608071436,,2608071436,,,,,,,,,,,0.0,0.0
2278671340843010605-2608071408-6,7040,2608071421,2608071421,2,,S,S60,Stuttgart-Feuerbach|Stuttgart-Zuffenhausen|Neuwirtshaus(Porscheplatz)|Korntal|Weilimdorf,8001476,Ditzingen,Baden-Württemberg,Ditzingen,71254,9.067095186,48.82358726,4,2608071421,,2608071421,,,,,,,,,,,0.0,0.0
-8479896976705599840-2608071438-6,7042,2608071451,2608071451,2,,S,S60,Stuttgart-Feuerbach|Stuttgart-Zuffenhausen|Neuwirtshaus(Porscheplatz)|Korntal|Weilimdorf,8001476,Ditzingen,Baden-Württemberg,Ditzingen,71254,9.067095186,48.82358726,4,2608071451,,2608071451,,,,,,,,,,,0.0,0.0
-4327327279162025655-2608071433-7,7641,2608071454,2608071454,3,,S,S6,Weil der Stadt|Malmsheim|Renningen|Rutesheim|Leonberg|Höfingen,8001476,Ditzingen,Baden-Württemberg,Ditzingen,71254,9.067095186,48.82358726,4,2608071454,,2608071454,,,,,,,,,,,0.0,0.0
436949091827174438-2608071404-11,7037,2608071439,2608071439,3,,S,S60,Böblingen|Sindelfingen|Maichingen|Maichingen Nord|Magstadt|Renningen Süd|Renningen|Rutesheim|Leonberg|Höfingen,8001476,Ditzingen,Baden-Württemberg,Ditzingen,71254,9.067095186,48.82358726,4,2608071439,,2608071439,,,,,,,,,,,0.0,0.0
8049613685157447846-2608071347-8,7634,2608071406,2608071406,2,,S,S6,Stuttgart Hbf|Stuttgart Nordbahnhof|Stuttgart-Feuerbach|Stuttgart-Zuffenhausen|Neuwirtshaus(Porscheplatz)|Korntal|Weilimdorf,8001476,Ditzingen,Baden-Württemberg,Ditzingen,71254,9.067095186,48.82358726,4,2608071406,,2608071406,,,,,,,,,,,0.0,0.0
-7673388341298395450-2608071405-5,7937,2608071419,2608071420,1,,S,S2,Stuttgart-Vaihingen|Stuttgart-Rohr|Oberaichen|Leinfelden,8001650,Echterdingen,Baden-Württemberg,Echterdingen,70771,9.169307175,48.69214787,4,2608071419,,2608071420,,,,,,,,,,,0.0,0.0
854039019381871609-2608071435-5,7939,2608071449,2608071450,1,,S,S2,Stuttgart-Vaihingen|Stuttgart-Rohr|Oberaichen|Leinfelden,8001650,Echterdingen,Baden-Württemberg,Echterdingen,70771,9.169307175,48.69214787,4,2608071449,,2608071450,,,,,,,,,,,0.0,0.0
2722208052753290335-2608071433-3,7938,2608071440,2608071440,2,,S,S2,Filderstadt|Stuttgart Flughafen/Messe,8001650,Echterdingen,Baden-Württemberg,Echterdingen,70771,9.169307175,48.69214787,4,2608071440,,2608071440,,,,,,,,,,,0.0,0.0
-5366867588327491833-2608071403-3,7936,2608071410,2608071410,2,,S,S2,Filderstadt|Stuttgart Flughafen/Messe,8001650,Echterdingen,Baden-Württemberg,Echterdingen,70771,9.169307175,48.69214787,4,2608071410,,2608071410,,,,,,,,,,,0.0,0.0
-4797064561971147706-2608071416-4,7740,2608071425,2608071425,1,,S,S1,Herrenberg|Nufringen|Gärtringen,8001689,Ehningen (b Böblingen),Baden-Württemberg,Ehningen,71139,8.944310368,48.66275549,4,2608071427,,2608071428,,,,,,,,,,,2.0,3.0
968865099586091217-2608071446-4,7742,2608071455,2608071455,1,,S,S1,Herrenberg|Nufringen|Gärtringen,8001689,Ehningen (b Böblingen),Baden-Württemberg,Ehningen,71139,8.944310368,48.66275549,4,2608071455,,2608071456,,,,,,,,,,,0.0,1.0
5925841418672271349-2608071346-6,7735,2608071405,2608071405,2,,S,S1,Stuttgart-Vaihingen|Stuttgart-Rohr|Goldberg(Württ)|Böblingen|Hulb,8001689,Ehningen (b Böblingen),Baden-Württemberg,Ehningen,71139,8.944310368,48.66275549,4,2608071405,,2608071406,,,,,,,,,,,0.0,1.0
-2046266840700657376-2608071416-6,7737,2608071435,2608071435,2,,S,S1,Stuttgart-Vaihingen|Stuttgart-Rohr|Goldberg(Württ)|Böblingen|Hulb,8001689,Ehningen (b Böblingen),Baden-Württemberg,Ehningen,71139,8.944310368,48.66275549,4,2608071435,,2608071436,,,,,,,,,,,0.0,1.0
6408695738882885508-2608071350-9,7234,2608071411,2608071411,2,,S,S2,Stuttgart Hbf|Stuttgart-Bad Cannstatt|Stuttgart Nürnberger Str.|Stuttgart-Sommerrain|Fellbach|Waiblingen|Rommelshausen|Stetten-Beinstein,8001785,Endersbach,Baden-Württemberg,Weinstadt,71384,9.370192421,48.81317323,4,2608071411,,2608071411,,h,1,Bauarbeiten,,,,,,,0.0,0.0
5042788861717640545-2608071420-9,7236,2608071441,2608071441,2,,S,S2,Stuttgart Hbf|Stuttgart-Bad Cannstatt|Stuttgart Nürnberger Str.|Stuttgart-Sommerrain|Fellbach|Waiblingen|Rommelshausen|Stetten-Beinstein,8001785,Endersbach,Baden-Württemberg,Weinstadt,71384,9.370192421,48.81317323,4,2608071446,,2608071446,,h,1,Bauarbeiten,,,,,,,5.0,5.0
-8059892926335795903-2608071403-7,7239,2608071417,2608071417,3,,S,S2,Schorndorf|Weiler(Rems)|Winterbach(b Schorndorf)|Geradstetten|Grunbach|Beutelsbach,8001785,Endersbach,Baden-Württemberg,Weinstadt,71384,9.370192421,48.81317323,4,2608071417,,2608071417,,h,1,Bauarbeiten,,,,,,,0.0,0.0
-5955272615429035569-2608071433-7,7241,2608071447,2608071447,3,,S,S2,Schorndorf|Weiler(Rems)|Winterbach(b Schorndorf)|Geradstetten|Grunbach|Beutelsbach,8001785,Endersbach,Baden-Württemberg,Weinstadt,71384,9.370192421,48.81317323,4,2608071450,,2608071451,,h,1,Bauarbeiten,,,,,,,3.0,4.0
195941745446539029-2608071433-4,7441,2608071447,2608071448,1,,S,S4,Backnang|Burgstall(Murr)|Kirchberg(Murr),8001827,Erdmannhausen,Baden-Württemberg,Erdmannhausen,71729,9.298930848,48.9483447,6,2608071447,,2608071448,,,,,,,,,,,0.0,0.0
-6549272114727686147-2608071403-4,7439,2608071417,2608071418,1,,S,S4,Backnang|Burgstall(Murr)|Kirchberg(Murr),8001827,Erdmannhausen,Baden-Württemberg,Erdmannhausen,71729,9.298930848,48.9483447,6,2608071417,,2608071419,,,,,,,,,,,0.0,1.0
3012628937038479032-2608071337-11,7432,2608071410,2608071410,1,,S,S4,Stuttgart Hbf|Stuttgart Nordbahnhof|Stuttgart-Feuerbach|Stuttgart-Zuffenhausen|Kornwestheim Pbf|Ludwigsburg|Favoritepark|Freiberg(Neckar)|Benningen(Neckar)|Marbach(Neckar),8001827,Erdmannhausen,Baden-Württemberg,Erdmannhausen,71729,9.298930848,48.9483447,6,2608071410,,2608071411,,,,,,,,,,,0.0,1.0
-9059701415040115440-2608071407-11,7434,2608071440,2608071440,1,,S,S4,Stuttgart Hbf|Stuttgart Nordbahnhof|Stuttgart-Feuerbach|Stuttgart-Zuffenhausen|Kornwestheim Pbf|Ludwigsburg|Favoritepark|Freiberg(Neckar)|Benningen(Neckar)|Marbach(Neckar),8001827,Erdmannhausen,Baden-Württemberg,Erdmannhausen,71729,9.298930848,48.9483447,6,2608071440,,2608071441,,,,,,,,,,,0.0,1.0
-1838827148333657754-2608071220-4,916,2608071407,2608071409,3,,ICE,,München Hbf|Augsburg Hbf|Ulm Hbf,8001920,Esslingen (Neckar),Baden-Württemberg,Esslingen am Neckar,73728,9.300578149,48.73854148,3,2608071502,,2608071505,,h,1,Störung,,,München Hbf|Augsburg Hbf|Ulm Hbf,Vaihingen(Enz)|Mannheim Hbf|Frankfurt(M) Flughafen Fernbf|Köln Messe/Deutz Gl.11-12|Düsseldorf Hbf|Duisburg Hbf|Essen Hbf|Dortmund Hbf,c,c,55.0,56.0
7236638317671658556-2608071420-9,7141,2608071447,2608071447,7,,S,S1,Kirchheim(Teck)|Kirchheim(Teck)-Ötlingen|Wendlingen(Neckar)|Wernau(Neckar)|Plochingen|Altbach|Esslingen-Zell|Oberesslingen,8001920,Esslingen (Neckar),Baden-Württemberg,Esslingen am Neckar,73728,9.300578149,48.73854148,3,2608071449,,2608071450,,,,,,,,,,,2.0,3.0
7004552740739658779-2608071350-9,7139,2608071417,2608071417,7,,S,S1,Kirchheim(Teck)|Kirchheim(Teck)-Ötlingen|Wendlingen(Neckar)|Wernau(Neckar)|Plochingen|Altbach|Esslingen-Zell|Oberesslingen,8001920,Esslingen (Neckar),Baden-Württemberg,Esslingen am Neckar,73728,9.300578149,48.73854148,3,2608071417,,2608071418,,,,,,,,,,,0.0,1.0
8066948341588458346-2608071355-7,7136,2608071412,2608071413,8,,S,S1,Stuttgart Hbf|Stuttgart-Bad Cannstatt|Stuttgart Neckarpark|Stuttgart-Untertürkheim|Stuttgart-Obertürkheim|Esslingen-Mettingen,8001920,Esslingen (Neckar),Baden-Württemberg,Esslingen am Neckar,73728,9.300578149,48.73854148,3,2608071412,7,2608071415,7,,,,,,,,,,0.0,2.0
4426575271515089062-2608071211-3,211,2608071358,2608071400,5,,ICE,,Frankfurt(Main)Hbf|Heidelberg Hbf,8001920,Esslingen (Neckar),Baden-Württemberg,Esslingen am Neckar,73728,9.300578149,48.73854148,3,2608071402,,2608071409,,h,1,Störung,,,,,,,4.0,9.0
-3450342550725116010-2608071236-20,19144,2608071401,2608071402,3,,ARV,16,Ulm Hbf|Beimerstetten|Westerstetten|Lonsee|Urspring|Amstetten(Württ)|Geislingen(Steige)|Geislingen(Steige)West|Kuchen|Gingen(Fils)|Süßen|Salach|Eislingen(Fils)|Göppingen|Faurndau|Uhingen|Ebersbach(Fils)|Reichenbach(Fils)|Plochingen,8001920,Esslingen (Neckar),Baden-Württemberg,Esslingen am Neckar,73728,9.300578149,48.73854148,3,2608071403,,2608071404,,,,,,,,,,,2.0,2.0
-8022228080648420109-2608071442-3,19149,2608071453,2608071453,5,,ARV,16,Stuttgart Hbf|Stuttgart-Bad Cannstatt,8001920,Esslingen (Neckar),Baden-Württemberg,Esslingen am Neckar,73728,9.300578149,48.73854148,3,2608071502,6,2608071507,6,,,,,,,,,,9.0,14.0
-2781952652774329771-2608071257-11,19225,2608071403,2608071405,8,,RB,MEX12,Heilbronn Hbf|Nordheim(Württ)|Lauffen(Neckar)|Kirchheim(Neckar)|Walheim(Württ)|Besigheim|Bietigheim-Bissingen|Ludwigsburg|Stuttgart Hbf|Stuttgart-Bad Cannstatt,8001920,Esslingen (Neckar),Baden-Württemberg,Esslingen am Neckar,73728,9.300578149,48.73854148,3,2608071406,,2608071413,,h,2,Information,,,,,,,3.0,8.0
7293992113880422228-2608071412-2,19320,2608071422,2608071423,3,,RB,MEX18,Plochingen,8001920,Esslingen (Neckar),Baden-Württemberg,Esslingen am Neckar,73728,9.300578149,48.73854148,3,2608071422,,2608071423,,,,,,,,,,,0.0,0.0
-3643145386791728110-2608071405-9,19234,2608071455,2608071455,7,,RB,MEX12,Tübingen Hbf|Reutlingen Hbf|Metzingen(Württ)|Bempflingen|Nürtingen|Oberboihingen|Wendlingen(Neckar)|Plochingen,8001920,Esslingen (Neckar),Baden-Württemberg,Esslingen am Neckar,73728,9.300578149,48.73854148,3,2608071455,,2608071456,,h,2,Information,,,,,,,0.0,1.0
-7554900795213045256-2608071320-20,19146,2608071438,2608071439,3,,ARV,16,Ulm Hbf|Beimerstetten|Westerstetten|Lonsee|Urspring|Amstetten(Württ)|Geislingen(Steige)|Geislingen(Steige)West|Kuchen|Gingen(Fils)|Süßen|Salach|Eislingen(Fils)|Göppingen|Faurndau|Uhingen|Ebersbach(Fils)|Reichenbach(Fils)|Plochingen,8001920,Esslingen (Neckar),Baden-Württemberg,Esslingen am Neckar,73728,9.300578149,48.73854148,3,2608071440,,2608071440,,,,,,,,,,,2.0,1.0
6756447695356970455-2608071439-2,4221,2608071448,2608071448,5,,RE,RE5,Stuttgart Hbf,8001920,Esslingen (Neckar),Baden-Württemberg,Esslingen am Neckar,73728,9.300578149,48.73854148,3,2608071450,,2608071451,,h,2,Störung,,,,,,,2.0,3.0
-4628373679111248828-2608071403-3,19147,2608071415,2608071415,5,,ARV,16,Stuttgart Hbf|Stuttgart-Bad Cannstatt,8001920,Esslingen (Neckar),Baden-Württemberg,Esslingen am Neckar,73728,9.300578149,48.73854148,3,2608071415,,2608071417,,,,,,,,,,,0.0,2.0
-5286310659195805286-2608071425-7,7138,2608071442,2608071443,8,,S,S1,Stuttgart Hbf|Stuttgart-Bad Cannstatt|Stuttgart Neckarpark|Stuttgart-Untertürkheim|Stuttgart-Obertürkheim|Esslingen-Mettingen,8001920,Esslingen (Neckar),Baden-Württemberg,Esslingen am Neckar,73728,9.300578149,48.73854148,3,2608071442,,2608071444,,,,,,,,,,,0.0,1.0
1883759461705835356-2608071330-10,19321,2608071434,2608071435,6,,RB,MEX18,Heilbronn Hbf|Nordheim(Württ)|Lauffen(Neckar)|Kirchheim(Neckar)|Walheim(Württ)|Besigheim|Bietigheim-Bissingen|Ludwigsburg|Kornwestheim Pbf,8001920,Esslingen (Neckar),Baden-Württemberg,Esslingen am Neckar,73728,9.300578149,48.73854148,3,2608071436,5,2608071437,5,c,,,,,,,,,2.0,2.0
4912221343502352171-2608071203-13,4242,2608071412,2608071413,3,,RE,RE5,Friedrichshafen Stadt|Meckenbeuren|Ravensburg|Aulendorf|Bad Schussenried|Biberach(Riß) Süd|Biberach(Riß)|Laupheim West|Ulm Hbf|Geislingen(Steige)|Göppingen|Plochingen,8001920,Esslingen (Neckar),Baden-Württemberg,Esslingen am Neckar,73728,9.300578149,48.73854148,3,2608071431,,2608071432,,h,2,Störung,,,,,,,19.0,19.0
3762301582140299933-2608071405-4,567,2608071457,2608071459,5,,ICE,,Karlsruhe Hbf|Bruchsal|Vaihingen(Enz),8001920,Esslingen (Neckar),Baden-Württemberg,Esslingen am Neckar,73728,9.300578149,48.73854148,3,2608071459,,2608071501,,h,1,Störung,,,,,,,2.0,2.0
-1073960129091467682-2608071302-5,564,2608071456,2608071458,3,,ICE,,München Hbf|München-Pasing|Augsburg Hbf|Ulm Hbf,8001920,Esslingen (Neckar),Baden-Württemberg,Esslingen am Neckar,73728,9.300578149,48.73854148,3,2608071543,,2608071458,,h,1,Störung,,,München Hbf|München-Pasing|Augsburg Hbf|Ulm Hbf,Vaihingen(Enz)|Bruchsal|Karlsruhe Hbf,c,c,47.0,0.0
1459720362045900384-2608071247-5,216,2608071459,2608071507,2,,ICE,,Friedrichshafen Stadt|Ravensburg|Biberach(Riß)|Ulm Hbf,8001920,Esslingen (Neckar),Baden-Württemberg,Esslingen am Neckar,73728,9.300578149,48.73854148,3,2608071455,,2608071507,,h,2,Information,,,,,,,-4.0,0.0
7236638317671658556-2608071420-10,7141,2608071449,2608071450,3,,S,S1,Kirchheim(Teck)|Kirchheim(Teck)-Ötlingen|Wendlingen(Neckar)|Wernau(Neckar)|Plochingen|Altbach|Esslingen-Zell|Oberesslingen|Esslingen(Neckar),8001921,Esslingen-Mettingen,Baden-Württemberg,Esslingen am Neckar,73733,9.275799007,48.74696655,3,2608071451,,2608071452,,,,,,,,,,,2.0,2.0
7004552740739658779-2608071350-10,7139,2608071419,2608071420,3,,S,S1,Kirchheim(Teck)|Kirchheim(Teck)-Ötlingen|Wendlingen(Neckar)|Wernau(Neckar)|Plochingen|Altbach|Esslingen-Zell|Oberesslingen|Esslingen(Neckar),8001921,Esslingen-Mettingen,Baden-Württemberg,Esslingen am Neckar,73733,9.275799007,48.74696655,3,2608071420,,2608071421,,,,,,,,,,,1.0,1.0
8066948341588458346-2608071355-6,7136,2608071409,2608071409,4,,S,S1,Stuttgart Hbf|Stuttgart-Bad Cannstatt|Stuttgart Neckarpark|Stuttgart-Untertürkheim|Stuttgart-Obertürkheim,8001921,Esslingen-Mettingen,Baden-Württemberg,Esslingen am Neckar,73733,9.275799007,48.74696655,3,2608071409,,2608071410,,,,,,,,,,,0.0,1.0
-5286310659195805286-2608071425-6,7138,2608071439,2608071439,4,,S,S1,Stuttgart Hbf|Stuttgart-Bad Cannstatt|Stuttgart Neckarpark|Stuttgart-Untertürkheim|Stuttgart-Obertürkheim,8001921,Esslingen-Mettingen,Baden-Württemberg,Esslingen am Neckar,73733,9.275799007,48.74696655,3,2608071439,,2608071440,,,,,,,,,,,0.0,1.0
7236638317671658556-2608071420-7,7141,2608071442,2608071442,3,,S,S1,Kirchheim(Teck)|Kirchheim(Teck)-Ötlingen|Wendlingen(Neckar)|Wernau(Neckar)|Plochingen|Altbach,8006642,Esslingen-Zell,Baden-Württemberg,Esslingen am Neckar,73730,9.359739507,48.72436142,3,2608071443,,2608071444,,,,,,,,,,,1.0,2.0
7004552740739658779-2608071350-7,7139,2608071412,2608071412,3,,S,S1,Kirchheim(Teck)|Kirchheim(Teck)-Ötlingen|Wendlingen(Neckar)|Wernau(Neckar)|Plochingen|Altbach,8006642,Esslingen-Zell,Baden-Württemberg,Esslingen am Neckar,73730,9.359739507,48.72436142,3,2608071412,,2608071412,,,,,,,,,,,0.0,0.0
8066948341588458346-2608071355-9,7136,2608071417,2608071418,4,,S,S1,Stuttgart Hbf|Stuttgart-Bad Cannstatt|Stuttgart Neckarpark|Stuttgart-Untertürkheim|Stuttgart-Obertürkheim|Esslingen-Mettingen|Esslingen(Neckar)|Oberesslingen,8006642,Esslingen-Zell,Baden-Württemberg,Esslingen am Neckar,73730,9.359739507,48.72436142,3,2608071419,,2608071420,,,,,,,,,,,2.0,2.0
-5286310659195805286-2608071425-9,7138,2608071447,2608071448,4,,S,S1,Stuttgart Hbf|Stuttgart-Bad Cannstatt|Stuttgart Neckarpark|Stuttgart-Untertürkheim|Stuttgart-Obertürkheim|Esslingen-Mettingen|Esslingen(Neckar)|Oberesslingen,8006642,Esslingen-Zell,Baden-Württemberg,Esslingen am Neckar,73730,9.359739507,48.72436142,3,2608071448,,2608071449,,,,,,,,,,,1.0,1.0
3618335699656372385-2608071333-8,7437,2608071403,2608071404,2,,S,S4,Backnang|Burgstall(Murr)|Kirchberg(Murr)|Erdmannhausen|Marbach(Neckar)|Benningen(Neckar)|Freiberg(Neckar),8001967,Favoritepark,Baden-Württemberg,Ludwigsburg,71634,9.180574277,48.90948451,5,2608071403,,2608071404,,,,,,,,,,,0.0,0.0
-7104295840480841845-2608071437-7,7436,2608071456,2608071456,1,,S,S4,Stuttgart Hbf|Stuttgart Nordbahnhof|Stuttgart-Feuerbach|Stuttgart-Zuffenhausen|Kornwestheim Pbf|Ludwigsburg,8001967,Favoritepark,Baden-Württemberg,Ludwigsburg,71634,9.180574277,48.90948451,5,2608071456,,2608071457,,,,,,,,,,,0.0,1.0
-6549272114727686147-2608071403-8,7439,2608071433,2608071434,2,,S,S4,Backnang|Burgstall(Murr)|Kirchberg(Murr)|Erdmannhausen|Marbach(Neckar)|Benningen(Neckar)|Freiberg(Neckar),8001967,Favoritepark,Baden-Württemberg,Ludwigsburg,71634,9.180574277,48.90948451,5,2608071433,,2608071435,,,,,,,,,,,0.0,1.0
-9059701415040115440-2608071407-7,7434,2608071426,2608071426,1,,S,S4,Stuttgart Hbf|Stuttgart Nordbahnhof|Stuttgart-Feuerbach|Stuttgart-Zuffenhausen|Kornwestheim Pbf|Ludwigsburg,8001967,Favoritepark,Baden-Württemberg,Ludwigsburg,71634,9.180574277,48.90948451,5,2608071426,,2608071427,,,,,,,,,,,0.0,1.0
6408695738882885508-2608071350-5,7234,2608071401,2608071402,1,,S,S2,Stuttgart Hbf|Stuttgart-Bad Cannstatt|Stuttgart Nürnberger Str.|Stuttgart-Sommerrain,8001974,Fellbach,Baden-Württemberg,Fellbach,70736,9.270645988,48.8202936,3,2608071401,,2608071402,,h,1,Bauarbeiten,,,,,,,0.0,0.0
8044955983483320146-2608071442-5,7338,2608071456,2608071457,1,,S,S3,Stuttgart Hbf|Stuttgart-Bad Cannstatt|Stuttgart Nürnberger Str.|Stuttgart-Sommerrain,8001974,Fellbach,Baden-Württemberg,Fellbach,70736,9.270645988,48.8202936,3,2608071456,,2608071457,,,,,,,,,,,0.0,0.0
5042788861717640545-2608071420-5,7236,2608071431,2608071432,1,,S,S2,Stuttgart Hbf|Stuttgart-Bad Cannstatt|Stuttgart Nürnberger Str.|Stuttgart-Sommerrain,8001974,Fellbach,Baden-Württemberg,Fellbach,70736,9.270645988,48.8202936,3,2608071432,,2608071432,,h,1,Bauarbeiten,,,,,,,1.0,0.0
4534703989086356326-2608071341-8,7337,2608071402,2608071403,4,,S,S3,Backnang|Maubach|Nellmersbach|Winnenden|Schwaikheim|Neustadt-Hohenacker|Waiblingen,8001974,Fellbach,Baden-Württemberg,Fellbach,70736,9.270645988,48.8202936,3,2608071403,,2608071404,,,,,,,,,,,1.0,1.0
3142345419825759229-2608071412-5,7336,2608071426,2608071427,1,,S,S3,Stuttgart Hbf|Stuttgart-Bad Cannstatt|Stuttgart Nürnberger Str.|Stuttgart-Sommerrain,8001974,Fellbach,Baden-Württemberg,Fellbach,70736,9.270645988,48.8202936,3,2608071428,,2608071429,,,,,,,,,,,2.0,2.0
-8059892926335795903-2608071403-11,7239,2608071427,2608071428,4,,S,S2,Schorndorf|Weiler(Rems)|Winterbach(b Schorndorf)|Geradstetten|Grunbach|Beutelsbach|Endersbach|Stetten-Beinstein|Rommelshausen|Waiblingen,8001974,Fellbach,Baden-Württemberg,Fellbach,70736,9.270645988,48.8202936,3,2608071427,,2608071428,,h,1,Bauarbeiten,,,,,,,0.0,0.0
-5955272615429035569-2608071433-11,7241,2608071457,2608071458,4,,S,S2,Schorndorf|Weiler(Rems)|Winterbach(b Schorndorf)|Geradstetten|Grunbach|Beutelsbach|Endersbach|Stetten-Beinstein|Rommelshausen|Waiblingen,8001974,Fellbach,Baden-Württemberg,Fellbach,70736,9.270645988,48.8202936,3,2608071500,,2608071501,,h,1,Bauarbeiten,,,,,,,3.0,3.0
6554930112927852478-2608071411-8,7339,2608071432,2608071433,4,,S,S3,Backnang|Maubach|Nellmersbach|Winnenden|Schwaikheim|Neustadt-Hohenacker|Waiblingen,8001974,Fellbach,Baden-Württemberg,Fellbach,70736,9.270645988,48.8202936,3,2608071434,,2608071435,,,,,,,,,,,2.0,2.0
-7673388341298395450-2608071405-6,7937,2608071422,2608071423,1,,S,S2,Stuttgart-Vaihingen|Stuttgart-Rohr|Oberaichen|Leinfelden|Echterdingen,8005768,Stuttgart Flughafen/Messe,Baden-Württemberg,Leinfelden-Echterdingen,70629,9.193411574,48.69075193,4,2608071422,,2608071423,,,,,,,,,,,0.0,0.0
854039019381871609-2608071435-6,7939,2608071452,2608071453,1,,S,S2,Stuttgart-Vaihingen|Stuttgart-Rohr|Oberaichen|Leinfelden|Echterdingen,8005768,Stuttgart Flughafen/Messe,Baden-Württemberg,Leinfelden-Echterdingen,70629,9.193411574,48.69075193,4,2608071452,,2608071453,,,,,,,,,,,0.0,0.0
2722208052753290335-2608071433-2,7938,2608071437,2608071438,2,,S,S2,Filderstadt,8005768,Stuttgart Flughafen/Messe,Baden-Württemberg,Leinfelden-Echterdingen,70629,9.193411574,48.69075193,4,2608071437,,2608071438,,,,,,,,,,,0.0,0.0
-5366867588327491833-2608071403-2,7936,2608071407,2608071408,2,,S,S2,Filderstadt,8005768,Stuttgart Flughafen/Messe,Baden-Württemberg,Leinfelden-Echterdingen,70629,9.193411574,48.69075193,4,2608071406,,2608071408,,,,,,,,,,,-1.0,0.0
3618335699656372385-2608071333-7,7437,2608071400,2608071401,2,,S,S4,Backnang|Burgstall(Murr)|Kirchberg(Murr)|Erdmannhausen|Marbach(Neckar)|Benningen(Neckar),8002065,Freiberg (Neckar),Baden-Württemberg,Freiberg am Neckar,71691,9.197530085,48.92994974,5,2608071400,,2608071401,,,,,,,,,,,0.0,0.0
-7104295840480841845-2608071437-8,7436,2608071459,2608071459,3,,S,S4,Stuttgart Hbf|Stuttgart Nordbahnhof|Stuttgart-Feuerbach|Stuttgart-Zuffenhausen|Kornwestheim Pbf|Ludwigsburg|Favoritepark,8002065,Freiberg (Neckar),Baden-Württemberg,Freiberg am Neckar,71691,9.197530085,48.92994974,5,2608071459,,2608071500,,,,,,,,,,,0.0,1.0
-6549272114727686147-2608071403-7,7439,2608071430,2608071431,2,,S,S4,Backnang|Burgstall(Murr)|Kirchberg(Murr)|Erdmannhausen|Marbach(Neckar)|Benningen(Neckar),8002065,Freiberg (Neckar),Baden-Württemberg,Freiberg am Neckar,71691,9.197530085,48.92994974,5,2608071431,,2608071431,,,,,,,,,,,1.0,0.0
-9059701415040115440-2608071407-8,7434,2608071429,2608071429,3,,S,S4,Stuttgart Hbf|Stuttgart Nordbahnhof|Stuttgart-Feuerbach|Stuttgart-Zuffenhausen|Kornwestheim Pbf|Ludwigsburg|Favoritepark,8002065,Freiberg (Neckar),Baden-Württemberg,Freiberg am Neckar,71691,9.197530085,48.92994974,5,2608071429,,2608071430,,,,,,,,,,,0.0,1.0
-4797064561971147706-2608071416-3,7740,2608071422,2608071422,2,,S,S1,Herrenberg|Nufringen,8002165,Gärtringen,Baden-Württemberg,Gärtringen,71116,8.908864487,48.64080021,5,2608071424,,2608071425,,,,,,,,,,,2.0,3.0
968865099586091217-2608071446-3,7742,2608071452,2608071452,2,,S,S1,Herrenberg|Nufringen,8002165,Gärtringen,Baden-Württemberg,Gärtringen,71116,8.908864487,48.64080021,5,2608071452,,2608071453,,,,,,,,,,,0.0,1.0
5925841418672271349-2608071346-7,7735,2608071408,2608071408,1,,S,S1,Stuttgart-Vaihingen|Stuttgart-Rohr|Goldberg(Württ)|Böblingen|Hulb|Ehningen(b Böblingen),8002165,Gärtringen,Baden-Württemberg,Gärtringen,71116,8.908864487,48.64080021,5,2608071409,,2608071410,,,,,,,,,,,1.0,2.0
-2046266840700657376-2608071416-7,7737,2608071438,2608071438,1,,S,S1,Stuttgart-Vaihingen|Stuttgart-Rohr|Goldberg(Württ)|Böblingen|Hulb|Ehningen(b Böblingen),8002165,Gärtringen,Baden-Württemberg,Gärtringen,71116,8.908864487,48.64080021,5,2608071439,,2608071439,,,,,,,,,,,1.0,1.0
6408695738882885508-2608071350-12,7234,2608071417,2608071417,2,,S,S2,Stuttgart Hbf|Stuttgart-Bad Cannstatt|Stuttgart Nürnberger Str.|Stuttgart-Sommerrain|Fellbach|Waiblingen|Rommelshausen|Stetten-Beinstein|Endersbach|Beutelsbach|Grunbach,8002240,Geradstetten,Baden-Württemberg,Remshalden,73630,9.439522346,48.80527689,5,2608071417,,2608071418,,h,1,Bauarbeiten,,,,,,,0.0,1.0
5042788861717640545-2608071420-12,7236,2608071447,2608071447,2,,S,S2,Stuttgart Hbf|Stuttgart-Bad Cannstatt|Stuttgart Nürnberger Str.|Stuttgart-Sommerrain|Fellbach|Waiblingen|Rommelshausen|Stetten-Beinstein|Endersbach|Beutelsbach|Grunbach,8002240,Geradstetten,Baden-Württemberg,Remshalden,73630,9.439522346,48.80527689,5,2608071452,,2608071453,,h,1,Bauarbeiten,,,,,,,5.0,6.0
-8059892926335795903-2608071403-4,7239,2608071410,2608071411,1,,S,S2,Schorndorf|Weiler(Rems)|Winterbach(b Schorndorf),8002240,Geradstetten,Baden-Württemberg,Remshalden,73630,9.439522346,48.80527689,5,2608071410,,2608071411,,h,1,Bauarbeiten,,,,,,,0.0,0.0
-5955272615429035569-2608071433-4,7241,2608071440,2608071441,1,,S,S2,Schorndorf|Weiler(Rems)|Winterbach(b Schorndorf),8002240,Geradstetten,Baden-Württemberg,Remshalden,73630,9.439522346,48.80527689,5,2608071444,,2608071444,,h,1,Bauarbeiten,,,,,,,4.0,3.0
1483937347162480380-2608071346-7,7738,2608071402,2608071402,2,,S,S1,Herrenberg|Nufringen|Gärtringen|Ehningen(b Böblingen)|Hulb|Böblingen,8005201,Goldberg,Baden-Württemberg,Böblingen,71032,9.019733387,48.69651581,5,2608071403,,2608071404,,,,,,,,,,,1.0,2.0
-4797064561971147706-2608071416-7,7740,2608071432,2608071432,2,,S,S1,Herrenberg|Nufringen|Gärtringen|Ehningen(b Böblingen)|Hulb|Böblingen,8005201,Goldberg,Baden-Württemberg,Böblingen,71032,9.019733387,48.69651581,5,2608071435,,2608071435,,,,,,,,,,,3.0,3.0
4042720994330791298-2608071446-3,7739,2608071458,2608071458,1,,S,S1,Stuttgart-Vaihingen|Stuttgart-Rohr,8005201,Goldberg,Baden-Württemberg,Böblingen,71032,9.019733387,48.69651581,5,2608071458,,2608071458,,,,,,,,,,,0.0,0.0
-2046266840700657376-2608071416-3,7737,2608071428,2608071428,1,,S,S1,Stuttgart-Vaihingen|Stuttgart-Rohr,8005201,Goldberg,Baden-Württemberg,Böblingen,71032,9.019733387,48.69651581,5,2608071428,,2608071429,,,,,,,,,,,0.0,1.0
6408695738882885508-2608071350-11,7234,2608071415,2608071415,3,,S,S2,Stuttgart Hbf|Stuttgart-Bad Cannstatt|Stuttgart Nürnberger Str.|Stuttgart-Sommerrain|Fellbach|Waiblingen|Rommelshausen|Stetten-Beinstein|Endersbach|Beutelsbach,8002448,Grunbach,Baden-Württemberg,Remshalden,73630,9.419580601,48.810414,4,2608071415,,2608071416,,h,1,Bauarbeiten,,,,,,,0.0,1.0
5042788861717640545-2608071420-11,7236,2608071445,2608071445,3,,S,S2,Stuttgart Hbf|Stuttgart-Bad Cannstatt|Stuttgart Nürnberger Str.|Stuttgart-Sommerrain|Fellbach|Waiblingen|Rommelshausen|Stetten-Beinstein|Endersbach|Beutelsbach,8002448,Grunbach,Baden-Württemberg,Remshalden,73630,9.419580601,48.810414,4,2608071450,,2608071451,,h,1,Bauarbeiten,,,,,,,5.0,6.0
-8059892926335795903-2608071403-5,7239,2608071412,2608071413,2,,S,S2,Schorndorf|Weiler(Rems)|Winterbach(b Schorndorf)|Geradstetten,8002448,Grunbach,Baden-Württemberg,Remshalden,73630,9.419580601,48.810414,4,2608071412,,2608071413,,h,1,Bauarbeiten,,,,,,,0.0,0.0
-5955272615429035569-2608071433-5,7241,2608071442,2608071443,2,,S,S2,Schorndorf|Weiler(Rems)|Winterbach(b Schorndorf)|Geradstetten,8002448,Grunbach,Baden-Württemberg,Remshalden,73630,9.419580601,48.810414,4,2608071446,,2608071447,,h,1,Bauarbeiten,,,,,,,4.0,4.0
1943236977660444610-2608071235-11,50488,2608071411,2608071411,1,,RE,IC87,Singen(Hohentwiel)|Engen|Tuttlingen|Spaichingen|Rottweil|Oberndorf(Neckar)|Sulz(Neckar)|Horb|Bondorf(b Herrenberg)|Gäufelden,8002785,Herrenberg,Baden-Württemberg,Herrenberg,71083,8.862625253,48.59395697,3,2608071414,,2608071416,,h,2,Information,,,,,,,3.0,5.0
-1423905355620272793-2608071137-13,488,2608071411,2608071411,1,,IC,,Zürich HB|Schaffhausen|Singen(Hohentwiel)|Engen|Tuttlingen|Spaichingen|Rottweil|Oberndorf(Neckar)|Sulz(Neckar)|Horb|Bondorf(b Herrenberg)|Gäufelden,8002785,Herrenberg,Baden-Württemberg,Herrenberg,71083,8.862625253,48.59395697,3,2608071414,,2608071416,,h,2,Information,,,,,,,3.0,5.0
-1906058467950325249-2608071418-4,17647,2608071448,2608071448,4,,RE,RE14a,Stuttgart Hbf|Stuttgart-Vaihingen|Böblingen,8002785,Herrenberg,Baden-Württemberg,Herrenberg,71083,8.862625253,48.59395697,3,2608071451,,2608071453,,h,1,Störung,,,,,,,3.0,5.0
741299647555358187-2608071418-4,17645,2608071448,2608071448,4,,RE,RE14b,Stuttgart Hbf|Stuttgart-Vaihingen|Böblingen,8002785,Herrenberg,Baden-Württemberg,Herrenberg,71083,8.862625253,48.59395697,3,2608071451,,2608071453,,h,1,Störung,,,,,,,3.0,5.0
-2019889868797031276-2608071422-1,17643,,2608071422,,,RB,RB14a,,8002785,Herrenberg,Baden-Württemberg,Herrenberg,71083,8.862625253,48.59395697,3,,,2608071422,,,,,,,,,,,0.0,0.0
2320528038482609437-2608071411-10,22801,2608071441,,102,,RB,,Tübingen Hbf|Tübingen West|Unterjesingen Sandäcker|Unterjesingen Mitte|Pfäffingen|Entringen|Altingen(Württ)|Gültstein|Herrenberg Zwerchweg,8002785,Herrenberg,Baden-Württemberg,Herrenberg,71083,8.862625253,48.59395697,3,2608071441,,,,h,2,Information,,,,,,,0.0,0.0
-4797064561971147706-2608071416-1,7740,,2608071416,,,S,S1,,8002785,Herrenberg,Baden-Württemberg,Herrenberg,71083,8.862625253,48.59395697,3,,,2608071418,,,,,,,,,,,0.0,2.0
-6748820222065081438-2608071449-1,22800,,2608071449,,,RB,RB63,,8002785,Herrenberg,Baden-Württemberg,Herrenberg,71083,8.862625253,48.59395697,3,,,2608071449,,h,2,Information,,,,,,,0.0,0.0
-489033413522074502-2608071419-1,22796,,2608071419,,,RB,RB63,,8002785,Herrenberg,Baden-Württemberg,Herrenberg,71083,8.862625253,48.59395697,3,,,2608071419,,h,2,Information,,,,,,,0.0,0.0
968865099586091217-2608071446-1,7742,,2608071446,,,S,S1,,8002785,Herrenberg,Baden-Württemberg,Herrenberg,71083,8.862625253,48.59395697,3,,,2608071446,,,,,,,,,,,0.0,0.0
-3278175793938707021-2608071341-10,22797,2608071411,,102,,RB,,Tübingen Hbf|Tübingen West|Unterjesingen Sandäcker|Unterjesingen Mitte|Pfäffingen|Entringen|Altingen(Württ)|Gültstein|Herrenberg Zwerchweg,8002785,Herrenberg,Baden-Württemberg,Herrenberg,71083,8.862625253,48.59395697,3,2608071412,,,,h,2,Information,,,,,,,1.0,0.0
5925841418672271349-2608071346-9,7735,2608071415,,3,,S,,Stuttgart-Vaihingen|Stuttgart-Rohr|Goldberg(Württ)|Böblingen|Hulb|Ehningen(b Böblingen)|Gärtringen|Nufringen,8002785,Herrenberg,Baden-Württemberg,Herrenberg,71083,8.862625253,48.59395697,3,2608071416,,,,,,,,,,,,,1.0,0.0
-2046266840700657376-2608071416-9,7737,2608071445,,3,,S,,Stuttgart-Vaihingen|Stuttgart-Rohr|Goldberg(Württ)|Böblingen|Hulb|Ehningen(b Böblingen)|Gärtringen|Nufringen,8002785,Herrenberg,Baden-Württemberg,Herrenberg,71083,8.862625253,48.59395697,3,2608071446,,,,,,,,,,,,,1.0,0.0
-6979903820146248028-2608071334-10,7035,2608071405,2608071406,1,,S,S60,Böblingen|Sindelfingen|Maichingen|Maichingen Nord|Magstadt|Renningen Süd|Renningen|Rutesheim|Leonberg,8002892,Höfingen,Baden-Württemberg,Leonberg,71229,9.026180834,48.81503436,5,2608071405,,2608071406,,,,,,,,,,,0.0,0.0
-2645153808296859604-2608071403-6,7639,2608071420,2608071421,1,,S,S6,Weil der Stadt|Malmsheim|Renningen|Rutesheim|Leonberg,8002892,Höfingen,Baden-Württemberg,Leonberg,71229,9.026180834,48.81503436,5,2608071421,,2608071422,,,,,,,,,,,1.0,1.0
7530988178137712619-2608071417-9,7636,2608071439,2608071439,2,,S,S6,Stuttgart Hbf|Stuttgart Nordbahnhof|Stuttgart-Feuerbach|Stuttgart-Zuffenhausen|Neuwirtshaus(Porscheplatz)|Korntal|Weilimdorf|Ditzingen,8002892,Höfingen,Baden-Württemberg,Leonberg,71229,9.026180834,48.81503436,5,2608071439,,2608071440,,,,,,,,,,,0.0,1.0
2278671340843010605-2608071408-7,7040,2608071424,2608071424,2,,S,S60,Stuttgart-Feuerbach|Stuttgart-Zuffenhausen|Neuwirtshaus(Porscheplatz)|Korntal|Weilimdorf|Ditzingen,8002892,Höfingen,Baden-Württemberg,Leonberg,71229,9.026180834,48.81503436,5,2608071424,,2608071425,,,,,,,,,,,0.0,1.0
-8479896976705599840-2608071438-7,7042,2608071454,2608071454,2,,S,S60,Stuttgart-Feuerbach|Stuttgart-Zuffenhausen|Neuwirtshaus(Porscheplatz)|Korntal|Weilimdorf|Ditzingen,8002892,Höfingen,Baden-Württemberg,Leonberg,71229,9.026180834,48.81503436,5,2608071454,,2608071455,,,,,,,,,,,0.0,1.0
-4327327279162025655-2608071433-6,7641,2608071450,2608071451,1,,S,S6,Weil der Stadt|Malmsheim|Renningen|Rutesheim|Leonberg,8002892,Höfingen,Baden-Württemberg,Leonberg,71229,9.026180834,48.81503436,5,2608071450,,2608071451,,,,,,,,,,,0.0,0.0
436949091827174438-2608071404-10,7037,2608071435,2608071436,1,,S,S60,Böblingen|Sindelfingen|Maichingen|Maichingen Nord|Magstadt|Renningen Süd|Renningen|Rutesheim|Leonberg,8002892,Höfingen,Baden-Württemberg,Leonberg,71229,9.026180834,48.81503436,5,2608071435,,2608071436,,,,,,,,,,,0.0,0.0
8049613685157447846-2608071347-9,7634,2608071409,2608071409,2,,S,S6,Stuttgart Hbf|Stuttgart Nordbahnhof|Stuttgart-Feuerbach|Stuttgart-Zuffenhausen|Neuwirtshaus(Porscheplatz)|Korntal|Weilimdorf|Ditzingen,8002892,Höfingen,Baden-Württemberg,Leonberg,71229,9.026180834,48.81503436,5,2608071409,,2608071410,,,,,,,,,,,0.0,1.0
-4797064561971147706-2608071416-5,7740,2608071428,2608071428,2,,S,S1,Herrenberg|Nufringen|Gärtringen|Ehningen(b Böblingen),8003022,Hulb,Baden-Württemberg,Böblingen-Hulb,71032,8.982396429,48.67924173,5,2608071430,,2608071431,,,,,,,,,,,2.0,3.0
968865099586091217-2608071446-5,7742,2608071458,2608071458,2,,S,S1,Herrenberg|Nufringen|Gärtringen|Ehningen(b Böblingen),8003022,Hulb,Baden-Württemberg,Böblingen-Hulb,71032,8.982396429,48.67924173,5,2608071458,,2608071459,,,,,,,,,,,0.0,1.0
5925841418672271349-2608071346-5,7735,2608071402,2608071402,1,,S,S1,Stuttgart-Vaihingen|Stuttgart-Rohr|Goldberg(Württ)|Böblingen,8003022,Hulb,Baden-Württemberg,Böblingen-Hulb,71032,8.982396429,48.67924173,5,2608071403,,2608071403,,,,,,,,,,,1.0,1.0
-2046266840700657376-2608071416-5,7737,2608071432,2608071432,1,,S,S1,Stuttgart-Vaihingen|Stuttgart-Rohr|Goldberg(Württ)|Böblingen,8003022,Hulb,Baden-Württemberg,Böblingen-Hulb,71032,8.982396429,48.67924173,5,2608071433,,2608071433,,,,,,,,,,,1.0,1.0
-7673388341298395450-2608071405-7,7937,2608071427,,1,,S,,Stuttgart-Vaihingen|Stuttgart-Rohr|Oberaichen|Leinfelden|Echterdingen|Stuttgart Flughafen/Messe,8001984,Filderstadt,Baden-Württemberg,Filderstadt,70794,9.217581315,48.67649151,5,2608071427,,,,,,,,,,,,,0.0,0.0
854039019381871609-2608071435-7,7939,2608071457,,1,,S,,Stuttgart-Vaihingen|Stuttgart-Rohr|Oberaichen|Leinfelden|Echterdingen|Stuttgart Flughafen/Messe,8001984,Filderstadt,Baden-Württemberg,Filderstadt,70794,9.217581315,48.67649151,5,2608071457,,,,,,,,,,,,,0.0,0.0
2722208052753290335-2608071433-1,7938,,2608071433,,,S,S2,,8001984,Filderstadt,Baden-Württemberg,Filderstadt,70794,9.217581315,48.67649151,5,,,2608071433,,,,,,,,,,,0.0,0.0
-5366867588327491833-2608071403-1,7936,,2608071403,,,S,S2,,8001984,Filderstadt,Baden-Württemberg,Filderstadt,70794,9.217581315,48.67649151,5,,,2608071403,,,,,,,,,,,0.0,0.0
195941745446539029-2608071433-3,7441,2608071442,2608071445,1,,S,S4,Backnang|Burgstall(Murr),8003266,Kirchberg (Murr),Baden-Württemberg,Kirchberg an der Murr,71737,9.328210283,48.93928182,6,2608071442,,2608071445,,,,,,,,,,,0.0,0.0
-6549272114727686147-2608071403-3,7439,2608071412,2608071415,1,,S,S4,Backnang|Burgstall(Murr),8003266,Kirchberg (Murr),Baden-Württemberg,Kirchberg an der Murr,71737,9.328210283,48.93928182,6,2608071412,,2608071415,,,,,,,,,,,0.0,0.0
3012628937038479032-2608071337-12,7432,2608071413,2608071413,2,,S,S4,Stuttgart Hbf|Stuttgart Nordbahnhof|Stuttgart-Feuerbach|Stuttgart-Zuffenhausen|Kornwestheim Pbf|Ludwigsburg|Favoritepark|Freiberg(Neckar)|Benningen(Neckar)|Marbach(Neckar)|Erdmannhausen,8003266,Kirchberg (Murr),Baden-Württemberg,Kirchberg an der Murr,71737,9.328210283,48.93928182,6,2608071413,,2608071414,,,,,,,,,,,0.0,1.0
-9059701415040115440-2608071407-12,7434,2608071443,2608071443,2,,S,S4,Stuttgart Hbf|Stuttgart Nordbahnhof|Stuttgart-Feuerbach|Stuttgart-Zuffenhausen|Kornwestheim Pbf|Ludwigsburg|Favoritepark|Freiberg(Neckar)|Benningen(Neckar)|Marbach(Neckar)|Erdmannhausen,8003266,Kirchberg (Murr),Baden-Württemberg,Kirchberg an der Murr,71737,9.328210283,48.93928182,6,2608071443,,2608071444,,,,,,,,,,,0.0,1.0
7236638317671658556-2608071420-1,7141,,2608071420,,,S,S1,,8003280,Kirchheim (Teck),Baden-Württemberg,Kirchheim unter Teck,73230,9.443872422,48.64415981,4,,,2608071421,,,,,,,,,,,0.0,1.0
8066948341588458346-2608071355-15,7136,2608071439,,2,,S,,Stuttgart Hbf|Stuttgart-Bad Cannstatt|Stuttgart Neckarpark|Stuttgart-Untertürkheim|Stuttgart-Obertürkheim|Esslingen-Mettingen|Esslingen(Neckar)|Oberesslingen|Esslingen-Zell|Altbach|Plochingen|Wernau(Neckar)|Wendlingen(Neckar)|Kirchheim(Teck)-Ötlingen,8003280,Kirchheim (Teck),Baden-Württemberg,Kirchheim unter Teck,73230,9.443872422,48.64415981,4,2608071439,,,,,,,,,,,,,0.0,0.0
2747133335120931047-2608071417-1,37969,,2608071417,,,RB,RB64,,8003280,Kirchheim (Teck),Baden-Württemberg,Kirchheim unter Teck,73230,9.443872422,48.64415981,4,,,2608071417,,,,,,,,,,,0.0,0.0
-275229670537218485-2608071450-1,7143,,2608071450,,,S,S1,,8003280,Kirchheim (Teck),Baden-Württemberg,Kirchheim unter Teck,73230,9.443872422,48.64415981,4,,,2608071450,,,,,,,,,,,0.0,0.0
-7387463244615253239-2608071325-15,7134,2608071409,,2,,S,,Stuttgart Hbf|Stuttgart-Bad Cannstatt|Stuttgart Neckarpark|Stuttgart-Untertürkheim|Stuttgart-Obertürkheim|Esslingen-Mettingen|Esslingen(Neckar)|Oberesslingen|Esslingen-Zell|Altbach|Plochingen|Wernau(Neckar)|Wendlingen(Neckar)|Kirchheim(Teck)-Ötlingen,8003280,Kirchheim (Teck),Baden-Württemberg,Kirchheim unter Teck,73230,9.443872422,48.64415981,4,2608071411,,,,,,,,,,,,,2.0,0.0
-5972116360538966292-2608071354-7,37968,2608071412,,1,,RB,,Oberlenningen|Unterlenningen|Brucken|Owen(Teck)|Dettingen(Teck)|Kirchheim(Teck)Süd,8003280,Kirchheim (Teck),Baden-Württemberg,Kirchheim unter Teck,73230,9.443872422,48.64415981,4,2608071412,,,,,,,,,,,,,0.0,0.0
7236638317671658556-2608071420-2,7141,2608071423,2608071423,1,,S,S1,Kirchheim(Teck),8003282,Kirchheim (Teck)-Ötlingen,Baden-Württemberg,Kirchheim unter Teck,73230,9.416261302,48.65782388,5,2608071423,,2608071425,,,,,,,,,,,0.0,2.0
8066948341588458346-2608071355-14,7136,2608071436,2608071437,1,,S,S1,Stuttgart Hbf|Stuttgart-Bad Cannstatt|Stuttgart Neckarpark|Stuttgart-Untertürkheim|Stuttgart-Obertürkheim|Esslingen-Mettingen|Esslingen(Neckar)|Oberesslingen|Esslingen-Zell|Altbach|Plochingen|Wernau(Neckar)|Wendlingen(Neckar),8003282,Kirchheim (Teck)-Ötlingen,Baden-Württemberg,Kirchheim unter Teck,73230,9.416261302,48.65782388,5,2608071436,,2608071437,,,,,,,,,,,0.0,0.0
-275229670537218485-2608071450-2,7143,2608071453,2608071453,1,,S,S1,Kirchheim(Teck),8003282,Kirchheim (Teck)-Ötlingen,Baden-Württemberg,Kirchheim unter Teck,73230,9.416261302,48.65782388,5,2608071453,,2608071454,,,,,,,,,,,0.0,1.0
-7387463244615253239-2608071325-14,7134,2608071406,2608071407,1,,S,S1,Stuttgart Hbf|Stuttgart-Bad Cannstatt|Stuttgart Neckarpark|Stuttgart-Untertürkheim|Stuttgart-Obertürkheim|Esslingen-Mettingen|Esslingen(Neckar)|Oberesslingen|Esslingen-Zell|Altbach|Plochingen|Wernau(Neckar)|Wendlingen(Neckar),8003282,Kirchheim (Teck)-Ötlingen,Baden-Württemberg,Kirchheim unter Teck,73230,9.416261302,48.65782388,5,2608071407,,2608071408,,,,,,,,,,,1.0,1.0
-6979903820146248028-2608071334-13,7035,2608071413,2608071414,3,,S,S60,Böblingen|Sindelfingen|Maichingen|Maichingen Nord|Magstadt|Renningen Süd|Renningen|Rutesheim|Leonberg|Höfingen|Ditzingen|Weilimdorf,8003409,Korntal,Baden-Württemberg,Korntal,70825,9.121099128,48.82640246,4,2608071413,,2608071414,,,,,,,,,,,0.0,0.0
-2645153808296859604-2608071403-9,7639,2608071428,2608071429,3,,S,S6,Weil der Stadt|Malmsheim|Renningen|Rutesheim|Leonberg|Höfingen|Ditzingen|Weilimdorf,8003409,Korntal,Baden-Württemberg,Korntal,70825,9.121099128,48.82640246,4,2608071428,,2608071429,,,,,,,,,,,0.0,0.0
7530988178137712619-2608071417-6,7636,2608071431,2608071431,1,,S,S6,Stuttgart Hbf|Stuttgart Nordbahnhof|Stuttgart-Feuerbach|Stuttgart-Zuffenhausen|Neuwirtshaus(Porscheplatz),8003409,Korntal,Baden-Württemberg,Korntal,70825,9.121099128,48.82640246,4,2608071431,,2608071431,,,,,,,,,,,0.0,0.0
-1322270084039932893-2608071405-1,1168,,2608071405,,,WEG,RB47,,8003409,Korntal,Baden-Württemberg,Korntal,70825,9.121099128,48.82640246,4,,,2608071405,,,,,,,,,,,0.0,0.0
2278671340843010605-2608071408-4,7040,2608071416,2608071416,1,,S,S60,Stuttgart-Feuerbach|Stuttgart-Zuffenhausen|Neuwirtshaus(Porscheplatz),8003409,Korntal,Baden-Württemberg,Korntal,70825,9.121099128,48.82640246,4,2608071416,,2608071416,,,,,,,,,,,0.0,0.0
-8479896976705599840-2608071438-4,7042,2608071446,2608071446,1,,S,S60,Stuttgart-Feuerbach|Stuttgart-Zuffenhausen|Neuwirtshaus(Porscheplatz),8003409,Korntal,Baden-Württemberg,Korntal,70825,9.121099128,48.82640246,4,2608071446,,2608071446,,,,,,,,,,,0.0,0.0
-2074601374522355976-2608071431-7,1175,2608071454,,7,,WEG,,Heimerdingen|Hemmingen|Schwieberdingen|Münchingen|Münchingen Rührberg|Korntal Gymnasium,8003409,Korntal,Baden-Württemberg,Korntal,70825,9.121099128,48.82640246,4,2608071454,,,,,,,,,,,,,0.0,0.0
-4327327279162025655-2608071433-9,7641,2608071458,2608071459,3,,S,S6,Weil der Stadt|Malmsheim|Renningen|Rutesheim|Leonberg|Höfingen|Ditzingen|Weilimdorf,8003409,Korntal,Baden-Württemberg,Korntal,70825,9.121099128,48.82640246,4,2608071458,,2608071459,,,,,,,,,,,0.0,0.0
436949091827174438-2608071404-13,7037,2608071443,2608071444,3,,S,S60,Böblingen|Sindelfingen|Maichingen|Maichingen Nord|Magstadt|Renningen Süd|Renningen|Rutesheim|Leonberg|Höfingen|Ditzingen|Weilimdorf,8003409,Korntal,Baden-Württemberg,Korntal,70825,9.121099128,48.82640246,4,2608071444,,2608071444,,,,,,,,,,,1.0,0.0
3253947546346677181-2608071435-1,1174,,2608071435,,,WEG,RB47,,8003409,Korntal,Baden-Württemberg,Korntal,70825,9.121099128,48.82640246,4,,,2608071435,,,,,,,,,,,0.0,0.0
4818034703131318401-2608071401-7,1169,2608071424,,7,,WEG,,Heimerdingen|Hemmingen|Schwieberdingen|Münchingen|Münchingen Rührberg|Korntal Gymnasium,8003409,Korntal,Baden-Württemberg,Korntal,70825,9.121099128,48.82640246,4,2608071425,,,,,,,,,,,,,1.0,0.0
8049613685157447846-2608071347-6,7634,2608071401,2608071401,1,,S,S6,Stuttgart Hbf|Stuttgart Nordbahnhof|Stuttgart-Feuerbach|Stuttgart-Zuffenhausen|Neuwirtshaus(Porscheplatz),8003409,Korntal,Baden-Württemberg,Korntal,70825,9.121099128,48.82640246,4,2608071401,,2608071402,,,,,,,,,,,0.0,1.0
3618335699656372385-2608071333-10,7437,2608071410,2608071410,3,,S,S4,Backnang|Burgstall(Murr)|Kirchberg(Murr)|Erdmannhausen|Marbach(Neckar)|Benningen(Neckar)|Freiberg(Neckar)|Favoritepark|Ludwigsburg,8003411,Kornwestheim Pbf,Baden-Württemberg,Kornwestheim,70806,9.179967278,48.86215948,3,2608071410,,2608071411,,,,,,,,,,,0.0,1.0
3829718457082671082-2608071437-5,7541,2608071449,2608071450,3,,S,S5,Bietigheim-Bissingen|Tamm(Württ)|Asperg|Ludwigsburg,8003411,Kornwestheim Pbf,Baden-Württemberg,Kornwestheim,70806,9.179967278,48.86215948,3,2608071450,,2608071451,,,,,,,,,,,1.0,1.0
-7104295840480841845-2608071437-5,7436,2608071450,2608071450,4,,S,S4,Stuttgart Hbf|Stuttgart Nordbahnhof|Stuttgart-Feuerbach|Stuttgart-Zuffenhausen,8003411,Kornwestheim Pbf,Baden-Württemberg,Kornwestheim,70806,9.179967278,48.86215948,3,2608071450,,2608071450,,,,,,,,,,,0.0,0.0
7293992113880422228-2608071412-3,19320,2608071442,2608071447,7,,RB,MEX18,Plochingen|Esslingen(Neckar),8003411,Kornwestheim Pbf,Baden-Württemberg,Kornwestheim,70806,9.179967278,48.86215948,3,2608071442,5,2608071447,5,,,,,,,,,,0.0,0.0
-6549272114727686147-2608071403-10,7439,2608071440,2608071440,3,,S,S4,Backnang|Burgstall(Murr)|Kirchberg(Murr)|Erdmannhausen|Marbach(Neckar)|Benningen(Neckar)|Freiberg(Neckar)|Favoritepark|Ludwigsburg,8003411,Kornwestheim Pbf,Baden-Württemberg,Kornwestheim,70806,9.179967278,48.86215948,3,2608071440,,2608071441,,,,,,,,,,,0.0,1.0
-9059701415040115440-2608071407-5,7434,2608071420,2608071420,4,,S,S4,Stuttgart Hbf|Stuttgart Nordbahnhof|Stuttgart-Feuerbach|Stuttgart-Zuffenhausen,8003411,Kornwestheim Pbf,Baden-Württemberg,Kornwestheim,70806,9.179967278,48.86215948,3,2608071420,,2608071420,,,,,,,,,,,0.0,0.0
1883759461705835356-2608071330-9,19321,2608071411,2608071420,7,,RB,MEX18,Heilbronn Hbf|Nordheim(Württ)|Lauffen(Neckar)|Kirchheim(Neckar)|Walheim(Württ)|Besigheim|Bietigheim-Bissingen|Ludwigsburg,8003411,Kornwestheim Pbf,Baden-Württemberg,Kornwestheim,70806,9.179967278,48.86215948,3,2608071414,,2608071420,,,,,,,,,,,3.0,0.0
-2200141252164614460-2608071357-5,7536,2608071410,2608071410,4,,S,S5,Stuttgart Hbf|Stuttgart Nordbahnhof|Stuttgart-Feuerbach|Stuttgart-Zuffenhausen,8003411,Kornwestheim Pbf,Baden-Württemberg,Kornwestheim,70806,9.179967278,48.86215948,3,2608071410,,2608071411,,,,,,,,,,,0.0,1.0
7922855139158603560-2608071407-5,7539,2608071419,2608071420,3,,S,S5,Bietigheim-Bissingen|Tamm(Württ)|Asperg|Ludwigsburg,8003411,Kornwestheim Pbf,Baden-Württemberg,Kornwestheim,70806,9.179967278,48.86215948,3,2608071421,,2608071421,,,,,,,,,,,2.0,1.0
6402432192147431474-2608071427-5,7538,2608071440,2608071440,4,,S,S5,Stuttgart Hbf|Stuttgart Nordbahnhof|Stuttgart-Feuerbach|Stuttgart-Zuffenhausen,8003411,Kornwestheim Pbf,Baden-Württemberg,Kornwestheim,70806,9.179967278,48.86215948,3,2608071440,,2608071441,,,,,,,,,,,0.0,1.0
-7673388341298395450-2608071405-4,7937,2608071416,2608071417,1,,S,S2,Stuttgart-Vaihingen|Stuttgart-Rohr|Oberaichen,8003622,Leinfelden,Baden-Württemberg,Leinfelden-Echterdingen,70771,9.142859698,48.6964193,4,2608071416,,2608071417,,,,,,,,,,,0.0,0.0
854039019381871609-2608071435-4,7939,2608071446,2608071447,1,,S,S2,Stuttgart-Vaihingen|Stuttgart-Rohr|Oberaichen,8003622,Leinfelden,Baden-Württemberg,Leinfelden-Echterdingen,70771,9.142859698,48.6964193,4,2608071446,,2608071447,,,,,,,,,,,0.0,0.0
2722208052753290335-2608071433-4,7938,2608071442,2608071443,2,,S,S2,Filderstadt|Stuttgart Flughafen/Messe|Echterdingen,8003622,Leinfelden,Baden-Württemberg,Leinfelden-Echterdingen,70771,9.142859698,48.6964193,4,2608071442,,2608071444,,,,,,,,,,,0.0,1.0
-5366867588327491833-2608071403-4,7936,2608071412,2608071413,2,,S,S2,Filderstadt|Stuttgart Flughafen/Messe|Echterdingen,8003622,Leinfelden,Baden-Württemberg,Leinfelden-Echterdingen,70771,9.142859698,48.6964193,4,2608071412,,2608071413,,,,,,,,,,,0.0,0.0
-6979903820146248028-2608071334-9,7035,2608071402,2608071402,1,,S,S60,Böblingen|Sindelfingen|Maichingen|Maichingen Nord|Magstadt|Renningen Süd|Renningen|Rutesheim,8003652,Leonberg,Baden-Württemberg,Leonberg,71229,9.004025993,48.79970547,3,2608071402,,2608071402,,,,,,,,,,,0.0,0.0
-2645153808296859604-2608071403-5,7639,2608071417,2608071417,1,,S,S6,Weil der Stadt|Malmsheim|Renningen|Rutesheim,8003652,Leonberg,Baden-Württemberg,Leonberg,71229,9.004025993,48.79970547,3,2608071417,,2608071417,,,,,,,,,,,0.0,0.0
7530988178137712619-2608071417-10,7636,2608071443,2608071443,2,,S,S6,Stuttgart Hbf|Stuttgart Nordbahnhof|Stuttgart-Feuerbach|Stuttgart-Zuffenhausen|Neuwirtshaus(Porscheplatz)|Korntal|Weilimdorf|Ditzingen|Höfingen,8003652,Leonberg,Baden-Württemberg,Leonberg,71229,9.004025993,48.79970547,3,2608071443,,2608071443,,,,,,,,,,,0.0,0.0
2278671340843010605-2608071408-8,7040,2608071428,2608071428,2,,S,S60,Stuttgart-Feuerbach|Stuttgart-Zuffenhausen|Neuwirtshaus(Porscheplatz)|Korntal|Weilimdorf|Ditzingen|Höfingen,8003652,Leonberg,Baden-Württemberg,Leonberg,71229,9.004025993,48.79970547,3,2608071428,,2608071428,,,,,,,,,,,0.0,0.0
-8479896976705599840-2608071438-8,7042,2608071458,2608071458,2,,S,S60,Stuttgart-Feuerbach|Stuttgart-Zuffenhausen|Neuwirtshaus(Porscheplatz)|Korntal|Weilimdorf|Ditzingen|Höfingen,8003652,Leonberg,Baden-Württemberg,Leonberg,71229,9.004025993,48.79970547,3,2608071458,,2608071458,,,,,,,,,,,0.0,0.0
-4327327279162025655-2608071433-5,7641,2608071447,2608071447,1,,S,S6,Weil der Stadt|Malmsheim|Renningen|Rutesheim,8003652,Leonberg,Baden-Württemberg,Leonberg,71229,9.004025993,48.79970547,3,2608071447,,2608071447,,,,,,,,,,,0.0,0.0
436949091827174438-2608071404-9,7037,2608071432,2608071432,1,,S,S60,Böblingen|Sindelfingen|Maichingen|Maichingen Nord|Magstadt|Renningen Süd|Renningen|Rutesheim,8003652,Leonberg,Baden-Württemberg,Leonberg,71229,9.004025993,48.79970547,3,2608071432,,2608071432,,,,,,,,,,,0.0,0.0
8049613685157447846-2608071347-10,7634,2608071413,2608071413,2,,S,S6,Stuttgart Hbf|Stuttgart Nordbahnhof|Stuttgart-Feuerbach|Stuttgart-Zuffenhausen|Neuwirtshaus(Porscheplatz)|Korntal|Weilimdorf|Ditzingen|Höfingen,8003652,Leonberg,Baden-Württemberg,Leonberg,71229,9.004025993,48.79970547,3,2608071413,,2608071413,,,,,,,,,,,0.0,0.0
3618335699656372385-2608071333-9,7437,2608071406,2608071407,3,,S,S4,Backnang|Burgstall(Murr)|Kirchberg(Murr)|Erdmannhausen|Marbach(Neckar)|Benningen(Neckar)|Freiberg(Neckar)|Favoritepark,8000235,Ludwigsburg,Baden-Württemberg,Ludwigsburg,71638,9.185229823,48.89208622,3,2608071406,,2608071407,,,,,,,,,,,0.0,0.0
3829718457082671082-2608071437-4,7541,2608071446,2608071446,3,,S,S5,Bietigheim-Bissingen|Tamm(Württ)|Asperg,8000235,Ludwigsburg,Baden-Württemberg,Ludwigsburg,71638,9.185229823,48.89208622,3,2608071447,,2608071447,,,,,,,,,,,1.0,1.0
7252495194908327954-2608071305-12,19232,2608071428,2608071429,1,,RB,MEX12,Tübingen Hbf|Reutlingen Hbf|Metzingen(Württ)|Bempflingen|Nürtingen|Oberboihingen|Wendlingen(Neckar)|Plochingen|Esslingen(Neckar)|Stuttgart-Bad Cannstatt|Stuttgart Hbf,8000235,Ludwigsburg,Baden-Württemberg,Ludwigsburg,71638,9.185229823,48.89208622,3,2608071428,,2608071429,,h,2,Information,,,,,,,0.0,0.0
8635456581534584040-2608071406-4,99113,2608071451,,,,ARV,,Neckarsulm|Heilbronn Hbf|Bietigheim-Bissingen,8000235,Ludwigsburg,Baden-Württemberg,Ludwigsburg,71638,9.185229823,48.89208622,3,,,,,,,,,,,,c,,0.0,0.0
-7104295840480841845-2608071437-6,7436,2608071453,2608071454,2,,S,S4,Stuttgart Hbf|Stuttgart Nordbahnhof|Stuttgart-Feuerbach|Stuttgart-Zuffenhausen|Kornwestheim Pbf,8000235,Ludwigsburg,Baden-Württemberg,Ludwigsburg,71638,9.185229823,48.89208622,3,2608071453,,2608071454,,,,,,,,,,,0.0,0.0
7293992113880422228-2608071412-4,19320,2608071450,2608071453,1,,RB,MEX18,Plochingen|Esslingen(Neckar)|Kornwestheim Pbf,8000235,Ludwigsburg,Baden-Württemberg,Ludwigsburg,71638,9.185229823,48.89208622,3,2608071450,,2608071453,,,,,,,,,,,0.0,0.0
-5483174092082058850-2608071408-1,99116,,2608071408,,,ARV,8,,8000235,Ludwigsburg,Baden-Württemberg,Ludwigsburg,71638,9.185229823,48.89208622,3,,,,,,,,,,,,,c,0.0,0.0
-6549272114727686147-2608071403-9,7439,2608071436,2608071437,3,,S,S4,Backnang|Burgstall(Murr)|Kirchberg(Murr)|Erdmannhausen|Marbach(Neckar)|Benningen(Neckar)|Freiberg(Neckar)|Favoritepark,8000235,Ludwigsburg,Baden-Württemberg,Ludwigsburg,71638,9.185229823,48.89208622,3,2608071436,,2608071438,,,,,,,,,,,0.0,1.0
2698979380668048526-2608071357-8,19227,2608071431,2608071431,4,,RB,MEX12,Heilbronn Hbf|Nordheim(Württ)|Lauffen(Neckar)|Kirchheim(Neckar)|Walheim(Württ)|Besigheim|Bietigheim-Bissingen,8000235,Ludwigsburg,Baden-Württemberg,Ludwigsburg,71638,9.185229823,48.89208622,3,2608071434,,2608071435,,h,2,Information,,,,,,,3.0,4.0
-9059701415040115440-2608071407-6,7434,2608071423,2608071424,2,,S,S4,Stuttgart Hbf|Stuttgart Nordbahnhof|Stuttgart-Feuerbach|Stuttgart-Zuffenhausen|Kornwestheim Pbf,8000235,Ludwigsburg,Baden-Württemberg,Ludwigsburg,71638,9.185229823,48.89208622,3,2608071423,,2608071424,,,,,,,,,,,0.0,0.0
1883759461705835356-2608071330-8,19321,2608071404,2608071407,4,,RB,MEX18,Heilbronn Hbf|Nordheim(Württ)|Lauffen(Neckar)|Kirchheim(Neckar)|Walheim(Württ)|Besigheim|Bietigheim-Bissingen,8000235,Ludwigsburg,Baden-Württemberg,Ludwigsburg,71638,9.185229823,48.89208622,3,2608071407,,2608071409,,,,,,,,,,,3.0,2.0
-2200141252164614460-2608071357-6,7536,2608071413,2608071414,2,,S,S5,Stuttgart Hbf|Stuttgart Nordbahnhof|Stuttgart-Feuerbach|Stuttgart-Zuffenhausen|Kornwestheim Pbf,8000235,Ludwigsburg,Baden-Württemberg,Ludwigsburg,71638,9.185229823,48.89208622,3,2608071414,,2608071415,,,,,,,,,,,1.0,1.0
7922855139158603560-2608071407-4,7539,2608071416,2608071416,3,,S,S5,Bietigheim-Bissingen|Tamm(Württ)|Asperg,8000235,Ludwigsburg,Baden-Württemberg,Ludwigsburg,71638,9.185229823,48.89208622,3,2608071417,,2608071418,,,,,,,,,,,1.0,2.0
6402432192147431474-2608071427-6,7538,2608071443,2608071444,2,,S,S5,Stuttgart Hbf|Stuttgart Nordbahnhof|Stuttgart-Feuerbach|Stuttgart-Zuffenhausen|Kornwestheim Pbf,8000235,Ludwigsburg,Baden-Württemberg,Ludwigsburg,71638,9.185229823,48.89208622,3,2608071443,,2608071444,,,,,,,,,,,0.0,0.0
-2645153808296859604-2608071403-2,7639,2608071405,2608071405,2,,S,S6,Weil der Stadt,8003831,Malmsheim,Baden-Württemberg,Renningen,71272,8.905105557,48.77183564,5,2608071407,,2608071407,,,,,,,,,,,2.0,2.0
7530988178137712619-2608071417-13,7636,2608071454,2608071454,1,,S,S6,Stuttgart Hbf|Stuttgart Nordbahnhof|Stuttgart-Feuerbach|Stuttgart-Zuffenhausen|Neuwirtshaus(Porscheplatz)|Korntal|Weilimdorf|Ditzingen|Höfingen|Leonberg|Rutesheim|Renningen,8003831,Malmsheim,Baden-Württemberg,Renningen,71272,8.905105557,48.77183564,5,2608071455,,2608071456,,,,,,,,,,,1.0,2.0
-4327327279162025655-2608071433-2,7641,2608071435,2608071435,2,,S,S6,Weil der Stadt,8003831,Malmsheim,Baden-Württemberg,Renningen,71272,8.905105557,48.77183564,5,2608071435,,2608071436,,,,,,,,,,,0.0,1.0
8049613685157447846-2608071347-13,7634,2608071424,2608071424,1,,S,S6,Stuttgart Hbf|Stuttgart Nordbahnhof|Stuttgart-Feuerbach|Stuttgart-Zuffenhausen|Neuwirtshaus(Porscheplatz)|Korntal|Weilimdorf|Ditzingen|Höfingen|Leonberg|Rutesheim|Renningen,8003831,Malmsheim,Baden-Württemberg,Renningen,71272,8.905105557,48.77183564,5,2608071424,,2608071425,,,,,,,,,,,0.0,1.0
195941745446539029-2608071433-5,7441,2608071451,2608071455,1,,S,S4,Backnang|Burgstall(Murr)|Kirchberg(Murr)|Erdmannhausen,8003853,Marbach (Neckar),Baden-Württemberg,Marbach am Neckar,71672,9.264611825,48.9437708,3,2608071451,,2608071455,,,,,,,,,,,0.0,0.0
-6549272114727686147-2608071403-5,7439,2608071421,2608071425,1,,S,S4,Backnang|Burgstall(Murr)|Kirchberg(Murr)|Erdmannhausen,8003853,Marbach (Neckar),Baden-Württemberg,Marbach am Neckar,71672,9.264611825,48.9437708,3,2608071421,,2608071426,,,,,,,,,,,0.0,1.0
3012628937038479032-2608071337-10,7432,2608071405,2608071408,1,,S,S4,Stuttgart Hbf|Stuttgart Nordbahnhof|Stuttgart-Feuerbach|Stuttgart-Zuffenhausen|Kornwestheim Pbf|Ludwigsburg|Favoritepark|Freiberg(Neckar)|Benningen(Neckar),8003853,Marbach (Neckar),Baden-Württemberg,Marbach am Neckar,71672,9.264611825,48.9437708,3,2608071405,,2608071408,,,,,,,,,,,0.0,0.0
-9059701415040115440-2608071407-10,7434,2608071435,2608071438,1,,S,S4,Stuttgart Hbf|Stuttgart Nordbahnhof|Stuttgart-Feuerbach|Stuttgart-Zuffenhausen|Kornwestheim Pbf|Ludwigsburg|Favoritepark|Freiberg(Neckar)|Benningen(Neckar),8003853,Marbach (Neckar),Baden-Württemberg,Marbach am Neckar,71672,9.264611825,48.9437708,3,2608071435,,2608071438,,,,,,,,,,,0.0,0.0
7177711112930232635-2608071342-11,7334,2608071414,2608071415,2,,S,S3,Stuttgart Hbf|Stuttgart-Bad Cannstatt|Stuttgart Nürnberger Str.|Stuttgart-Sommerrain|Fellbach|Waiblingen|Neustadt-Hohenacker|Schwaikheim|Winnenden|Nellmersbach,8003913,Maubach,Baden-Württemberg,Backnang,71522,9.419487062,48.92623463,4,2608071414,,2608071416,,,,,,,,,,,0.0,1.0
-8962126915234620710-2608071441-2,7341,2608071443,2608071444,1,,S,S3,Backnang,8003913,Maubach,Baden-Württemberg,Backnang,71522,9.419487062,48.92623463,4,2608071443,,2608071445,,,,,,,,,,,0.0,1.0
3142345419825759229-2608071412-11,7336,2608071444,2608071445,2,,S,S3,Stuttgart Hbf|Stuttgart-Bad Cannstatt|Stuttgart Nürnberger Str.|Stuttgart-Sommerrain|Fellbach|Waiblingen|Neustadt-Hohenacker|Schwaikheim|Winnenden|Nellmersbach,8003913,Maubach,Baden-Württemberg,Backnang,71522,9.419487062,48.92623463,4,2608071447,,2608071448,,,,,,,,,,,3.0,3.0
6554930112927852478-2608071411-2,7339,2608071413,2608071414,1,,S,S3,Backnang,8003913,Maubach,Baden-Württemberg,Backnang,71522,9.419487062,48.92623463,4,2608071414,,2608071415,,,,,,,,,,,1.0,1.0
7177711112930232635-2608071342-10,7334,2608071411,2608071412,2,,S,S3,Stuttgart Hbf|Stuttgart-Bad Cannstatt|Stuttgart Nürnberger Str.|Stuttgart-Sommerrain|Fellbach|Waiblingen|Neustadt-Hohenacker|Schwaikheim|Winnenden,8004233,Nellmersbach,Baden-Württemberg,Leutenbach,71397,9.415421538,48.90336425,5,2608071412,,2608071412,,,,,,,,,,,1.0,0.0
-8962126915234620710-2608071441-3,7341,2608071446,2608071446,1,,S,S3,Backnang|Maubach,8004233,Nellmersbach,Baden-Württemberg,Leutenbach,71397,9.415421538,48.90336425,5,2608071446,,2608071447,,,,,,,,,,,0.0,1.0
3142345419825759229-2608071412-10,7336,2608071441,2608071442,2,,S,S3,Stuttgart Hbf|Stuttgart-Bad Cannstatt|Stuttgart Nürnberger Str.|Stuttgart-Sommerrain|Fellbach|Waiblingen|Neustadt-Hohenacker|Schwaikheim|Winnenden,8004233,Nellmersbach,Baden-Württemberg,Leutenbach,71397,9.415421538,48.90336425,5,2608071444,,2608071445,,,,,,,,,,,3.0,3.0
6554930112927852478-2608071411-3,7339,2608071416,2608071416,1,,S,S3,Backnang|Maubach,8004233,Nellmersbach,Baden-Württemberg,Leutenbach,71397,9.415421538,48.90336425,5,2608071417,,2608071418,,,,,,,,,,,1.0,2.0
7177711112930232635-2608071342-7,7334,2608071403,2608071403,1,,S,S3,Stuttgart Hbf|Stuttgart-Bad Cannstatt|Stuttgart Nürnberger Str.|Stuttgart-Sommerrain|Fellbach|Waiblingen,8004333,Neustadt-Hohenacker,Baden-Württemberg,Waiblingen,71336,9.32455106,48.85921668,5,2608071404,,2608071404,,,,,,,,,,,1.0,1.0
-8962126915234620710-2608071441-6,7341,2608071455,2608071455,2,,S,S3,Backnang|Maubach|Nellmersbach|Winnenden|Schwaikheim,8004333,Neustadt-Hohenacker,Baden-Württemberg,Waiblingen,71336,9.32455106,48.85921668,5,2608071455,,2608071455,,,,,,,,,,,0.0,0.0
3142345419825759229-2608071412-7,7336,2608071433,2608071433,1,,S,S3,Stuttgart Hbf|Stuttgart-Bad Cannstatt|Stuttgart Nürnberger Str.|Stuttgart-Sommerrain|Fellbach|Waiblingen,8004333,Neustadt-Hohenacker,Baden-Württemberg,Waiblingen,71336,9.32455106,48.85921668,5,2608071435,,2608071435,,,,,,,,,,,2.0,2.0
6554930112927852478-2608071411-6,7339,2608071425,2608071425,2,,S,S3,Backnang|Maubach|Nellmersbach|Winnenden|Schwaikheim,8004333,Neustadt-Hohenacker,Baden-Württemberg,Waiblingen,71336,9.32455106,48.85921668,5,2608071427,,2608071427,,,,,,,,,,,2.0,2.0
-6979903820146248028-2608071334-14,7035,2608071416,2608071416,2,,S,S60,Böblingen|Sindelfingen|Maichingen|Maichingen Nord|Magstadt|Renningen Süd|Renningen|Rutesheim|Leonberg|Höfingen|Ditzingen|Weilimdorf|Korntal,8004338,Neuwirtshaus (Porscheplatz),Baden-Württemberg,Stuttgart,70435,9.151955614,48.83384734,4,2608071416,,2608071417,,,,,,,,,,,0.0,1.0
-2645153808296859604-2608071403-10,7639,2608071431,2608071431,2,,S,S6,Weil der Stadt|Malmsheim|Renningen|Rutesheim|Leonberg|Höfingen|Ditzingen|Weilimdorf|Korntal,8004338,Neuwirtshaus (Porscheplatz),Baden-Württemberg,Stuttgart,70435,9.151955614,48.83384734,4,2608071431,,2608071432,,,,,,,,,,,0.0,1.0
7530988178137712619-2608071417-5,7636,2608071428,2608071429,1,,S,S6,Stuttgart Hbf|Stuttgart Nordbahnhof|Stuttgart-Feuerbach|Stuttgart-Zuffenhausen,8004338,Neuwirtshaus (Porscheplatz),Baden-Württemberg,Stuttgart,70435,9.151955614,48.83384734,4,2608071428,,2608071429,,,,,,,,,,,0.0,0.0
2278671340843010605-2608071408-3,7040,2608071413,2608071413,1,,S,S60,Stuttgart-Feuerbach|Stuttgart-Zuffenhausen,8004338,Neuwirtshaus (Porscheplatz),Baden-Württemberg,Stuttgart,70435,9.151955614,48.83384734,4,2608071413,,2608071414,,,,,,,,,,,0.0,1.0
-8479896976705599840-2608071438-3,7042,2608071443,2608071443,1,,S,S60,Stuttgart-Feuerbach|Stuttgart-Zuffenhausen,8004338,Neuwirtshaus (Porscheplatz),Baden-Württemberg,Stuttgart,70435,9.151955614,48.83384734,4,2608071443,,2608071444,,,,,,,,,,,0.0,1.0
-6618548157105238962-2608071333-10,7637,2608071401,2608071401,2,,S,S6,Weil der Stadt|Malmsheim|Renningen|Rutesheim|Leonberg|Höfingen|Ditzingen|Weilimdorf|Korntal,8004338,Neuwirtshaus (Porscheplatz),Baden-Württemberg,Stuttgart,70435,9.151955614,48.83384734,4,2608071401,,2608071402,,,,,,,,,,,0.0,1.0
-3711885420787930895-2608071447-5,7638,2608071458,2608071459,1,,S,S6,Stuttgart Hbf|Stuttgart Nordbahnhof|Stuttgart-Feuerbach|Stuttgart-Zuffenhausen,8004338,Neuwirtshaus (Porscheplatz),Baden-Württemberg,Stuttgart,70435,9.151955614,48.83384734,4,2608071458,,2608071459,,,,,,,,,,,0.0,0.0
436949091827174438-2608071404-14,7037,2608071446,2608071446,2,,S,S60,Böblingen|Sindelfingen|Maichingen|Maichingen Nord|Magstadt|Renningen Süd|Renningen|Rutesheim|Leonberg|Höfingen|Ditzingen|Weilimdorf|Korntal,8004338,Neuwirtshaus (Porscheplatz),Baden-Württemberg,Stuttgart,70435,9.151955614,48.83384734,4,2608071446,,2608071447,,,,,,,,,,,0.0,1.0
-4797064561971147706-2608071416-2,7740,2608071419,2608071419,2,,S,S1,Herrenberg,8004490,Nufringen,Baden-Württemberg,Nufringen,71154,8.889817485,48.62010967,5,2608071421,,2608071422,,,,,,,,,,,2.0,3.0
968865099586091217-2608071446-2,7742,2608071449,2608071449,2,,S,S1,Herrenberg,8004490,Nufringen,Baden-Württemberg,Nufringen,71154,8.889817485,48.62010967,5,2608071449,,2608071450,,,,,,,,,,,0.0,1.0
5925841418672271349-2608071346-8,7735,2608071411,2608071411,1,,S,S1,Stuttgart-Vaihingen|Stuttgart-Rohr|Goldberg(Württ)|Böblingen|Hulb|Ehningen(b Böblingen)|Gärtringen,8004490,Nufringen,Baden-Württemberg,Nufringen,71154,8.889817485,48.62010967,5,2608071412,,2608071412,,,,,,,,,,,1.0,1.0
-2046266840700657376-2608071416-8,7737,2608071441,2608071441,1,,S,S1,Stuttgart-Vaihingen|Stuttgart-Rohr|Goldberg(Württ)|Böblingen|Hulb|Ehningen(b Böblingen)|Gärtringen,8004490,Nufringen,Baden-Württemberg,Nufringen,71154,8.889817485,48.62010967,5,2608071441,,2608071442,,,,,,,,,,,0.0,1.0
-7673388341298395450-2608071405-3,7937,2608071414,2608071414,1,,S,S2,Stuttgart-Vaihingen|Stuttgart-Rohr,8004496,Oberaichen,Baden-Württemberg,Leinfelden-Echterdingen,70771,9.12743664,48.70512422,5,2608071414,,2608071414,,,,,,,,,,,0.0,0.0
854039019381871609-2608071435-3,7939,2608071444,2608071444,1,,S,S2,Stuttgart-Vaihingen|Stuttgart-Rohr,8004496,Oberaichen,Baden-Württemberg,Leinfelden-Echterdingen,70771,9.12743664,48.70512422,5,2608071444,,2608071444,,,,,,,,,,,0.0,0.0
2722208052753290335-2608071433-5,7938,2608071445,2608071445,2,,S,S2,Filderstadt|Stuttgart Flughafen/Messe|Echterdingen|Leinfelden,8004496,Oberaichen,Baden-Württemberg,Leinfelden-Echterdingen,70771,9.12743664,48.70512422,5,2608071445,,2608071446,,,,,,,,,,,0.0,1.0
-5366867588327491833-2608071403-5,7936,2608071415,2608071415,2,,S,S2,Filderstadt|Stuttgart Flughafen/Messe|Echterdingen|Leinfelden,8004496,Oberaichen,Baden-Württemberg,Leinfelden-Echterdingen,70771,9.12743664,48.70512422,5,2608071415,,2608071416,,,,,,,,,,,0.0,1.0
7236638317671658556-2608071420-8,7141,2608071444,2608071445,3,,S,S1,Kirchheim(Teck)|Kirchheim(Teck)-Ötlingen|Wendlingen(Neckar)|Wernau(Neckar)|Plochingen|Altbach|Esslingen-Zell,8004528,Oberesslingen,Baden-Württemberg,Esslingen am Neckar,73730,9.327277435,48.72983585,3,2608071446,,2608071447,,,,,,,,,,,2.0,2.0
7004552740739658779-2608071350-8,7139,2608071414,2608071415,3,,S,S1,Kirchheim(Teck)|Kirchheim(Teck)-Ötlingen|Wendlingen(Neckar)|Wernau(Neckar)|Plochingen|Altbach|Esslingen-Zell,8004528,Oberesslingen,Baden-Württemberg,Esslingen am Neckar,73730,9.327277435,48.72983585,3,2608071414,,2608071415,,,,,,,,,,,0.0,0.0
8066948341588458346-2608071355-8,7136,2608071415,2608071415,4,,S,S1,Stuttgart Hbf|Stuttgart-Bad Cannstatt|Stuttgart Neckarpark|Stuttgart-Untertürkheim|Stuttgart-Obertürkheim|Esslingen-Mettingen|Esslingen(Neckar),8004528,Oberesslingen,Baden-Württemberg,Esslingen am Neckar,73730,9.327277435,48.72983585,3,2608071417,,2608071417,,,,,,,,,,,2.0,2.0
-5286310659195805286-2608071425-8,7138,2608071445,2608071445,4,,S,S1,Stuttgart Hbf|Stuttgart-Bad Cannstatt|Stuttgart Neckarpark|Stuttgart-Untertürkheim|Stuttgart-Obertürkheim|Esslingen-Mettingen|Esslingen(Neckar),8004528,Oberesslingen,Baden-Württemberg,Esslingen am Neckar,73730,9.327277435,48.72983585,3,2608071446,,2608071446,,,,,,,,,,,1.0,1.0
7236638317671658556-2608071420-5,7141,2608071435,2608071437,9,,S,S1,Kirchheim(Teck)|Kirchheim(Teck)-Ötlingen|Wendlingen(Neckar)|Wernau(Neckar),8000302,Plochingen,Baden-Württemberg,Plochingen,73207,9.411294578,48.71293906,2,2608071436,7,2608071437,7,,,,,,,,,,1.0,0.0
7004552740739658779-2608071350-5,7139,2608071405,2608071407,9,,S,S1,Kirchheim(Teck)|Kirchheim(Teck)-Ötlingen|Wendlingen(Neckar)|Wernau(Neckar),8000302,Plochingen,Baden-Württemberg,Plochingen,73207,9.411294578,48.71293906,2,2608071406,,2608071407,,,,,,,,,,,1.0,0.0
8066948341588458346-2608071355-11,7136,2608071423,2608071425,9,,S,S1,Stuttgart Hbf|Stuttgart-Bad Cannstatt|Stuttgart Neckarpark|Stuttgart-Untertürkheim|Stuttgart-Obertürkheim|Esslingen-Mettingen|Esslingen(Neckar)|Oberesslingen|Esslingen-Zell|Altbach,8000302,Plochingen,Baden-Württemberg,Plochingen,73207,9.411294578,48.71293906,2,2608071424,,2608071425,,,,,,,,,,,1.0,0.0
-2781952652774329771-2608071257-12,19225,2608071413,2608071414,9,,RB,MEX12,Heilbronn Hbf|Nordheim(Württ)|Lauffen(Neckar)|Kirchheim(Neckar)|Walheim(Württ)|Besigheim|Bietigheim-Bissingen|Ludwigsburg|Stuttgart Hbf|Stuttgart-Bad Cannstatt|Esslingen(Neckar),8000302,Plochingen,Baden-Württemberg,Plochingen,73207,9.411294578,48.71293906,2,2608071421,,2608071421,,h,2,Information,,,,,,,8.0,7.0
7293992113880422228-2608071412-1,19320,,2608071412,,,RB,MEX18,,8000302,Plochingen,Baden-Württemberg,Plochingen,73207,9.411294578,48.71293906,2,,,2608071416,3,,,,,,,,,,0.0,4.0
-910509577062402043-2608071342-4,19145,2608071400,2608071400,6,,ARV,16,Stuttgart Hbf|Stuttgart-Bad Cannstatt|Esslingen(Neckar),8000302,Plochingen,Baden-Württemberg,Plochingen,73207,9.411294578,48.71293906,2,2608071406,,2608071416,,,,,,,,,,,6.0,16.0
-3643145386791728110-2608071405-8,19234,2608071446,2608071447,7,,RB,MEX12,Tübingen Hbf|Reutlingen Hbf|Metzingen(Württ)|Bempflingen|Nürtingen|Oberboihingen|Wendlingen(Neckar),8000302,Plochingen,Baden-Württemberg,Plochingen,73207,9.411294578,48.71293906,2,2608071448,,2608071449,,h,2,Information,,,,,,,2.0,2.0
-7554900795213045256-2608071320-19,19146,2608071428,2608071432,1,,ARV,16,Ulm Hbf|Beimerstetten|Westerstetten|Lonsee|Urspring|Amstetten(Württ)|Geislingen(Steige)|Geislingen(Steige)West|Kuchen|Gingen(Fils)|Süßen|Salach|Eislingen(Fils)|Göppingen|Faurndau|Uhingen|Ebersbach(Fils)|Reichenbach(Fils),8000302,Plochingen,Baden-Württemberg,Plochingen,73207,9.411294578,48.71293906,2,2608071434,,2608071434,,,,,,,,,,,6.0,2.0
6756447695356970455-2608071439-3,4221,2608071454,2608071456,3,,RE,RE5,Stuttgart Hbf|Esslingen(Neckar),8000302,Plochingen,Baden-Württemberg,Plochingen,73207,9.411294578,48.71293906,2,2608071457,4,2608071458,4,h,2,Störung,,,,,,,3.0,2.0
-4628373679111248828-2608071403-4,19147,2608071423,2608071433,6,,ARV,16,Stuttgart Hbf|Stuttgart-Bad Cannstatt|Esslingen(Neckar),8000302,Plochingen,Baden-Württemberg,Plochingen,73207,9.411294578,48.71293906,2,2608071423,,2608071433,,,,,,,,,,,0.0,0.0
-5286310659195805286-2608071425-11,7138,2608071453,2608071455,9,,S,S1,Stuttgart Hbf|Stuttgart-Bad Cannstatt|Stuttgart Neckarpark|Stuttgart-Untertürkheim|Stuttgart-Obertürkheim|Esslingen-Mettingen|Esslingen(Neckar)|Oberesslingen|Esslingen-Zell|Altbach,8000302,Plochingen,Baden-Württemberg,Plochingen,73207,9.411294578,48.71293906,2,2608071454,,2608071455,,,,,,,,,,,1.0,0.0
1883759461705835356-2608071330-11,19321,2608071442,,9,,RB,,Heilbronn Hbf|Nordheim(Württ)|Lauffen(Neckar)|Kirchheim(Neckar)|Walheim(Württ)|Besigheim|Bietigheim-Bissingen|Ludwigsburg|Kornwestheim Pbf|Esslingen(Neckar),8000302,Plochingen,Baden-Württemberg,Plochingen,73207,9.411294578,48.71293906,2,2608071444,3,,,c,,,,,,,,,2.0,0.0
4912221343502352171-2608071203-12,4242,2608071402,2608071406,1,,RE,RE5,Friedrichshafen Stadt|Meckenbeuren|Ravensburg|Aulendorf|Bad Schussenried|Biberach(Riß) Süd|Biberach(Riß)|Laupheim West|Ulm Hbf|Geislingen(Steige)|Göppingen,8000302,Plochingen,Baden-Württemberg,Plochingen,73207,9.411294578,48.71293906,2,2608071423,,2608071425,,h,2,Störung,,,,,,,21.0,19.0
-4673584192066442283-2608071344-19,19148,2608071456,2608071457,1,,ARV,16,Ulm Hbf|Beimerstetten|Westerstetten|Lonsee|Urspring|Amstetten(Württ)|Geislingen(Steige)|Geislingen(Steige)West|Kuchen|Gingen(Fils)|Süßen|Salach|Eislingen(Fils)|Göppingen|Faurndau|Uhingen|Ebersbach(Fils)|Reichenbach(Fils),8000302,Plochingen,Baden-Württemberg,Plochingen,73207,9.411294578,48.71293906,2,2608071457,,2608071457,,,,,,,,,,,1.0,0.0
-2645153808296859604-2608071403-3,7639,2608071407,2608071411,2,,S,S6,Weil der Stadt|Malmsheim,8000313,Renningen,Baden-Württemberg,Renningen,71272,8.932650148,48.77515509,3,2608071409,,2608071411,,,,,,,,,,,2.0,0.0
7530988178137712619-2608071417-12,7636,2608071449,2608071452,3,,S,S6,Stuttgart Hbf|Stuttgart Nordbahnhof|Stuttgart-Feuerbach|Stuttgart-Zuffenhausen|Neuwirtshaus(Porscheplatz)|Korntal|Weilimdorf|Ditzingen|Höfingen|Leonberg|Rutesheim,8000313,Renningen,Baden-Württemberg,Renningen,71272,8.932650148,48.77515509,3,2608071449,,2608071454,,,,,,,,,,,0.0,2.0
-3747023062711209303-2608071434-7,7039,2608071450,2608071456,2,,S,S60,Böblingen|Sindelfingen|Maichingen|Maichingen Nord|Magstadt|Renningen Süd,8000313,Renningen,Baden-Württemberg,Renningen,71272,8.932650148,48.77515509,3,2608071453,,2608071456,,,,,,,,,,,3.0,0.0
2278671340843010605-2608071408-10,7040,2608071434,2608071439,3,,S,S60,Stuttgart-Feuerbach|Stuttgart-Zuffenhausen|Neuwirtshaus(Porscheplatz)|Korntal|Weilimdorf|Ditzingen|Höfingen|Leonberg|Rutesheim,8000313,Renningen,Baden-Württemberg,Renningen,71272,8.932650148,48.77515509,3,2608071435,,2608071439,,,,,,,,,,,1.0,0.0
-1440049346188404305-2608071356-6,26157,2608071418,,4,,SWE,,Calw|Calw-Heumaden|Althengstett|Ostelsheim|Weil der Stadt,8000313,Renningen,Baden-Württemberg,Renningen,71272,8.932650148,48.77515509,3,2608071420,,,,,,,,,,,,,2.0,0.0
-4327327279162025655-2608071433-3,7641,2608071437,2608071441,2,,S,S6,Weil der Stadt|Malmsheim,8000313,Renningen,Baden-Württemberg,Renningen,71272,8.932650148,48.77515509,3,2608071438,,2608071441,,,,,,,,,,,1.0,0.0
5361627864271518144-2608071458-1,26160,,2608071458,,,SWE,RB76,,8000313,Renningen,Baden-Württemberg,Renningen,71272,8.932650148,48.77515509,3,,,2608071459,,,,,,,,,,,0.0,1.0
-117664068110103176-2608071338-10,7038,2608071404,2608071409,3,,S,S60,Stuttgart-Feuerbach|Stuttgart-Zuffenhausen|Neuwirtshaus(Porscheplatz)|Korntal|Weilimdorf|Ditzingen|Höfingen|Leonberg|Rutesheim,8000313,Renningen,Baden-Württemberg,Renningen,71272,8.932650148,48.77515509,3,2608071405,,2608071410,,,,,,,,,,,1.0,1.0
2262032207532190723-2608071428-1,26158,,2608071428,,,SWE,RB76,,8000313,Renningen,Baden-Württemberg,Renningen,71272,8.932650148,48.77515509,3,,,2608071428,,,,,,,,,,,0.0,0.0
436949091827174438-2608071404-7,7037,2608071420,2608071426,2,,S,S60,Böblingen|Sindelfingen|Maichingen|Maichingen Nord|Magstadt|Renningen Süd,8000313,Renningen,Baden-Württemberg,Renningen,71272,8.932650148,48.77515509,3,2608071421,,2608071426,,,,,,,,,,,1.0,0.0
-2243266642354927912-2608071426-6,26159,2608071448,,4,,SWE,,Calw|Calw-Heumaden|Althengstett|Ostelsheim|Weil der Stadt,8000313,Renningen,Baden-Württemberg,Renningen,71272,8.932650148,48.77515509,3,2608071450,,,,,,,,,,,,,2.0,0.0
8049613685157447846-2608071347-12,7634,2608071419,2608071422,3,,S,S6,Stuttgart Hbf|Stuttgart Nordbahnhof|Stuttgart-Feuerbach|Stuttgart-Zuffenhausen|Neuwirtshaus(Porscheplatz)|Korntal|Weilimdorf|Ditzingen|Höfingen|Leonberg|Rutesheim,8000313,Renningen,Baden-Württemberg,Renningen,71272,8.932650148,48.77515509,3,2608071419,,2608071422,,,,,,,,,,,0.0,0.0
6408695738882885508-2608071350-7,7234,2608071407,2608071407,1,,S,S2,Stuttgart Hbf|Stuttgart-Bad Cannstatt|Stuttgart Nürnberger Str.|Stuttgart-Sommerrain|Fellbach|Waiblingen,8005157,Rommelshausen,Baden-Württemberg,Kernen,71394,9.319175885,48.81552017,4,2608071407,,2608071407,,h,1,Bauarbeiten,,,,,,,0.0,0.0
5042788861717640545-2608071420-7,7236,2608071437,2608071437,1,,S,S2,Stuttgart Hbf|Stuttgart-Bad Cannstatt|Stuttgart Nürnberger Str.|Stuttgart-Sommerrain|Fellbach|Waiblingen,8005157,Rommelshausen,Baden-Württemberg,Kernen,71394,9.319175885,48.81552017,4,2608071441,,2608071442,,h,1,Bauarbeiten,,,,,,,4.0,5.0
-8059892926335795903-2608071403-9,7239,2608071421,2608071422,2,,S,S2,Schorndorf|Weiler(Rems)|Winterbach(b Schorndorf)|Geradstetten|Grunbach|Beutelsbach|Endersbach|Stetten-Beinstein,8005157,Rommelshausen,Baden-Württemberg,Kernen,71394,9.319175885,48.81552017,4,2608071421,,2608071422,,h,1,Bauarbeiten,,,,,,,0.0,0.0
-5955272615429035569-2608071433-9,7241,2608071451,2608071452,2,,S,S2,Schorndorf|Weiler(Rems)|Winterbach(b Schorndorf)|Geradstetten|Grunbach|Beutelsbach|Endersbach|Stetten-Beinstein,8005157,Rommelshausen,Baden-Württemberg,Kernen,71394,9.319175885,48.81552017,4,2608071455,,2608071456,,h,1,Bauarbeiten,,,,,,,4.0,4.0
-2645153808296859604-2608071403-4,7639,2608071413,2608071414,1,,S,S6,Weil der Stadt|Malmsheim|Renningen,8005236,Rutesheim,Baden-Württemberg,Leonberg,71229,8.960325242,48.79031093,5,2608071413,,2608071414,,,,,,,,,,,0.0,0.0
7530988178137712619-2608071417-11,7636,2608071446,2608071446,2,,S,S6,Stuttgart Hbf|Stuttgart Nordbahnhof|Stuttgart-Feuerbach|Stuttgart-Zuffenhausen|Neuwirtshaus(Porscheplatz)|Korntal|Weilimdorf|Ditzingen|Höfingen|Leonberg,8005236,Rutesheim,Baden-Württemberg,Leonberg,71229,8.960325242,48.79031093,5,2608071446,,2608071447,,,,,,,,,,,0.0,1.0
-3747023062711209303-2608071434-8,7039,2608071458,2608071459,1,,S,S60,Böblingen|Sindelfingen|Maichingen|Maichingen Nord|Magstadt|Renningen Süd|Renningen,8005236,Rutesheim,Baden-Württemberg,Leonberg,71229,8.960325242,48.79031093,5,2608071458,,2608071459,,,,,,,,,,,0.0,0.0
2278671340843010605-2608071408-9,7040,2608071431,2608071431,2,,S,S60,Stuttgart-Feuerbach|Stuttgart-Zuffenhausen|Neuwirtshaus(Porscheplatz)|Korntal|Weilimdorf|Ditzingen|Höfingen|Leonberg,8005236,Rutesheim,Baden-Württemberg,Leonberg,71229,8.960325242,48.79031093,5,2608071431,,2608071432,,,,,,,,,,,0.0,1.0
-4327327279162025655-2608071433-4,7641,2608071443,2608071444,1,,S,S6,Weil der Stadt|Malmsheim|Renningen,8005236,Rutesheim,Baden-Württemberg,Leonberg,71229,8.960325242,48.79031093,5,2608071444,,2608071444,,,,,,,,,,,1.0,0.0
-117664068110103176-2608071338-9,7038,2608071401,2608071401,2,,S,S60,Stuttgart-Feuerbach|Stuttgart-Zuffenhausen|Neuwirtshaus(Porscheplatz)|Korntal|Weilimdorf|Ditzingen|Höfingen|Leonberg,8005236,Rutesheim,Baden-Württemberg,Leonberg,71229,8.960325242,48.79031093,5,2608071401,,2608071402,,,,,,,,,,,0.0,1.0
436949091827174438-2608071404-8,7037,2608071428,2608071429,1,,S,S60,Böblingen|Sindelfingen|Maichingen|Maichingen Nord|Magstadt|Renningen Süd|Renningen,8005236,Rutesheim,Baden-Württemberg,Leonberg,71229,8.960325242,48.79031093,5,2608071429,,2608071429,,,,,,,,,,,1.0,0.0
8049613685157447846-2608071347-11,7634,2608071416,2608071416,2,,S,S6,Stuttgart Hbf|Stuttgart Nordbahnhof|Stuttgart-Feuerbach|Stuttgart-Zuffenhausen|Neuwirtshaus(Porscheplatz)|Korntal|Weilimdorf|Ditzingen|Höfingen|Leonberg,8005236,Rutesheim,Baden-Württemberg,Leonberg,71229,8.960325242,48.79031093,5,2608071416,,2608071417,,,,,,,,,,,0.0,1.0
1842878136572255498-2608071311-5,19678,2608071428,2608071429,3,,ARV,1,Crailsheim|Ellwangen|Aalen Hbf|Schwäbisch Gmünd,8005424,Schorndorf,Baden-Württemberg,Schorndorf,73614,9.525686251,48.80693898,3,2608071434,,2608071435,,,,,,,,,,,6.0,6.0
63052419890451744-2608071420-4,19471,2608071443,2608071444,2,,ARV,13,Stuttgart Hbf|Stuttgart-Bad Cannstatt|Waiblingen,8005424,Schorndorf,Baden-Württemberg,Schorndorf,73614,9.525686251,48.80693898,3,2608071447,,2608071448,,,,,,,,,,,4.0,4.0
6408695738882885508-2608071350-15,7234,2608071425,,14,,S,,Stuttgart Hbf|Stuttgart-Bad Cannstatt|Stuttgart Nürnberger Str.|Stuttgart-Sommerrain|Fellbach|Waiblingen|Rommelshausen|Stetten-Beinstein|Endersbach|Beutelsbach|Grunbach|Geradstetten|Winterbach(b Schorndorf)|Weiler(Rems),8005424,Schorndorf,Baden-Württemberg,Schorndorf,73614,9.525686251,48.80693898,3,2608071424,,,,h,1,Bauarbeiten,,,,,,,-1.0,0.0
5042788861717640545-2608071420-15,7236,2608071455,,1,,S,,Stuttgart Hbf|Stuttgart-Bad Cannstatt|Stuttgart Nürnberger Str.|Stuttgart-Sommerrain|Fellbach|Waiblingen|Rommelshausen|Stetten-Beinstein|Endersbach|Beutelsbach|Grunbach|Geradstetten|Winterbach(b Schorndorf)|Weiler(Rems),8005424,Schorndorf,Baden-Württemberg,Schorndorf,73614,9.525686251,48.80693898,3,2608071458,,,,h,1,Bauarbeiten,,,,,,,3.0,0.0
-6789865072698659382-2608071407-9,19424,2608071443,2608071444,3,,ARV,13,Aalen Hbf|Mögglingen(Gmünd)|Böbingen(Rems)|Schwäbisch Gmünd|Lorch(Württ)|Waldhausen(b Schorndorf)|Plüderhausen|Urbach(b Schorndorf),8005424,Schorndorf,Baden-Württemberg,Schorndorf,73614,9.525686251,48.80693898,3,2608071446,,2608071446,,,,,,,,,,,3.0,2.0
-8059892926335795903-2608071403-1,7239,,2608071403,,,S,S2,,8005424,Schorndorf,Baden-Württemberg,Schorndorf,73614,9.525686251,48.80693898,3,,,2608071403,,h,1,Bauarbeiten,,,,,,,0.0,0.0
-5955272615429035569-2608071433-1,7241,,2608071433,,,S,S2,,8005424,Schorndorf,Baden-Württemberg,Schorndorf,73614,9.525686251,48.80693898,3,,,2608071436,,h,1,Bauarbeiten,,,,,,,0.0,3.0
6090349839205683457-2608071311-15,19472,2608071413,2608071414,3,,ARV,13,Ellwangen|Schrezheim|Schwabsberg|Goldshöfe|Hofen(b Aalen)|Wasseralfingen|Aalen Hbf|Mögglingen(Gmünd)|Böbingen(Rems)|Schwäbisch Gmünd|Lorch(Württ)|Waldhausen(b Schorndorf)|Plüderhausen|Urbach(b Schorndorf),8005424,Schorndorf,Baden-Württemberg,Schorndorf,73614,9.525686251,48.80693898,3,2608071421,,2608071422,,,,,,,,,,,8.0,8.0
8032892222796118695-2608071347-4,19419,2608071413,2608071414,2,,ARV,13,Stuttgart Hbf|Stuttgart-Bad Cannstatt|Waiblingen,8005424,Schorndorf,Baden-Württemberg,Schorndorf,73614,9.525686251,48.80693898,3,2608071431,,2608071432,,,,,,,,,,,18.0,18.0
7177711112930232635-2608071342-8,7334,2608071406,2608071406,2,,S,S3,Stuttgart Hbf|Stuttgart-Bad Cannstatt|Stuttgart Nürnberger Str.|Stuttgart-Sommerrain|Fellbach|Waiblingen|Neustadt-Hohenacker,8005454,Schwaikheim,Baden-Württemberg,Schwaikheim,71409,9.354747358,48.86832665,4,2608071406,,2608071406,,,,,,,,,,,0.0,0.0
-8962126915234620710-2608071441-5,7341,2608071452,2608071453,1,,S,S3,Backnang|Maubach|Nellmersbach|Winnenden,8005454,Schwaikheim,Baden-Württemberg,Schwaikheim,71409,9.354747358,48.86832665,4,2608071452,,2608071454,,,,,,,,,,,0.0,1.0
3142345419825759229-2608071412-8,7336,2608071436,2608071436,2,,S,S3,Stuttgart Hbf|Stuttgart-Bad Cannstatt|Stuttgart Nürnberger Str.|Stuttgart-Sommerrain|Fellbach|Waiblingen|Neustadt-Hohenacker,8005454,Schwaikheim,Baden-Württemberg,Schwaikheim,71409,9.354747358,48.86832665,4,2608071438,,2608071439,,,,,,,,,,,2.0,3.0
6554930112927852478-2608071411-5,7339,2608071422,2608071423,1,,S,S3,Backnang|Maubach|Nellmersbach|Winnenden,8005454,Schwaikheim,Baden-Württemberg,Schwaikheim,71409,9.354747358,48.86832665,4,2608071424,,2608071425,,,,,,,,,,,2.0,2.0
-3747023062711209303-2608071434-2,7039,2608071436,2608071437,1,,S,S60,Böblingen,8005574,Sindelfingen,Baden-Württemberg,Sindelfingen,71063,8.999262079,48.70387346,6,2608071438,,2608071438,,,,,,,,,,,2.0,1.0
2278671340843010605-2608071408-15,7040,2608071452,2608071453,1,,S,S60,Stuttgart-Feuerbach|Stuttgart-Zuffenhausen|Neuwirtshaus(Porscheplatz)|Korntal|Weilimdorf|Ditzingen|Höfingen|Leonberg|Rutesheim|Renningen|Renningen Süd|Magstadt|Maichingen Nord|Maichingen,8005574,Sindelfingen,Baden-Württemberg,Sindelfingen,71063,8.999262079,48.70387346,6,2608071453,,2608071453,,,,,,,,,,,1.0,0.0
-117664068110103176-2608071338-15,7038,2608071422,2608071423,1,,S,S60,Stuttgart-Feuerbach|Stuttgart-Zuffenhausen|Neuwirtshaus(Porscheplatz)|Korntal|Weilimdorf|Ditzingen|Höfingen|Leonberg|Rutesheim|Renningen|Renningen Süd|Magstadt|Maichingen Nord|Maichingen,8005574,Sindelfingen,Baden-Württemberg,Sindelfingen,71063,8.999262079,48.70387346,6,2608071424,,2608071424,,,,,,,,,,,2.0,1.0
436949091827174438-2608071404-2,7037,2608071406,2608071407,1,,S,S60,Böblingen,8005574,Sindelfingen,Baden-Württemberg,Sindelfingen,71063,8.999262079,48.70387346,6,2608071407,,2608071407,,,,,,,,,,,1.0,0.0
6408695738882885508-2608071350-8,7234,2608071409,2608071409,1,,S,S2,Stuttgart Hbf|Stuttgart-Bad Cannstatt|Stuttgart Nürnberger Str.|Stuttgart-Sommerrain|Fellbach|Waiblingen|Rommelshausen,8005726,Stetten-Beinstein,Baden-Württemberg,Weinstadt,71384,9.352769725,48.81199601,5,2608071409,,2608071410,,h,1,Bauarbeiten,,,,,,,0.0,1.0
5042788861717640545-2608071420-8,7236,2608071439,2608071439,1,,S,S2,Stuttgart Hbf|Stuttgart-Bad Cannstatt|Stuttgart Nürnberger Str.|Stuttgart-Sommerrain|Fellbach|Waiblingen|Rommelshausen,8005726,Stetten-Beinstein,Baden-Württemberg,Weinstadt,71384,9.352769725,48.81199601,5,2608071444,,2608071444,,h,1,Bauarbeiten,,,,,,,5.0,5.0
-8059892926335795903-2608071403-8,7239,2608071419,2608071419,2,,S,S2,Schorndorf|Weiler(Rems)|Winterbach(b Schorndorf)|Geradstetten|Grunbach|Beutelsbach|Endersbach,8005726,Stetten-Beinstein,Baden-Württemberg,Weinstadt,71384,9.352769725,48.81199601,5,2608071419,,2608071419,,h,1,Bauarbeiten,,,,,,,0.0,0.0
-5955272615429035569-2608071433-8,7241,2608071449,2608071449,2,,S,S2,Schorndorf|Weiler(Rems)|Winterbach(b Schorndorf)|Geradstetten|Grunbach|Beutelsbach|Endersbach,8005726,Stetten-Beinstein,Baden-Württemberg,Weinstadt,71384,9.352769725,48.81199601,5,2608071452,,2608071453,,h,1,Bauarbeiten,,,,,,,3.0,4.0
-4949587904933016928-2608071427-1,52383,,2608071427,,,RE,IC87,,8000096,Stuttgart Hbf,Baden-Württemberg,Stuttgart,70173,9.183172973,48.78473069,1,,,2608071428,,h,2,Information,,,,,,,0.0,1.0
7004552740739658779-2608071350-15,7139,2608071435,,4,,S,,Kirchheim(Teck)|Kirchheim(Teck)-Ötlingen|Wendlingen(Neckar)|Wernau(Neckar)|Plochingen|Altbach|Esslingen-Zell|Oberesslingen|Esslingen(Neckar)|Esslingen-Mettingen|Stuttgart-Obertürkheim|Stuttgart-Untertürkheim|Stuttgart Neckarpark|Stuttgart-Bad Cannstatt,8000096,Stuttgart Hbf,Baden-Württemberg,Stuttgart,70173,9.183172973,48.78473069,1,2608071435,,,,,,,,,,,,,0.0,0.0
3090915631380043641-2608070808-18,962,2608071446,,12,,WB,,Wien Westbahnhof|Wien Hütteldorf|St.Pölten Hbf|Amstetten NÖ|Linz/Donau Hbf|Wels Hbf|Attnang-Puchheim|Vöcklabruck|Salzburg Hbf|Freilassing|Prien am Chiemsee|Rosenheim|München Ost|München-Pasing|Augsburg Hbf|Günzburg|Ulm Hbf,8000096,Stuttgart Hbf,Baden-Württemberg,Stuttgart,70173,9.183172973,48.78473069,1,2608071557,,,,,,,,,Wien Westbahnhof|Wien Hütteldorf|St.Pölten Hbf|Amstetten NÖ|Linz/Donau Hbf|Wels Hbf|Attnang-Puchheim|Vöcklabruck|Salzburg Hbf|Freilassing|Prien am Chiemsee|Rosenheim|München Ost|München-Pasing|Augsburg Hbf|Günzburg|Ulm Hbf,,,,71.0,0.0
1943236977660444610-2608071235-12,50488,2608071443,,6,,RE,,Singen(Hohentwiel)|Engen|Tuttlingen|Spaichingen|Rottweil|Oberndorf(Neckar)|Sulz(Neckar)|Horb|Bondorf(b Herrenberg)|Gäufelden|Herrenberg,8000096,Stuttgart Hbf,Baden-Württemberg,Stuttgart,70173,9.183172973,48.78473069,1,2608071445,,,,h,2,Information,,,,,,,2.0,0.0
-2645153808296859604-2608071403-14,7639,2608071445,,1,,S,,Weil der Stadt|Malmsheim|Renningen|Rutesheim|Leonberg|Höfingen|Ditzingen|Weilimdorf|Korntal|Neuwirtshaus(Porscheplatz)|Stuttgart-Zuffenhausen|Stuttgart-Feuerbach|Stuttgart Nordbahnhof,8000096,Stuttgart Hbf,Baden-Württemberg,Stuttgart,70173,9.183172973,48.78473069,1,2608071446,,,,,,,,,,,,,1.0,0.0
-5212313388548223160-2608071450-1,7238,,2608071450,,,S,S2,,8000096,Stuttgart Hbf,Baden-Württemberg,Stuttgart,70173,9.183172973,48.78473069,1,,,2608071450,,h,1,Bauarbeiten,,,,,,,0.0,0.0
-6693974940085691489-2608071332-7,19017,2608071427,,8,,ARV,,Karlsruhe Hbf|Karlsruhe-Durlach|Wilferdingen-Singen|Pforzheim Hbf|Mühlacker|Vaihingen(Enz),8000096,Stuttgart Hbf,Baden-Württemberg,Stuttgart,70173,9.183172973,48.78473069,1,2608071429,,,,,,,,,,,,,2.0,0.0
7530988178137712619-2608071417-1,7636,,2608071417,,,S,S6,,8000096,Stuttgart Hbf,Baden-Württemberg,Stuttgart,70173,9.183172973,48.78473069,1,,,2608071417,,,,,,,,,,,0.0,0.0
-1423905355620272793-2608071137-14,488,2608071443,,6,,IC,,Zürich HB|Schaffhausen|Singen(Hohentwiel)|Engen|Tuttlingen|Spaichingen|Rottweil|Oberndorf(Neckar)|Sulz(Neckar)|Horb|Bondorf(b Herrenberg)|Gäufelden|Herrenberg,8000096,Stuttgart Hbf,Baden-Württemberg,Stuttgart,70173,9.183172973,48.78473069,1,2608071445,,,,h,2,Information,,,,,,,2.0,0.0
9097810802224673986-2608071303-10,17534,2608071402,,13,,RE,,Schwäbisch Hall-Hessental|Gaildorf West|Murrhardt|Sulzbach(Murr)|Oppenweiler(Württ)|Backnang|Winnenden|Waiblingen|Stuttgart-Bad Cannstatt,8000096,Stuttgart Hbf,Baden-Württemberg,Stuttgart,70173,9.183172973,48.78473069,1,2608071421,,,,h,1,Störung,,,,,,,19.0,0.0
-1906058467950325249-2608071418-1,17647,,2608071418,,,RE,RE14a,,8000096,Stuttgart Hbf,Baden-Württemberg,Stuttgart,70173,9.183172973,48.78473069,1,,,2608071420,,h,1,Störung,,,,,,,0.0,2.0
4879595314453883227-2608071433-3,28484,2608071455,,7,,RE,,Böblingen|Stuttgart-Vaihingen,8000096,Stuttgart Hbf,Baden-Württemberg,Stuttgart,70173,9.183172973,48.78473069,1,2608071459,,,,h,1,Störung,,,,,,,4.0,0.0
3618335699656372385-2608071333-14,7437,2608071425,,1,,S,,Backnang|Burgstall(Murr)|Kirchberg(Murr)|Erdmannhausen|Marbach(Neckar)|Benningen(Neckar)|Freiberg(Neckar)|Favoritepark|Ludwigsburg|Kornwestheim Pbf|Stuttgart-Zuffenhausen|Stuttgart-Feuerbach|Stuttgart Nordbahnhof,8000096,Stuttgart Hbf,Baden-Württemberg,Stuttgart,70173,9.183172973,48.78473069,1,2608071425,,,,,,,,,,,,,0.0,0.0
741299647555358187-2608071418-1,17645,,2608071418,,,RE,RE14b,,8000096,Stuttgart Hbf,Baden-Württemberg,Stuttgart,70173,9.183172973,48.78473069,1,,,2608071420,,h,1,Störung,,,,,,,0.0,2.0
1373694884773831444-2608071443-1,9572,,2608071443,,,ICE,,,8000096,Stuttgart Hbf,Baden-Württemberg,Stuttgart,70173,9.183172973,48.78473069,1,,,,,h,3,Störung,,,,,,c,0.0,0.0
-3450342550725116010-2608071236-22,19144,2608071416,,12,,ARV,,Ulm Hbf|Beimerstetten|Westerstetten|Lonsee|Urspring|Amstetten(Württ)|Geislingen(Steige)|Geislingen(Steige)West|Kuchen|Gingen(Fils)|Süßen|Salach|Eislingen(Fils)|Göppingen|Faurndau|Uhingen|Ebersbach(Fils)|Reichenbach(Fils)|Plochingen|Esslingen(Neckar)|Stuttgart-Bad Cannstatt,8000096,Stuttgart Hbf,Baden-Württemberg,Stuttgart,70173,9.183172973,48.78473069,1,2608071418,11,,,,,,,,,,,,2.0,0.0
1842878136572255498-2608071311-6,19678,2608071450,2608071459,10,,ARV,1,Crailsheim|Ellwangen|Aalen Hbf|Schwäbisch Gmünd|Schorndorf,8000096,Stuttgart Hbf,Baden-Württemberg,Stuttgart,70173,9.183172973,48.78473069,1,2608071454,9,2608071502,9,,,,,,,,,,4.0,3.0
-2205886530121673447-2608071337-9,7537,2608071405,,1,,S,,Bietigheim-Bissingen|Tamm(Württ)|Asperg|Ludwigsburg|Kornwestheim Pbf|Stuttgart-Zuffenhausen|Stuttgart-Feuerbach|Stuttgart Nordbahnhof,8000096,Stuttgart Hbf,Baden-Württemberg,Stuttgart,70173,9.183172973,48.78473069,1,2608071405,,,,,,,,,,,,,0.0,0.0
-8779513401122207470-2608071457-1,7540,,2608071457,,,S,S5,,8000096,Stuttgart Hbf,Baden-Württemberg,Stuttgart,70173,9.183172973,48.78473069,1,,,2608071457,,,,,,,,,,,0.0,0.0
307267775020816881-2608071430-1,19018,,2608071430,,,ARV,1,,8000096,Stuttgart Hbf,Baden-Württemberg,Stuttgart,70173,9.183172973,48.78473069,1,,,2608071435,,,,,,,,,,,0.0,5.0
-8022228080648420109-2608071442-1,19149,,2608071442,,,ARV,16,,8000096,Stuttgart Hbf,Baden-Württemberg,Stuttgart,70173,9.183172973,48.78473069,1,,,2608071449,,,,,,,,,,,0.0,7.0
353565874858451215-2608071455-1,7140,,2608071455,,,S,S1,,8000096,Stuttgart Hbf,Baden-Württemberg,Stuttgart,70173,9.183172973,48.78473069,1,,,2608071455,,,,,,,,,,,0.0,0.0
-9052911467079737852-2608071427-1,2383,,2608071427,,,IC,,,8000096,Stuttgart Hbf,Baden-Württemberg,Stuttgart,70173,9.183172973,48.78473069,1,,,2608071428,,h,1,Störung,,,,,,,0.0,1.0
63052419890451744-2608071420-1,19471,,2608071420,,,ARV,13,,8000096,Stuttgart Hbf,Baden-Württemberg,Stuttgart,70173,9.183172973,48.78473069,1,,,2608071425,,,,,,,,,,,0.0,5.0
-6618548157105238962-2608071333-14,7637,2608071415,,2,,S,,Weil der Stadt|Malmsheim|Renningen|Rutesheim|Leonberg|Höfingen|Ditzingen|Weilimdorf|Korntal|Neuwirtshaus(Porscheplatz)|Stuttgart-Zuffenhausen|Stuttgart-Feuerbach|Stuttgart Nordbahnhof,8000096,Stuttgart Hbf,Baden-Württemberg,Stuttgart,70173,9.183172973,48.78473069,1,2608071415,,,,,,,,,,,,,0.0,0.0
7252495194908327954-2608071305-11,19232,2608071406,2608071419,8,,RB,MEX12,Tübingen Hbf|Reutlingen Hbf|Metzingen(Württ)|Bempflingen|Nürtingen|Oberboihingen|Wendlingen(Neckar)|Plochingen|Esslingen(Neckar)|Stuttgart-Bad Cannstatt,8000096,Stuttgart Hbf,Baden-Württemberg,Stuttgart,70173,9.183172973,48.78473069,1,2608071411,,2608071419,,h,2,Information,,,,,,,5.0,0.0
-3711885420787930895-2608071447-1,7638,,2608071447,,,S,S6,,8000096,Stuttgart Hbf,Baden-Württemberg,Stuttgart,70173,9.183172973,48.78473069,1,,,2608071448,,,,,,,,,,,0.0,1.0
-7104295840480841845-2608071437-1,7436,,2608071437,,,S,S4,,8000096,Stuttgart Hbf,Baden-Württemberg,Stuttgart,70173,9.183172973,48.78473069,1,,,2608071437,,,,,,,,,,,0.0,0.0
8044955983483320146-2608071442-1,7338,,2608071442,,,S,S3,,8000096,Stuttgart Hbf,Baden-Württemberg,Stuttgart,70173,9.183172973,48.78473069,1,,,2608071442,,,,,,,,,,,0.0,0.0
5042788861717640545-2608071420-1,7236,,2608071420,,,S,S2,,8000096,Stuttgart Hbf,Baden-Württemberg,Stuttgart,70173,9.183172973,48.78473069,1,,,2608071420,,h,1,Bauarbeiten,,,,,,,0.0,0.0
-7554900795213045256-2608071320-22,19146,2608071453,,13,,ARV,,Ulm Hbf|Beimerstetten|Westerstetten|Lonsee|Urspring|Amstetten(Württ)|Geislingen(Steige)|Geislingen(Steige)West|Kuchen|Gingen(Fils)|Süßen|Salach|Eislingen(Fils)|Göppingen|Faurndau|Uhingen|Ebersbach(Fils)|Reichenbach(Fils)|Plochingen|Esslingen(Neckar)|Stuttgart-Bad Cannstatt,8000096,Stuttgart Hbf,Baden-Württemberg,Stuttgart,70173,9.183172973,48.78473069,1,2608071456,,,,,,,,,,,,,3.0,0.0
6756447695356970455-2608071439-1,4221,,2608071439,,,RE,RE5,,8000096,Stuttgart Hbf,Baden-Württemberg,Stuttgart,70173,9.183172973,48.78473069,1,,,2608071440,16 B-C,h,2,Störung,,,,,,,0.0,1.0
6423634419829337550-2608071434-1,710,,2608071434,,,ICE,,,8000096,Stuttgart Hbf,Baden-Württemberg,Stuttgart,70173,9.183172973,48.78473069,1,,,2608071438,,,,,,,,,,,0.0,4.0
-6549272114727686147-2608071403-14,7439,2608071455,,2,,S,,Backnang|Burgstall(Murr)|Kirchberg(Murr)|Erdmannhausen|Marbach(Neckar)|Benningen(Neckar)|Freiberg(Neckar)|Favoritepark|Ludwigsburg|Kornwestheim Pbf|Stuttgart-Zuffenhausen|Stuttgart-Feuerbach|Stuttgart Nordbahnhof,8000096,Stuttgart Hbf,Baden-Württemberg,Stuttgart,70173,9.183172973,48.78473069,1,2608071455,,,,,,,,,,,,,0.0,0.0
-4628373679111248828-2608071403-1,19147,,2608071403,,,ARV,16,,8000096,Stuttgart Hbf,Baden-Württemberg,Stuttgart,70173,9.183172973,48.78473069,1,,,2608071404,,,,,,,,,,,0.0,1.0
4083739950560377043-2608071245-5,596,2608071443,2608071449,9,,ICE,,München Hbf|München-Pasing|Augsburg Hbf|Ulm Hbf,8000096,Stuttgart Hbf,Baden-Württemberg,Stuttgart,70173,9.183172973,48.78473069,1,2608071703,,2608071707,,h,1,Störung,,,München Hbf|München-Pasing|Augsburg Hbf|Ulm Hbf,Mannheim Hbf|Frankfurt(Main)Hbf|Fulda|Eisenach Hbf|Erfurt Hbf|Leipzig Hbf|Lutherstadt Wittenberg Hbf|Berlin Südkreuz|Berlin Hbf,,,140.0,138.0
-5286310659195805286-2608071425-1,7138,,2608071425,,,S,S1,,8000096,Stuttgart Hbf,Baden-Württemberg,Stuttgart,70173,9.183172973,48.78473069,1,,,2608071425,,,,,,,,,,,0.0,0.0
5532038320047824464-2608071306-4,2161,2608071358,2608071408,16,,IC,,Karlsruhe Hbf|Pforzheim Hbf|Mühlacker,8000096,Stuttgart Hbf,Baden-Württemberg,Stuttgart,70173,9.183172973,48.78473069,1,2608071404,,2608071408,,h,1,Störung,,,,,,c,6.0,0.0
-7035317771144453335-2608071446-1,19421,,2608071446,,,ARV,13,,8000096,Stuttgart Hbf,Baden-Württemberg,Stuttgart,70173,9.183172973,48.78473069,1,,,2608071453,,,,,,,,,,,0.0,7.0
4534703989086356326-2608071341-12,7337,2608071417,,4,,S,,Backnang|Maubach|Nellmersbach|Winnenden|Schwaikheim|Neustadt-Hohenacker|Waiblingen|Fellbach|Stuttgart-Sommerrain|Stuttgart Nürnberger Str.|Stuttgart-Bad Cannstatt,8000096,Stuttgart Hbf,Baden-Württemberg,Stuttgart,70173,9.183172973,48.78473069,1,2608071417,,,,,,,,,,,,,0.0,0.0
3142345419825759229-2608071412-1,7336,,2608071412,,,S,S3,,8000096,Stuttgart Hbf,Baden-Württemberg,Stuttgart,70173,9.183172973,48.78473069,1,,,2608071413,,,,,,,,,,,0.0,1.0
-4235291842238137267-2608070745-13,517,2608071411,2608071417,15,,ICE,,Hamburg Hbf|Hamburg-Harburg|Bremen Hbf|Osnabrück Hbf|Münster(Westf)Hbf|Dortmund Hbf|Hagen Hbf|Wuppertal Hbf|Solingen Hbf|Köln Hbf|Frankfurt(M) Flughafen Fernbf|Mannheim Hbf,8000096,Stuttgart Hbf,Baden-Württemberg,Stuttgart,70173,9.183172973,48.78473069,1,2608071424,15,2608071431,15,h,1,Störung,,,,,,,13.0,14.0
2698979380668048526-2608071357-9,19227,2608071442,2608071451,14,,RB,MEX12,Heilbronn Hbf|Nordheim(Württ)|Lauffen(Neckar)|Kirchheim(Neckar)|Walheim(Württ)|Besigheim|Bietigheim-Bissingen|Ludwigsburg,8000096,Stuttgart Hbf,Baden-Württemberg,Stuttgart,70173,9.183172973,48.78473069,1,2608071447,,2608071455,,h,2,Information,,,,,,,5.0,4.0
5941834571298649161-2608071320-15,7137,2608071405,,4,,S,,Kirchheim(Teck)|Kirchheim(Teck)-Ötlingen|Wendlingen(Neckar)|Wernau(Neckar)|Plochingen|Altbach|Esslingen-Zell|Oberesslingen|Esslingen(Neckar)|Esslingen-Mettingen|Stuttgart-Obertürkheim|Stuttgart-Untertürkheim|Stuttgart Neckarpark|Stuttgart-Bad Cannstatt,8000096,Stuttgart Hbf,Baden-Württemberg,Stuttgart,70173,9.183172973,48.78473069,1,2608071405,,,,,,,,,,,,,0.0,0.0
8807243054349664487-2608071307-12,19422,2608071409,,14,,ARV,,Aalen Hbf|Mögglingen(Gmünd)|Böbingen(Rems)|Schwäbisch Gmünd|Lorch(Württ)|Waldhausen(b Schorndorf)|Plüderhausen|Urbach(b Schorndorf)|Schorndorf|Waiblingen|Stuttgart-Bad Cannstatt,8000096,Stuttgart Hbf,Baden-Württemberg,Stuttgart,70173,9.183172973,48.78473069,1,2608071414,,,,,,,,,,,,,5.0,0.0
-7348872135065043592-2608071403-1,28485,,2608071403,,,RE,RESB,,8000096,Stuttgart Hbf,Baden-Württemberg,Stuttgart,70173,9.183172973,48.78473069,1,,,2608071404,,h,1,Störung,,,,,,,0.0,1.0
-8059892926335795903-2608071403-15,7239,2608071440,,3,,S,,Schorndorf|Weiler(Rems)|Winterbach(b Schorndorf)|Geradstetten|Grunbach|Beutelsbach|Endersbach|Stetten-Beinstein|Rommelshausen|Waiblingen|Fellbach|Stuttgart-Sommerrain|Stuttgart Nürnberger Str.|Stuttgart-Bad Cannstatt,8000096,Stuttgart Hbf,Baden-Württemberg,Stuttgart,70173,9.183172973,48.78473069,1,2608071440,,,,h,1,Bauarbeiten,,,,,,,0.0,0.0
-9059701415040115440-2608071407-1,7434,,2608071407,,,S,S4,,8000096,Stuttgart Hbf,Baden-Württemberg,Stuttgart,70173,9.183172973,48.78473069,1,,,2608071407,,,,,,,,,,,0.0,0.0
7922855139158603560-2608071407-9,7539,2608071435,,2,,S,,Bietigheim-Bissingen|Tamm(Württ)|Asperg|Ludwigsburg|Kornwestheim Pbf|Stuttgart-Zuffenhausen|Stuttgart-Feuerbach|Stuttgart Nordbahnhof,8000096,Stuttgart Hbf,Baden-Württemberg,Stuttgart,70173,9.183172973,48.78473069,1,2608071435,,,,,,,,,,,,,0.0,0.0
6090349839205683457-2608071311-18,19472,2608071439,,13,,ARV,,Ellwangen|Schrezheim|Schwabsberg|Goldshöfe|Hofen(b Aalen)|Wasseralfingen|Aalen Hbf|Mögglingen(Gmünd)|Böbingen(Rems)|Schwäbisch Gmünd|Lorch(Württ)|Waldhausen(b Schorndorf)|Plüderhausen|Urbach(b Schorndorf)|Schorndorf|Waiblingen|Stuttgart-Bad Cannstatt,8000096,Stuttgart Hbf,Baden-Württemberg,Stuttgart,70173,9.183172973,48.78473069,1,2608071444,,,,,,,,,,,,,5.0,0.0
4912221343502352171-2608071203-14,4242,2608071422,,11,,RE,,Friedrichshafen Stadt|Meckenbeuren|Ravensburg|Aulendorf|Bad Schussenried|Biberach(Riß) Süd|Biberach(Riß)|Laupheim West|Ulm Hbf|Geislingen(Steige)|Göppingen|Plochingen|Esslingen(Neckar),8000096,Stuttgart Hbf,Baden-Württemberg,Stuttgart,70173,9.183172973,48.78473069,1,2608071447,,,,h,2,Störung,,,,,,,25.0,0.0
7533869279998948138-2608070929-8,577,2608071438,,5,,ICE,,Hamburg Hbf|Celle|Hannover Hbf|Göttingen|Kassel-Wilhelmshöhe|Frankfurt(Main)Süd|Mannheim Hbf,8000096,Stuttgart Hbf,Baden-Württemberg,Stuttgart,70173,9.183172973,48.78473069,1,2608071456,10,,,h,3,Information,,,,,,,18.0,0.0
8576411999696884762-2608071406-6,19679,2608071459,2608071506,15,,ARV,1,Karlsruhe Hbf|Karlsruhe-Durlach|Pforzheim Hbf|Mühlacker|Vaihingen(Enz),8000096,Stuttgart Hbf,Baden-Württemberg,Stuttgart,70173,9.183172973,48.78473069,1,2608071538,14,2608071546,14,,,,,,Karlsruhe Hbf|Karlsruhe-Durlach|Pforzheim Hbf|Mühlacker|Vaihingen(Enz),Schorndorf|Schwäbisch Gmünd|Aalen Hbf|Ellwangen|Crailsheim,,,39.0,40.0
6402432192147431474-2608071427-1,7538,,2608071427,,,S,S5,,8000096,Stuttgart Hbf,Baden-Württemberg,Stuttgart,70173,9.183172973,48.78473069,1,,,2608071427,,,,,,,,,,,0.0,0.0
4554148550216211242-2608071456-1,88621,,2608071456,,,ARV,90,,8000096,Stuttgart Hbf,Baden-Württemberg,Stuttgart,70173,9.183172973,48.78473069,1,,,,,h,1,Bauarbeiten,,,,,,c,0.0,0.0
6223730688488220237-2608071333-15,7237,2608071410,,3,,S,,Schorndorf|Weiler(Rems)|Winterbach(b Schorndorf)|Geradstetten|Grunbach|Beutelsbach|Endersbach|Stetten-Beinstein|Rommelshausen|Waiblingen|Fellbach|Stuttgart-Sommerrain|Stuttgart Nürnberger Str.|Stuttgart-Bad Cannstatt,8000096,Stuttgart Hbf,Baden-Württemberg,Stuttgart,70173,9.183172973,48.78473069,1,2608071412,,,,h,1,Bauarbeiten,,,,,,,2.0,0.0
6554930112927852478-2608071411-12,7339,2608071447,,4,,S,,Backnang|Maubach|Nellmersbach|Winnenden|Schwaikheim|Neustadt-Hohenacker|Waiblingen|Fellbach|Stuttgart-Sommerrain|Stuttgart Nürnberger Str.|Stuttgart-Bad Cannstatt,8000096,Stuttgart Hbf,Baden-Württemberg,Stuttgart,70173,9.183172973,48.78473069,1,2608071447,,,,,,,,,,,,,0.0,0.0
-518662034719112596-2608071053-4,9573,2608071419,,7,,ICE,,Paris Est|Strasbourg|Karlsruhe Hbf,8000096,Stuttgart Hbf,Baden-Württemberg,Stuttgart,70173,9.183172973,48.78473069,1,2608071419,,,,h,3,Störung,,,,,c,,0.0,0.0
7236638317671658556-2608071420-13,7141,2608071457,2608071457,1,,S,S1,Kirchheim(Teck)|Kirchheim(Teck)-Ötlingen|Wendlingen(Neckar)|Wernau(Neckar)|Plochingen|Altbach|Esslingen-Zell|Oberesslingen|Esslingen(Neckar)|Esslingen-Mettingen|Stuttgart-Obertürkheim|Stuttgart-Untertürkheim,8006743,Stuttgart Neckarpark,Baden-Württemberg,Stuttgart,70372,9.24106855,48.79194362,4,2608071500,,2608071501,,,,,,,,,,,3.0,4.0
7004552740739658779-2608071350-13,7139,2608071427,2608071427,1,,S,S1,Kirchheim(Teck)|Kirchheim(Teck)-Ötlingen|Wendlingen(Neckar)|Wernau(Neckar)|Plochingen|Altbach|Esslingen-Zell|Oberesslingen|Esslingen(Neckar)|Esslingen-Mettingen|Stuttgart-Obertürkheim|Stuttgart-Untertürkheim,8006743,Stuttgart Neckarpark,Baden-Württemberg,Stuttgart,70372,9.24106855,48.79194362,4,2608071427,,2608071427,,,,,,,,,,,0.0,0.0
8066948341588458346-2608071355-3,7136,2608071402,2608071402,2,,S,S1,Stuttgart Hbf|Stuttgart-Bad Cannstatt,8006743,Stuttgart Neckarpark,Baden-Württemberg,Stuttgart,70372,9.24106855,48.79194362,4,2608071402,,2608071403,,,,,,,,,,,0.0,1.0
-5286310659195805286-2608071425-3,7138,2608071432,2608071432,2,,S,S1,Stuttgart Hbf|Stuttgart-Bad Cannstatt,8006743,Stuttgart Neckarpark,Baden-Württemberg,Stuttgart,70372,9.24106855,48.79194362,4,2608071432,,2608071432,,,,,,,,,,,0.0,0.0
-2645153808296859604-2608071403-13,7639,2608071439,2608071441,4,,S,S6,Weil der Stadt|Malmsheim|Renningen|Rutesheim|Leonberg|Höfingen|Ditzingen|Weilimdorf|Korntal|Neuwirtshaus(Porscheplatz)|Stuttgart-Zuffenhausen|Stuttgart-Feuerbach,8005767,Stuttgart Nord,Baden-Württemberg,Stuttgard-Nord,70174,9.188061449,48.80374161,5,2608071439,,2608071442,,,,,,,,,,,0.0,1.0
7530988178137712619-2608071417-2,7636,2608071420,2608071422,3,,S,S6,Stuttgart Hbf,8005767,Stuttgart Nord,Baden-Württemberg,Stuttgard-Nord,70174,9.188061449,48.80374161,5,2608071420,,2608071422,,,,,,,,,,,0.0,0.0
3618335699656372385-2608071333-13,7437,2608071419,2608071421,4,,S,S4,Backnang|Burgstall(Murr)|Kirchberg(Murr)|Erdmannhausen|Marbach(Neckar)|Benningen(Neckar)|Freiberg(Neckar)|Favoritepark|Ludwigsburg|Kornwestheim Pbf|Stuttgart-Zuffenhausen|Stuttgart-Feuerbach,8005767,Stuttgart Nord,Baden-Württemberg,Stuttgard-Nord,70174,9.188061449,48.80374161,5,2608071419,,2608071421,,,,,,,,,,,0.0,0.0
3829718457082671082-2608071437-8,7541,2608071459,2608071501,4,,S,S5,Bietigheim-Bissingen|Tamm(Württ)|Asperg|Ludwigsburg|Kornwestheim Pbf|Stuttgart-Zuffenhausen|Stuttgart-Feuerbach,8005767,Stuttgart Nord,Baden-Württemberg,Stuttgard-Nord,70174,9.188061449,48.80374161,5,2608071459,,2608071501,,,,,,,,,,,0.0,0.0
-2205886530121673447-2608071337-8,7537,2608071359,2608071401,4,,S,S5,Bietigheim-Bissingen|Tamm(Württ)|Asperg|Ludwigsburg|Kornwestheim Pbf|Stuttgart-Zuffenhausen|Stuttgart-Feuerbach,8005767,Stuttgart Nord,Baden-Württemberg,Stuttgard-Nord,70174,9.188061449,48.80374161,5,2608071359,,2608071401,,,,,,,,,,,0.0,0.0
-6618548157105238962-2608071333-13,7637,2608071409,2608071411,4,,S,S6,Weil der Stadt|Malmsheim|Renningen|Rutesheim|Leonberg|Höfingen|Ditzingen|Weilimdorf|Korntal|Neuwirtshaus(Porscheplatz)|Stuttgart-Zuffenhausen|Stuttgart-Feuerbach,8005767,Stuttgart Nord,Baden-Württemberg,Stuttgard-Nord,70174,9.188061449,48.80374161,5,2608071409,,2608071411,,,,,,,,,,,0.0,0.0
-3711885420787930895-2608071447-2,7638,2608071450,2608071452,3,,S,S6,Stuttgart Hbf,8005767,Stuttgart Nord,Baden-Württemberg,Stuttgard-Nord,70174,9.188061449,48.80374161,5,2608071451,,2608071452,,,,,,,,,,,1.0,0.0
-7104295840480841845-2608071437-2,7436,2608071440,2608071441,3,,S,S4,Stuttgart Hbf,8005767,Stuttgart Nord,Baden-Württemberg,Stuttgard-Nord,70174,9.188061449,48.80374161,5,2608071441,,2608071441,,,,,,,,,,,1.0,0.0
-6549272114727686147-2608071403-13,7439,2608071449,2608071451,4,,S,S4,Backnang|Burgstall(Murr)|Kirchberg(Murr)|Erdmannhausen|Marbach(Neckar)|Benningen(Neckar)|Freiberg(Neckar)|Favoritepark|Ludwigsburg|Kornwestheim Pbf|Stuttgart-Zuffenhausen|Stuttgart-Feuerbach,8005767,Stuttgart Nord,Baden-Württemberg,Stuttgard-Nord,70174,9.188061449,48.80374161,5,2608071449,,2608071451,,,,,,,,,,,0.0,0.0
-9059701415040115440-2608071407-2,7434,2608071410,2608071411,3,,S,S4,Stuttgart Hbf,8005767,Stuttgart Nord,Baden-Württemberg,Stuttgard-Nord,70174,9.188061449,48.80374161,5,2608071411,,2608071412,,,,,,,,,,,1.0,1.0
-2200141252164614460-2608071357-2,7536,2608071400,2608071401,3,,S,S5,Stuttgart Hbf,8005767,Stuttgart Nord,Baden-Württemberg,Stuttgard-Nord,70174,9.188061449,48.80374161,5,2608071401,,2608071402,,,,,,,,,,,1.0,1.0
7922855139158603560-2608071407-8,7539,2608071429,2608071431,4,,S,S5,Bietigheim-Bissingen|Tamm(Württ)|Asperg|Ludwigsburg|Kornwestheim Pbf|Stuttgart-Zuffenhausen|Stuttgart-Feuerbach,8005767,Stuttgart Nord,Baden-Württemberg,Stuttgard-Nord,70174,9.188061449,48.80374161,5,2608071432,,2608071432,,,,,,,,,,,3.0,1.0
6402432192147431474-2608071427-2,7538,2608071430,2608071431,3,,S,S5,Stuttgart Hbf,8005767,Stuttgart Nord,Baden-Württemberg,Stuttgard-Nord,70174,9.188061449,48.80374161,5,2608071431,,2608071432,,,,,,,,,,,1.0,1.0
-5212313388548223160-2608071450-3,7238,2608071457,2608071457,4,,S,S2,Stuttgart Hbf|Stuttgart-Bad Cannstatt,8004357,Stuttgart Nürnberger Straße,Baden-Württemberg,Stuttgart,70374,9.234576905,48.80656062,5,2608071458,,2608071458,,h,1,Bauarbeiten,,,,,,,1.0,1.0
8044955983483320146-2608071442-3,7338,2608071452,2608071452,4,,S,S3,Stuttgart Hbf|Stuttgart-Bad Cannstatt,8004357,Stuttgart Nürnberger Straße,Baden-Württemberg,Stuttgart,70374,9.234576905,48.80656062,5,2608071452,,2608071452,,,,,,,,,,,0.0,0.0
5042788861717640545-2608071420-3,7236,2608071427,2608071427,4,,S,S2,Stuttgart Hbf|Stuttgart-Bad Cannstatt,8004357,Stuttgart Nürnberger Straße,Baden-Württemberg,Stuttgart,70374,9.234576905,48.80656062,5,2608071427,,2608071427,,h,1,Bauarbeiten,,,,,,,0.0,0.0
4534703989086356326-2608071341-10,7337,2608071407,2608071408,1,,S,S3,Backnang|Maubach|Nellmersbach|Winnenden|Schwaikheim|Neustadt-Hohenacker|Waiblingen|Fellbach|Stuttgart-Sommerrain,8004357,Stuttgart Nürnberger Straße,Baden-Württemberg,Stuttgart,70374,9.234576905,48.80656062,5,2608071409,,2608071409,,,,,,,,,,,2.0,1.0
3142345419825759229-2608071412-3,7336,2608071422,2608071422,4,,S,S3,Stuttgart Hbf|Stuttgart-Bad Cannstatt,8004357,Stuttgart Nürnberger Straße,Baden-Württemberg,Stuttgart,70374,9.234576905,48.80656062,5,2608071424,,2608071424,,,,,,,,,,,2.0,2.0
-8059892926335795903-2608071403-13,7239,2608071432,2608071433,1,,S,S2,Schorndorf|Weiler(Rems)|Winterbach(b Schorndorf)|Geradstetten|Grunbach|Beutelsbach|Endersbach|Stetten-Beinstein|Rommelshausen|Waiblingen|Fellbach|Stuttgart-Sommerrain,8004357,Stuttgart Nürnberger Straße,Baden-Württemberg,Stuttgart,70374,9.234576905,48.80656062,5,2608071432,,2608071433,,h,1,Bauarbeiten,,,,,,,0.0,0.0
6223730688488220237-2608071333-13,7237,2608071402,2608071403,1,,S,S2,Schorndorf|Weiler(Rems)|Winterbach(b Schorndorf)|Geradstetten|Grunbach|Beutelsbach|Endersbach|Stetten-Beinstein|Rommelshausen|Waiblingen|Fellbach|Stuttgart-Sommerrain,8004357,Stuttgart Nürnberger Straße,Baden-Württemberg,Stuttgart,70374,9.234576905,48.80656062,5,2608071405,,2608071406,,h,1,Bauarbeiten,,,,,,,3.0,3.0
6554930112927852478-2608071411-10,7339,2608071437,2608071438,1,,S,S3,Backnang|Maubach|Nellmersbach|Winnenden|Schwaikheim|Neustadt-Hohenacker|Waiblingen|Fellbach|Stuttgart-Sommerrain,8004357,Stuttgart Nürnberger Straße,Baden-Württemberg,Stuttgart,70374,9.234576905,48.80656062,5,2608071439,,2608071440,,,,,,,,,,,2.0,2.0
7004552740739658779-2608071350-14,7139,2608071430,2608071431,2,,S,S1,Kirchheim(Teck)|Kirchheim(Teck)-Ötlingen|Wendlingen(Neckar)|Wernau(Neckar)|Plochingen|Altbach|Esslingen-Zell|Oberesslingen|Esslingen(Neckar)|Esslingen-Mettingen|Stuttgart-Obertürkheim|Stuttgart-Untertürkheim|Stuttgart Neckarpark,8005769,Stuttgart-Bad Cannstatt,Baden-Württemberg,Stuttgart,70372,9.217468636,48.80127978,3,2608071430,,2608071431,,,,,,,,,,,0.0,0.0
-5212313388548223160-2608071450-2,7238,2608071454,2608071454,3,,S,S2,Stuttgart Hbf,8005769,Stuttgart-Bad Cannstatt,Baden-Württemberg,Stuttgart,70372,9.217468636,48.80127978,3,2608071455,,2608071455,,h,1,Bauarbeiten,,,,,,,1.0,1.0
-3450342550725116010-2608071236-21,19144,2608071411,2608071412,5,,ARV,16,Ulm Hbf|Beimerstetten|Westerstetten|Lonsee|Urspring|Amstetten(Württ)|Geislingen(Steige)|Geislingen(Steige)West|Kuchen|Gingen(Fils)|Süßen|Salach|Eislingen(Fils)|Göppingen|Faurndau|Uhingen|Ebersbach(Fils)|Reichenbach(Fils)|Plochingen|Esslingen(Neckar),8005769,Stuttgart-Bad Cannstatt,Baden-Württemberg,Stuttgart,70372,9.217468636,48.80127978,3,2608071411,,2608071413,,,,,,,,,,,0.0,1.0
-8022228080648420109-2608071442-2,19149,2608071445,2608071446,8,,ARV,16,Stuttgart Hbf,8005769,Stuttgart-Bad Cannstatt,Baden-Württemberg,Stuttgart,70372,9.217468636,48.80127978,3,2608071453,,2608071454,,,,,,,,,,,8.0,8.0
353565874858451215-2608071455-2,7140,2608071458,2608071459,3,,S,S1,Stuttgart Hbf,8005769,Stuttgart-Bad Cannstatt,Baden-Württemberg,Stuttgart,70372,9.217468636,48.80127978,3,2608071502,,2608071503,,,,,,,,,,,4.0,4.0
63052419890451744-2608071420-2,19471,2608071424,2608071425,7,,ARV,13,Stuttgart Hbf,8005769,Stuttgart-Bad Cannstatt,Baden-Württemberg,Stuttgart,70372,9.217468636,48.80127978,3,2608071429,,2608071430,,,,,,,,,,,5.0,5.0
7252495194908327954-2608071305-10,19232,2608071402,2608071402,5,,RB,MEX12,Tübingen Hbf|Reutlingen Hbf|Metzingen(Württ)|Bempflingen|Nürtingen|Oberboihingen|Wendlingen(Neckar)|Plochingen|Esslingen(Neckar),8005769,Stuttgart-Bad Cannstatt,Baden-Württemberg,Stuttgart,70372,9.217468636,48.80127978,3,2608071406,1,2608071407,1,h,2,Information,,,,,,,4.0,5.0
8044955983483320146-2608071442-2,7338,2608071446,2608071449,3,,S,S3,Stuttgart Hbf,8005769,Stuttgart-Bad Cannstatt,Baden-Württemberg,Stuttgart,70372,9.217468636,48.80127978,3,2608071446,,2608071449,,,,,,,,,,,0.0,0.0
5042788861717640545-2608071420-2,7236,2608071424,2608071424,3,,S,S2,Stuttgart Hbf,8005769,Stuttgart-Bad Cannstatt,Baden-Württemberg,Stuttgart,70372,9.217468636,48.80127978,3,2608071424,,2608071425,,h,1,Bauarbeiten,,,,,,,0.0,1.0
-7554900795213045256-2608071320-21,19146,2608071446,2608071449,5,,ARV,16,Ulm Hbf|Beimerstetten|Westerstetten|Lonsee|Urspring|Amstetten(Württ)|Geislingen(Steige)|Geislingen(Steige)West|Kuchen|Gingen(Fils)|Süßen|Salach|Eislingen(Fils)|Göppingen|Faurndau|Uhingen|Ebersbach(Fils)|Reichenbach(Fils)|Plochingen|Esslingen(Neckar),8005769,Stuttgart-Bad Cannstatt,Baden-Württemberg,Stuttgart,70372,9.217468636,48.80127978,3,2608071447,,2608071452,,,,,,,,,,,1.0,3.0
-4628373679111248828-2608071403-2,19147,2608071406,2608071408,8,,ARV,16,Stuttgart Hbf,8005769,Stuttgart-Bad Cannstatt,Baden-Württemberg,Stuttgart,70372,9.217468636,48.80127978,3,2608071408,,2608071409,,,,,,,,,,,2.0,1.0
-5286310659195805286-2608071425-2,7138,2608071428,2608071429,3,,S,S1,Stuttgart Hbf,8005769,Stuttgart-Bad Cannstatt,Baden-Württemberg,Stuttgart,70372,9.217468636,48.80127978,3,2608071428,,2608071429,,,,,,,,,,,0.0,0.0
-7035317771144453335-2608071446-2,19421,2608071449,2608071452,7,,ARV,13,Stuttgart Hbf,8005769,Stuttgart-Bad Cannstatt,Baden-Württemberg,Stuttgart,70372,9.217468636,48.80127978,3,2608071456,,2608071457,,,,,,,,,,,7.0,5.0
4534703989086356326-2608071341-11,7337,2608071411,2608071413,2,,S,S3,Backnang|Maubach|Nellmersbach|Winnenden|Schwaikheim|Neustadt-Hohenacker|Waiblingen|Fellbach|Stuttgart-Sommerrain|Stuttgart Nürnberger Str.,8005769,Stuttgart-Bad Cannstatt,Baden-Württemberg,Stuttgart,70372,9.217468636,48.80127978,3,2608071412,,2608071413,,,,,,,,,,,1.0,0.0
3142345419825759229-2608071412-2,7336,2608071416,2608071419,3,,S,S3,Stuttgart Hbf,8005769,Stuttgart-Bad Cannstatt,Baden-Württemberg,Stuttgart,70372,9.217468636,48.80127978,3,2608071418,,2608071419,,,,,,,,,,,2.0,0.0
2698979380668048526-2608071357-10,19227,2608071454,2608071455,8,,RB,MEX12,Heilbronn Hbf|Nordheim(Württ)|Lauffen(Neckar)|Kirchheim(Neckar)|Walheim(Württ)|Besigheim|Bietigheim-Bissingen|Ludwigsburg|Stuttgart Hbf,8005769,Stuttgart-Bad Cannstatt,Baden-Württemberg,Stuttgart,70372,9.217468636,48.80127978,3,2608071500,4,2608071501,4,h,2,Information,,,,,,,6.0,6.0
5941834571298649161-2608071320-14,7137,2608071400,2608071401,2,,S,S1,Kirchheim(Teck)|Kirchheim(Teck)-Ötlingen|Wendlingen(Neckar)|Wernau(Neckar)|Plochingen|Altbach|Esslingen-Zell|Oberesslingen|Esslingen(Neckar)|Esslingen-Mettingen|Stuttgart-Obertürkheim|Stuttgart-Untertürkheim|Stuttgart Neckarpark,8005769,Stuttgart-Bad Cannstatt,Baden-Württemberg,Stuttgart,70372,9.217468636,48.80127978,3,2608071400,,2608071401,,,,,,,,,,,0.0,0.0
8807243054349664487-2608071307-11,19422,2608071405,2608071405,6,,ARV,13,Aalen Hbf|Mögglingen(Gmünd)|Böbingen(Rems)|Schwäbisch Gmünd|Lorch(Württ)|Waldhausen(b Schorndorf)|Plüderhausen|Urbach(b Schorndorf)|Schorndorf|Waiblingen,8005769,Stuttgart-Bad Cannstatt,Baden-Württemberg,Stuttgart,70372,9.217468636,48.80127978,3,2608071408,,2608071410,,,,,,,,,,,3.0,5.0
-8059892926335795903-2608071403-14,7239,2608071435,2608071436,2,,S,S2,Schorndorf|Weiler(Rems)|Winterbach(b Schorndorf)|Geradstetten|Grunbach|Beutelsbach|Endersbach|Stetten-Beinstein|Rommelshausen|Waiblingen|Fellbach|Stuttgart-Sommerrain|Stuttgart Nürnberger Str.,8005769,Stuttgart-Bad Cannstatt,Baden-Württemberg,Stuttgart,70372,9.217468636,48.80127978,3,2608071435,,2608071436,,h,1,Bauarbeiten,,,,,,,0.0,0.0
6090349839205683457-2608071311-17,19472,2608071435,2608071435,6,,ARV,13,Ellwangen|Schrezheim|Schwabsberg|Goldshöfe|Hofen(b Aalen)|Wasseralfingen|Aalen Hbf|Mögglingen(Gmünd)|Böbingen(Rems)|Schwäbisch Gmünd|Lorch(Württ)|Waldhausen(b Schorndorf)|Plüderhausen|Urbach(b Schorndorf)|Schorndorf|Waiblingen,8005769,Stuttgart-Bad Cannstatt,Baden-Württemberg,Stuttgart,70372,9.217468636,48.80127978,3,2608071439,,2608071440,,,,,,,,,,,4.0,5.0
4554148550216211242-2608071456-2,88621,2608071459,2608071501,7,,ARV,90,Stuttgart Hbf,8005769,Stuttgart-Bad Cannstatt,Baden-Württemberg,Stuttgart,70372,9.217468636,48.80127978,3,,,,,h,1,Bauarbeiten,,,,,c,c,0.0,0.0
6223730688488220237-2608071333-14,7237,2608071405,2608071406,2,,S,S2,Schorndorf|Weiler(Rems)|Winterbach(b Schorndorf)|Geradstetten|Grunbach|Beutelsbach|Endersbach|Stetten-Beinstein|Rommelshausen|Waiblingen|Fellbach|Stuttgart-Sommerrain|Stuttgart Nürnberger Str.,8005769,Stuttgart-Bad Cannstatt,Baden-Württemberg,Stuttgart,70372,9.217468636,48.80127978,3,2608071408,,2608071409,,h,1,Bauarbeiten,,,,,,,3.0,3.0
6554930112927852478-2608071411-11,7339,2608071441,2608071443,2,,S,S3,Backnang|Maubach|Nellmersbach|Winnenden|Schwaikheim|Neustadt-Hohenacker|Waiblingen|Fellbach|Stuttgart-Sommerrain|Stuttgart Nürnberger Str.,8005769,Stuttgart-Bad Cannstatt,Baden-Württemberg,Stuttgart,70372,9.217468636,48.80127978,3,2608071442,,2608071443,,,,,,,,,,,1.0,0.0
-6979903820146248028-2608071334-16,7035,2608071421,,1a,,S,,Böblingen|Sindelfingen|Maichingen|Maichingen Nord|Magstadt|Renningen Süd|Renningen|Rutesheim|Leonberg|Höfingen|Ditzingen|Weilimdorf|Korntal|Neuwirtshaus(Porscheplatz)|Stuttgart-Zuffenhausen,8005770,Stuttgart-Feuerbach,Baden-Württemberg,Feuerbach,70469,9.169186287,48.81363554,3,2608071421,,,,,,,,,,,,,0.0,0.0
-2645153808296859604-2608071403-12,7639,2608071436,2608071436,1,,S,S6,Weil der Stadt|Malmsheim|Renningen|Rutesheim|Leonberg|Höfingen|Ditzingen|Weilimdorf|Korntal|Neuwirtshaus(Porscheplatz)|Stuttgart-Zuffenhausen,8005770,Stuttgart-Feuerbach,Baden-Württemberg,Feuerbach,70469,9.169186287,48.81363554,3,2608071436,,2608071436,,,,,,,,,,,0.0,0.0
7530988178137712619-2608071417-3,7636,2608071424,2608071424,2,,S,S6,Stuttgart Hbf|Stuttgart Nordbahnhof,8005770,Stuttgart-Feuerbach,Baden-Württemberg,Feuerbach,70469,9.169186287,48.81363554,3,2608071424,,2608071424,,,,,,,,,,,0.0,0.0
3618335699656372385-2608071333-12,7437,2608071416,2608071417,1,,S,S4,Backnang|Burgstall(Murr)|Kirchberg(Murr)|Erdmannhausen|Marbach(Neckar)|Benningen(Neckar)|Freiberg(Neckar)|Favoritepark|Ludwigsburg|Kornwestheim Pbf|Stuttgart-Zuffenhausen,8005770,Stuttgart-Feuerbach,Baden-Württemberg,Feuerbach,70469,9.169186287,48.81363554,3,2608071416,,2608071417,,,,,,,,,,,0.0,0.0
3829718457082671082-2608071437-7,7541,2608071456,2608071456,1,,S,S5,Bietigheim-Bissingen|Tamm(Württ)|Asperg|Ludwigsburg|Kornwestheim Pbf|Stuttgart-Zuffenhausen,8005770,Stuttgart-Feuerbach,Baden-Württemberg,Feuerbach,70469,9.169186287,48.81363554,3,2608071456,,2608071457,,,,,,,,,,,0.0,1.0
2278671340843010605-2608071408-1,7040,,2608071408,,,S,S60,,8005770,Stuttgart-Feuerbach,Baden-Württemberg,Feuerbach,70469,9.169186287,48.81363554,3,,,2608071408,,,,,,,,,,,0.0,0.0
-8479896976705599840-2608071438-1,7042,,2608071438,,,S,S60,,8005770,Stuttgart-Feuerbach,Baden-Württemberg,Feuerbach,70469,9.169186287,48.81363554,3,,,2608071438,,,,,,,,,,,0.0,0.0
-6618548157105238962-2608071333-12,7637,2608071406,2608071406,1,,S,S6,Weil der Stadt|Malmsheim|Renningen|Rutesheim|Leonberg|Höfingen|Ditzingen|Weilimdorf|Korntal|Neuwirtshaus(Porscheplatz)|Stuttgart-Zuffenhausen,8005770,Stuttgart-Feuerbach,Baden-Württemberg,Feuerbach,70469,9.169186287,48.81363554,3,2608071406,,2608071406,,,,,,,,,,,0.0,0.0
-3711885420787930895-2608071447-3,7638,2608071454,2608071454,2,,S,S6,Stuttgart Hbf|Stuttgart Nordbahnhof,8005770,Stuttgart-Feuerbach,Baden-Württemberg,Feuerbach,70469,9.169186287,48.81363554,3,2608071454,,2608071454,,,,,,,,,,,0.0,0.0
-7104295840480841845-2608071437-3,7436,2608071443,2608071444,2,,S,S4,Stuttgart Hbf|Stuttgart Nordbahnhof,8005770,Stuttgart-Feuerbach,Baden-Württemberg,Feuerbach,70469,9.169186287,48.81363554,3,2608071443,,2608071444,,,,,,,,,,,0.0,0.0
-6549272114727686147-2608071403-12,7439,2608071446,2608071447,1,,S,S4,Backnang|Burgstall(Murr)|Kirchberg(Murr)|Erdmannhausen|Marbach(Neckar)|Benningen(Neckar)|Freiberg(Neckar)|Favoritepark|Ludwigsburg|Kornwestheim Pbf|Stuttgart-Zuffenhausen,8005770,Stuttgart-Feuerbach,Baden-Württemberg,Feuerbach,70469,9.169186287,48.81363554,3,2608071446,,2608071447,,,,,,,,,,,0.0,0.0
436949091827174438-2608071404-16,7037,2608071451,,1a,,S,,Böblingen|Sindelfingen|Maichingen|Maichingen Nord|Magstadt|Renningen Süd|Renningen|Rutesheim|Leonberg|Höfingen|Ditzingen|Weilimdorf|Korntal|Neuwirtshaus(Porscheplatz)|Stuttgart-Zuffenhausen,8005770,Stuttgart-Feuerbach,Baden-Württemberg,Feuerbach,70469,9.169186287,48.81363554,3,2608071452,,,,,,,,,,,,,1.0,0.0
-9059701415040115440-2608071407-3,7434,2608071413,2608071414,2,,S,S4,Stuttgart Hbf|Stuttgart Nordbahnhof,8005770,Stuttgart-Feuerbach,Baden-Württemberg,Feuerbach,70469,9.169186287,48.81363554,3,2608071413,,2608071414,,,,,,,,,,,0.0,0.0
-2200141252164614460-2608071357-3,7536,2608071403,2608071404,2,,S,S5,Stuttgart Hbf|Stuttgart Nordbahnhof,8005770,Stuttgart-Feuerbach,Baden-Württemberg,Feuerbach,70469,9.169186287,48.81363554,3,2608071403,,2608071404,,,,,,,,,,,0.0,0.0
7922855139158603560-2608071407-7,7539,2608071426,2608071426,1,,S,S5,Bietigheim-Bissingen|Tamm(Württ)|Asperg|Ludwigsburg|Kornwestheim Pbf|Stuttgart-Zuffenhausen,8005770,Stuttgart-Feuerbach,Baden-Württemberg,Feuerbach,70469,9.169186287,48.81363554,3,2608071429,,2608071430,,,,,,,,,,,3.0,4.0
6402432192147431474-2608071427-3,7538,2608071433,2608071434,2,,S,S5,Stuttgart Hbf|Stuttgart Nordbahnhof,8005770,Stuttgart-Feuerbach,Baden-Württemberg,Feuerbach,70469,9.169186287,48.81363554,3,2608071433,,2608071434,,,,,,,,,,,0.0,0.0
7236638317671658556-2608071420-11,7141,2608071452,2608071452,5,,S,S1,Kirchheim(Teck)|Kirchheim(Teck)-Ötlingen|Wendlingen(Neckar)|Wernau(Neckar)|Plochingen|Altbach|Esslingen-Zell|Oberesslingen|Esslingen(Neckar)|Esslingen-Mettingen,8005772,Stuttgart-Obertürkheim,Baden-Württemberg,Stuttgart,70329,9.268167932,48.76175015,4,2608071453,,2608071454,,,,,,,,,,,1.0,2.0
7004552740739658779-2608071350-11,7139,2608071422,2608071422,5,,S,S1,Kirchheim(Teck)|Kirchheim(Teck)-Ötlingen|Wendlingen(Neckar)|Wernau(Neckar)|Plochingen|Altbach|Esslingen-Zell|Oberesslingen|Esslingen(Neckar)|Esslingen-Mettingen,8005772,Stuttgart-Obertürkheim,Baden-Württemberg,Stuttgart,70329,9.268167932,48.76175015,4,2608071422,,2608071422,,,,,,,,,,,0.0,0.0
8066948341588458346-2608071355-5,7136,2608071407,2608071407,6,,S,S1,Stuttgart Hbf|Stuttgart-Bad Cannstatt|Stuttgart Neckarpark|Stuttgart-Untertürkheim,8005772,Stuttgart-Obertürkheim,Baden-Württemberg,Stuttgart,70329,9.268167932,48.76175015,4,2608071407,,2608071407,,,,,,,,,,,0.0,0.0
-5286310659195805286-2608071425-5,7138,2608071437,2608071437,6,,S,S1,Stuttgart Hbf|Stuttgart-Bad Cannstatt|Stuttgart Neckarpark|Stuttgart-Untertürkheim,8005772,Stuttgart-Obertürkheim,Baden-Württemberg,Stuttgart,70329,9.268167932,48.76175015,4,2608071437,,2608071437,,,,,,,,,,,0.0,0.0
1483937347162480380-2608071346-8,7738,2608071407,2608071408,3,,S,S1,Herrenberg|Nufringen|Gärtringen|Ehningen(b Böblingen)|Hulb|Böblingen|Goldberg(Württ),8005773,Stuttgart-Rohr,Baden-Württemberg,Stuttgart,70565,9.108158025,48.71799427,4,2608071409,,2608071409,,,,,,,,,,,2.0,1.0
-7673388341298395450-2608071405-2,7937,2608071406,2608071412,2,,S,S2,Stuttgart-Vaihingen,8005773,Stuttgart-Rohr,Baden-Württemberg,Stuttgart,70565,9.108158025,48.71799427,4,2608071406,,2608071412,,,,,,,,,,,0.0,0.0
-4797064561971147706-2608071416-8,7740,2608071437,2608071438,3,,S,S1,Herrenberg|Nufringen|Gärtringen|Ehningen(b Böblingen)|Hulb|Böblingen|Goldberg(Württ),8005773,Stuttgart-Rohr,Baden-Württemberg,Stuttgart,70565,9.108158025,48.71799427,4,2608071441,,2608071442,,,,,,,,,,,4.0,4.0
854039019381871609-2608071435-2,7939,2608071436,2608071442,2,,S,S2,Stuttgart-Vaihingen,8005773,Stuttgart-Rohr,Baden-Württemberg,Stuttgart,70565,9.108158025,48.71799427,4,2608071436,,2608071442,,,,,,,,,,,0.0,0.0
2722208052753290335-2608071433-6,7938,2608071448,2608071449,3,,S,S2,Filderstadt|Stuttgart Flughafen/Messe|Echterdingen|Leinfelden|Oberaichen,8005773,Stuttgart-Rohr,Baden-Württemberg,Stuttgart,70565,9.108158025,48.71799427,4,2608071449,,2608071449,,,,,,,,,,,1.0,0.0
4042720994330791298-2608071446-2,7739,2608071447,2608071453,2,,S,S1,Stuttgart-Vaihingen,8005773,Stuttgart-Rohr,Baden-Württemberg,Stuttgart,70565,9.108158025,48.71799427,4,2608071447,,2608071453,,,,,,,,,,,0.0,0.0
-5366867588327491833-2608071403-6,7936,2608071418,2608071419,3,,S,S2,Filderstadt|Stuttgart Flughafen/Messe|Echterdingen|Leinfelden|Oberaichen,8005773,Stuttgart-Rohr,Baden-Württemberg,Stuttgart,70565,9.108158025,48.71799427,4,2608071418,,2608071419,,,,,,,,,,,0.0,0.0
-2046266840700657376-2608071416-2,7737,2608071417,2608071423,2,,S,S1,Stuttgart-Vaihingen,8005773,Stuttgart-Rohr,Baden-Württemberg,Stuttgart,70565,9.108158025,48.71799427,4,2608071418,,2608071423,,,,,,,,,,,1.0,0.0
-5212313388548223160-2608071450-4,7238,2608071459,2608071459,4,,S,S2,Stuttgart Hbf|Stuttgart-Bad Cannstatt|Stuttgart Nürnberger Str.,8005774,Stuttgart-Sommerrain,Baden-Württemberg,Stuttgart,70374,9.248369749,48.81521824,5,2608071500,,2608071500,,h,1,Bauarbeiten,,,,,,,1.0,1.0
8044955983483320146-2608071442-4,7338,2608071454,2608071454,4,,S,S3,Stuttgart Hbf|Stuttgart-Bad Cannstatt|Stuttgart Nürnberger Str.,8005774,Stuttgart-Sommerrain,Baden-Württemberg,Stuttgart,70374,9.248369749,48.81521824,5,2608071454,,2608071454,,,,,,,,,,,0.0,0.0
5042788861717640545-2608071420-4,7236,2608071429,2608071429,4,,S,S2,Stuttgart Hbf|Stuttgart-Bad Cannstatt|Stuttgart Nürnberger Str.,8005774,Stuttgart-Sommerrain,Baden-Württemberg,Stuttgart,70374,9.248369749,48.81521824,5,2608071429,,2608071430,,h,1,Bauarbeiten,,,,,,,0.0,1.0
4534703989086356326-2608071341-9,7337,2608071405,2608071405,1,,S,S3,Backnang|Maubach|Nellmersbach|Winnenden|Schwaikheim|Neustadt-Hohenacker|Waiblingen|Fellbach,8005774,Stuttgart-Sommerrain,Baden-Württemberg,Stuttgart,70374,9.248369749,48.81521824,5,2608071406,,2608071407,,,,,,,,,,,1.0,2.0
3142345419825759229-2608071412-4,7336,2608071424,2608071424,4,,S,S3,Stuttgart Hbf|Stuttgart-Bad Cannstatt|Stuttgart Nürnberger Str.,8005774,Stuttgart-Sommerrain,Baden-Württemberg,Stuttgart,70374,9.248369749,48.81521824,5,2608071426,,2608071427,,,,,,,,,,,2.0,3.0
-8059892926335795903-2608071403-12,7239,2608071430,2608071430,1,,S,S2,Schorndorf|Weiler(Rems)|Winterbach(b Schorndorf)|Geradstetten|Grunbach|Beutelsbach|Endersbach|Stetten-Beinstein|Rommelshausen|Waiblingen|Fellbach,8005774,Stuttgart-Sommerrain,Baden-Württemberg,Stuttgart,70374,9.248369749,48.81521824,5,2608071430,,2608071430,,h,1,Bauarbeiten,,,,,,,0.0,0.0
6223730688488220237-2608071333-12,7237,2608071400,2608071400,1,,S,S2,Schorndorf|Weiler(Rems)|Winterbach(b Schorndorf)|Geradstetten|Grunbach|Beutelsbach|Endersbach|Stetten-Beinstein|Rommelshausen|Waiblingen|Fellbach,8005774,Stuttgart-Sommerrain,Baden-Württemberg,Stuttgart,70374,9.248369749,48.81521824,5,2608071402,,2608071403,,h,1,Bauarbeiten,,,,,,,2.0,3.0
6554930112927852478-2608071411-9,7339,2608071435,2608071435,1,,S,S3,Backnang|Maubach|Nellmersbach|Winnenden|Schwaikheim|Neustadt-Hohenacker|Waiblingen|Fellbach,8005774,Stuttgart-Sommerrain,Baden-Württemberg,Stuttgart,70374,9.248369749,48.81521824,5,2608071436,,2608071437,,,,,,,,,,,1.0,2.0
7236638317671658556-2608071420-12,7141,2608071455,2608071455,5,,S,S1,Kirchheim(Teck)|Kirchheim(Teck)-Ötlingen|Wendlingen(Neckar)|Wernau(Neckar)|Plochingen|Altbach|Esslingen-Zell|Oberesslingen|Esslingen(Neckar)|Esslingen-Mettingen|Stuttgart-Obertürkheim,8005775,Stuttgart-Untertürkheim Pbf,Baden-Württemberg,Stuttgart,70327,9.250467074,48.77984679,3,2608071456,,2608071458,,,,,,,,,,,1.0,3.0
7004552740739658779-2608071350-12,7139,2608071425,2608071425,5,,S,S1,Kirchheim(Teck)|Kirchheim(Teck)-Ötlingen|Wendlingen(Neckar)|Wernau(Neckar)|Plochingen|Altbach|Esslingen-Zell|Oberesslingen|Esslingen(Neckar)|Esslingen-Mettingen|Stuttgart-Obertürkheim,8005775,Stuttgart-Untertürkheim Pbf,Baden-Württemberg,Stuttgart,70327,9.250467074,48.77984679,3,2608071425,,2608071425,,,,,,,,,,,0.0,0.0
8066948341588458346-2608071355-4,7136,2608071404,2608071404,6,,S,S1,Stuttgart Hbf|Stuttgart-Bad Cannstatt|Stuttgart Neckarpark,8005775,Stuttgart-Untertürkheim Pbf,Baden-Württemberg,Stuttgart,70327,9.250467074,48.77984679,3,2608071404,,2608071405,,,,,,,,,,,0.0,1.0
-5286310659195805286-2608071425-4,7138,2608071434,2608071434,6,,S,S1,Stuttgart Hbf|Stuttgart-Bad Cannstatt|Stuttgart Neckarpark,8005775,Stuttgart-Untertürkheim Pbf,Baden-Württemberg,Stuttgart,70327,9.250467074,48.77984679,3,2608071434,,2608071434,,,,,,,,,,,0.0,0.0
1483937347162480380-2608071346-9,7738,2608071410,,3,,S,,Herrenberg|Nufringen|Gärtringen|Ehningen(b Böblingen)|Hulb|Böblingen|Goldberg(Württ)|Stuttgart-Rohr,8005776,Stuttgart-Vaihingen,Baden-Württemberg,Stuttgart,70563,9.113913368,48.72698116,3,2608071411,,,,,,,,,,,,,1.0,0.0
-1906058467950325249-2608071418-2,17647,2608071431,2608071431,1,,RE,RE14a,Stuttgart Hbf,8005776,Stuttgart-Vaihingen,Baden-Württemberg,Stuttgart,70563,9.113913368,48.72698116,3,2608071434,,2608071435,,h,1,Störung,,,,,,,3.0,4.0
4879595314453883227-2608071433-2,28484,2608071441,2608071441,4,,RE,RESB,Böblingen,8005776,Stuttgart-Vaihingen,Baden-Württemberg,Stuttgart,70563,9.113913368,48.72698116,3,2608071444,,2608071445,,h,1,Störung,,,,,,,3.0,4.0
741299647555358187-2608071418-2,17645,2608071431,2608071431,1,,RE,RE14b,Stuttgart Hbf,8005776,Stuttgart-Vaihingen,Baden-Württemberg,Stuttgart,70563,9.113913368,48.72698116,3,2608071434,,2608071435,,h,1,Störung,,,,,,,3.0,4.0
-7673388341298395450-2608071405-1,7937,,2608071405,,,S,S2,,8005776,Stuttgart-Vaihingen,Baden-Württemberg,Stuttgart,70563,9.113913368,48.72698116,3,,,2608071405,,,,,,,,,,,0.0,0.0
-4797064561971147706-2608071416-9,7740,2608071440,,3,,S,,Herrenberg|Nufringen|Gärtringen|Ehningen(b Böblingen)|Hulb|Böblingen|Goldberg(Württ)|Stuttgart-Rohr,8005776,Stuttgart-Vaihingen,Baden-Württemberg,Stuttgart,70563,9.113913368,48.72698116,3,2608071443,,,,,,,,,,,,,3.0,0.0
854039019381871609-2608071435-1,7939,,2608071435,,,S,S2,,8005776,Stuttgart-Vaihingen,Baden-Württemberg,Stuttgart,70563,9.113913368,48.72698116,3,,,2608071435,,,,,,,,,,,0.0,0.0
2722208052753290335-2608071433-7,7938,2608071450,,2,,S,,Filderstadt|Stuttgart Flughafen/Messe|Echterdingen|Leinfelden|Oberaichen|Stuttgart-Rohr,8005776,Stuttgart-Vaihingen,Baden-Württemberg,Stuttgart,70563,9.113913368,48.72698116,3,2608071451,,,,,,,,,,,,,1.0,0.0
-7348872135065043592-2608071403-2,28485,2608071418,2608071418,4,,RE,RESB,Stuttgart Hbf,8005776,Stuttgart-Vaihingen,Baden-Württemberg,Stuttgart,70563,9.113913368,48.72698116,3,2608071418,,2608071418,,h,1,Störung,,,,,,,0.0,0.0
4042720994330791298-2608071446-1,7739,,2608071446,,,S,S1,,8005776,Stuttgart-Vaihingen,Baden-Württemberg,Stuttgart,70563,9.113913368,48.72698116,3,,,2608071446,,,,,,,,,,,0.0,0.0
-5366867588327491833-2608071403-7,7936,2608071420,,2,,S,,Filderstadt|Stuttgart Flughafen/Messe|Echterdingen|Leinfelden|Oberaichen|Stuttgart-Rohr,8005776,Stuttgart-Vaihingen,Baden-Württemberg,Stuttgart,70563,9.113913368,48.72698116,3,2608071420,,,,,,,,,,,,,0.0,0.0
-2046266840700657376-2608071416-1,7737,,2608071416,,,S,S1,,8005776,Stuttgart-Vaihingen,Baden-Württemberg,Stuttgart,70563,9.113913368,48.72698116,3,,,2608071417,,,,,,,,,,,0.0,1.0
-6979903820146248028-2608071334-12,7035,2608071411,2608071411,2,,S,S60,Böblingen|Sindelfingen|Maichingen|Maichingen Nord|Magstadt|Renningen Süd|Renningen|Rutesheim|Leonberg|Höfingen|Ditzingen,8006268,Stuttgart-Weilimdorf,Baden-Württemberg,Stuttgart,70499,9.094370086,48.82208429,5,2608071411,,2608071412,,,,,,,,,,,0.0,1.0
-2645153808296859604-2608071403-8,7639,2608071426,2608071426,2,,S,S6,Weil der Stadt|Malmsheim|Renningen|Rutesheim|Leonberg|Höfingen|Ditzingen,8006268,Stuttgart-Weilimdorf,Baden-Württemberg,Stuttgart,70499,9.094370086,48.82208429,5,2608071426,,2608071427,,,,,,,,,,,0.0,1.0
7530988178137712619-2608071417-7,7636,2608071433,2608071434,1,,S,S6,Stuttgart Hbf|Stuttgart Nordbahnhof|Stuttgart-Feuerbach|Stuttgart-Zuffenhausen|Neuwirtshaus(Porscheplatz)|Korntal,8006268,Stuttgart-Weilimdorf,Baden-Württemberg,Stuttgart,70499,9.094370086,48.82208429,5,2608071433,,2608071434,,,,,,,,,,,0.0,0.0
2278671340843010605-2608071408-5,7040,2608071418,2608071418,1,,S,S60,Stuttgart-Feuerbach|Stuttgart-Zuffenhausen|Neuwirtshaus(Porscheplatz)|Korntal,8006268,Stuttgart-Weilimdorf,Baden-Württemberg,Stuttgart,70499,9.094370086,48.82208429,5,2608071418,,2608071419,,,,,,,,,,,0.0,1.0
-8479896976705599840-2608071438-5,7042,2608071448,2608071448,1,,S,S60,Stuttgart-Feuerbach|Stuttgart-Zuffenhausen|Neuwirtshaus(Porscheplatz)|Korntal,8006268,Stuttgart-Weilimdorf,Baden-Württemberg,Stuttgart,70499,9.094370086,48.82208429,5,2608071448,,2608071449,,,,,,,,,,,0.0,1.0
-4327327279162025655-2608071433-8,7641,2608071456,2608071456,2,,S,S6,Weil der Stadt|Malmsheim|Renningen|Rutesheim|Leonberg|Höfingen|Ditzingen,8006268,Stuttgart-Weilimdorf,Baden-Württemberg,Stuttgart,70499,9.094370086,48.82208429,5,2608071456,,2608071457,,,,,,,,,,,0.0,1.0
436949091827174438-2608071404-12,7037,2608071441,2608071441,2,,S,S60,Böblingen|Sindelfingen|Maichingen|Maichingen Nord|Magstadt|Renningen Süd|Renningen|Rutesheim|Leonberg|Höfingen|Ditzingen,8006268,Stuttgart-Weilimdorf,Baden-Württemberg,Stuttgart,70499,9.094370086,48.82208429,5,2608071441,,2608071442,,,,,,,,,,,0.0,1.0
8049613685157447846-2608071347-7,7634,2608071403,2608071404,1,,S,S6,Stuttgart Hbf|Stuttgart Nordbahnhof|Stuttgart-Feuerbach|Stuttgart-Zuffenhausen|Neuwirtshaus(Porscheplatz)|Korntal,8006268,Stuttgart-Weilimdorf,Baden-Württemberg,Stuttgart,70499,9.094370086,48.82208429,5,2608071403,,2608071404,,,,,,,,,,,0.0,0.0
-6979903820146248028-2608071334-15,7035,2608071418,2608071419,12,,S,S60,Böblingen|Sindelfingen|Maichingen|Maichingen Nord|Magstadt|Renningen Süd|Renningen|Rutesheim|Leonberg|Höfingen|Ditzingen|Weilimdorf|Korntal|Neuwirtshaus(Porscheplatz),8005778,Stuttgart-Zuffenhausen,Baden-Württemberg,Stuttgart,70435,9.167156375,48.82960884,3,2608071419,,2608071419,,,,,,,,,,,1.0,0.0
-2645153808296859604-2608071403-11,7639,2608071433,2608071434,12,,S,S6,Weil der Stadt|Malmsheim|Renningen|Rutesheim|Leonberg|Höfingen|Ditzingen|Weilimdorf|Korntal|Neuwirtshaus(Porscheplatz),8005778,Stuttgart-Zuffenhausen,Baden-Württemberg,Stuttgart,70435,9.167156375,48.82960884,3,2608071433,,2608071434,,,,,,,,,,,0.0,0.0
7530988178137712619-2608071417-4,7636,2608071426,2608071427,11,,S,S6,Stuttgart Hbf|Stuttgart Nordbahnhof|Stuttgart-Feuerbach,8005778,Stuttgart-Zuffenhausen,Baden-Württemberg,Stuttgart,70435,9.167156375,48.82960884,3,2608071426,,2608071427,,,,,,,,,,,0.0,0.0
3618335699656372385-2608071333-11,7437,2608071413,2608071414,2,,S,S4,Backnang|Burgstall(Murr)|Kirchberg(Murr)|Erdmannhausen|Marbach(Neckar)|Benningen(Neckar)|Freiberg(Neckar)|Favoritepark|Ludwigsburg|Kornwestheim Pbf,8005778,Stuttgart-Zuffenhausen,Baden-Württemberg,Stuttgart,70435,9.167156375,48.82960884,3,2608071414,,2608071415,,,,,,,,,,,1.0,1.0
3829718457082671082-2608071437-6,7541,2608071453,2608071454,2,,S,S5,Bietigheim-Bissingen|Tamm(Württ)|Asperg|Ludwigsburg|Kornwestheim Pbf,8005778,Stuttgart-Zuffenhausen,Baden-Württemberg,Stuttgart,70435,9.167156375,48.82960884,3,2608071454,,2608071455,,,,,,,,,,,1.0,1.0
2278671340843010605-2608071408-2,7040,2608071411,2608071411,12,,S,S60,Stuttgart-Feuerbach,8005778,Stuttgart-Zuffenhausen,Baden-Württemberg,Stuttgart,70435,9.167156375,48.82960884,3,2608071411,,2608071410,,,,,,,,,,,0.0,-1.0
-8479896976705599840-2608071438-2,7042,2608071441,2608071441,12,,S,S60,Stuttgart-Feuerbach,8005778,Stuttgart-Zuffenhausen,Baden-Württemberg,Stuttgart,70435,9.167156375,48.82960884,3,2608071441,,2608071441,,,,,,,,,,,0.0,0.0
-6618548157105238962-2608071333-11,7637,2608071403,2608071404,12,,S,S6,Weil der Stadt|Malmsheim|Renningen|Rutesheim|Leonberg|Höfingen|Ditzingen|Weilimdorf|Korntal|Neuwirtshaus(Porscheplatz),8005778,Stuttgart-Zuffenhausen,Baden-Württemberg,Stuttgart,70435,9.167156375,48.82960884,3,2608071403,,2608071404,,,,,,,,,,,0.0,0.0
-3711885420787930895-2608071447-4,7638,2608071456,2608071457,11,,S,S6,Stuttgart Hbf|Stuttgart Nordbahnhof|Stuttgart-Feuerbach,8005778,Stuttgart-Zuffenhausen,Baden-Württemberg,Stuttgart,70435,9.167156375,48.82960884,3,2608071456,,2608071457,,,,,,,,,,,0.0,0.0
-7104295840480841845-2608071437-4,7436,2608071446,2608071447,4,,S,S4,Stuttgart Hbf|Stuttgart Nordbahnhof|Stuttgart-Feuerbach,8005778,Stuttgart-Zuffenhausen,Baden-Württemberg,Stuttgart,70435,9.167156375,48.82960884,3,2608071446,,2608071447,,,,,,,,,,,0.0,0.0
-6549272114727686147-2608071403-11,7439,2608071443,2608071444,2,,S,S4,Backnang|Burgstall(Murr)|Kirchberg(Murr)|Erdmannhausen|Marbach(Neckar)|Benningen(Neckar)|Freiberg(Neckar)|Favoritepark|Ludwigsburg|Kornwestheim Pbf,8005778,Stuttgart-Zuffenhausen,Baden-Württemberg,Stuttgart,70435,9.167156375,48.82960884,3,2608071444,,2608071445,,,,,,,,,,,1.0,1.0
436949091827174438-2608071404-15,7037,2608071448,2608071449,12,,S,S60,Böblingen|Sindelfingen|Maichingen|Maichingen Nord|Magstadt|Renningen Süd|Renningen|Rutesheim|Leonberg|Höfingen|Ditzingen|Weilimdorf|Korntal|Neuwirtshaus(Porscheplatz),8005778,Stuttgart-Zuffenhausen,Baden-Württemberg,Stuttgart,70435,9.167156375,48.82960884,3,2608071449,,2608071449,,,,,,,,,,,1.0,0.0
-9059701415040115440-2608071407-4,7434,2608071416,2608071417,4,,S,S4,Stuttgart Hbf|Stuttgart Nordbahnhof|Stuttgart-Feuerbach,8005778,Stuttgart-Zuffenhausen,Baden-Württemberg,Stuttgart,70435,9.167156375,48.82960884,3,2608071416,,2608071417,,,,,,,,,,,0.0,0.0
-2200141252164614460-2608071357-4,7536,2608071406,2608071407,4,,S,S5,Stuttgart Hbf|Stuttgart Nordbahnhof|Stuttgart-Feuerbach,8005778,Stuttgart-Zuffenhausen,Baden-Württemberg,Stuttgart,70435,9.167156375,48.82960884,3,2608071406,,2608071408,,,,,,,,,,,0.0,1.0
7922855139158603560-2608071407-6,7539,2608071423,2608071424,2,,S,S5,Bietigheim-Bissingen|Tamm(Württ)|Asperg|Ludwigsburg|Kornwestheim Pbf,8005778,Stuttgart-Zuffenhausen,Baden-Württemberg,Stuttgart,70435,9.167156375,48.82960884,3,2608071424,,2608071425,,,,,,,,,,,1.0,1.0
6402432192147431474-2608071427-4,7538,2608071436,2608071437,4,,S,S5,Stuttgart Hbf|Stuttgart Nordbahnhof|Stuttgart-Feuerbach,8005778,Stuttgart-Zuffenhausen,Baden-Württemberg,Stuttgart,70435,9.167156375,48.82960884,3,2608071436,,2608071437,,,,,,,,,,,0.0,0.0
3829718457082671082-2608071437-2,7541,2608071440,2608071440,2,,S,S5,Bietigheim-Bissingen,8005820,Tamm (Württ),Baden-Württemberg,Tamm,71732,9.125288012,48.92187736,4,2608071440,,2608071441,,,,,,,,,,,0.0,1.0
-2200141252164614460-2608071357-8,7536,2608071420,2608071420,3,,S,S5,Stuttgart Hbf|Stuttgart Nordbahnhof|Stuttgart-Feuerbach|Stuttgart-Zuffenhausen|Kornwestheim Pbf|Ludwigsburg|Asperg,8005820,Tamm (Württ),Baden-Württemberg,Tamm,71732,9.125288012,48.92187736,4,2608071421,,2608071422,,,,,,,,,,,1.0,2.0
7922855139158603560-2608071407-2,7539,2608071410,2608071410,2,,S,S5,Bietigheim-Bissingen,8005820,Tamm (Württ),Baden-Württemberg,Tamm,71732,9.125288012,48.92187736,4,2608071410,,2608071411,,,,,,,,,,,0.0,1.0
6402432192147431474-2608071427-8,7538,2608071450,2608071450,3,,S,S5,Stuttgart Hbf|Stuttgart Nordbahnhof|Stuttgart-Feuerbach|Stuttgart-Zuffenhausen|Kornwestheim Pbf|Ludwigsburg|Asperg,8005820,Tamm (Württ),Baden-Württemberg,Tamm,71732,9.125288012,48.92187736,4,2608071450,,2608071450,,,,,,,,,,,0.0,0.0
-8805988878202978923-2608071233-19,89686,2608071451,2608071452,1,,ARV,90,Nürnberg Hbf|Roßtal|Heilsbronn|Wicklesgreuth|Ansbach|Leutershausen-Wiedersbach|Dombühl|Schnelldorf|Crailsheim|Eckartshausen-Ilshofen|Schwäbisch Hall-Hessental|Gaildorf West|Fichtenberg|Murrhardt|Sulzbach(Murr)|Oppenweiler(Württ)|Backnang|Winnenden,8000180,Waiblingen,Baden-Württemberg,Waiblingen,71332,9.300476874,48.8262444,3,2608071511,,2608071511,,h,1,Bauarbeiten,,,,,,,20.0,19.0
63052419890451744-2608071420-3,19471,2608071432,2608071432,6,,ARV,13,Stuttgart Hbf|Stuttgart-Bad Cannstatt,8000180,Waiblingen,Baden-Württemberg,Waiblingen,71332,9.300476874,48.8262444,3,2608071437,7,2608071437,7,,,,,,,,,,5.0,5.0
6408695738882885508-2608071350-6,7234,2608071404,2608071405,7,,S,S2,Stuttgart Hbf|Stuttgart-Bad Cannstatt|Stuttgart Nürnberger Str.|Stuttgart-Sommerrain|Fellbach,8000180,Waiblingen,Baden-Württemberg,Waiblingen,71332,9.300476874,48.8262444,3,2608071405,,2608071405,,h,1,Bauarbeiten,,,,,,,1.0,0.0
8044955983483320146-2608071442-6,7338,2608071459,2608071500,3,,S,S3,Stuttgart Hbf|Stuttgart-Bad Cannstatt|Stuttgart Nürnberger Str.|Stuttgart-Sommerrain|Fellbach,8000180,Waiblingen,Baden-Württemberg,Waiblingen,71332,9.300476874,48.8262444,3,2608071459,,2608071500,,,,,,,,,,,0.0,0.0
5042788861717640545-2608071420-6,7236,2608071434,2608071435,7,,S,S2,Stuttgart Hbf|Stuttgart-Bad Cannstatt|Stuttgart Nürnberger Str.|Stuttgart-Sommerrain|Fellbach,8000180,Waiblingen,Baden-Württemberg,Waiblingen,71332,9.300476874,48.8262444,3,2608071440,,2608071440,,h,1,Bauarbeiten,,,,,,,6.0,5.0
-6789865072698659382-2608071407-10,19424,2608071458,2608071458,6,,ARV,13,Aalen Hbf|Mögglingen(Gmünd)|Böbingen(Rems)|Schwäbisch Gmünd|Lorch(Württ)|Waldhausen(b Schorndorf)|Plüderhausen|Urbach(b Schorndorf)|Schorndorf,8000180,Waiblingen,Baden-Württemberg,Waiblingen,71332,9.300476874,48.8262444,3,2608071501,,2608071501,,,,,,,,,,,3.0,3.0
7177711112930232635-2608071342-6,7334,2608071359,2608071400,3,,S,S3,Stuttgart Hbf|Stuttgart-Bad Cannstatt|Stuttgart Nürnberger Str.|Stuttgart-Sommerrain|Fellbach,8000180,Waiblingen,Baden-Württemberg,Waiblingen,71332,9.300476874,48.8262444,3,2608071359,,2608071400,,,,,,,,,,,0.0,0.0
-8962126915234620710-2608071441-7,7341,2608071459,2608071500,1,,S,S3,Backnang|Maubach|Nellmersbach|Winnenden|Schwaikheim|Neustadt-Hohenacker,8000180,Waiblingen,Baden-Württemberg,Waiblingen,71332,9.300476874,48.8262444,3,2608071459,,2608071500,,,,,,,,,,,0.0,0.0
4534703989086356326-2608071341-7,7337,2608071359,2608071400,1,,S,S3,Backnang|Maubach|Nellmersbach|Winnenden|Schwaikheim|Neustadt-Hohenacker,8000180,Waiblingen,Baden-Württemberg,Waiblingen,71332,9.300476874,48.8262444,3,2608071400,,2608071400,,,,,,,,,,,1.0,0.0
3142345419825759229-2608071412-6,7336,2608071429,2608071430,3,,S,S3,Stuttgart Hbf|Stuttgart-Bad Cannstatt|Stuttgart Nürnberger Str.|Stuttgart-Sommerrain|Fellbach,8000180,Waiblingen,Baden-Württemberg,Waiblingen,71332,9.300476874,48.8262444,3,2608071431,,2608071432,,,,,,,,,,,2.0,2.0
-8059892926335795903-2608071403-10,7239,2608071424,2608071425,5,,S,S2,Schorndorf|Weiler(Rems)|Winterbach(b Schorndorf)|Geradstetten|Grunbach|Beutelsbach|Endersbach|Stetten-Beinstein|Rommelshausen,8000180,Waiblingen,Baden-Württemberg,Waiblingen,71332,9.300476874,48.8262444,3,2608071424,,2608071425,,h,1,Bauarbeiten,,,,,,,0.0,0.0
-5955272615429035569-2608071433-10,7241,2608071454,2608071455,5,,S,S2,Schorndorf|Weiler(Rems)|Winterbach(b Schorndorf)|Geradstetten|Grunbach|Beutelsbach|Endersbach|Stetten-Beinstein|Rommelshausen,8000180,Waiblingen,Baden-Württemberg,Waiblingen,71332,9.300476874,48.8262444,3,2608071457,,2608071458,,h,1,Bauarbeiten,,,,,,,3.0,3.0
6090349839205683457-2608071311-16,19472,2608071428,2608071428,6,,ARV,13,Ellwangen|Schrezheim|Schwabsberg|Goldshöfe|Hofen(b Aalen)|Wasseralfingen|Aalen Hbf|Mögglingen(Gmünd)|Böbingen(Rems)|Schwäbisch Gmünd|Lorch(Württ)|Waldhausen(b Schorndorf)|Plüderhausen|Urbach(b Schorndorf)|Schorndorf,8000180,Waiblingen,Baden-Württemberg,Waiblingen,71332,9.300476874,48.8262444,3,2608071434,,2608071433,,,,,,,,,,,6.0,5.0
8170145498793456279-2608071354-3,17531,2608071406,2608071407,3,,RE,MEX90,Stuttgart Hbf|Stuttgart-Bad Cannstatt,8000180,Waiblingen,Baden-Württemberg,Waiblingen,71332,9.300476874,48.8262444,3,2608071407,,2608071408,,h,1,Störung,,,,,,,1.0,1.0
6554930112927852478-2608071411-7,7339,2608071429,2608071430,1,,S,S3,Backnang|Maubach|Nellmersbach|Winnenden|Schwaikheim|Neustadt-Hohenacker,8000180,Waiblingen,Baden-Württemberg,Waiblingen,71332,9.300476874,48.8262444,3,2608071431,,2608071431,,,,,,,,,,,2.0,1.0
8032892222796118695-2608071347-3,19419,2608071402,2608071402,6,,ARV,13,Stuttgart Hbf|Stuttgart-Bad Cannstatt,8000180,Waiblingen,Baden-Württemberg,Waiblingen,71332,9.300476874,48.8262444,3,2608071420,,2608071421,,,,,,,,,,,18.0,19.0
3032251836527275492-2608071358-2,26156,2608071401,2608071403,141,,SWE,RB76,Renningen,8006271,Weil der Stadt,Baden-Württemberg,Weil der Stadt,71263,8.873189074,48.7557357,4,2608071402,,2608071403,,,,,,,,,,,1.0,0.0
-2645153808296859604-2608071403-1,7639,,2608071403,,,S,S6,,8006271,Weil der Stadt,Baden-Württemberg,Weil der Stadt,71263,8.873189074,48.7557357,4,,,2608071403,,,,,,,,,,,0.0,0.0
7530988178137712619-2608071417-14,7636,2608071457,,2,,S,,Stuttgart Hbf|Stuttgart Nordbahnhof|Stuttgart-Feuerbach|Stuttgart-Zuffenhausen|Neuwirtshaus(Porscheplatz)|Korntal|Weilimdorf|Ditzingen|Höfingen|Leonberg|Rutesheim|Renningen|Malmsheim,8006271,Weil der Stadt,Baden-Württemberg,Weil der Stadt,71263,8.873189074,48.7557357,4,2608071459,,,,,,,,,,,,,2.0,0.0
-1440049346188404305-2608071356-5,26157,2608071414,2608071414,141,,SWE,RB76,Calw|Calw-Heumaden|Althengstett|Ostelsheim,8006271,Weil der Stadt,Baden-Württemberg,Weil der Stadt,71263,8.873189074,48.7557357,4,2608071415,,2608071415,,,,,,,,,,,1.0,1.0
-4327327279162025655-2608071433-1,7641,,2608071433,,,S,S6,,8006271,Weil der Stadt,Baden-Württemberg,Weil der Stadt,71263,8.873189074,48.7557357,4,,,2608071433,,,,,,,,,,,0.0,0.0
2262032207532190723-2608071428-2,26158,2608071431,2608071433,141,,SWE,RB76,Renningen,8006271,Weil der Stadt,Baden-Württemberg,Weil der Stadt,71263,8.873189074,48.7557357,4,2608071432,,2608071433,,,,,,,,,,,1.0,0.0
-2243266642354927912-2608071426-5,26159,2608071444,2608071444,141,,SWE,RB76,Calw|Calw-Heumaden|Althengstett|Ostelsheim,8006271,Weil der Stadt,Baden-Württemberg,Weil der Stadt,71263,8.873189074,48.7557357,4,2608071444,,2608071444,,,,,,,,,,,0.0,0.0
8049613685157447846-2608071347-14,7634,2608071427,,2,,S,,Stuttgart Hbf|Stuttgart Nordbahnhof|Stuttgart-Feuerbach|Stuttgart-Zuffenhausen|Neuwirtshaus(Porscheplatz)|Korntal|Weilimdorf|Ditzingen|Höfingen|Leonberg|Rutesheim|Renningen|Malmsheim,8006271,Weil der Stadt,Baden-Württemberg,Weil der Stadt,71263,8.873189074,48.7557357,4,2608071428,,,,,,,,,,,,,1.0,0.0
6408695738882885508-2608071350-14,7234,2608071422,2608071422,1,,S,S2,Stuttgart Hbf|Stuttgart-Bad Cannstatt|Stuttgart Nürnberger Str.|Stuttgart-Sommerrain|Fellbach|Waiblingen|Rommelshausen|Stetten-Beinstein|Endersbach|Beutelsbach|Grunbach|Geradstetten|Winterbach(b Schorndorf),8006277,Weiler (Rems),Baden-Württemberg,Schorndorf,76314,9.501891172,48.80034585,5,2608071422,,2608071423,,h,1,Bauarbeiten,,,,,,,0.0,1.0
5042788861717640545-2608071420-14,7236,2608071452,2608071452,1,,S,S2,Stuttgart Hbf|Stuttgart-Bad Cannstatt|Stuttgart Nürnberger Str.|Stuttgart-Sommerrain|Fellbach|Waiblingen|Rommelshausen|Stetten-Beinstein|Endersbach|Beutelsbach|Grunbach|Geradstetten|Winterbach(b Schorndorf),8006277,Weiler (Rems),Baden-Württemberg,Schorndorf,76314,9.501891172,48.80034585,5,2608071457,,2608071457,,h,1,Bauarbeiten,,,,,,,5.0,5.0
-8059892926335795903-2608071403-2,7239,2608071406,2608071406,2,,S,S2,Schorndorf,8006277,Weiler (Rems),Baden-Württemberg,Schorndorf,76314,9.501891172,48.80034585,5,2608071406,,2608071406,,h,1,Bauarbeiten,,,,,,,0.0,0.0
-5955272615429035569-2608071433-2,7241,2608071436,2608071436,2,,S,S2,Schorndorf,8006277,Weiler (Rems),Baden-Württemberg,Schorndorf,76314,9.501891172,48.80034585,5,2608071439,,2608071439,,h,1,Bauarbeiten,,,,,,,3.0,3.0
7236638317671658556-2608071420-3,7141,2608071427,2608071428,12,,S,S1,Kirchheim(Teck)|Kirchheim(Teck)-Ötlingen,8006331,Wendlingen (Neckar),Baden-Württemberg,Wendlingen am Neckar,73240,9.373662098,48.67368917,3,2608071428,,2608071429,,,,,,,,,,,1.0,1.0
8066948341588458346-2608071355-13,7136,2608071432,2608071433,11,,S,S1,Stuttgart Hbf|Stuttgart-Bad Cannstatt|Stuttgart Neckarpark|Stuttgart-Untertürkheim|Stuttgart-Obertürkheim|Esslingen-Mettingen|Esslingen(Neckar)|Oberesslingen|Esslingen-Zell|Altbach|Plochingen|Wernau(Neckar),8006331,Wendlingen (Neckar),Baden-Württemberg,Wendlingen am Neckar,73240,9.373662098,48.67368917,3,2608071432,,2608071433,,,,,,,,,,,0.0,0.0
-2781952652774329771-2608071257-13,19225,2608071419,2608071420,2,,RB,MEX12,Heilbronn Hbf|Nordheim(Württ)|Lauffen(Neckar)|Kirchheim(Neckar)|Walheim(Württ)|Besigheim|Bietigheim-Bissingen|Ludwigsburg|Stuttgart Hbf|Stuttgart-Bad Cannstatt|Esslingen(Neckar)|Plochingen,8006331,Wendlingen (Neckar),Baden-Württemberg,Wendlingen am Neckar,73240,9.373662098,48.67368917,3,2608071427,,2608071428,,h,2,Information,,,,,,,8.0,8.0
-275229670537218485-2608071450-3,7143,2608071457,2608071458,12,,S,S1,Kirchheim(Teck)|Kirchheim(Teck)-Ötlingen,8006331,Wendlingen (Neckar),Baden-Württemberg,Wendlingen am Neckar,73240,9.373662098,48.67368917,3,2608071457,,2608071502,,,,,,,,,,,0.0,4.0
-6146811774202602760-2608071424-1,16059,,2608071424,,,RE,RE200,,8006331,Wendlingen (Neckar),Baden-Württemberg,Wendlingen am Neckar,73240,9.373662098,48.67368917,3,,,2608071425,,h,2,Störung,,,,,,,0.0,1.0
-3643145386791728110-2608071405-7,19234,2608071440,2608071441,1,,RB,MEX12,Tübingen Hbf|Reutlingen Hbf|Metzingen(Württ)|Bempflingen|Nürtingen|Oberboihingen,8006331,Wendlingen (Neckar),Baden-Württemberg,Wendlingen am Neckar,73240,9.373662098,48.67368917,3,2608071442,,2608071442,,h,2,Information,,,,,,,2.0,1.0
-7387463244615253239-2608071325-13,7134,2608071402,2608071403,11,,S,S1,Stuttgart Hbf|Stuttgart-Bad Cannstatt|Stuttgart Neckarpark|Stuttgart-Untertürkheim|Stuttgart-Obertürkheim|Esslingen-Mettingen|Esslingen(Neckar)|Oberesslingen|Esslingen-Zell|Altbach|Plochingen|Wernau(Neckar),8006331,Wendlingen (Neckar),Baden-Württemberg,Wendlingen am Neckar,73240,9.373662098,48.67368917,3,2608071402,,2608071404,,,,,,,,,,,0.0,1.0
-1452752995450361803-2608071429-3,16060,2608071459,,3,,RE,,Ulm Hbf|Merklingen - Schwäbische Alb,8006331,Wendlingen (Neckar),Baden-Württemberg,Wendlingen am Neckar,73240,9.373662098,48.67368917,3,2608071458,,,,h,2,Störung,,,,,,,-1.0,0.0
7236638317671658556-2608071420-4,7141,2608071431,2608071431,1,,S,S1,Kirchheim(Teck)|Kirchheim(Teck)-Ötlingen|Wendlingen(Neckar),8006346,Wernau (Neckar),Baden-Württemberg,Wernau (Neckar),73249,9.413654423,48.69417221,4,2608071432,,2608071433,,,,,,,,,,,1.0,2.0
7004552740739658779-2608071350-4,7139,2608071401,2608071401,1,,S,S1,Kirchheim(Teck)|Kirchheim(Teck)-Ötlingen|Wendlingen(Neckar),8006346,Wernau (Neckar),Baden-Württemberg,Wernau (Neckar),73249,9.413654423,48.69417221,4,2608071401,,2608071401,,,,,,,,,,,0.0,0.0
8066948341588458346-2608071355-12,7136,2608071428,2608071429,2,,S,S1,Stuttgart Hbf|Stuttgart-Bad Cannstatt|Stuttgart Neckarpark|Stuttgart-Untertürkheim|Stuttgart-Obertürkheim|Esslingen-Mettingen|Esslingen(Neckar)|Oberesslingen|Esslingen-Zell|Altbach|Plochingen,8006346,Wernau (Neckar),Baden-Württemberg,Wernau (Neckar),73249,9.413654423,48.69417221,4,2608071428,,2608071429,,,,,,,,,,,0.0,0.0
-5286310659195805286-2608071425-12,7138,2608071458,2608071459,2,,S,S1,Stuttgart Hbf|Stuttgart-Bad Cannstatt|Stuttgart Neckarpark|Stuttgart-Untertürkheim|Stuttgart-Obertürkheim|Esslingen-Mettingen|Esslingen(Neckar)|Oberesslingen|Esslingen-Zell|Altbach|Plochingen,8006346,Wernau (Neckar),Baden-Württemberg,Wernau (Neckar),73249,9.413654423,48.69417221,4,2608071458,,2608071459,,,,,,,,,,,0.0,0.0
-8805988878202978923-2608071233-18,89686,2608071443,2608071444,3,,ARV,90,Nürnberg Hbf|Roßtal|Heilsbronn|Wicklesgreuth|Ansbach|Leutershausen-Wiedersbach|Dombühl|Schnelldorf|Crailsheim|Eckartshausen-Ilshofen|Schwäbisch Hall-Hessental|Gaildorf West|Fichtenberg|Murrhardt|Sulzbach(Murr)|Oppenweiler(Württ)|Backnang,8006479,Winnenden,Baden-Württemberg,Winnenden,71364,9.392155928,48.8795625,3,2608071500,,2608071500,,h,1,Bauarbeiten,,,,,,,17.0,16.0
7177711112930232635-2608071342-9,7334,2608071409,2608071409,2,,S,S3,Stuttgart Hbf|Stuttgart-Bad Cannstatt|Stuttgart Nürnberger Str.|Stuttgart-Sommerrain|Fellbach|Waiblingen|Neustadt-Hohenacker|Schwaikheim,8006479,Winnenden,Baden-Württemberg,Winnenden,71364,9.392155928,48.8795625,3,2608071409,,2608071409,,,,,,,,,,,0.0,0.0
-8962126915234620710-2608071441-4,7341,2608071449,2608071450,3,,S,S3,Backnang|Maubach|Nellmersbach,8006479,Winnenden,Baden-Württemberg,Winnenden,71364,9.392155928,48.8795625,3,2608071449,,2608071450,,,,,,,,,,,0.0,0.0
3142345419825759229-2608071412-9,7336,2608071439,2608071439,2,,S,S3,Stuttgart Hbf|Stuttgart-Bad Cannstatt|Stuttgart Nürnberger Str.|Stuttgart-Sommerrain|Fellbach|Waiblingen|Neustadt-Hohenacker|Schwaikheim,8006479,Winnenden,Baden-Württemberg,Winnenden,71364,9.392155928,48.8795625,3,2608071441,,2608071441,,,,,,,,,,,2.0,2.0
8170145498793456279-2608071354-4,17531,2608071413,2608071414,2,,RE,MEX90,Stuttgart Hbf|Stuttgart-Bad Cannstatt|Waiblingen,8006479,Winnenden,Baden-Württemberg,Winnenden,71364,9.392155928,48.8795625,3,2608071415,,2608071415,,h,1,Störung,,,,,,,2.0,1.0
6554930112927852478-2608071411-4,7339,2608071419,2608071420,3,,S,S3,Backnang|Maubach|Nellmersbach,8006479,Winnenden,Baden-Württemberg,Winnenden,71364,9.392155928,48.8795625,3,2608071421,,2608071422,,,,,,,,,,,2.0,2.0
6408695738882885508-2608071350-13,7234,2608071420,2608071420,2,,S,S2,Stuttgart Hbf|Stuttgart-Bad Cannstatt|Stuttgart Nürnberger Str.|Stuttgart-Sommerrain|Fellbach|Waiblingen|Rommelshausen|Stetten-Beinstein|Endersbach|Beutelsbach|Grunbach|Geradstetten,8006485,Winterbach (b Schorndorf),Baden-Württemberg,Winterbach,73650,9.481549751,48.79842743,4,2608071420,,2608071421,,h,1,Bauarbeiten,,,,,,,0.0,1.0
5042788861717640545-2608071420-13,7236,2608071450,2608071450,2,,S,S2,Stuttgart Hbf|Stuttgart-Bad Cannstatt|Stuttgart Nürnberger Str.|Stuttgart-Sommerrain|Fellbach|Waiblingen|Rommelshausen|Stetten-Beinstein|Endersbach|Beutelsbach|Grunbach|Geradstetten,8006485,Winterbach (b Schorndorf),Baden-Württemberg,Winterbach,73650,9.481549751,48.79842743,4,2608071455,,2608071455,,h,1,Bauarbeiten,,,,,,,5.0,5.0
-8059892926335795903-2608071403-3,7239,2608071408,2608071408,1,,S,S2,Schorndorf|Weiler(Rems),8006485,Winterbach (b Schorndorf),Baden-Württemberg,Winterbach,73650,9.481549751,48.79842743,4,2608071408,,2608071408,,h,1,Bauarbeiten,,,,,,,0.0,0.0
-5955272615429035569-2608071433-3,7241,2608071438,2608071438,1,,S,S2,Schorndorf|Weiler(Rems),8006485,Winterbach (b Schorndorf),Baden-Württemberg,Winterbach,73650,9.481549751,48.79842743,4,2608071441,,2608071442,,h,1,Bauarbeiten,,,,,,,3.0,4.0
-3747023062711209303-2608071434-5,7039,2608071443,2608071444,1,,S,S60,Böblingen|Sindelfingen|Maichingen|Maichingen Nord,8003807,Magstadt,Baden-Württemberg,Magstadt,71106,8.965315746,48.73616033,6,2608071445,,2608071446,,,,,,,,,,,2.0,2.0
2278671340843010605-2608071408-12,7040,2608071445,2608071445,2,,S,S60,Stuttgart-Feuerbach|Stuttgart-Zuffenhausen|Neuwirtshaus(Porscheplatz)|Korntal|Weilimdorf|Ditzingen|Höfingen|Leonberg|Rutesheim|Renningen|Renningen Süd,8003807,Magstadt,Baden-Württemberg,Magstadt,71106,8.965315746,48.73616033,6,2608071445,,2608071446,,,,,,,,,,,0.0,1.0
-117664068110103176-2608071338-12,7038,2608071415,2608071415,2,,S,S60,Stuttgart-Feuerbach|Stuttgart-Zuffenhausen|Neuwirtshaus(Porscheplatz)|Korntal|Weilimdorf|Ditzingen|Höfingen|Leonberg|Rutesheim|Renningen|Renningen Süd,8003807,Magstadt,Baden-Württemberg,Magstadt,71106,8.965315746,48.73616033,6,2608071416,,2608071417,,,,,,,,,,,1.0,2.0
436949091827174438-2608071404-5,7037,2608071413,2608071414,1,,S,S60,Böblingen|Sindelfingen|Maichingen|Maichingen Nord,8003807,Magstadt,Baden-Württemberg,Magstadt,71106,8.965315746,48.73616033,6,2608071414,,2608071415,,,,,,,,,,,1.0,1.0
-3747023062711209303-2608071434-4,7039,2608071441,2608071441,1,,S,S60,Böblingen|Sindelfingen|Maichingen,8003834,Maichingen Nord,Baden-Württemberg,Sindelfingen,71069,8.979416996,48.72750392,5,2608071443,,2608071444,,,,,,,,,,,2.0,3.0
2278671340843010605-2608071408-13,7040,2608071447,2608071447,2,,S,S60,Stuttgart-Feuerbach|Stuttgart-Zuffenhausen|Neuwirtshaus(Porscheplatz)|Korntal|Weilimdorf|Ditzingen|Höfingen|Leonberg|Rutesheim|Renningen|Renningen Süd|Magstadt,8003834,Maichingen Nord,Baden-Württemberg,Sindelfingen,71069,8.979416996,48.72750392,5,2608071448,,2608071448,,,,,,,,,,,1.0,1.0
-117664068110103176-2608071338-13,7038,2608071417,2608071417,2,,S,S60,Stuttgart-Feuerbach|Stuttgart-Zuffenhausen|Neuwirtshaus(Porscheplatz)|Korntal|Weilimdorf|Ditzingen|Höfingen|Leonberg|Rutesheim|Renningen|Renningen Süd|Magstadt,8003834,Maichingen Nord,Baden-Württemberg,Sindelfingen,71069,8.979416996,48.72750392,5,2608071419,,2608071419,,,,,,,,,,,2.0,2.0
436949091827174438-2608071404-4,7037,2608071411,2608071411,1,,S,S60,Böblingen|Sindelfingen|Maichingen,8003834,Maichingen Nord,Baden-Württemberg,Sindelfingen,71069,8.979416996,48.72750392,5,2608071412,,2608071413,,,,,,,,,,,1.0,2.0
-3747023062711209303-2608071434-3,7039,2608071439,2608071440,1,,S,S60,Böblingen|Sindelfingen,8003808,Maichingen,Baden-Württemberg,Sindelfingen,71069,8.969606704,48.72162074,6,2608071441,,2608071442,,,,,,,,,,,2.0,2.0
2278671340843010605-2608071408-14,7040,2608071449,2608071449,1,,S,S60,Stuttgart-Feuerbach|Stuttgart-Zuffenhausen|Neuwirtshaus(Porscheplatz)|Korntal|Weilimdorf|Ditzingen|Höfingen|Leonberg|Rutesheim|Renningen|Renningen Süd|Magstadt|Maichingen Nord,8003808,Maichingen,Baden-Württemberg,Sindelfingen,71069,8.969606704,48.72162074,6,2608071449,,2608071450,,,,,,,,,,,0.0,1.0
-117664068110103176-2608071338-14,7038,2608071419,2608071419,1,,S,S60,Stuttgart-Feuerbach|Stuttgart-Zuffenhausen|Neuwirtshaus(Porscheplatz)|Korntal|Weilimdorf|Ditzingen|Höfingen|Leonberg|Rutesheim|Renningen|Renningen Süd|Magstadt|Maichingen Nord,8003808,Maichingen,Baden-Württemberg,Sindelfingen,71069,8.969606704,48.72162074,6,2608071420,,2608071421,,,,,,,,,,,1.0,2.0
436949091827174438-2608071404-3,7037,2608071409,2608071410,1,,S,S60,Böblingen|Sindelfingen,8003808,Maichingen,Baden-Württemberg,Sindelfingen,71069,8.969606704,48.72162074,6,2608071410,,2608071411,,,,,,,,,,,1.0,1.0
-3747023062711209303-2608071434-6,7039,2608071447,2608071448,1,,S,S60,Böblingen|Sindelfingen|Maichingen|Maichingen Nord|Magstadt,8005001,Renningen Süd,Baden-Württemberg,Renningen,71272,8.932068278,48.76261937,6,2608071449,,2608071450,,,,,,,,,,,2.0,2.0
2278671340843010605-2608071408-11,7040,2608071441,2608071441,2,,S,S60,Stuttgart-Feuerbach|Stuttgart-Zuffenhausen|Neuwirtshaus(Porscheplatz)|Korntal|Weilimdorf|Ditzingen|Höfingen|Leonberg|Rutesheim|Renningen,8005001,Renningen Süd,Baden-Württemberg,Renningen,71272,8.932068278,48.76261937,6,2608071441,,2608071442,,,,,,,,,,,0.0,1.0
-117664068110103176-2608071338-11,7038,2608071411,2608071411,2,,S,S60,Stuttgart-Feuerbach|Stuttgart-Zuffenhausen|Neuwirtshaus(Porscheplatz)|Korntal|Weilimdorf|Ditzingen|Höfingen|Leonberg|Rutesheim|Renningen,8005001,Renningen Süd,Baden-Württemberg,Renningen,71272,8.932068278,48.76261937,6,2608071412,,2608071413,,,,,,,,,,,1.0,2.0
436949091827174438-2608071404-6,7037,2608071417,2608071418,1,,S,S60,Böblingen|Sindelfingen|Maichingen|Maichingen Nord|Magstadt,8005001,Renningen Süd,Baden-Württemberg,Renningen,71272,8.932068278,48.76261937,6,2608071418,,2608071419,,,,,,,,,,,1.0,1.0
