ID,train_number,planned_arrival,planned_departure,planned_platform,planned_status,category_train,train,path,eva_nr,station_name,station_state,station_city,station_zipcode,station_long,station_lat,station_category,changed_arrival,changed_platform_arrival,changed_departure,changed_platform_departure,message_status,priority,info,arrival_hidden,departure_hidden,arrival_path,departure_path,arrival_status,departure_status,arrival_delay_m,departure_delay_m
-6153385815820538550-2608261825-10,7154,2608261850,2608261850,4,,S,S1,Stuttgart Hbf|Stuttgart-Bad Cannstatt|Stuttgart Neckarpark|Stuttgart-Untertürkheim|Stuttgart-Obertürkheim|Esslingen-Mettingen|Esslingen(Neckar)|Oberesslingen|Esslingen-Zell,8000508,Altbach,Baden-Württemberg,Altbach,73776,9.382434033,48.72031354,3,2608261850,,2608261850,,,,,,,,,,,0.0,0.0
6868740163494159359-2608261755-10,7152,2608261820,2608261820,4,,S,S1,Stuttgart Hbf|Stuttgart-Bad Cannstatt|Stuttgart Neckarpark|Stuttgart-Untertürkheim|Stuttgart-Obertürkheim|Esslingen-Mettingen|Esslingen(Neckar)|Oberesslingen|Esslingen-Zell,8000508,Altbach,Baden-Württemberg,Altbach,73776,9.382434033,48.72031354,3,2608261820,,2608261820,,,,,,,,,,,0.0,0.0
3782211826500268266-2608261750-6,7155,2608261809,2608261810,3,,S,S1,Kirchheim(Teck)|Kirchheim(Teck)-Ötlingen|Wendlingen(Neckar)|Wernau(Neckar)|Plochingen,8000508,Altbach,Baden-Württemberg,Altbach,73776,9.382434033,48.72031354,3,2608261809,,2608261810,,,,,,,,,,,0.0,0.0
-4384940379958233889-2608261820-6,7157,2608261839,2608261840,3,,S,S1,Kirchheim(Teck)|Kirchheim(Teck)-Ötlingen|Wendlingen(Neckar)|Wernau(Neckar)|Plochingen,8000508,Altbach,Baden-Württemberg,Altbach,73776,9.382434033,48.72031354,3,2608261839,,2608261840,,,,,,,,,,,0.0,0.0
-6626143759029600200-2608261811-1,7355,,2608261811,,,S,S3,,8000016,Backnang,Baden-Württemberg,Backnang,71522,9.425986107,48.94264844,3,,,2608261811,,,,,,,,,,,0.0,0.0
465087425734758010-2608261833-1,7457,,2608261833,,,S,S4,,8000016,Backnang,Baden-Württemberg,Backnang,71522,9.425986107,48.94264844,3,,,2608261833,,,,,,,,,,,0.0,0.0
6435385735889726026-2608261826-5,17549,2608261851,2608261852,4,,RB,MEX90,Stuttgart Hbf|Stuttgart-Bad Cannstatt|Waiblingen|Winnenden,8000016,Backnang,Baden-Württemberg,Backnang,71522,9.425986107,48.94264844,3,2608261852,,2608261853,,h,2,Störung,,,,,,,1.0,1.0
-8145608784389833884-2608261803-1,7455,,2608261803,,,S,S4,,8000016,Backnang,Baden-Württemberg,Backnang,71522,9.425986107,48.94264844,3,,,2608261803,,,,,,,,,,,0.0,0.0
-390875939933573051-2608261812-12,7352,2608261848,,5,,S,,Stuttgart Hbf|Stuttgart-Bad Cannstatt|Stuttgart Nürnberger Str.|Stuttgart-Sommerrain|Fellbach|Waiblingen|Neustadt-Hohenacker|Schwaikheim|Winnenden|Nellmersbach|Maubach,8000016,Backnang,Baden-Württemberg,Backnang,71522,9.425986107,48.94264844,3,2608261849,,,,,,,,,,,,,1.0,0.0
-2025878135877216684-2608261737-14,7448,2608261822,,1,,S,,Stuttgart Hbf|Stuttgart Nordbahnhof|Stuttgart-Feuerbach|Stuttgart-Zuffenhausen|Kornwestheim Pbf|Ludwigsburg|Favoritepark|Freiberg(Neckar)|Benningen(Neckar)|Marbach(Neckar)|Erdmannhausen|Kirchberg(Murr)|Burgstall(Murr),8000016,Backnang,Baden-Württemberg,Backnang,71522,9.425986107,48.94264844,3,2608261822,,,,,,,,,,,,,0.0,0.0
9144716824704701089-2608261638-16,88620,2608261836,2608261838,4,,ARV,RE90,Nürnberg Hbf|Roßtal|Heilsbronn|Wicklesgreuth|Ansbach|Leutershausen-Wiedersbach|Dombühl|Schnelldorf|Crailsheim|Eckartshausen-Ilshofen|Schwäbisch Hall-Hessental|Gaildorf West|Murrhardt|Sulzbach(Murr)|Oppenweiler(Württ),8000016,Backnang,Baden-Württemberg,Backnang,71522,9.425986107,48.94264844,3,2608261923,,2608261924,,,,,,,Nürnberg Hbf|Roßtal|Heilsbronn|Wicklesgreuth|Ansbach|Leutershausen-Wiedersbach|Dombühl|Schnelldorf|Crailsheim|Eckartshausen-Ilshofen|Schwäbisch Hall-Hessental|Gaildorf West|Murrhardt|Sulzbach(Murr)|Oppenweiler(Württ),Winnenden|Waiblingen|Stuttgart-Bad Cannstatt|Stuttgart Hbf,,,47.0,46.0
3835355076369496258-2608261755-5,17547,2608261820,2608261821,4,,RE,MEX90,Stuttgart Hbf|Stuttgart-Bad Cannstatt|Waiblingen|Winnenden,8000016,Backnang,Baden-Württemberg,Backnang,71522,9.425986107,48.94264844,3,2608261823,,2608261824,,h,2,Störung,,,,,,,3.0,3.0
-7750715893784361563-2608261742-12,7350,2608261818,,5,,S,,Stuttgart Hbf|Stuttgart-Bad Cannstatt|Stuttgart Nürnberger Str.|Stuttgart-Sommerrain|Fellbach|Waiblingen|Neustadt-Hohenacker|Schwaikheim|Winnenden|Nellmersbach|Maubach,8000016,Backnang,Baden-Württemberg,Backnang,71522,9.425986107,48.94264844,3,2608261818,,,,,,,,,,,,,0.0,0.0
2351786663301758546-2608261807-14,7450,2608261852,,1,,S,,Stuttgart Hbf|Stuttgart Nordbahnhof|Stuttgart-Feuerbach|Stuttgart-Zuffenhausen|Kornwestheim Pbf|Ludwigsburg|Favoritepark|Freiberg(Neckar)|Benningen(Neckar)|Marbach(Neckar)|Erdmannhausen|Kirchberg(Murr)|Burgstall(Murr),8000016,Backnang,Baden-Württemberg,Backnang,71522,9.425986107,48.94264844,3,2608261852,,,,,,,,,,,,,0.0,0.0
5238051817368153971-2608261841-1,7357,,2608261841,,,S,S3,,8000016,Backnang,Baden-Württemberg,Backnang,71522,9.425986107,48.94264844,3,,,2608261841,,,,,,,,,,,0.0,0.0
3695793028752779188-2608261732-7,17554,2608261806,2608261807,4,,RB,MEX19,Gaildorf West|Fichtenberg|Fornsbach|Murrhardt|Sulzbach(Murr)|Oppenweiler(Württ),8000016,Backnang,Baden-Württemberg,Backnang,71522,9.425986107,48.94264844,3,2608261815,,2608261816,,,,,,,,,,,9.0,9.0
465087425734758010-2608261833-6,7457,2608261857,2608261857,2,,S,S4,Backnang|Burgstall(Murr)|Kirchberg(Murr)|Erdmannhausen|Marbach(Neckar),8000873,Benningen (Neckar),Baden-Württemberg,Benningen am Neckar,71726,9.244299075,48.94379773,5,2608261858,,2608261858,,,,,,,,,,,1.0,1.0
-8145608784389833884-2608261803-6,7455,2608261827,2608261827,2,,S,S4,Backnang|Burgstall(Murr)|Kirchberg(Murr)|Erdmannhausen|Marbach(Neckar),8000873,Benningen (Neckar),Baden-Württemberg,Benningen am Neckar,71726,9.244299075,48.94379773,5,2608261827,,2608261828,,,,,,,,,,,0.0,1.0
-2025878135877216684-2608261737-9,7448,2608261802,2608261803,1,,S,S4,Stuttgart Hbf|Stuttgart Nordbahnhof|Stuttgart-Feuerbach|Stuttgart-Zuffenhausen|Kornwestheim Pbf|Ludwigsburg|Favoritepark|Freiberg(Neckar),8000873,Benningen (Neckar),Baden-Württemberg,Benningen am Neckar,71726,9.244299075,48.94379773,5,2608261803,,2608261804,,,,,,,,,,,1.0,1.0
2351786663301758546-2608261807-9,7450,2608261832,2608261833,1,,S,S4,Stuttgart Hbf|Stuttgart Nordbahnhof|Stuttgart-Feuerbach|Stuttgart-Zuffenhausen|Kornwestheim Pbf|Ludwigsburg|Favoritepark|Freiberg(Neckar),8000873,Benningen (Neckar),Baden-Württemberg,Benningen am Neckar,71726,9.244299075,48.94379773,5,2608261833,,2608261833,,,,,,,,,,,1.0,0.0
1429301461184468535-2608261833-6,7257,2608261845,2608261845,2,,S,S2,Schorndorf|Weiler(Rems)|Winterbach(b Schorndorf)|Geradstetten|Grunbach,8000934,Beutelsbach,Baden-Württemberg,Weinstadt,71384,9.38551589,48.81038925,5,2608261846,,2608261846,,h,1,Bauarbeiten,,,,,,,1.0,1.0
-8893689312291168022-2608261803-6,7255,2608261815,2608261815,2,,S,S2,Schorndorf|Weiler(Rems)|Winterbach(b Schorndorf)|Geradstetten|Grunbach,8000934,Beutelsbach,Baden-Württemberg,Weinstadt,71384,9.38551589,48.81038925,5,2608261815,,2608261816,,h,1,Bauarbeiten,,,,,,,0.0,1.0
-3837214827250733369-2608261750-10,7250,2608261813,2608261813,1,,S,S2,Stuttgart Hbf|Stuttgart-Bad Cannstatt|Stuttgart Nürnberger Str.|Stuttgart-Sommerrain|Fellbach|Waiblingen|Rommelshausen|Stetten-Beinstein|Endersbach,8000934,Beutelsbach,Baden-Württemberg,Weinstadt,71384,9.38551589,48.81038925,5,2608261813,,2608261813,,h,1,Bauarbeiten,,,,,,,0.0,0.0
-6151685978027470608-2608261820-10,7252,2608261843,2608261843,1,,S,S2,Stuttgart Hbf|Stuttgart-Bad Cannstatt|Stuttgart Nürnberger Str.|Stuttgart-Sommerrain|Fellbach|Waiblingen|Rommelshausen|Stetten-Beinstein|Endersbach,8000934,Beutelsbach,Baden-Württemberg,Weinstadt,71384,9.38551589,48.81038925,5,2608261853,,2608261853,,h,1,Bauarbeiten,,,,,,,10.0,10.0
1390526397328393669-2608261832-1,19574,,2608261832,,,RE,MEX17,,8000038,Bietigheim-Bissingen,Baden-Württemberg,Bietigheim-Bissingen,74321,9.137217396,48.94794988,2,,,2608261837,,h,2,Bauarbeiten,,,,,,,0.0,5.0
-8830357425942329454-2608261814-12,19533,2608261850,,7,,RE,,Pforzheim Hbf|Eutingen(Baden)|Niefern|Enzberg|Mühlacker|Mühlacker Rößlesweg|Illingen(Württ)|Vaihingen(Enz)|Sersheim|Sachsenheim|Ellental,8000038,Bietigheim-Bissingen,Baden-Württemberg,Bietigheim-Bissingen,74321,9.137217396,48.94794988,2,2608261853,,,,h,2,Bauarbeiten,,,,,,,3.0,0.0
-8530780413048824701-2608261712-15,19567,2608261824,,3,,RE,,Karlsruhe Hbf|Karlsruhe-Durlach|Wilferdingen-Singen|Pforzheim Hbf|Eutingen(Baden)|Niefern|Enzberg|Mühlacker|Mühlacker Rößlesweg|Illingen(Württ)|Vaihingen(Enz)|Sersheim|Sachsenheim|Ellental,8000038,Bietigheim-Bissingen,Baden-Württemberg,Bietigheim-Bissingen,74321,9.137217396,48.94794988,2,2608261831,,,,h,2,Bauarbeiten,,,,,,,7.0,0.0
6013351493766036273-2608261746-4,7751,2608261800,2608261800,4,,S,S1,Stuttgart-Vaihingen|Stuttgart-Rohr|Goldberg(Württ),8001055,Böblingen,Baden-Württemberg,Böblingen,71034,9.004531864,48.68784871,3,2608261800,,2608261801,,,,,,,,,,,0.0,1.0
-8778188537881036206-2608261832-12,8149,2608261855,,1,,WEG,,Dettenhausen|Weil im Schönbuch Untere Halde|Weil im Schönbuch Röte|Weil im Schönbuch Troppel|Holzgerlingen Buch|Holzgerlingen Bf|Holzgerlingen Hülben|Böblingen Zimmerschlag|Böblingen Heusteigstr|Böblingen Südbf|Böblingen Danziger Str,8001055,Böblingen,Baden-Württemberg,Böblingen,71034,9.004531864,48.68784871,3,2608261856,,,,,,,,,,,,,1.0,0.0
-25694791224337844-2608261833-1,28492,,2608261833,,,RE,RESB,,8001055,Böblingen,Baden-Württemberg,Böblingen,71034,9.004531864,48.68784871,3,,,2608261837,,,,,,,,,,,0.0,4.0
-7514222797057982526-2608261803-3,28493,2608261826,,2,,RE,,Stuttgart Hbf|Stuttgart-Vaihingen,8001055,Böblingen,Baden-Württemberg,Böblingen,71034,9.004531864,48.68784871,3,2608261828,,,,,,,,,,,,,2.0,0.0
8060221707574655115-2608261816-3,17663,2608261838,2608261839,5,,RE,RE14a,Stuttgart Hbf|Stuttgart-Vaihingen,8001055,Böblingen,Baden-Württemberg,Böblingen,71034,9.004531864,48.68784871,3,2608261839,,2608261840,,h,1,Störung,,,,,,,1.0,1.0
7961621800707016308-2608261816-6,7756,2608261830,2608261830,3,,S,S1,Herrenberg|Nufringen|Gärtringen|Ehningen(b Böblingen)|Hulb,8001055,Böblingen,Baden-Württemberg,Böblingen,71034,9.004531864,48.68784871,3,2608261831,,2608261834,,,,,,,,,,,1.0,4.0
-745360348291042920-2608261835-1,8148,,2608261835,,,WEG,RB46,,8001055,Böblingen,Baden-Württemberg,Böblingen,71034,9.004531864,48.68784871,3,,,2608261835,,,,,,,,,,,0.0,0.0
-8532921269206340740-2608261748-3,17659,2608261808,2608261809,5,,RB,RB14a,Stuttgart Hbf|Stuttgart-Vaihingen,8001055,Böblingen,Baden-Württemberg,Böblingen,71034,9.004531864,48.68784871,3,2608261813,,2608261815,,h,1,Störung,,,,,,,5.0,6.0
8261134970288832371-2608261746-6,7754,2608261800,2608261800,3,,S,S1,Herrenberg|Nufringen|Gärtringen|Ehningen(b Böblingen)|Hulb,8001055,Böblingen,Baden-Württemberg,Böblingen,71034,9.004531864,48.68784871,3,2608261800,,2608261801,,,,,,,,,,,0.0,1.0
6107155057744408243-2608261816-3,17661,2608261838,2608261839,5,,RE,RE14b,Stuttgart Hbf|Stuttgart-Vaihingen,8001055,Böblingen,Baden-Württemberg,Böblingen,71034,9.004531864,48.68784871,3,2608261839,,2608261840,,h,1,Störung,,,,,,,1.0,1.0
5496704793073772827-2608261834-1,7055,,2608261834,,,S,S60,,8001055,Böblingen,Baden-Württemberg,Böblingen,71034,9.004531864,48.68784871,3,,,2608261836,,,,,,,,,,,0.0,2.0
-3644758473534313553-2608261816-4,7753,2608261830,2608261830,4,,S,S1,Stuttgart-Vaihingen|Stuttgart-Rohr|Goldberg(Württ),8001055,Böblingen,Baden-Württemberg,Böblingen,71034,9.004531864,48.68784871,3,2608261832,,2608261833,,,,,,,,,,,2.0,3.0
8469749057863403117-2608261808-16,7056,2608261856,,5,,S,,Stuttgart-Feuerbach|Stuttgart-Zuffenhausen|Neuwirtshaus(Porscheplatz)|Korntal|Weilimdorf|Ditzingen|Höfingen|Leonberg|Rutesheim|Renningen|Renningen Süd|Magstadt|Maichingen Nord|Maichingen|Sindelfingen,8001055,Böblingen,Baden-Württemberg,Böblingen,71034,9.004531864,48.68784871,3,2608261856,,,,,,,,,,,,,0.0,0.0
4649420791838890169-2608261805-1,8144,,2608261805,,,WEG,RB46,,8001055,Böblingen,Baden-Württemberg,Böblingen,71034,9.004531864,48.68784871,3,,,2608261806,,,,,,,,,,,0.0,1.0
-1562578414121516264-2608261804-1,7053,,2608261804,,,S,S60,,8001055,Böblingen,Baden-Württemberg,Böblingen,71034,9.004531864,48.68784871,3,,,2608261804,,,,,,,,,,,0.0,0.0
6706962034791562300-2608261802-12,8145,2608261825,,1,,WEG,,Dettenhausen|Weil im Schönbuch Untere Halde|Weil im Schönbuch Röte|Weil im Schönbuch Troppel|Holzgerlingen Buch|Holzgerlingen Bf|Holzgerlingen Hülben|Böblingen Zimmerschlag|Böblingen Heusteigstr|Böblingen Südbf|Böblingen Danziger Str,8001055,Böblingen,Baden-Württemberg,Böblingen,71034,9.004531864,48.68784871,3,2608261825,,,,,,,,,,,,,0.0,0.0
6913806927060813312-2608261738-16,7054,2608261826,,5,,S,,Stuttgart-Feuerbach|Stuttgart-Zuffenhausen|Neuwirtshaus(Porscheplatz)|Korntal|Weilimdorf|Ditzingen|Höfingen|Leonberg|Rutesheim|Renningen|Renningen Süd|Magstadt|Maichingen Nord|Maichingen|Sindelfingen,8001055,Böblingen,Baden-Württemberg,Böblingen,71034,9.004531864,48.68784871,3,2608261830,,,,,,,,,,,,,4.0,0.0
465087425734758010-2608261833-2,7457,2608261837,2608261838,1,,S,S4,Backnang,8001296,Burgstall (Murr),Baden-Württemberg,Burgstetten,71576,9.36973562,48.92851826,6,2608261837,,2608261839,,,,,,,,,,,0.0,1.0
-8145608784389833884-2608261803-2,7455,2608261807,2608261808,1,,S,S4,Backnang,8001296,Burgstall (Murr),Baden-Württemberg,Burgstetten,71576,9.36973562,48.92851826,6,2608261807,,2608261808,,,,,,,,,,,0.0,0.0
-2025878135877216684-2608261737-13,7448,2608261817,2608261817,1,,S,S4,Stuttgart Hbf|Stuttgart Nordbahnhof|Stuttgart-Feuerbach|Stuttgart-Zuffenhausen|Kornwestheim Pbf|Ludwigsburg|Favoritepark|Freiberg(Neckar)|Benningen(Neckar)|Marbach(Neckar)|Erdmannhausen|Kirchberg(Murr),8001296,Burgstall (Murr),Baden-Württemberg,Burgstetten,71576,9.36973562,48.92851826,6,2608261818,,2608261818,,,,,,,,,,,1.0,1.0
2351786663301758546-2608261807-13,7450,2608261847,2608261847,1,,S,S4,Stuttgart Hbf|Stuttgart Nordbahnhof|Stuttgart-Feuerbach|Stuttgart-Zuffenhausen|Kornwestheim Pbf|Ludwigsburg|Favoritepark|Freiberg(Neckar)|Benningen(Neckar)|Marbach(Neckar)|Erdmannhausen|Kirchberg(Murr),8001296,Burgstall (Murr),Baden-Württemberg,Burgstetten,71576,9.36973562,48.92851826,6,2608261847,,2608261847,,,,,,,,,,,0.0,0.0
-6247105267217407038-2608261817-8,7652,2608261836,2608261836,2,,S,S6,Stuttgart Hbf|Stuttgart Nordbahnhof|Stuttgart-Feuerbach|Stuttgart-Zuffenhausen|Neuwirtshaus(Porscheplatz)|Korntal|Weilimdorf,8001476,Ditzingen,Baden-Württemberg,Ditzingen,71254,9.067095186,48.82358726,4,2608261836,,2608261837,,,,,,,,,,,0.0,1.0
-6132994483842252426-2608261747-8,7650,2608261806,2608261806,2,,S,S6,Stuttgart Hbf|Stuttgart Nordbahnhof|Stuttgart-Feuerbach|Stuttgart-Zuffenhausen|Neuwirtshaus(Porscheplatz)|Korntal|Weilimdorf,8001476,Ditzingen,Baden-Württemberg,Ditzingen,71254,9.067095186,48.82358726,4,2608261806,,2608261807,,,,,,,,,,,0.0,1.0
6230552686564451233-2608261833-7,7657,2608261854,2608261854,3,,S,S6,Weil der Stadt|Malmsheim|Renningen|Rutesheim|Leonberg|Höfingen,8001476,Ditzingen,Baden-Württemberg,Ditzingen,71254,9.067095186,48.82358726,4,2608261854,,2608261854,,,,,,,,,,,0.0,0.0
1999917199815931661-2608261838-6,7058,2608261851,2608261851,2,,S,S60,Stuttgart-Feuerbach|Stuttgart-Zuffenhausen|Neuwirtshaus(Porscheplatz)|Korntal|Weilimdorf,8001476,Ditzingen,Baden-Württemberg,Ditzingen,71254,9.067095186,48.82358726,4,2608261851,,2608261851,,,,,,,,,,,0.0,0.0
-106780477750529587-2608261734-11,7051,2608261809,2608261809,3,,S,S60,Böblingen|Sindelfingen|Maichingen|Maichingen Nord|Magstadt|Renningen Süd|Renningen|Rutesheim|Leonberg|Höfingen,8001476,Ditzingen,Baden-Württemberg,Ditzingen,71254,9.067095186,48.82358726,4,2608261812,,2608261812,,,,,,,,,,,3.0,3.0
8469749057863403117-2608261808-6,7056,2608261821,2608261821,2,,S,S60,Stuttgart-Feuerbach|Stuttgart-Zuffenhausen|Neuwirtshaus(Porscheplatz)|Korntal|Weilimdorf,8001476,Ditzingen,Baden-Württemberg,Ditzingen,71254,9.067095186,48.82358726,4,2608261821,,2608261821,,,,,,,,,,,0.0,0.0
-588195592833779502-2608261803-7,7655,2608261824,2608261824,3,,S,S6,Weil der Stadt|Malmsheim|Renningen|Rutesheim|Leonberg|Höfingen,8001476,Ditzingen,Baden-Württemberg,Ditzingen,71254,9.067095186,48.82358726,4,2608261824,,2608261824,,,,,,,,,,,0.0,0.0
-1562578414121516264-2608261804-11,7053,2608261839,2608261839,3,,S,S60,Böblingen|Sindelfingen|Maichingen|Maichingen Nord|Magstadt|Renningen Süd|Renningen|Rutesheim|Leonberg|Höfingen,8001476,Ditzingen,Baden-Württemberg,Ditzingen,71254,9.067095186,48.82358726,4,2608261839,,2608261839,,,,,,,,,,,0.0,0.0
518696505120954828-2608261835-5,7955,2608261849,2608261850,1,,S,S2,Stuttgart-Vaihingen|Stuttgart-Rohr|Oberaichen|Leinfelden,8001650,Echterdingen,Baden-Württemberg,Echterdingen,70771,9.169307175,48.69214787,4,2608261849,,2608261850,,,,,,,,,,,0.0,0.0
9112882282226558128-2608261803-3,7952,2608261810,2608261810,2,,S,S2,Filderstadt|Stuttgart Flughafen/Messe,8001650,Echterdingen,Baden-Württemberg,Echterdingen,70771,9.169307175,48.69214787,4,2608261810,,2608261811,,,,,,,,,,,0.0,1.0
2304314792414098976-2608261833-3,7954,2608261840,2608261840,2,,S,S2,Filderstadt|Stuttgart Flughafen/Messe,8001650,Echterdingen,Baden-Württemberg,Echterdingen,70771,9.169307175,48.69214787,4,2608261840,,2608261840,,,,,,,,,,,0.0,0.0
-772281506656332715-2608261805-5,7953,2608261819,2608261820,1,,S,S2,Stuttgart-Vaihingen|Stuttgart-Rohr|Oberaichen|Leinfelden,8001650,Echterdingen,Baden-Württemberg,Echterdingen,70771,9.169307175,48.69214787,4,2608261819,,2608261820,,,,,,,,,,,0.0,0.0
6013351493766036273-2608261746-6,7751,2608261805,2608261805,2,,S,S1,Stuttgart-Vaihingen|Stuttgart-Rohr|Goldberg(Württ)|Böblingen|Hulb,8001689,Ehningen (b Böblingen),Baden-Württemberg,Ehningen,71139,8.944310368,48.66275549,4,2608261805,,2608261806,,,,,,,,,,,0.0,1.0
7961621800707016308-2608261816-4,7756,2608261825,2608261825,1,,S,S1,Herrenberg|Nufringen|Gärtringen,8001689,Ehningen (b Böblingen),Baden-Württemberg,Ehningen,71139,8.944310368,48.66275549,4,2608261826,,2608261826,,,,,,,,,,,1.0,1.0
-3644758473534313553-2608261816-6,7753,2608261835,2608261835,2,,S,S1,Stuttgart-Vaihingen|Stuttgart-Rohr|Goldberg(Württ)|Böblingen|Hulb,8001689,Ehningen (b Böblingen),Baden-Württemberg,Ehningen,71139,8.944310368,48.66275549,4,2608261837,,2608261838,,,,,,,,,,,2.0,3.0
8862303384701956943-2608261846-4,7758,2608261855,2608261855,1,,S,S1,Herrenberg|Nufringen|Gärtringen,8001689,Ehningen (b Böblingen),Baden-Württemberg,Ehningen,71139,8.944310368,48.66275549,4,2608261855,,2608261856,,,,,,,,,,,0.0,1.0
1429301461184468535-2608261833-7,7257,2608261847,2608261847,3,,S,S2,Schorndorf|Weiler(Rems)|Winterbach(b Schorndorf)|Geradstetten|Grunbach|Beutelsbach,8001785,Endersbach,Baden-Württemberg,Weinstadt,71384,9.370192421,48.81317323,4,2608261847,,2608261848,,h,1,Bauarbeiten,,,,,,,0.0,1.0
-8893689312291168022-2608261803-7,7255,2608261817,2608261817,3,,S,S2,Schorndorf|Weiler(Rems)|Winterbach(b Schorndorf)|Geradstetten|Grunbach|Beutelsbach,8001785,Endersbach,Baden-Württemberg,Weinstadt,71384,9.370192421,48.81317323,4,2608261817,,2608261817,,h,1,Bauarbeiten,,,,,,,0.0,0.0
-3837214827250733369-2608261750-9,7250,2608261811,2608261811,2,,S,S2,Stuttgart Hbf|Stuttgart-Bad Cannstatt|Stuttgart Nürnberger Str.|Stuttgart-Sommerrain|Fellbach|Waiblingen|Rommelshausen|Stetten-Beinstein,8001785,Endersbach,Baden-Württemberg,Weinstadt,71384,9.370192421,48.81317323,4,2608261811,,2608261811,,h,1,Bauarbeiten,,,,,,,0.0,0.0
-6151685978027470608-2608261820-9,7252,2608261841,2608261841,2,,S,S2,Stuttgart Hbf|Stuttgart-Bad Cannstatt|Stuttgart Nürnberger Str.|Stuttgart-Sommerrain|Fellbach|Waiblingen|Rommelshausen|Stetten-Beinstein,8001785,Endersbach,Baden-Württemberg,Weinstadt,71384,9.370192421,48.81317323,4,2608261851,,2608261851,,h,1,Bauarbeiten,,,,,,,10.0,10.0
465087425734758010-2608261833-4,7457,2608261847,2608261848,1,,S,S4,Backnang|Burgstall(Murr)|Kirchberg(Murr),8001827,Erdmannhausen,Baden-Württemberg,Erdmannhausen,71729,9.298930848,48.9483447,6,2608261848,,2608261849,,,,,,,,,,,1.0,1.0
-8145608784389833884-2608261803-4,7455,2608261817,2608261818,1,,S,S4,Backnang|Burgstall(Murr)|Kirchberg(Murr),8001827,Erdmannhausen,Baden-Württemberg,Erdmannhausen,71729,9.298930848,48.9483447,6,2608261817,,2608261818,,,,,,,,,,,0.0,0.0
-2025878135877216684-2608261737-11,7448,2608261810,2608261810,1,,S,S4,Stuttgart Hbf|Stuttgart Nordbahnhof|Stuttgart-Feuerbach|Stuttgart-Zuffenhausen|Kornwestheim Pbf|Ludwigsburg|Favoritepark|Freiberg(Neckar)|Benningen(Neckar)|Marbach(Neckar),8001827,Erdmannhausen,Baden-Württemberg,Erdmannhausen,71729,9.298930848,48.9483447,6,2608261810,,2608261811,,,,,,,,,,,0.0,1.0
2351786663301758546-2608261807-11,7450,2608261840,2608261840,1,,S,S4,Stuttgart Hbf|Stuttgart Nordbahnhof|Stuttgart-Feuerbach|Stuttgart-Zuffenhausen|Kornwestheim Pbf|Ludwigsburg|Favoritepark|Freiberg(Neckar)|Benningen(Neckar)|Marbach(Neckar),8001827,Erdmannhausen,Baden-Württemberg,Erdmannhausen,71729,9.298930848,48.9483447,6,2608261840,,2608261841,,,,,,,,,,,0.0,1.0
1832001237180997166-2608261713-14,19160,2608261801,2608261802,3,,ARV,MEX16,Geislingen(Steige)|Geislingen(Steige)West|Kuchen|Gingen(Fils)|Süßen|Salach|Eislingen(Fils)|Göppingen|Faurndau|Uhingen|Ebersbach(Fils)|Reichenbach(Fils)|Plochingen,8001920,Esslingen (Neckar),Baden-Württemberg,Esslingen am Neckar,73728,9.300578149,48.73854148,3,2608261803,2,2608261804,2,,,,,,,,,,2.0,2.0
8723558896603301381-2608261658-6,266,2608261856,2608261858,2,,ICE,,München Hbf|München-Pasing|Augsburg Hbf|Günzburg|Ulm Hbf,8001920,Esslingen (Neckar),Baden-Württemberg,Esslingen am Neckar,73728,9.300578149,48.73854148,3,2608261854,3,2608261858,3,r,,,,,,,,,-2.0,0.0
4820969402934611682-2608261839-2,4229,2608261848,2608261848,5,,RE,RE5,Stuttgart Hbf,8001920,Esslingen (Neckar),Baden-Württemberg,Esslingen am Neckar,73728,9.300578149,48.73854148,3,2608261853,6,2608261855,6,h,2,Störung,,,,,,,5.0,7.0
-2097101458669517459-2608261803-3,19163,2608261815,2608261815,5,,ARV,MEX16,Stuttgart Hbf|Stuttgart-Bad Cannstatt,8001920,Esslingen (Neckar),Baden-Württemberg,Esslingen am Neckar,73728,9.300578149,48.73854148,3,2608261826,,2608261827,,,,,,,,,,,11.0,12.0
4936118291625165433-2608261812-2,19330,2608261822,2608261823,3,,RE,MEX18,Plochingen,8001920,Esslingen (Neckar),Baden-Württemberg,Esslingen am Neckar,73728,9.300578149,48.73854148,3,2608261822,2,2608261823,2,h,2,Störung,,,,,,,0.0,0.0
3675379070280033065-2608261842-3,19165,2608261853,2608261854,5,,ARV,MEX16,Stuttgart Hbf|Stuttgart-Bad Cannstatt,8001920,Esslingen (Neckar),Baden-Württemberg,Esslingen am Neckar,73728,9.300578149,48.73854148,3,2608261900,,2608261901,,,,,,,,,,,7.0,7.0
6091459659349657303-2608261605-12,4224,2608261812,2608261813,3,,RE,RE5,Friedrichshafen Stadt|Meckenbeuren|Ravensburg|Aulendorf|Bad Schussenried|Biberach(Riß)|Laupheim West|Ulm Hbf|Geislingen(Steige)|Göppingen|Plochingen,8001920,Esslingen (Neckar),Baden-Württemberg,Esslingen am Neckar,73728,9.300578149,48.73854148,3,2608261829,2,2608261830,2,h,2,Störung,,,,,,,17.0,17.0
-6153385815820538550-2608261825-7,7154,2608261842,2608261843,8,,S,S1,Stuttgart Hbf|Stuttgart-Bad Cannstatt|Stuttgart Neckarpark|Stuttgart-Untertürkheim|Stuttgart-Obertürkheim|Esslingen-Mettingen,8001920,Esslingen (Neckar),Baden-Württemberg,Esslingen am Neckar,73728,9.300578149,48.73854148,3,2608261842,,2608261843,,,,,,,,,,,0.0,0.0
6868740163494159359-2608261755-7,7152,2608261812,2608261813,8,,S,S1,Stuttgart Hbf|Stuttgart-Bad Cannstatt|Stuttgart Neckarpark|Stuttgart-Untertürkheim|Stuttgart-Obertürkheim|Esslingen-Mettingen,8001920,Esslingen (Neckar),Baden-Württemberg,Esslingen am Neckar,73728,9.300578149,48.73854148,3,2608261812,,2608261813,,,,,,,,,,,0.0,0.0
3886911485366893292-2608261820-2,19329,2608261834,2608261835,6,,RE,MEX18,Kornwestheim Pbf,8001920,Esslingen (Neckar),Baden-Württemberg,Esslingen am Neckar,73728,9.300578149,48.73854148,3,2608261849,5,2608261850,5,h,2,Störung,,,,,,,15.0,15.0
-8001259082649862726-2608261751-3,19235,2608261803,2608261805,6,,RE,MEX12,Stuttgart Hbf|Stuttgart-Bad Cannstatt,8001920,Esslingen (Neckar),Baden-Württemberg,Esslingen am Neckar,73728,9.300578149,48.73854148,3,2608261803,8,2608261805,8,h,2,Bauarbeiten,,,,,,,0.0,0.0
7280991471195430281-2608261805-4,1069,2608261859,2608261901,5,,ICE,,Karlsruhe Hbf|Bruchsal|Vaihingen(Enz),8001920,Esslingen (Neckar),Baden-Württemberg,Esslingen am Neckar,73728,9.300578149,48.73854148,3,,,,,r,,,,,,,c,c,0.0,0.0
3782211826500268266-2608261750-9,7155,2608261817,2608261817,7,,S,S1,Kirchheim(Teck)|Kirchheim(Teck)-Ötlingen|Wendlingen(Neckar)|Wernau(Neckar)|Plochingen|Altbach|Esslingen-Zell|Oberesslingen,8001920,Esslingen (Neckar),Baden-Württemberg,Esslingen am Neckar,73728,9.300578149,48.73854148,3,2608261817,,2608261818,,,,,,,,,,,0.0,1.0
-4384940379958233889-2608261820-9,7157,2608261847,2608261847,7,,S,S1,Kirchheim(Teck)|Kirchheim(Teck)-Ötlingen|Wendlingen(Neckar)|Wernau(Neckar)|Plochingen|Altbach|Esslingen-Zell|Oberesslingen,8001920,Esslingen (Neckar),Baden-Württemberg,Esslingen am Neckar,73728,9.300578149,48.73854148,3,2608261847,,2608261847,,,,,,,,,,,0.0,0.0
-2105870165284876408-2608261816-8,19242,2608261855,2608261855,7,,RE,MEX12,Reutlingen Hbf|Metzingen(Württ)|Bempflingen|Nürtingen|Oberboihingen|Wendlingen(Neckar)|Plochingen,8001920,Esslingen (Neckar),Baden-Württemberg,Esslingen am Neckar,73728,9.300578149,48.73854148,3,2608261858,,2608261901,,h,2,Bauarbeiten,,,,,,,3.0,6.0
-2112756721455434408-2608261648-3,912,2608261807,2608261809,3,,ICE,,Augsburg Hbf|Ulm Hbf,8001920,Esslingen (Neckar),Baden-Württemberg,Esslingen am Neckar,73728,9.300578149,48.73854148,3,2608261813,,2608261816,,,,,,,,,,,6.0,7.0
1162876063810022739-2608261610-6,1291,2608261758,2608261800,5,,ICE,,Frankfurt(Main)Hbf|Darmstadt Hbf|Bensheim|Weinheim(Bergstr)Hbf|Heidelberg Hbf,8001920,Esslingen (Neckar),Baden-Württemberg,Esslingen am Neckar,73728,9.300578149,48.73854148,3,2608261758,,2608261801,,h,2,Information,,,,,,,0.0,1.0
7027165358659779617-2608261748-14,19162,2608261839,2608261839,3,,ARV,MEX16,Geislingen(Steige)|Geislingen(Steige)West|Kuchen|Gingen(Fils)|Süßen|Salach|Eislingen(Fils)|Göppingen|Faurndau|Uhingen|Ebersbach(Fils)|Reichenbach(Fils)|Plochingen,8001920,Esslingen (Neckar),Baden-Württemberg,Esslingen am Neckar,73728,9.300578149,48.73854148,3,2608261840,,2608261841,,,,,,,,,,,1.0,2.0
-6153385815820538550-2608261825-6,7154,2608261839,2608261839,4,,S,S1,Stuttgart Hbf|Stuttgart-Bad Cannstatt|Stuttgart Neckarpark|Stuttgart-Untertürkheim|Stuttgart-Obertürkheim,8001921,Esslingen-Mettingen,Baden-Württemberg,Esslingen am Neckar,73733,9.275799007,48.74696655,3,2608261839,,2608261840,,,,,,,,,,,0.0,1.0
6868740163494159359-2608261755-6,7152,2608261809,2608261809,4,,S,S1,Stuttgart Hbf|Stuttgart-Bad Cannstatt|Stuttgart Neckarpark|Stuttgart-Untertürkheim|Stuttgart-Obertürkheim,8001921,Esslingen-Mettingen,Baden-Württemberg,Esslingen am Neckar,73733,9.275799007,48.74696655,3,2608261809,,2608261810,,,,,,,,,,,0.0,1.0
3782211826500268266-2608261750-10,7155,2608261819,2608261820,3,,S,S1,Kirchheim(Teck)|Kirchheim(Teck)-Ötlingen|Wendlingen(Neckar)|Wernau(Neckar)|Plochingen|Altbach|Esslingen-Zell|Oberesslingen|Esslingen(Neckar),8001921,Esslingen-Mettingen,Baden-Württemberg,Esslingen am Neckar,73733,9.275799007,48.74696655,3,2608261820,,2608261821,,,,,,,,,,,1.0,1.0
-4384940379958233889-2608261820-10,7157,2608261849,2608261850,3,,S,S1,Kirchheim(Teck)|Kirchheim(Teck)-Ötlingen|Wendlingen(Neckar)|Wernau(Neckar)|Plochingen|Altbach|Esslingen-Zell|Oberesslingen|Esslingen(Neckar),8001921,Esslingen-Mettingen,Baden-Württemberg,Esslingen am Neckar,73733,9.275799007,48.74696655,3,2608261849,,2608261850,,,,,,,,,,,0.0,0.0
-6153385815820538550-2608261825-9,7154,2608261847,2608261848,4,,S,S1,Stuttgart Hbf|Stuttgart-Bad Cannstatt|Stuttgart Neckarpark|Stuttgart-Untertürkheim|Stuttgart-Obertürkheim|Esslingen-Mettingen|Esslingen(Neckar)|Oberesslingen,8006642,Esslingen-Zell,Baden-Württemberg,Esslingen am Neckar,73730,9.359739507,48.72436142,3,2608261847,,2608261848,,,,,,,,,,,0.0,0.0
6868740163494159359-2608261755-9,7152,2608261817,2608261818,4,,S,S1,Stuttgart Hbf|Stuttgart-Bad Cannstatt|Stuttgart Neckarpark|Stuttgart-Untertürkheim|Stuttgart-Obertürkheim|Esslingen-Mettingen|Esslingen(Neckar)|Oberesslingen,8006642,Esslingen-Zell,Baden-Württemberg,Esslingen am Neckar,73730,9.359739507,48.72436142,3,2608261817,,2608261818,,,,,,,,,,,0.0,0.0
3782211826500268266-2608261750-7,7155,2608261812,2608261812,3,,S,S1,Kirchheim(Teck)|Kirchheim(Teck)-Ötlingen|Wendlingen(Neckar)|Wernau(Neckar)|Plochingen|Altbach,8006642,Esslingen-Zell,Baden-Württemberg,Esslingen am Neckar,73730,9.359739507,48.72436142,3,2608261812,,2608261812,,,,,,,,,,,0.0,0.0
-4384940379958233889-2608261820-7,7157,2608261842,2608261842,3,,S,S1,Kirchheim(Teck)|Kirchheim(Teck)-Ötlingen|Wendlingen(Neckar)|Wernau(Neckar)|Plochingen|Altbach,8006642,Esslingen-Zell,Baden-Württemberg,Esslingen am Neckar,73730,9.359739507,48.72436142,3,2608261842,,2608261842,,,,,,,,,,,0.0,0.0
4374010283059226194-2608261837-7,7452,2608261856,2608261856,1,,S,S4,Stuttgart Hbf|Stuttgart Nordbahnhof|Stuttgart-Feuerbach|Stuttgart-Zuffenhausen|Kornwestheim Pbf|Ludwigsburg,8001967,Favoritepark,Baden-Württemberg,Ludwigsburg,71634,9.180574277,48.90948451,5,2608261857,,2608261857,,,,,,,,,,,1.0,1.0
7320244864426596786-2608261733-8,7453,2608261803,2608261804,2,,S,S4,Backnang|Burgstall(Murr)|Kirchberg(Murr)|Erdmannhausen|Marbach(Neckar)|Benningen(Neckar)|Freiberg(Neckar),8001967,Favoritepark,Baden-Württemberg,Ludwigsburg,71634,9.180574277,48.90948451,5,2608261803,,2608261805,,,,,,,,,,,0.0,1.0
-8145608784389833884-2608261803-8,7455,2608261833,2608261834,2,,S,S4,Backnang|Burgstall(Murr)|Kirchberg(Murr)|Erdmannhausen|Marbach(Neckar)|Benningen(Neckar)|Freiberg(Neckar),8001967,Favoritepark,Baden-Württemberg,Ludwigsburg,71634,9.180574277,48.90948451,5,2608261833,,2608261835,,,,,,,,,,,0.0,1.0
2351786663301758546-2608261807-7,7450,2608261826,2608261826,1,,S,S4,Stuttgart Hbf|Stuttgart Nordbahnhof|Stuttgart-Feuerbach|Stuttgart-Zuffenhausen|Kornwestheim Pbf|Ludwigsburg,8001967,Favoritepark,Baden-Württemberg,Ludwigsburg,71634,9.180574277,48.90948451,5,2608261826,,2608261826,,,,,,,,,,,0.0,0.0
-6626143759029600200-2608261811-8,7355,2608261832,2608261833,4,,S,S3,Backnang|Maubach|Nellmersbach|Winnenden|Schwaikheim|Neustadt-Hohenacker|Waiblingen,8001974,Fellbach,Baden-Württemberg,Fellbach,70736,9.270645988,48.8202936,3,2608261832,,2608261833,,,,,,,,,,,0.0,0.0
1429301461184468535-2608261833-11,7257,2608261857,2608261858,4,,S,S2,Schorndorf|Weiler(Rems)|Winterbach(b Schorndorf)|Geradstetten|Grunbach|Beutelsbach|Endersbach|Stetten-Beinstein|Rommelshausen|Waiblingen,8001974,Fellbach,Baden-Württemberg,Fellbach,70736,9.270645988,48.8202936,3,2608261857,,2608261858,,h,1,Bauarbeiten,,,,,,,0.0,0.0
-8665436956296760567-2608261842-5,7354,2608261856,2608261857,1,,S,S3,Stuttgart Hbf|Stuttgart-Bad Cannstatt|Stuttgart Nürnberger Str.|Stuttgart-Sommerrain,8001974,Fellbach,Baden-Württemberg,Fellbach,70736,9.270645988,48.8202936,3,2608261856,,2608261857,,,,,,,,,,,0.0,0.0
-390875939933573051-2608261812-5,7352,2608261826,2608261827,1,,S,S3,Stuttgart Hbf|Stuttgart-Bad Cannstatt|Stuttgart Nürnberger Str.|Stuttgart-Sommerrain,8001974,Fellbach,Baden-Württemberg,Fellbach,70736,9.270645988,48.8202936,3,2608261828,,2608261828,,,,,,,,,,,2.0,1.0
4328573071061192908-2608261741-8,7353,2608261802,2608261803,4,,S,S3,Backnang|Maubach|Nellmersbach|Winnenden|Schwaikheim|Neustadt-Hohenacker|Waiblingen,8001974,Fellbach,Baden-Württemberg,Fellbach,70736,9.270645988,48.8202936,3,2608261802,,2608261803,,,,,,,,,,,0.0,0.0
-8893689312291168022-2608261803-11,7255,2608261827,2608261828,4,,S,S2,Schorndorf|Weiler(Rems)|Winterbach(b Schorndorf)|Geradstetten|Grunbach|Beutelsbach|Endersbach|Stetten-Beinstein|Rommelshausen|Waiblingen,8001974,Fellbach,Baden-Württemberg,Fellbach,70736,9.270645988,48.8202936,3,2608261827,,2608261828,,h,1,Bauarbeiten,,,,,,,0.0,0.0
-3837214827250733369-2608261750-5,7250,2608261801,2608261802,1,,S,S2,Stuttgart Hbf|Stuttgart-Bad Cannstatt|Stuttgart Nürnberger Str.|Stuttgart-Sommerrain,8001974,Fellbach,Baden-Württemberg,Fellbach,70736,9.270645988,48.8202936,3,2608261802,,2608261802,,h,1,Bauarbeiten,,,,,,,1.0,0.0
-6151685978027470608-2608261820-5,7252,2608261831,2608261832,1,,S,S2,Stuttgart Hbf|Stuttgart-Bad Cannstatt|Stuttgart Nürnberger Str.|Stuttgart-Sommerrain,8001974,Fellbach,Baden-Württemberg,Fellbach,70736,9.270645988,48.8202936,3,2608261840,,2608261842,,h,1,Bauarbeiten,,,,,,,9.0,10.0
518696505120954828-2608261835-6,7955,2608261852,2608261853,1,,S,S2,Stuttgart-Vaihingen|Stuttgart-Rohr|Oberaichen|Leinfelden|Echterdingen,8005768,Stuttgart Flughafen/Messe,Baden-Württemberg,Leinfelden-Echterdingen,70629,9.193411574,48.69075193,4,2608261852,,2608261853,,,,,,,,,,,0.0,0.0
9112882282226558128-2608261803-2,7952,2608261807,2608261808,2,,S,S2,Filderstadt,8005768,Stuttgart Flughafen/Messe,Baden-Württemberg,Leinfelden-Echterdingen,70629,9.193411574,48.69075193,4,2608261807,,2608261808,,,,,,,,,,,0.0,0.0
2304314792414098976-2608261833-2,7954,2608261837,2608261838,2,,S,S2,Filderstadt,8005768,Stuttgart Flughafen/Messe,Baden-Württemberg,Leinfelden-Echterdingen,70629,9.193411574,48.69075193,4,2608261837,,2608261838,,,,,,,,,,,0.0,0.0
-772281506656332715-2608261805-6,7953,2608261822,2608261823,1,,S,S2,Stuttgart-Vaihingen|Stuttgart-Rohr|Oberaichen|Leinfelden|Echterdingen,8005768,Stuttgart Flughafen/Messe,Baden-Württemberg,Leinfelden-Echterdingen,70629,9.193411574,48.69075193,4,2608261822,,2608261823,,,,,,,,,,,0.0,0.0
4374010283059226194-2608261837-8,7452,2608261859,2608261859,3,,S,S4,Stuttgart Hbf|Stuttgart Nordbahnhof|Stuttgart-Feuerbach|Stuttgart-Zuffenhausen|Kornwestheim Pbf|Ludwigsburg|Favoritepark,8002065,Freiberg (Neckar),Baden-Württemberg,Freiberg am Neckar,71691,9.197530085,48.92994974,5,2608261900,,2608261900,,,,,,,,,,,1.0,1.0
7320244864426596786-2608261733-7,7453,2608261800,2608261801,2,,S,S4,Backnang|Burgstall(Murr)|Kirchberg(Murr)|Erdmannhausen|Marbach(Neckar)|Benningen(Neckar),8002065,Freiberg (Neckar),Baden-Württemberg,Freiberg am Neckar,71691,9.197530085,48.92994974,5,2608261800,,2608261801,,,,,,,,,,,0.0,0.0
-8145608784389833884-2608261803-7,7455,2608261830,2608261831,2,,S,S4,Backnang|Burgstall(Murr)|Kirchberg(Murr)|Erdmannhausen|Marbach(Neckar)|Benningen(Neckar),8002065,Freiberg (Neckar),Baden-Württemberg,Freiberg am Neckar,71691,9.197530085,48.92994974,5,2608261830,,2608261831,,,,,,,,,,,0.0,0.0
2351786663301758546-2608261807-8,7450,2608261829,2608261829,3,,S,S4,Stuttgart Hbf|Stuttgart Nordbahnhof|Stuttgart-Feuerbach|Stuttgart-Zuffenhausen|Kornwestheim Pbf|Ludwigsburg|Favoritepark,8002065,Freiberg (Neckar),Baden-Württemberg,Freiberg am Neckar,71691,9.197530085,48.92994974,5,2608261829,,2608261829,,,,,,,,,,,0.0,0.0
6013351493766036273-2608261746-7,7751,2608261808,2608261808,1,,S,S1,Stuttgart-Vaihingen|Stuttgart-Rohr|Goldberg(Württ)|Böblingen|Hulb|Ehningen(b Böblingen),8002165,Gärtringen,Baden-Württemberg,Gärtringen,71116,8.908864487,48.64080021,5,2608261808,,2608261809,,,,,,,,,,,0.0,1.0
7961621800707016308-2608261816-3,7756,2608261822,2608261822,2,,S,S1,Herrenberg|Nufringen,8002165,Gärtringen,Baden-Württemberg,Gärtringen,71116,8.908864487,48.64080021,5,2608261822,,2608261823,,,,,,,,,,,0.0,1.0
-3644758473534313553-2608261816-7,7753,2608261838,2608261838,1,,S,S1,Stuttgart-Vaihingen|Stuttgart-Rohr|Goldberg(Württ)|Böblingen|Hulb|Ehningen(b Böblingen),8002165,Gärtringen,Baden-Württemberg,Gärtringen,71116,8.908864487,48.64080021,5,2608261841,,2608261842,,,,,,,,,,,3.0,4.0
8862303384701956943-2608261846-3,7758,2608261852,2608261852,2,,S,S1,Herrenberg|Nufringen,8002165,Gärtringen,Baden-Württemberg,Gärtringen,71116,8.908864487,48.64080021,5,2608261852,,2608261853,,,,,,,,,,,0.0,1.0
1429301461184468535-2608261833-4,7257,2608261840,2608261841,1,,S,S2,Schorndorf|Weiler(Rems)|Winterbach(b Schorndorf),8002240,Geradstetten,Baden-Württemberg,Remshalden,73630,9.439522346,48.80527689,5,2608261841,,2608261842,,h,1,Bauarbeiten,,,,,,,1.0,1.0
-8893689312291168022-2608261803-4,7255,2608261810,2608261811,1,,S,S2,Schorndorf|Weiler(Rems)|Winterbach(b Schorndorf),8002240,Geradstetten,Baden-Württemberg,Remshalden,73630,9.439522346,48.80527689,5,2608261810,,2608261811,,h,1,Bauarbeiten,,,,,,,0.0,0.0
-3837214827250733369-2608261750-12,7250,2608261817,2608261817,2,,S,S2,Stuttgart Hbf|Stuttgart-Bad Cannstatt|Stuttgart Nürnberger Str.|Stuttgart-Sommerrain|Fellbach|Waiblingen|Rommelshausen|Stetten-Beinstein|Endersbach|Beutelsbach|Grunbach,8002240,Geradstetten,Baden-Württemberg,Remshalden,73630,9.439522346,48.80527689,5,2608261817,,2608261818,,h,1,Bauarbeiten,,,,,,,0.0,1.0
-6151685978027470608-2608261820-12,7252,2608261847,2608261847,2,,S,S2,Stuttgart Hbf|Stuttgart-Bad Cannstatt|Stuttgart Nürnberger Str.|Stuttgart-Sommerrain|Fellbach|Waiblingen|Rommelshausen|Stetten-Beinstein|Endersbach|Beutelsbach|Grunbach,8002240,Geradstetten,Baden-Württemberg,Remshalden,73630,9.439522346,48.80527689,5,2608261857,,2608261858,,h,1,Bauarbeiten,,,,,,,10.0,11.0
7961621800707016308-2608261816-7,7756,2608261832,2608261832,2,,S,S1,Herrenberg|Nufringen|Gärtringen|Ehningen(b Böblingen)|Hulb|Böblingen,8005201,Goldberg,Baden-Württemberg,Böblingen,71032,9.019733387,48.69651581,5,2608261835,,2608261836,,,,,,,,,,,3.0,4.0
8261134970288832371-2608261746-7,7754,2608261802,2608261802,2,,S,S1,Herrenberg|Nufringen|Gärtringen|Ehningen(b Böblingen)|Hulb|Böblingen,8005201,Goldberg,Baden-Württemberg,Böblingen,71032,9.019733387,48.69651581,5,2608261802,,2608261803,,,,,,,,,,,0.0,1.0
-1979304329788833876-2608261846-3,7755,2608261858,2608261858,1,,S,S1,Stuttgart-Vaihingen|Stuttgart-Rohr,8005201,Goldberg,Baden-Württemberg,Böblingen,71032,9.019733387,48.69651581,5,2608261858,,2608261859,,,,,,,,,,,0.0,1.0
-3644758473534313553-2608261816-3,7753,2608261828,2608261828,1,,S,S1,Stuttgart-Vaihingen|Stuttgart-Rohr,8005201,Goldberg,Baden-Württemberg,Böblingen,71032,9.019733387,48.69651581,5,2608261829,,2608261830,,,,,,,,,,,1.0,2.0
1429301461184468535-2608261833-5,7257,2608261842,2608261843,2,,S,S2,Schorndorf|Weiler(Rems)|Winterbach(b Schorndorf)|Geradstetten,8002448,Grunbach,Baden-Württemberg,Remshalden,73630,9.419580601,48.810414,4,2608261843,,2608261844,,h,1,Bauarbeiten,,,,,,,1.0,1.0
-8893689312291168022-2608261803-5,7255,2608261812,2608261813,2,,S,S2,Schorndorf|Weiler(Rems)|Winterbach(b Schorndorf)|Geradstetten,8002448,Grunbach,Baden-Württemberg,Remshalden,73630,9.419580601,48.810414,4,2608261812,,2608261813,,h,1,Bauarbeiten,,,,,,,0.0,0.0
-3837214827250733369-2608261750-11,7250,2608261815,2608261815,3,,S,S2,Stuttgart Hbf|Stuttgart-Bad Cannstatt|Stuttgart Nürnberger Str.|Stuttgart-Sommerrain|Fellbach|Waiblingen|Rommelshausen|Stetten-Beinstein|Endersbach|Beutelsbach,8002448,Grunbach,Baden-Württemberg,Remshalden,73630,9.419580601,48.810414,4,2608261815,,2608261816,,h,1,Bauarbeiten,,,,,,,0.0,1.0
-6151685978027470608-2608261820-11,7252,2608261845,2608261845,3,,S,S2,Stuttgart Hbf|Stuttgart-Bad Cannstatt|Stuttgart Nürnberger Str.|Stuttgart-Sommerrain|Fellbach|Waiblingen|Rommelshausen|Stetten-Beinstein|Endersbach|Beutelsbach,8002448,Grunbach,Baden-Württemberg,Remshalden,73630,9.419580601,48.810414,4,2608261855,,2608261856,,h,1,Bauarbeiten,,,,,,,10.0,11.0
-323119610582608296-2608261817-6,17666,2608261840,,101,,RB,,Horb|Eutingen im Gäu|Ergenzingen|Bondorf(b Herrenberg)|Gäufelden,8002785,Herrenberg,Baden-Württemberg,Herrenberg,71083,8.862625253,48.59395697,3,2608261841,,,,h,1,Störung,,,,,,,1.0,0.0
-4344463519331393258-2608261849-1,22846,,2608261849,,,RB,RB63,,8002785,Herrenberg,Baden-Württemberg,Herrenberg,71083,8.862625253,48.59395697,3,,,2608261849,,h,2,Bauarbeiten,,,,,,,0.0,0.0
6013351493766036273-2608261746-9,7751,2608261815,,3,,S,,Stuttgart-Vaihingen|Stuttgart-Rohr|Goldberg(Württ)|Böblingen|Hulb|Ehningen(b Böblingen)|Gärtringen|Nufringen,8002785,Herrenberg,Baden-Württemberg,Herrenberg,71083,8.862625253,48.59395697,3,2608261815,,,,,,,,,,,,,0.0,0.0
8060221707574655115-2608261816-4,17663,2608261848,2608261848,4,,RE,RE14a,Stuttgart Hbf|Stuttgart-Vaihingen|Böblingen,8002785,Herrenberg,Baden-Württemberg,Herrenberg,71083,8.862625253,48.59395697,3,2608261851,,2608261852,,h,1,Störung,,,,,,,3.0,4.0
7961621800707016308-2608261816-1,7756,,2608261816,,,S,S1,,8002785,Herrenberg,Baden-Württemberg,Herrenberg,71083,8.862625253,48.59395697,3,,,2608261816,,,,,,,,,,,0.0,0.0
4995880080837747368-2608261741-10,22839,2608261811,,102,,RB,,Tübingen Hbf|Tübingen West|Unterjesingen Sandäcker|Unterjesingen Mitte|Pfäffingen|Entringen|Altingen(Württ)|Gültstein|Herrenberg Zwerchweg,8002785,Herrenberg,Baden-Württemberg,Herrenberg,71083,8.862625253,48.59395697,3,2608261811,,,,h,2,Bauarbeiten,,,,,,,0.0,0.0
-8532921269206340740-2608261748-4,17659,2608261818,2608261818,4,,RB,RB14a,Stuttgart Hbf|Stuttgart-Vaihingen|Böblingen,8002785,Herrenberg,Baden-Württemberg,Herrenberg,71083,8.862625253,48.59395697,3,2608261823,,2608261825,,h,1,Störung,,,,,,,5.0,7.0
6107155057744408243-2608261816-4,17661,2608261848,2608261848,4,,RE,RE14b,Stuttgart Hbf|Stuttgart-Vaihingen|Böblingen,8002785,Herrenberg,Baden-Württemberg,Herrenberg,71083,8.862625253,48.59395697,3,2608261851,,2608261852,,h,1,Störung,,,,,,,3.0,4.0
-5858293407945886948-2608261819-1,22840,,2608261819,,,RB,RB63,,8002785,Herrenberg,Baden-Württemberg,Herrenberg,71083,8.862625253,48.59395697,3,,,2608261820,,h,2,Bauarbeiten,,,,,,,0.0,1.0
-3644758473534313553-2608261816-9,7753,2608261845,,3,,S,,Stuttgart-Vaihingen|Stuttgart-Rohr|Goldberg(Württ)|Böblingen|Hulb|Ehningen(b Böblingen)|Gärtringen|Nufringen,8002785,Herrenberg,Baden-Württemberg,Herrenberg,71083,8.862625253,48.59395697,3,2608261849,,,,,,,,,,,,,4.0,0.0
8862303384701956943-2608261846-1,7758,,2608261846,,,S,S1,,8002785,Herrenberg,Baden-Württemberg,Herrenberg,71083,8.862625253,48.59395697,3,,,2608261846,,,,,,,,,,,0.0,0.0
8253903333154283415-2608261811-10,22845,2608261841,,102,,RB,,Tübingen Hbf|Tübingen West|Unterjesingen Sandäcker|Unterjesingen Mitte|Pfäffingen|Entringen|Altingen(Württ)|Gültstein|Herrenberg Zwerchweg,8002785,Herrenberg,Baden-Württemberg,Herrenberg,71083,8.862625253,48.59395697,3,2608261841,,,,h,2,Bauarbeiten,,,,,,,0.0,0.0
-6247105267217407038-2608261817-9,7652,2608261839,2608261839,2,,S,S6,Stuttgart Hbf|Stuttgart Nordbahnhof|Stuttgart-Feuerbach|Stuttgart-Zuffenhausen|Neuwirtshaus(Porscheplatz)|Korntal|Weilimdorf|Ditzingen,8002892,Höfingen,Baden-Württemberg,Leonberg,71229,9.026180834,48.81503436,5,2608261839,,2608261841,,,,,,,,,,,0.0,2.0
-6132994483842252426-2608261747-9,7650,2608261809,2608261809,2,,S,S6,Stuttgart Hbf|Stuttgart Nordbahnhof|Stuttgart-Feuerbach|Stuttgart-Zuffenhausen|Neuwirtshaus(Porscheplatz)|Korntal|Weilimdorf|Ditzingen,8002892,Höfingen,Baden-Württemberg,Leonberg,71229,9.026180834,48.81503436,5,2608261810,,2608261811,,,,,,,,,,,1.0,2.0
6230552686564451233-2608261833-6,7657,2608261850,2608261851,1,,S,S6,Weil der Stadt|Malmsheim|Renningen|Rutesheim|Leonberg,8002892,Höfingen,Baden-Württemberg,Leonberg,71229,9.026180834,48.81503436,5,2608261850,,2608261851,,,,,,,,,,,0.0,0.0
1999917199815931661-2608261838-7,7058,2608261854,2608261854,2,,S,S60,Stuttgart-Feuerbach|Stuttgart-Zuffenhausen|Neuwirtshaus(Porscheplatz)|Korntal|Weilimdorf|Ditzingen,8002892,Höfingen,Baden-Württemberg,Leonberg,71229,9.026180834,48.81503436,5,2608261854,,2608261854,,,,,,,,,,,0.0,0.0
-106780477750529587-2608261734-10,7051,2608261805,2608261806,1,,S,S60,Böblingen|Sindelfingen|Maichingen|Maichingen Nord|Magstadt|Renningen Süd|Renningen|Rutesheim|Leonberg,8002892,Höfingen,Baden-Württemberg,Leonberg,71229,9.026180834,48.81503436,5,2608261809,,2608261810,,,,,,,,,,,4.0,4.0
8469749057863403117-2608261808-7,7056,2608261824,2608261824,2,,S,S60,Stuttgart-Feuerbach|Stuttgart-Zuffenhausen|Neuwirtshaus(Porscheplatz)|Korntal|Weilimdorf|Ditzingen,8002892,Höfingen,Baden-Württemberg,Leonberg,71229,9.026180834,48.81503436,5,2608261824,,2608261824,,,,,,,,,,,0.0,0.0
-588195592833779502-2608261803-6,7655,2608261820,2608261821,1,,S,S6,Weil der Stadt|Malmsheim|Renningen|Rutesheim|Leonberg,8002892,Höfingen,Baden-Württemberg,Leonberg,71229,9.026180834,48.81503436,5,2608261821,,2608261821,,,,,,,,,,,1.0,0.0
-1562578414121516264-2608261804-10,7053,2608261835,2608261836,1,,S,S60,Böblingen|Sindelfingen|Maichingen|Maichingen Nord|Magstadt|Renningen Süd|Renningen|Rutesheim|Leonberg,8002892,Höfingen,Baden-Württemberg,Leonberg,71229,9.026180834,48.81503436,5,2608261835,,2608261836,,,,,,,,,,,0.0,0.0
6013351493766036273-2608261746-5,7751,2608261802,2608261802,1,,S,S1,Stuttgart-Vaihingen|Stuttgart-Rohr|Goldberg(Württ)|Böblingen,8003022,Hulb,Baden-Württemberg,Böblingen-Hulb,71032,8.982396429,48.67924173,5,2608261802,,2608261803,,,,,,,,,,,0.0,1.0
7961621800707016308-2608261816-5,7756,2608261828,2608261828,2,,S,S1,Herrenberg|Nufringen|Gärtringen|Ehningen(b Böblingen),8003022,Hulb,Baden-Württemberg,Böblingen-Hulb,71032,8.982396429,48.67924173,5,2608261828,,2608261829,,,,,,,,,,,0.0,1.0
-3644758473534313553-2608261816-5,7753,2608261832,2608261832,1,,S,S1,Stuttgart-Vaihingen|Stuttgart-Rohr|Goldberg(Württ)|Böblingen,8003022,Hulb,Baden-Württemberg,Böblingen-Hulb,71032,8.982396429,48.67924173,5,2608261835,,2608261835,,,,,,,,,,,3.0,3.0
8862303384701956943-2608261846-5,7758,2608261858,2608261858,2,,S,S1,Herrenberg|Nufringen|Gärtringen|Ehningen(b Böblingen),8003022,Hulb,Baden-Württemberg,Böblingen-Hulb,71032,8.982396429,48.67924173,5,2608261858,,2608261859,,,,,,,,,,,0.0,1.0
518696505120954828-2608261835-7,7955,2608261857,,1,,S,,Stuttgart-Vaihingen|Stuttgart-Rohr|Oberaichen|Leinfelden|Echterdingen|Stuttgart Flughafen/Messe,8001984,Filderstadt,Baden-Württemberg,Filderstadt,70794,9.217581315,48.67649151,5,2608261857,,,,,,,,,,,,,0.0,0.0
9112882282226558128-2608261803-1,7952,,2608261803,,,S,S2,,8001984,Filderstadt,Baden-Württemberg,Filderstadt,70794,9.217581315,48.67649151,5,,,2608261803,,,,,,,,,,,0.0,0.0
2304314792414098976-2608261833-1,7954,,2608261833,,,S,S2,,8001984,Filderstadt,Baden-Württemberg,Filderstadt,70794,9.217581315,48.67649151,5,,,2608261833,,,,,,,,,,,0.0,0.0
-772281506656332715-2608261805-7,7953,2608261827,,1,,S,,Stuttgart-Vaihingen|Stuttgart-Rohr|Oberaichen|Leinfelden|Echterdingen|Stuttgart Flughafen/Messe,8001984,Filderstadt,Baden-Württemberg,Filderstadt,70794,9.217581315,48.67649151,5,2608261827,,,,,,,,,,,,,0.0,0.0
465087425734758010-2608261833-3,7457,2608261842,2608261845,1,,S,S4,Backnang|Burgstall(Murr),8003266,Kirchberg (Murr),Baden-Württemberg,Kirchberg an der Murr,71737,9.328210283,48.93928182,6,2608261842,,2608261846,,,,,,,,,,,0.0,1.0
-8145608784389833884-2608261803-3,7455,2608261812,2608261815,1,,S,S4,Backnang|Burgstall(Murr),8003266,Kirchberg (Murr),Baden-Württemberg,Kirchberg an der Murr,71737,9.328210283,48.93928182,6,2608261812,,2608261815,,,,,,,,,,,0.0,0.0
-2025878135877216684-2608261737-12,7448,2608261813,2608261813,2,,S,S4,Stuttgart Hbf|Stuttgart Nordbahnhof|Stuttgart-Feuerbach|Stuttgart-Zuffenhausen|Kornwestheim Pbf|Ludwigsburg|Favoritepark|Freiberg(Neckar)|Benningen(Neckar)|Marbach(Neckar)|Erdmannhausen,8003266,Kirchberg (Murr),Baden-Württemberg,Kirchberg an der Murr,71737,9.328210283,48.93928182,6,2608261813,,2608261814,,,,,,,,,,,0.0,1.0
2351786663301758546-2608261807-12,7450,2608261843,2608261843,2,,S,S4,Stuttgart Hbf|Stuttgart Nordbahnhof|Stuttgart-Feuerbach|Stuttgart-Zuffenhausen|Kornwestheim Pbf|Ludwigsburg|Favoritepark|Freiberg(Neckar)|Benningen(Neckar)|Marbach(Neckar)|Erdmannhausen,8003266,Kirchberg (Murr),Baden-Württemberg,Kirchberg an der Murr,71737,9.328210283,48.93928182,6,2608261843,,2608261843,,,,,,,,,,,0.0,0.0
-6283698103778628467-2608261754-7,37976,2608261812,,1,,RB,,Oberlenningen|Unterlenningen|Brucken|Owen(Teck)|Dettingen(Teck)|Kirchheim(Teck)Süd,8003280,Kirchheim (Teck),Baden-Württemberg,Kirchheim unter Teck,73230,9.443872422,48.64415981,4,2608261812,,,,,,,,,,,,,0.0,0.0
8890019855766315038-2608261850-1,7159,,2608261850,,,S,S1,,8003280,Kirchheim (Teck),Baden-Württemberg,Kirchheim unter Teck,73230,9.443872422,48.64415981,4,,,2608261851,,,,,,,,,,,0.0,1.0
6868740163494159359-2608261755-15,7152,2608261839,,2,,S,,Stuttgart Hbf|Stuttgart-Bad Cannstatt|Stuttgart Neckarpark|Stuttgart-Untertürkheim|Stuttgart-Obertürkheim|Esslingen-Mettingen|Esslingen(Neckar)|Oberesslingen|Esslingen-Zell|Altbach|Plochingen|Wernau(Neckar)|Wendlingen(Neckar)|Kirchheim(Teck)-Ötlingen,8003280,Kirchheim (Teck),Baden-Württemberg,Kirchheim unter Teck,73230,9.443872422,48.64415981,4,2608261839,,,,,,,,,,,,,0.0,0.0
29457582318319648-2608261725-15,7150,2608261809,,2,,S,,Stuttgart Hbf|Stuttgart-Bad Cannstatt|Stuttgart Neckarpark|Stuttgart-Untertürkheim|Stuttgart-Obertürkheim|Esslingen-Mettingen|Esslingen(Neckar)|Oberesslingen|Esslingen-Zell|Altbach|Plochingen|Wernau(Neckar)|Wendlingen(Neckar)|Kirchheim(Teck)-Ötlingen,8003280,Kirchheim (Teck),Baden-Württemberg,Kirchheim unter Teck,73230,9.443872422,48.64415981,4,2608261813,,,,,,,,,,,,,4.0,0.0
-1034948670823377801-2608261817-1,37977,,2608261817,,,RB,RB64,,8003280,Kirchheim (Teck),Baden-Württemberg,Kirchheim unter Teck,73230,9.443872422,48.64415981,4,,,2608261817,,,,,,,,,,,0.0,0.0
-4384940379958233889-2608261820-1,7157,,2608261820,,,S,S1,,8003280,Kirchheim (Teck),Baden-Württemberg,Kirchheim unter Teck,73230,9.443872422,48.64415981,4,,,2608261820,,,,,,,,,,,0.0,0.0
8890019855766315038-2608261850-2,7159,2608261853,2608261853,1,,S,S1,Kirchheim(Teck),8003282,Kirchheim (Teck)-Ötlingen,Baden-Württemberg,Kirchheim unter Teck,73230,9.416261302,48.65782388,5,2608261853,,2608261854,,,,,,,,,,,0.0,1.0
6868740163494159359-2608261755-14,7152,2608261836,2608261837,1,,S,S1,Stuttgart Hbf|Stuttgart-Bad Cannstatt|Stuttgart Neckarpark|Stuttgart-Untertürkheim|Stuttgart-Obertürkheim|Esslingen-Mettingen|Esslingen(Neckar)|Oberesslingen|Esslingen-Zell|Altbach|Plochingen|Wernau(Neckar)|Wendlingen(Neckar),8003282,Kirchheim (Teck)-Ötlingen,Baden-Württemberg,Kirchheim unter Teck,73230,9.416261302,48.65782388,5,2608261836,,2608261838,,,,,,,,,,,0.0,1.0
29457582318319648-2608261725-14,7150,2608261806,2608261807,1,,S,S1,Stuttgart Hbf|Stuttgart-Bad Cannstatt|Stuttgart Neckarpark|Stuttgart-Untertürkheim|Stuttgart-Obertürkheim|Esslingen-Mettingen|Esslingen(Neckar)|Oberesslingen|Esslingen-Zell|Altbach|Plochingen|Wernau(Neckar)|Wendlingen(Neckar),8003282,Kirchheim (Teck)-Ötlingen,Baden-Württemberg,Kirchheim unter Teck,73230,9.416261302,48.65782388,5,2608261809,,2608261810,,,,,,,,,,,3.0,3.0
-4384940379958233889-2608261820-2,7157,2608261823,2608261823,1,,S,S1,Kirchheim(Teck),8003282,Kirchheim (Teck)-Ötlingen,Baden-Württemberg,Kirchheim unter Teck,73230,9.416261302,48.65782388,5,2608261823,,2608261823,,,,,,,,,,,0.0,0.0
-6247105267217407038-2608261817-6,7652,2608261831,2608261831,1,,S,S6,Stuttgart Hbf|Stuttgart Nordbahnhof|Stuttgart-Feuerbach|Stuttgart-Zuffenhausen|Neuwirtshaus(Porscheplatz),8003409,Korntal,Baden-Württemberg,Korntal,70825,9.121099128,48.82640246,4,2608261831,,2608261832,,,,,,,,,,,0.0,1.0
-6132994483842252426-2608261747-6,7650,2608261801,2608261801,1,,S,S6,Stuttgart Hbf|Stuttgart Nordbahnhof|Stuttgart-Feuerbach|Stuttgart-Zuffenhausen|Neuwirtshaus(Porscheplatz),8003409,Korntal,Baden-Württemberg,Korntal,70825,9.121099128,48.82640246,4,2608261801,,2608261802,,,,,,,,,,,0.0,1.0
6230552686564451233-2608261833-9,7657,2608261858,2608261859,3,,S,S6,Weil der Stadt|Malmsheim|Renningen|Rutesheim|Leonberg|Höfingen|Ditzingen|Weilimdorf,8003409,Korntal,Baden-Württemberg,Korntal,70825,9.121099128,48.82640246,4,2608261858,,2608261859,,,,,,,,,,,0.0,0.0
4224070632783393426-2608261805-1,1216,,2608261805,,,WEG,RB47,,8003409,Korntal,Baden-Württemberg,Korntal,70825,9.121099128,48.82640246,4,,,2608261805,,,,,,,,,,,0.0,0.0
1999917199815931661-2608261838-4,7058,2608261846,2608261846,1,,S,S60,Stuttgart-Feuerbach|Stuttgart-Zuffenhausen|Neuwirtshaus(Porscheplatz),8003409,Korntal,Baden-Württemberg,Korntal,70825,9.121099128,48.82640246,4,2608261846,,2608261846,,,,,,,,,,,0.0,0.0
-106780477750529587-2608261734-13,7051,2608261813,2608261814,3,,S,S60,Böblingen|Sindelfingen|Maichingen|Maichingen Nord|Magstadt|Renningen Süd|Renningen|Rutesheim|Leonberg|Höfingen|Ditzingen|Weilimdorf,8003409,Korntal,Baden-Württemberg,Korntal,70825,9.121099128,48.82640246,4,2608261816,,2608261817,,,,,,,,,,,3.0,3.0
4160950448641617599-2608261835-1,1222,,2608261835,,,WEG,RB47,,8003409,Korntal,Baden-Württemberg,Korntal,70825,9.121099128,48.82640246,4,,,2608261835,,,,,,,,,,,0.0,0.0
8469749057863403117-2608261808-4,7056,2608261816,2608261816,1,,S,S60,Stuttgart-Feuerbach|Stuttgart-Zuffenhausen|Neuwirtshaus(Porscheplatz),8003409,Korntal,Baden-Württemberg,Korntal,70825,9.121099128,48.82640246,4,2608261816,,2608261816,,,,,,,,,,,0.0,0.0
-588195592833779502-2608261803-9,7655,2608261828,2608261829,3,,S,S6,Weil der Stadt|Malmsheim|Renningen|Rutesheim|Leonberg|Höfingen|Ditzingen|Weilimdorf,8003409,Korntal,Baden-Württemberg,Korntal,70825,9.121099128,48.82640246,4,2608261828,,2608261829,,,,,,,,,,,0.0,0.0
-6804542292945089765-2608261801-7,1217,2608261824,,7,,WEG,,Heimerdingen|Hemmingen|Schwieberdingen|Münchingen|Münchingen Rührberg|Korntal Gymnasium,8003409,Korntal,Baden-Württemberg,Korntal,70825,9.121099128,48.82640246,4,2608261824,,,,,,,,,,,,,0.0,0.0
3215666727158845880-2608261831-7,1223,2608261854,,7,,WEG,,Heimerdingen|Hemmingen|Schwieberdingen|Münchingen|Münchingen Rührberg|Korntal Gymnasium,8003409,Korntal,Baden-Württemberg,Korntal,70825,9.121099128,48.82640246,4,2608261854,,,,,,,,,,,,,0.0,0.0
-1562578414121516264-2608261804-13,7053,2608261843,2608261844,3,,S,S60,Böblingen|Sindelfingen|Maichingen|Maichingen Nord|Magstadt|Renningen Süd|Renningen|Rutesheim|Leonberg|Höfingen|Ditzingen|Weilimdorf,8003409,Korntal,Baden-Württemberg,Korntal,70825,9.121099128,48.82640246,4,2608261843,,2608261844,,,,,,,,,,,0.0,0.0
4374010283059226194-2608261837-5,7452,2608261850,2608261850,4,,S,S4,Stuttgart Hbf|Stuttgart Nordbahnhof|Stuttgart-Feuerbach|Stuttgart-Zuffenhausen,8003411,Kornwestheim Pbf,Baden-Württemberg,Kornwestheim,70806,9.179967278,48.86215948,3,2608261850,,2608261851,,,,,,,,,,,0.0,1.0
4936118291625165433-2608261812-3,19330,2608261838,,5,,RE,,Plochingen|Esslingen(Neckar),8003411,Kornwestheim Pbf,Baden-Württemberg,Kornwestheim,70806,9.179967278,48.86215948,3,2608261843,7,,,h,2,Störung,,,,,,,5.0,0.0
-5616503782233674976-2608261827-5,7554,2608261840,2608261840,4,,S,S5,Stuttgart Hbf|Stuttgart Nordbahnhof|Stuttgart-Feuerbach|Stuttgart-Zuffenhausen,8003411,Kornwestheim Pbf,Baden-Württemberg,Kornwestheim,70806,9.179967278,48.86215948,3,2608261840,,2608261840,,h,2,Bauarbeiten,,,,,,,0.0,0.0
1593541706884462408-2608261816-2,7555,2608261819,2608261820,3,,S,S5,Ludwigsburg,8003411,Kornwestheim Pbf,Baden-Württemberg,Kornwestheim,70806,9.179967278,48.86215948,3,2608261820,,2608261820,,h,2,Bauarbeiten,,,,,,,1.0,0.0
3886911485366893292-2608261820-1,19329,,2608261820,,,RE,MEX18,,8003411,Kornwestheim Pbf,Baden-Württemberg,Kornwestheim,70806,9.179967278,48.86215948,3,,,2608261821,,h,2,Störung,,,,,,,0.0,1.0
7320244864426596786-2608261733-10,7453,2608261810,2608261810,3,,S,S4,Backnang|Burgstall(Murr)|Kirchberg(Murr)|Erdmannhausen|Marbach(Neckar)|Benningen(Neckar)|Freiberg(Neckar)|Favoritepark|Ludwigsburg,8003411,Kornwestheim Pbf,Baden-Württemberg,Kornwestheim,70806,9.179967278,48.86215948,3,2608261810,,2608261811,,,,,,,,,,,0.0,1.0
-8145608784389833884-2608261803-10,7455,2608261840,2608261840,3,,S,S4,Backnang|Burgstall(Murr)|Kirchberg(Murr)|Erdmannhausen|Marbach(Neckar)|Benningen(Neckar)|Freiberg(Neckar)|Favoritepark|Ludwigsburg,8003411,Kornwestheim Pbf,Baden-Württemberg,Kornwestheim,70806,9.179967278,48.86215948,3,2608261840,,2608261841,,,,,,,,,,,0.0,1.0
1284839978881194831-2608261846-2,7557,2608261849,2608261850,3,,S,S5,Ludwigsburg,8003411,Kornwestheim Pbf,Baden-Württemberg,Kornwestheim,70806,9.179967278,48.86215948,3,2608261849,,2608261850,,h,2,Bauarbeiten,,,,,,,0.0,0.0
2351786663301758546-2608261807-5,7450,2608261820,2608261820,4,,S,S4,Stuttgart Hbf|Stuttgart Nordbahnhof|Stuttgart-Feuerbach|Stuttgart-Zuffenhausen,8003411,Kornwestheim Pbf,Baden-Württemberg,Kornwestheim,70806,9.179967278,48.86215948,3,2608261820,,2608261820,,,,,,,,,,,0.0,0.0
-6425549372536903526-2608261757-5,7552,2608261810,2608261810,4,,S,S5,Stuttgart Hbf|Stuttgart Nordbahnhof|Stuttgart-Feuerbach|Stuttgart-Zuffenhausen,8003411,Kornwestheim Pbf,Baden-Württemberg,Kornwestheim,70806,9.179967278,48.86215948,3,2608261810,,2608261810,,h,2,Bauarbeiten,,,,,,,0.0,0.0
518696505120954828-2608261835-4,7955,2608261846,2608261847,1,,S,S2,Stuttgart-Vaihingen|Stuttgart-Rohr|Oberaichen,8003622,Leinfelden,Baden-Württemberg,Leinfelden-Echterdingen,70771,9.142859698,48.6964193,4,2608261846,,2608261847,,,,,,,,,,,0.0,0.0
9112882282226558128-2608261803-4,7952,2608261812,2608261813,2,,S,S2,Filderstadt|Stuttgart Flughafen/Messe|Echterdingen,8003622,Leinfelden,Baden-Württemberg,Leinfelden-Echterdingen,70771,9.142859698,48.6964193,4,2608261813,,2608261814,,,,,,,,,,,1.0,1.0
2304314792414098976-2608261833-4,7954,2608261842,2608261843,2,,S,S2,Filderstadt|Stuttgart Flughafen/Messe|Echterdingen,8003622,Leinfelden,Baden-Württemberg,Leinfelden-Echterdingen,70771,9.142859698,48.6964193,4,2608261842,,2608261843,,,,,,,,,,,0.0,0.0
-772281506656332715-2608261805-4,7953,2608261816,2608261817,1,,S,S2,Stuttgart-Vaihingen|Stuttgart-Rohr|Oberaichen,8003622,Leinfelden,Baden-Württemberg,Leinfelden-Echterdingen,70771,9.142859698,48.6964193,4,2608261816,,2608261817,,,,,,,,,,,0.0,0.0
-6247105267217407038-2608261817-10,7652,2608261843,2608261843,2,,S,S6,Stuttgart Hbf|Stuttgart Nordbahnhof|Stuttgart-Feuerbach|Stuttgart-Zuffenhausen|Neuwirtshaus(Porscheplatz)|Korntal|Weilimdorf|Ditzingen|Höfingen,8003652,Leonberg,Baden-Württemberg,Leonberg,71229,9.004025993,48.79970547,3,2608261843,,2608261844,,,,,,,,,,,0.0,1.0
-6132994483842252426-2608261747-10,7650,2608261813,2608261813,2,,S,S6,Stuttgart Hbf|Stuttgart Nordbahnhof|Stuttgart-Feuerbach|Stuttgart-Zuffenhausen|Neuwirtshaus(Porscheplatz)|Korntal|Weilimdorf|Ditzingen|Höfingen,8003652,Leonberg,Baden-Württemberg,Leonberg,71229,9.004025993,48.79970547,3,2608261813,,2608261814,,,,,,,,,,,0.0,1.0
6230552686564451233-2608261833-5,7657,2608261847,2608261847,1,,S,S6,Weil der Stadt|Malmsheim|Renningen|Rutesheim,8003652,Leonberg,Baden-Württemberg,Leonberg,71229,9.004025993,48.79970547,3,2608261847,,2608261847,,,,,,,,,,,0.0,0.0
1999917199815931661-2608261838-8,7058,2608261858,2608261858,2,,S,S60,Stuttgart-Feuerbach|Stuttgart-Zuffenhausen|Neuwirtshaus(Porscheplatz)|Korntal|Weilimdorf|Ditzingen|Höfingen,8003652,Leonberg,Baden-Württemberg,Leonberg,71229,9.004025993,48.79970547,3,2608261858,,2608261858,,,,,,,,,,,0.0,0.0
-106780477750529587-2608261734-9,7051,2608261802,2608261802,1,,S,S60,Böblingen|Sindelfingen|Maichingen|Maichingen Nord|Magstadt|Renningen Süd|Renningen|Rutesheim,8003652,Leonberg,Baden-Württemberg,Leonberg,71229,9.004025993,48.79970547,3,2608261806,,2608261806,,,,,,,,,,,4.0,4.0
8469749057863403117-2608261808-8,7056,2608261828,2608261828,2,,S,S60,Stuttgart-Feuerbach|Stuttgart-Zuffenhausen|Neuwirtshaus(Porscheplatz)|Korntal|Weilimdorf|Ditzingen|Höfingen,8003652,Leonberg,Baden-Württemberg,Leonberg,71229,9.004025993,48.79970547,3,2608261828,,2608261828,,,,,,,,,,,0.0,0.0
-588195592833779502-2608261803-5,7655,2608261817,2608261817,1,,S,S6,Weil der Stadt|Malmsheim|Renningen|Rutesheim,8003652,Leonberg,Baden-Württemberg,Leonberg,71229,9.004025993,48.79970547,3,2608261817,,2608261818,,,,,,,,,,,0.0,1.0
-1562578414121516264-2608261804-9,7053,2608261832,2608261832,1,,S,S60,Böblingen|Sindelfingen|Maichingen|Maichingen Nord|Magstadt|Renningen Süd|Renningen|Rutesheim,8003652,Leonberg,Baden-Württemberg,Leonberg,71229,9.004025993,48.79970547,3,2608261832,,2608261832,,,,,,,,,,,0.0,0.0
4374010283059226194-2608261837-6,7452,2608261853,2608261854,2,,S,S4,Stuttgart Hbf|Stuttgart Nordbahnhof|Stuttgart-Feuerbach|Stuttgart-Zuffenhausen|Kornwestheim Pbf,8000235,Ludwigsburg,Baden-Württemberg,Ludwigsburg,71638,9.185229823,48.89208622,3,2608261854,,2608261854,,,,,,,,,,,1.0,0.0
-5616503782233674976-2608261827-6,7554,2608261843,,2,,S,,Stuttgart Hbf|Stuttgart Nordbahnhof|Stuttgart-Feuerbach|Stuttgart-Zuffenhausen|Kornwestheim Pbf,8000235,Ludwigsburg,Baden-Württemberg,Ludwigsburg,71638,9.185229823,48.89208622,3,2608261844,3,,,h,2,Bauarbeiten,,,,,,,1.0,0.0
1593541706884462408-2608261816-1,7555,,2608261816,,,S,S5,,8000235,Ludwigsburg,Baden-Württemberg,Ludwigsburg,71638,9.185229823,48.89208622,3,,,2608261817,,h,2,Bauarbeiten,,,,,,,0.0,1.0
7320244864426596786-2608261733-9,7453,2608261806,2608261807,3,,S,S4,Backnang|Burgstall(Murr)|Kirchberg(Murr)|Erdmannhausen|Marbach(Neckar)|Benningen(Neckar)|Freiberg(Neckar)|Favoritepark,8000235,Ludwigsburg,Baden-Württemberg,Ludwigsburg,71638,9.185229823,48.89208622,3,2608261806,,2608261807,,,,,,,,,,,0.0,0.0
-8145608784389833884-2608261803-9,7455,2608261836,2608261837,3,,S,S4,Backnang|Burgstall(Murr)|Kirchberg(Murr)|Erdmannhausen|Marbach(Neckar)|Benningen(Neckar)|Freiberg(Neckar)|Favoritepark,8000235,Ludwigsburg,Baden-Württemberg,Ludwigsburg,71638,9.185229823,48.89208622,3,2608261836,,2608261838,,,,,,,,,,,0.0,1.0
1284839978881194831-2608261846-1,7557,,2608261846,,,S,S5,,8000235,Ludwigsburg,Baden-Württemberg,Ludwigsburg,71638,9.185229823,48.89208622,3,,,2608261847,,h,2,Bauarbeiten,,,,,,,0.0,1.0
2351786663301758546-2608261807-6,7450,2608261823,2608261824,2,,S,S4,Stuttgart Hbf|Stuttgart Nordbahnhof|Stuttgart-Feuerbach|Stuttgart-Zuffenhausen|Kornwestheim Pbf,8000235,Ludwigsburg,Baden-Württemberg,Ludwigsburg,71638,9.185229823,48.89208622,3,2608261823,,2608261824,,,,,,,,,,,0.0,0.0
-6425549372536903526-2608261757-6,7552,2608261813,,2,,S,,Stuttgart Hbf|Stuttgart Nordbahnhof|Stuttgart-Feuerbach|Stuttgart-Zuffenhausen|Kornwestheim Pbf,8000235,Ludwigsburg,Baden-Württemberg,Ludwigsburg,71638,9.185229823,48.89208622,3,2608261814,3,,,h,2,Bauarbeiten,,,,,,,1.0,0.0
-6247105267217407038-2608261817-13,7652,2608261854,2608261854,1,,S,S6,Stuttgart Hbf|Stuttgart Nordbahnhof|Stuttgart-Feuerbach|Stuttgart-Zuffenhausen|Neuwirtshaus(Porscheplatz)|Korntal|Weilimdorf|Ditzingen|Höfingen|Leonberg|Rutesheim|Renningen,8003831,Malmsheim,Baden-Württemberg,Renningen,71272,8.905105557,48.77183564,5,2608261855,,2608261856,,,,,,,,,,,1.0,2.0
-6132994483842252426-2608261747-13,7650,2608261824,2608261824,1,,S,S6,Stuttgart Hbf|Stuttgart Nordbahnhof|Stuttgart-Feuerbach|Stuttgart-Zuffenhausen|Neuwirtshaus(Porscheplatz)|Korntal|Weilimdorf|Ditzingen|Höfingen|Leonberg|Rutesheim|Renningen,8003831,Malmsheim,Baden-Württemberg,Renningen,71272,8.905105557,48.77183564,5,2608261824,,2608261824,,,,,,,,,,,0.0,0.0
6230552686564451233-2608261833-2,7657,2608261835,2608261835,2,,S,S6,Weil der Stadt,8003831,Malmsheim,Baden-Württemberg,Renningen,71272,8.905105557,48.77183564,5,2608261835,,2608261836,,,,,,,,,,,0.0,1.0
-588195592833779502-2608261803-2,7655,2608261805,2608261805,2,,S,S6,Weil der Stadt,8003831,Malmsheim,Baden-Württemberg,Renningen,71272,8.905105557,48.77183564,5,2608261806,,2608261806,,,,,,,,,,,1.0,1.0
465087425734758010-2608261833-5,7457,2608261851,2608261855,1,,S,S4,Backnang|Burgstall(Murr)|Kirchberg(Murr)|Erdmannhausen,8003853,Marbach (Neckar),Baden-Württemberg,Marbach am Neckar,71672,9.264611825,48.9437708,3,2608261851,2,2608261856,2,,,,,,,,,,0.0,1.0
-8145608784389833884-2608261803-5,7455,2608261821,2608261825,1,,S,S4,Backnang|Burgstall(Murr)|Kirchberg(Murr)|Erdmannhausen,8003853,Marbach (Neckar),Baden-Württemberg,Marbach am Neckar,71672,9.264611825,48.9437708,3,2608261821,,2608261825,,,,,,,,,,,0.0,0.0
-2025878135877216684-2608261737-10,7448,2608261805,2608261808,1,,S,S4,Stuttgart Hbf|Stuttgart Nordbahnhof|Stuttgart-Feuerbach|Stuttgart-Zuffenhausen|Kornwestheim Pbf|Ludwigsburg|Favoritepark|Freiberg(Neckar)|Benningen(Neckar),8003853,Marbach (Neckar),Baden-Württemberg,Marbach am Neckar,71672,9.264611825,48.9437708,3,2608261806,,2608261808,,,,,,,,,,,1.0,0.0
2351786663301758546-2608261807-10,7450,2608261835,2608261838,1,,S,S4,Stuttgart Hbf|Stuttgart Nordbahnhof|Stuttgart-Feuerbach|Stuttgart-Zuffenhausen|Kornwestheim Pbf|Ludwigsburg|Favoritepark|Freiberg(Neckar)|Benningen(Neckar),8003853,Marbach (Neckar),Baden-Württemberg,Marbach am Neckar,71672,9.264611825,48.9437708,3,2608261835,,2608261838,,,,,,,,,,,0.0,0.0
-6626143759029600200-2608261811-2,7355,2608261813,2608261814,1,,S,S3,Backnang,8003913,Maubach,Baden-Württemberg,Backnang,71522,9.419487062,48.92623463,4,2608261813,,2608261814,,,,,,,,,,,0.0,0.0
-390875939933573051-2608261812-11,7352,2608261844,2608261845,2,,S,S3,Stuttgart Hbf|Stuttgart-Bad Cannstatt|Stuttgart Nürnberger Str.|Stuttgart-Sommerrain|Fellbach|Waiblingen|Neustadt-Hohenacker|Schwaikheim|Winnenden|Nellmersbach,8003913,Maubach,Baden-Württemberg,Backnang,71522,9.419487062,48.92623463,4,2608261846,,2608261846,,,,,,,,,,,2.0,1.0
-7750715893784361563-2608261742-11,7350,2608261814,2608261815,2,,S,S3,Stuttgart Hbf|Stuttgart-Bad Cannstatt|Stuttgart Nürnberger Str.|Stuttgart-Sommerrain|Fellbach|Waiblingen|Neustadt-Hohenacker|Schwaikheim|Winnenden|Nellmersbach,8003913,Maubach,Baden-Württemberg,Backnang,71522,9.419487062,48.92623463,4,2608261815,,2608261816,,,,,,,,,,,1.0,1.0
5238051817368153971-2608261841-2,7357,2608261843,2608261844,1,,S,S3,Backnang,8003913,Maubach,Baden-Württemberg,Backnang,71522,9.419487062,48.92623463,4,2608261844,,2608261845,,,,,,,,,,,1.0,1.0
-6626143759029600200-2608261811-3,7355,2608261816,2608261816,1,,S,S3,Backnang|Maubach,8004233,Nellmersbach,Baden-Württemberg,Leutenbach,71397,9.415421538,48.90336425,5,2608261816,,2608261817,,,,,,,,,,,0.0,1.0
-390875939933573051-2608261812-10,7352,2608261841,2608261842,2,,S,S3,Stuttgart Hbf|Stuttgart-Bad Cannstatt|Stuttgart Nürnberger Str.|Stuttgart-Sommerrain|Fellbach|Waiblingen|Neustadt-Hohenacker|Schwaikheim|Winnenden,8004233,Nellmersbach,Baden-Württemberg,Leutenbach,71397,9.415421538,48.90336425,5,2608261843,,2608261843,,,,,,,,,,,2.0,1.0
-7750715893784361563-2608261742-10,7350,2608261811,2608261812,2,,S,S3,Stuttgart Hbf|Stuttgart-Bad Cannstatt|Stuttgart Nürnberger Str.|Stuttgart-Sommerrain|Fellbach|Waiblingen|Neustadt-Hohenacker|Schwaikheim|Winnenden,8004233,Nellmersbach,Baden-Württemberg,Leutenbach,71397,9.415421538,48.90336425,5,2608261812,,2608261813,,,,,,,,,,,1.0,1.0
5238051817368153971-2608261841-3,7357,2608261846,2608261846,1,,S,S3,Backnang|Maubach,8004233,Nellmersbach,Baden-Württemberg,Leutenbach,71397,9.415421538,48.90336425,5,2608261846,,2608261847,,,,,,,,,,,0.0,1.0
-6626143759029600200-2608261811-6,7355,2608261825,2608261825,2,,S,S3,Backnang|Maubach|Nellmersbach|Winnenden|Schwaikheim,8004333,Neustadt-Hohenacker,Baden-Württemberg,Waiblingen,71336,9.32455106,48.85921668,5,2608261825,,2608261825,,,,,,,,,,,0.0,0.0
-390875939933573051-2608261812-7,7352,2608261833,2608261833,1,,S,S3,Stuttgart Hbf|Stuttgart-Bad Cannstatt|Stuttgart Nürnberger Str.|Stuttgart-Sommerrain|Fellbach|Waiblingen,8004333,Neustadt-Hohenacker,Baden-Württemberg,Waiblingen,71336,9.32455106,48.85921668,5,2608261835,,2608261835,,,,,,,,,,,2.0,2.0
-7750715893784361563-2608261742-7,7350,2608261803,2608261803,1,,S,S3,Stuttgart Hbf|Stuttgart-Bad Cannstatt|Stuttgart Nürnberger Str.|Stuttgart-Sommerrain|Fellbach|Waiblingen,8004333,Neustadt-Hohenacker,Baden-Württemberg,Waiblingen,71336,9.32455106,48.85921668,5,2608261803,,2608261804,,,,,,,,,,,0.0,1.0
5238051817368153971-2608261841-6,7357,2608261855,2608261855,2,,S,S3,Backnang|Maubach|Nellmersbach|Winnenden|Schwaikheim,8004333,Neustadt-Hohenacker,Baden-Württemberg,Waiblingen,71336,9.32455106,48.85921668,5,2608261855,,2608261856,,,,,,,,,,,0.0,1.0
-6247105267217407038-2608261817-5,7652,2608261828,2608261829,1,,S,S6,Stuttgart Hbf|Stuttgart Nordbahnhof|Stuttgart-Feuerbach|Stuttgart-Zuffenhausen,8004338,Neuwirtshaus (Porscheplatz),Baden-Württemberg,Stuttgart,70435,9.151955614,48.83384734,4,2608261828,,2608261829,,,,,,,,,,,0.0,0.0
1999917199815931661-2608261838-3,7058,2608261843,2608261843,1,,S,S60,Stuttgart-Feuerbach|Stuttgart-Zuffenhausen,8004338,Neuwirtshaus (Porscheplatz),Baden-Württemberg,Stuttgart,70435,9.151955614,48.83384734,4,2608261843,,2608261843,,,,,,,,,,,0.0,0.0
-1939283154746192380-2608261733-10,7653,2608261801,2608261801,2,,S,S6,Weil der Stadt|Malmsheim|Renningen|Rutesheim|Leonberg|Höfingen|Ditzingen|Weilimdorf|Korntal,8004338,Neuwirtshaus (Porscheplatz),Baden-Württemberg,Stuttgart,70435,9.151955614,48.83384734,4,2608261801,,2608261802,,,,,,,,,,,0.0,1.0
-106780477750529587-2608261734-14,7051,2608261816,2608261816,2,,S,S60,Böblingen|Sindelfingen|Maichingen|Maichingen Nord|Magstadt|Renningen Süd|Renningen|Rutesheim|Leonberg|Höfingen|Ditzingen|Weilimdorf|Korntal,8004338,Neuwirtshaus (Porscheplatz),Baden-Württemberg,Stuttgart,70435,9.151955614,48.83384734,4,2608261819,,2608261820,,,,,,,,,,,3.0,4.0
8124393015929641593-2608261847-5,7654,2608261858,2608261859,1,,S,S6,Stuttgart Hbf|Stuttgart Nordbahnhof|Stuttgart-Feuerbach|Stuttgart-Zuffenhausen,8004338,Neuwirtshaus (Porscheplatz),Baden-Württemberg,Stuttgart,70435,9.151955614,48.83384734,4,2608261858,,2608261859,,,,,,,,,,,0.0,0.0
8469749057863403117-2608261808-3,7056,2608261813,2608261813,1,,S,S60,Stuttgart-Feuerbach|Stuttgart-Zuffenhausen,8004338,Neuwirtshaus (Porscheplatz),Baden-Württemberg,Stuttgart,70435,9.151955614,48.83384734,4,2608261813,,2608261814,,,,,,,,,,,0.0,1.0
-588195592833779502-2608261803-10,7655,2608261831,2608261831,2,,S,S6,Weil der Stadt|Malmsheim|Renningen|Rutesheim|Leonberg|Höfingen|Ditzingen|Weilimdorf|Korntal,8004338,Neuwirtshaus (Porscheplatz),Baden-Württemberg,Stuttgart,70435,9.151955614,48.83384734,4,2608261831,,2608261832,,,,,,,,,,,0.0,1.0
-1562578414121516264-2608261804-14,7053,2608261846,2608261846,2,,S,S60,Böblingen|Sindelfingen|Maichingen|Maichingen Nord|Magstadt|Renningen Süd|Renningen|Rutesheim|Leonberg|Höfingen|Ditzingen|Weilimdorf|Korntal,8004338,Neuwirtshaus (Porscheplatz),Baden-Württemberg,Stuttgart,70435,9.151955614,48.83384734,4,2608261846,,2608261847,,,,,,,,,,,0.0,1.0
6013351493766036273-2608261746-8,7751,2608261811,2608261811,1,,S,S1,Stuttgart-Vaihingen|Stuttgart-Rohr|Goldberg(Württ)|Böblingen|Hulb|Ehningen(b Böblingen)|Gärtringen,8004490,Nufringen,Baden-Württemberg,Nufringen,71154,8.889817485,48.62010967,5,2608261811,,2608261812,,,,,,,,,,,0.0,1.0
7961621800707016308-2608261816-2,7756,2608261819,2608261819,2,,S,S1,Herrenberg,8004490,Nufringen,Baden-Württemberg,Nufringen,71154,8.889817485,48.62010967,5,2608261819,,2608261820,,,,,,,,,,,0.0,1.0
-3644758473534313553-2608261816-8,7753,2608261841,2608261841,1,,S,S1,Stuttgart-Vaihingen|Stuttgart-Rohr|Goldberg(Württ)|Böblingen|Hulb|Ehningen(b Böblingen)|Gärtringen,8004490,Nufringen,Baden-Württemberg,Nufringen,71154,8.889817485,48.62010967,5,2608261844,,2608261845,,,,,,,,,,,3.0,4.0
8862303384701956943-2608261846-2,7758,2608261849,2608261849,2,,S,S1,Herrenberg,8004490,Nufringen,Baden-Württemberg,Nufringen,71154,8.889817485,48.62010967,5,2608261849,,2608261850,,,,,,,,,,,0.0,1.0
518696505120954828-2608261835-3,7955,2608261844,2608261844,1,,S,S2,Stuttgart-Vaihingen|Stuttgart-Rohr,8004496,Oberaichen,Baden-Württemberg,Leinfelden-Echterdingen,70771,9.12743664,48.70512422,5,2608261844,,2608261845,,,,,,,,,,,0.0,1.0
9112882282226558128-2608261803-5,7952,2608261815,2608261815,2,,S,S2,Filderstadt|Stuttgart Flughafen/Messe|Echterdingen|Leinfelden,8004496,Oberaichen,Baden-Württemberg,Leinfelden-Echterdingen,70771,9.12743664,48.70512422,5,2608261816,,2608261817,,,,,,,,,,,1.0,2.0
2304314792414098976-2608261833-5,7954,2608261845,2608261845,2,,S,S2,Filderstadt|Stuttgart Flughafen/Messe|Echterdingen|Leinfelden,8004496,Oberaichen,Baden-Württemberg,Leinfelden-Echterdingen,70771,9.12743664,48.70512422,5,2608261845,,2608261846,,,,,,,,,,,0.0,1.0
-772281506656332715-2608261805-3,7953,2608261814,2608261814,1,,S,S2,Stuttgart-Vaihingen|Stuttgart-Rohr,8004496,Oberaichen,Baden-Württemberg,Leinfelden-Echterdingen,70771,9.12743664,48.70512422,5,2608261814,,2608261815,,,,,,,,,,,0.0,1.0
-6153385815820538550-2608261825-8,7154,2608261845,2608261845,4,,S,S1,Stuttgart Hbf|Stuttgart-Bad Cannstatt|Stuttgart Neckarpark|Stuttgart-Untertürkheim|Stuttgart-Obertürkheim|Esslingen-Mettingen|Esslingen(Neckar),8004528,Oberesslingen,Baden-Württemberg,Esslingen am Neckar,73730,9.327277435,48.72983585,3,2608261845,,2608261845,,,,,,,,,,,0.0,0.0
6868740163494159359-2608261755-8,7152,2608261815,2608261815,4,,S,S1,Stuttgart Hbf|Stuttgart-Bad Cannstatt|Stuttgart Neckarpark|Stuttgart-Untertürkheim|Stuttgart-Obertürkheim|Esslingen-Mettingen|Esslingen(Neckar),8004528,Oberesslingen,Baden-Württemberg,Esslingen am Neckar,73730,9.327277435,48.72983585,3,2608261815,,2608261815,,,,,,,,,,,0.0,0.0
3782211826500268266-2608261750-8,7155,2608261814,2608261815,3,,S,S1,Kirchheim(Teck)|Kirchheim(Teck)-Ötlingen|Wendlingen(Neckar)|Wernau(Neckar)|Plochingen|Altbach|Esslingen-Zell,8004528,Oberesslingen,Baden-Württemberg,Esslingen am Neckar,73730,9.327277435,48.72983585,3,2608261814,,2608261815,,,,,,,,,,,0.0,0.0
-4384940379958233889-2608261820-8,7157,2608261844,2608261845,3,,S,S1,Kirchheim(Teck)|Kirchheim(Teck)-Ötlingen|Wendlingen(Neckar)|Wernau(Neckar)|Plochingen|Altbach|Esslingen-Zell,8004528,Oberesslingen,Baden-Württemberg,Esslingen am Neckar,73730,9.327277435,48.72983585,3,2608261844,,2608261845,,,,,,,,,,,0.0,0.0
4820969402934611682-2608261839-3,4229,2608261854,2608261856,4,,RE,RE5,Stuttgart Hbf|Esslingen(Neckar),8000302,Plochingen,Baden-Württemberg,Plochingen,73207,9.411294578,48.71293906,2,2608261901,,2608261903,,h,2,Störung,,,,,,,7.0,7.0
-2097101458669517459-2608261803-4,19163,2608261823,2608261833,6,,ARV,MEX16,Stuttgart Hbf|Stuttgart-Bad Cannstatt|Esslingen(Neckar),8000302,Plochingen,Baden-Württemberg,Plochingen,73207,9.411294578,48.71293906,2,2608261833,,2608261834,,,,,,,,,,,10.0,1.0
4936118291625165433-2608261812-1,19330,,2608261812,,,RE,MEX18,,8000302,Plochingen,Baden-Württemberg,Plochingen,73207,9.411294578,48.71293906,2,,,2608261814,3,h,2,Störung,,,,,,,0.0,2.0
-5903887693212780403-2608261742-4,19161,2608261800,2608261800,7,,ARV,MEX16,Stuttgart Hbf|Stuttgart-Bad Cannstatt|Esslingen(Neckar),8000302,Plochingen,Baden-Württemberg,Plochingen,73207,9.411294578,48.71293906,2,2608261801,6,2608261801,6,,,,,,,,,,1.0,1.0
6091459659349657303-2608261605-11,4224,2608261802,2608261806,1,,RE,RE5,Friedrichshafen Stadt|Meckenbeuren|Ravensburg|Aulendorf|Bad Schussenried|Biberach(Riß)|Laupheim West|Ulm Hbf|Geislingen(Steige)|Göppingen,8000302,Plochingen,Baden-Württemberg,Plochingen,73207,9.411294578,48.71293906,2,2608261821,,2608261822,,h,2,Störung,,,,,,,19.0,16.0
-6153385815820538550-2608261825-11,7154,2608261853,2608261855,9,,S,S1,Stuttgart Hbf|Stuttgart-Bad Cannstatt|Stuttgart Neckarpark|Stuttgart-Untertürkheim|Stuttgart-Obertürkheim|Esslingen-Mettingen|Esslingen(Neckar)|Oberesslingen|Esslingen-Zell|Altbach,8000302,Plochingen,Baden-Württemberg,Plochingen,73207,9.411294578,48.71293906,2,2608261853,,2608261855,,,,,,,,,,,0.0,0.0
6868740163494159359-2608261755-11,7152,2608261823,2608261825,9,,S,S1,Stuttgart Hbf|Stuttgart-Bad Cannstatt|Stuttgart Neckarpark|Stuttgart-Untertürkheim|Stuttgart-Obertürkheim|Esslingen-Mettingen|Esslingen(Neckar)|Oberesslingen|Esslingen-Zell|Altbach,8000302,Plochingen,Baden-Württemberg,Plochingen,73207,9.411294578,48.71293906,2,2608261823,,2608261825,,,,,,,,,,,0.0,0.0
3886911485366893292-2608261820-3,19329,2608261843,,6,,RE,,Kornwestheim Pbf|Esslingen(Neckar),8000302,Plochingen,Baden-Württemberg,Plochingen,73207,9.411294578,48.71293906,2,2608261857,3,,,h,2,Störung,,,,,,,14.0,0.0
-8001259082649862726-2608261751-4,19235,2608261811,2608261812,9,,RE,MEX12,Stuttgart Hbf|Stuttgart-Bad Cannstatt|Esslingen(Neckar),8000302,Plochingen,Baden-Württemberg,Plochingen,73207,9.411294578,48.71293906,2,2608261811,,2608261812,,h,2,Bauarbeiten,,,,,,,0.0,0.0
3782211826500268266-2608261750-5,7155,2608261805,2608261807,9,,S,S1,Kirchheim(Teck)|Kirchheim(Teck)-Ötlingen|Wendlingen(Neckar)|Wernau(Neckar),8000302,Plochingen,Baden-Württemberg,Plochingen,73207,9.411294578,48.71293906,2,2608261806,,2608261807,,,,,,,,,,,1.0,0.0
-4384940379958233889-2608261820-5,7157,2608261835,2608261837,9,,S,S1,Kirchheim(Teck)|Kirchheim(Teck)-Ötlingen|Wendlingen(Neckar)|Wernau(Neckar),8000302,Plochingen,Baden-Württemberg,Plochingen,73207,9.411294578,48.71293906,2,2608261835,,2608261837,,,,,,,,,,,0.0,0.0
-2105870165284876408-2608261816-7,19242,2608261846,2608261847,7,,RE,MEX12,Reutlingen Hbf|Metzingen(Württ)|Bempflingen|Nürtingen|Oberboihingen|Wendlingen(Neckar),8000302,Plochingen,Baden-Württemberg,Plochingen,73207,9.411294578,48.71293906,2,2608261851,,2608261852,,h,2,Bauarbeiten,,,,,,,5.0,5.0
-5526353379898780614-2608261816-13,19164,2608261856,2608261857,1,,ARV,MEX16,Geislingen(Steige)|Geislingen(Steige)West|Kuchen|Gingen(Fils)|Süßen|Salach|Eislingen(Fils)|Göppingen|Faurndau|Uhingen|Ebersbach(Fils)|Reichenbach(Fils),8000302,Plochingen,Baden-Württemberg,Plochingen,73207,9.411294578,48.71293906,2,2608261855,,2608261857,,,,,,,,,,,-1.0,0.0
7027165358659779617-2608261748-13,19162,2608261828,2608261832,1,,ARV,MEX16,Geislingen(Steige)|Geislingen(Steige)West|Kuchen|Gingen(Fils)|Süßen|Salach|Eislingen(Fils)|Göppingen|Faurndau|Uhingen|Ebersbach(Fils)|Reichenbach(Fils),8000302,Plochingen,Baden-Württemberg,Plochingen,73207,9.411294578,48.71293906,2,2608261833,,2608261834,,,,,,,,,,,5.0,2.0
-6247105267217407038-2608261817-12,7652,2608261849,2608261852,3,,S,S6,Stuttgart Hbf|Stuttgart Nordbahnhof|Stuttgart-Feuerbach|Stuttgart-Zuffenhausen|Neuwirtshaus(Porscheplatz)|Korntal|Weilimdorf|Ditzingen|Höfingen|Leonberg|Rutesheim,8000313,Renningen,Baden-Württemberg,Renningen,71272,8.932650148,48.77515509,3,2608261850,,2608261853,,,,,,,,,,,1.0,1.0
8445271706730011511-2608261858-1,26176,,2608261858,,,SWE,RB76,,8000313,Renningen,Baden-Württemberg,Renningen,71272,8.932650148,48.77515509,3,,,,,h,1,Störung,,,,,,c,0.0,0.0
-6132994483842252426-2608261747-12,7650,2608261819,2608261822,3,,S,S6,Stuttgart Hbf|Stuttgart Nordbahnhof|Stuttgart-Feuerbach|Stuttgart-Zuffenhausen|Neuwirtshaus(Porscheplatz)|Korntal|Weilimdorf|Ditzingen|Höfingen|Leonberg|Rutesheim,8000313,Renningen,Baden-Württemberg,Renningen,71272,8.932650148,48.77515509,3,2608261820,,2608261822,,,,,,,,,,,1.0,0.0
6230552686564451233-2608261833-3,7657,2608261837,2608261841,2,,S,S6,Weil der Stadt|Malmsheim,8000313,Renningen,Baden-Württemberg,Renningen,71272,8.932650148,48.77515509,3,2608261838,,2608261841,,,,,,,,,,,1.0,0.0
5496704793073772827-2608261834-7,7055,2608261850,2608261856,2,,S,S60,Böblingen|Sindelfingen|Maichingen|Maichingen Nord|Magstadt|Renningen Süd,8000313,Renningen,Baden-Württemberg,Renningen,71272,8.932650148,48.77515509,3,2608261853,,2608261856,,,,,,,,,,,3.0,0.0
8469749057863403117-2608261808-10,7056,2608261834,2608261839,3,,S,S60,Stuttgart-Feuerbach|Stuttgart-Zuffenhausen|Neuwirtshaus(Porscheplatz)|Korntal|Weilimdorf|Ditzingen|Höfingen|Leonberg|Rutesheim,8000313,Renningen,Baden-Württemberg,Renningen,71272,8.932650148,48.77515509,3,2608261834,,2608261839,,,,,,,,,,,0.0,0.0
-588195592833779502-2608261803-3,7655,2608261807,2608261811,2,,S,S6,Weil der Stadt|Malmsheim,8000313,Renningen,Baden-Württemberg,Renningen,71272,8.932650148,48.77515509,3,2608261809,,2608261811,,,,,,,,,,,2.0,0.0
-1562578414121516264-2608261804-7,7053,2608261820,2608261826,2,,S,S60,Böblingen|Sindelfingen|Maichingen|Maichingen Nord|Magstadt|Renningen Süd,8000313,Renningen,Baden-Württemberg,Renningen,71272,8.932650148,48.77515509,3,2608261820,,2608261826,,,,,,,,,,,0.0,0.0
-8524259373069890220-2608261826-6,26175,2608261848,,4,,SWE,,Calw|Calw-Heumaden|Althengstett|Ostelsheim|Weil der Stadt,8000313,Renningen,Baden-Württemberg,Renningen,71272,8.932650148,48.77515509,3,,,,,h,1,Störung,,,,,c,,0.0,0.0
6913806927060813312-2608261738-10,7054,2608261804,2608261809,3,,S,S60,Stuttgart-Feuerbach|Stuttgart-Zuffenhausen|Neuwirtshaus(Porscheplatz)|Korntal|Weilimdorf|Ditzingen|Höfingen|Leonberg|Rutesheim,8000313,Renningen,Baden-Württemberg,Renningen,71272,8.932650148,48.77515509,3,2608261805,,2608261813,,,,,,,,,,,1.0,4.0
1429301461184468535-2608261833-9,7257,2608261851,2608261852,2,,S,S2,Schorndorf|Weiler(Rems)|Winterbach(b Schorndorf)|Geradstetten|Grunbach|Beutelsbach|Endersbach|Stetten-Beinstein,8005157,Rommelshausen,Baden-Württemberg,Kernen,71394,9.319175885,48.81552017,4,2608261852,,2608261853,,h,1,Bauarbeiten,,,,,,,1.0,1.0
-8893689312291168022-2608261803-9,7255,2608261821,2608261822,2,,S,S2,Schorndorf|Weiler(Rems)|Winterbach(b Schorndorf)|Geradstetten|Grunbach|Beutelsbach|Endersbach|Stetten-Beinstein,8005157,Rommelshausen,Baden-Württemberg,Kernen,71394,9.319175885,48.81552017,4,2608261822,,2608261823,,h,1,Bauarbeiten,,,,,,,1.0,1.0
-3837214827250733369-2608261750-7,7250,2608261807,2608261807,1,,S,S2,Stuttgart Hbf|Stuttgart-Bad Cannstatt|Stuttgart Nürnberger Str.|Stuttgart-Sommerrain|Fellbach|Waiblingen,8005157,Rommelshausen,Baden-Württemberg,Kernen,71394,9.319175885,48.81552017,4,2608261807,,2608261807,,h,1,Bauarbeiten,,,,,,,0.0,0.0
-6151685978027470608-2608261820-7,7252,2608261837,2608261837,1,,S,S2,Stuttgart Hbf|Stuttgart-Bad Cannstatt|Stuttgart Nürnberger Str.|Stuttgart-Sommerrain|Fellbach|Waiblingen,8005157,Rommelshausen,Baden-Württemberg,Kernen,71394,9.319175885,48.81552017,4,2608261847,,2608261847,,h,1,Bauarbeiten,,,,,,,10.0,10.0
-6247105267217407038-2608261817-11,7652,2608261846,2608261846,2,,S,S6,Stuttgart Hbf|Stuttgart Nordbahnhof|Stuttgart-Feuerbach|Stuttgart-Zuffenhausen|Neuwirtshaus(Porscheplatz)|Korntal|Weilimdorf|Ditzingen|Höfingen|Leonberg,8005236,Rutesheim,Baden-Württemberg,Leonberg,71229,8.960325242,48.79031093,5,2608261847,,2608261848,,,,,,,,,,,1.0,2.0
-6132994483842252426-2608261747-11,7650,2608261816,2608261816,2,,S,S6,Stuttgart Hbf|Stuttgart Nordbahnhof|Stuttgart-Feuerbach|Stuttgart-Zuffenhausen|Neuwirtshaus(Porscheplatz)|Korntal|Weilimdorf|Ditzingen|Höfingen|Leonberg,8005236,Rutesheim,Baden-Württemberg,Leonberg,71229,8.960325242,48.79031093,5,2608261817,,2608261818,,,,,,,,,,,1.0,2.0
6230552686564451233-2608261833-4,7657,2608261843,2608261844,1,,S,S6,Weil der Stadt|Malmsheim|Renningen,8005236,Rutesheim,Baden-Württemberg,Leonberg,71229,8.960325242,48.79031093,5,2608261844,,2608261844,,,,,,,,,,,1.0,0.0
5496704793073772827-2608261834-8,7055,2608261858,2608261859,1,,S,S60,Böblingen|Sindelfingen|Maichingen|Maichingen Nord|Magstadt|Renningen Süd|Renningen,8005236,Rutesheim,Baden-Württemberg,Leonberg,71229,8.960325242,48.79031093,5,2608261859,,2608261859,,,,,,,,,,,1.0,0.0
8469749057863403117-2608261808-9,7056,2608261831,2608261831,2,,S,S60,Stuttgart-Feuerbach|Stuttgart-Zuffenhausen|Neuwirtshaus(Porscheplatz)|Korntal|Weilimdorf|Ditzingen|Höfingen|Leonberg,8005236,Rutesheim,Baden-Württemberg,Leonberg,71229,8.960325242,48.79031093,5,2608261831,,2608261832,,,,,,,,,,,0.0,1.0
-588195592833779502-2608261803-4,7655,2608261813,2608261814,1,,S,S6,Weil der Stadt|Malmsheim|Renningen,8005236,Rutesheim,Baden-Württemberg,Leonberg,71229,8.960325242,48.79031093,5,2608261814,,2608261814,,,,,,,,,,,1.0,0.0
-1562578414121516264-2608261804-8,7053,2608261828,2608261829,1,,S,S60,Böblingen|Sindelfingen|Maichingen|Maichingen Nord|Magstadt|Renningen Süd|Renningen,8005236,Rutesheim,Baden-Württemberg,Leonberg,71229,8.960325242,48.79031093,5,2608261829,,2608261829,,,,,,,,,,,1.0,0.0
6913806927060813312-2608261738-9,7054,2608261801,2608261801,2,,S,S60,Stuttgart-Feuerbach|Stuttgart-Zuffenhausen|Neuwirtshaus(Porscheplatz)|Korntal|Weilimdorf|Ditzingen|Höfingen|Leonberg,8005236,Rutesheim,Baden-Württemberg,Leonberg,71229,8.960325242,48.79031093,5,2608261802,,2608261803,,,,,,,,,,,1.0,2.0
-7874291830614799246-2608261820-4,19479,2608261843,2608261844,2,,ARV,MEX13,Stuttgart Hbf|Stuttgart-Bad Cannstatt|Waiblingen,8005424,Schorndorf,Baden-Württemberg,Schorndorf,73614,9.525686251,48.80693898,3,2608261848,,2608261849,,h,2,Störung,,,,,,,5.0,5.0
-4712401033279781929-2608261711-15,19480,2608261813,2608261814,3,,ARV,MEX13,Ellwangen|Schrezheim|Schwabsberg|Goldshöfe|Hofen(b Aalen)|Wasseralfingen|Aalen Hbf|Mögglingen(Gmünd)|Böbingen(Rems)|Schwäbisch Gmünd|Lorch(Württ)|Waldhausen(b Schorndorf)|Plüderhausen|Urbach(b Schorndorf),8005424,Schorndorf,Baden-Württemberg,Schorndorf,73614,9.525686251,48.80693898,3,2608261819,,2608261820,,,,,,,,,,,6.0,6.0
-6944323459733799687-2608261807-9,19432,2608261843,2608261844,3,,ARV,MEX13,Aalen Hbf|Mögglingen(Gmünd)|Böbingen(Rems)|Schwäbisch Gmünd|Lorch(Württ)|Waldhausen(b Schorndorf)|Plüderhausen|Urbach(b Schorndorf),8005424,Schorndorf,Baden-Württemberg,Schorndorf,73614,9.525686251,48.80693898,3,2608261844,,2608261846,,,,,,,,,,,1.0,2.0
1429301461184468535-2608261833-1,7257,,2608261833,,,S,S2,,8005424,Schorndorf,Baden-Württemberg,Schorndorf,73614,9.525686251,48.80693898,3,,,2608261833,,h,1,Bauarbeiten,,,,,,,0.0,0.0
-1191369405205236706-2608261711-5,19682,2608261828,2608261829,3,,ARV,RE1,Crailsheim|Ellwangen|Aalen Hbf|Schwäbisch Gmünd,8005424,Schorndorf,Baden-Württemberg,Schorndorf,73614,9.525686251,48.80693898,3,2608261830,,2608261831,,r,,,,,,,,,2.0,2.0
-8893689312291168022-2608261803-1,7255,,2608261803,,,S,S2,,8005424,Schorndorf,Baden-Württemberg,Schorndorf,73614,9.525686251,48.80693898,3,,,2608261803,,h,1,Bauarbeiten,,,,,,,0.0,0.0
-3837214827250733369-2608261750-15,7250,2608261825,,14,,S,,Stuttgart Hbf|Stuttgart-Bad Cannstatt|Stuttgart Nürnberger Str.|Stuttgart-Sommerrain|Fellbach|Waiblingen|Rommelshausen|Stetten-Beinstein|Endersbach|Beutelsbach|Grunbach|Geradstetten|Winterbach(b Schorndorf)|Weiler(Rems),8005424,Schorndorf,Baden-Württemberg,Schorndorf,73614,9.525686251,48.80693898,3,2608261826,,,,h,1,Bauarbeiten,,,,,,,1.0,0.0
-6151685978027470608-2608261820-15,7252,2608261855,,1,,S,,Stuttgart Hbf|Stuttgart-Bad Cannstatt|Stuttgart Nürnberger Str.|Stuttgart-Sommerrain|Fellbach|Waiblingen|Rommelshausen|Stetten-Beinstein|Endersbach|Beutelsbach|Grunbach|Geradstetten|Winterbach(b Schorndorf)|Weiler(Rems),8005424,Schorndorf,Baden-Württemberg,Schorndorf,73614,9.525686251,48.80693898,3,2608261904,,,,h,1,Bauarbeiten,,,,,,,9.0,0.0
3145083689400513535-2608261747-4,19427,2608261813,2608261814,2,,ARV,MEX13,Stuttgart Hbf|Stuttgart-Bad Cannstatt|Waiblingen,8005424,Schorndorf,Baden-Württemberg,Schorndorf,73614,9.525686251,48.80693898,3,2608261813,,2608261814,,,,,,,,,,,0.0,0.0
-6626143759029600200-2608261811-5,7355,2608261822,2608261823,1,,S,S3,Backnang|Maubach|Nellmersbach|Winnenden,8005454,Schwaikheim,Baden-Württemberg,Schwaikheim,71409,9.354747358,48.86832665,4,2608261822,,2608261823,,,,,,,,,,,0.0,0.0
-390875939933573051-2608261812-8,7352,2608261836,2608261836,2,,S,S3,Stuttgart Hbf|Stuttgart-Bad Cannstatt|Stuttgart Nürnberger Str.|Stuttgart-Sommerrain|Fellbach|Waiblingen|Neustadt-Hohenacker,8005454,Schwaikheim,Baden-Württemberg,Schwaikheim,71409,9.354747358,48.86832665,4,2608261837,,2608261838,,,,,,,,,,,1.0,2.0
-7750715893784361563-2608261742-8,7350,2608261806,2608261806,2,,S,S3,Stuttgart Hbf|Stuttgart-Bad Cannstatt|Stuttgart Nürnberger Str.|Stuttgart-Sommerrain|Fellbach|Waiblingen|Neustadt-Hohenacker,8005454,Schwaikheim,Baden-Württemberg,Schwaikheim,71409,9.354747358,48.86832665,4,2608261806,,2608261807,,,,,,,,,,,0.0,1.0
5238051817368153971-2608261841-5,7357,2608261852,2608261853,1,,S,S3,Backnang|Maubach|Nellmersbach|Winnenden,8005454,Schwaikheim,Baden-Württemberg,Schwaikheim,71409,9.354747358,48.86832665,4,2608261852,,2608261853,,,,,,,,,,,0.0,0.0
5496704793073772827-2608261834-2,7055,2608261836,2608261837,1,,S,S60,Böblingen,8005574,Sindelfingen,Baden-Württemberg,Sindelfingen,71063,8.999262079,48.70387346,6,2608261838,,2608261839,,,,,,,,,,,2.0,2.0
8469749057863403117-2608261808-15,7056,2608261852,2608261853,1,,S,S60,Stuttgart-Feuerbach|Stuttgart-Zuffenhausen|Neuwirtshaus(Porscheplatz)|Korntal|Weilimdorf|Ditzingen|Höfingen|Leonberg|Rutesheim|Renningen|Renningen Süd|Magstadt|Maichingen Nord|Maichingen,8005574,Sindelfingen,Baden-Württemberg,Sindelfingen,71063,8.999262079,48.70387346,6,2608261852,,2608261853,,,,,,,,,,,0.0,0.0
-1562578414121516264-2608261804-2,7053,2608261806,2608261807,1,,S,S60,Böblingen,8005574,Sindelfingen,Baden-Württemberg,Sindelfingen,71063,8.999262079,48.70387346,6,2608261807,,2608261807,,,,,,,,,,,1.0,0.0
6913806927060813312-2608261738-15,7054,2608261822,2608261823,1,,S,S60,Stuttgart-Feuerbach|Stuttgart-Zuffenhausen|Neuwirtshaus(Porscheplatz)|Korntal|Weilimdorf|Ditzingen|Höfingen|Leonberg|Rutesheim|Renningen|Renningen Süd|Magstadt|Maichingen Nord|Maichingen,8005574,Sindelfingen,Baden-Württemberg,Sindelfingen,71063,8.999262079,48.70387346,6,2608261827,,2608261827,,,,,,,,,,,5.0,4.0
1429301461184468535-2608261833-8,7257,2608261849,2608261849,2,,S,S2,Schorndorf|Weiler(Rems)|Winterbach(b Schorndorf)|Geradstetten|Grunbach|Beutelsbach|Endersbach,8005726,Stetten-Beinstein,Baden-Württemberg,Weinstadt,71384,9.352769725,48.81199601,5,2608261849,,2608261850,,h,1,Bauarbeiten,,,,,,,0.0,1.0
-8893689312291168022-2608261803-8,7255,2608261819,2608261819,2,,S,S2,Schorndorf|Weiler(Rems)|Winterbach(b Schorndorf)|Geradstetten|Grunbach|Beutelsbach|Endersbach,8005726,Stetten-Beinstein,Baden-Württemberg,Weinstadt,71384,9.352769725,48.81199601,5,2608261819,,2608261819,,h,1,Bauarbeiten,,,,,,,0.0,0.0
-3837214827250733369-2608261750-8,7250,2608261809,2608261809,1,,S,S2,Stuttgart Hbf|Stuttgart-Bad Cannstatt|Stuttgart Nürnberger Str.|Stuttgart-Sommerrain|Fellbach|Waiblingen|Rommelshausen,8005726,Stetten-Beinstein,Baden-Württemberg,Weinstadt,71384,9.352769725,48.81199601,5,2608261809,,2608261809,,h,1,Bauarbeiten,,,,,,,0.0,0.0
-6151685978027470608-2608261820-8,7252,2608261839,2608261839,1,,S,S2,Stuttgart Hbf|Stuttgart-Bad Cannstatt|Stuttgart Nürnberger Str.|Stuttgart-Sommerrain|Fellbach|Waiblingen|Rommelshausen,8005726,Stetten-Beinstein,Baden-Württemberg,Weinstadt,71384,9.352769725,48.81199601,5,2608261849,,2608261850,,h,1,Bauarbeiten,,,,,,,10.0,11.0
5807496118620218109-2608261850-1,7254,,2608261850,,,S,S2,,8000096,Stuttgart Hbf,Baden-Württemberg,Stuttgart,70173,9.183172973,48.78473069,1,,,2608261850,,h,1,Bauarbeiten,,,,,,,0.0,0.0
1832001237180997166-2608261713-16,19160,2608261816,,13,,ARV,,Geislingen(Steige)|Geislingen(Steige)West|Kuchen|Gingen(Fils)|Süßen|Salach|Eislingen(Fils)|Göppingen|Faurndau|Uhingen|Ebersbach(Fils)|Reichenbach(Fils)|Plochingen|Esslingen(Neckar)|Stuttgart-Bad Cannstatt,8000096,Stuttgart Hbf,Baden-Württemberg,Stuttgart,70173,9.183172973,48.78473069,1,2608261816,,,,,,,,,,,,,0.0,0.0
-7621325389408103009-2608261855-1,7156,,2608261855,,,S,S1,,8000096,Stuttgart Hbf,Baden-Württemberg,Stuttgart,70173,9.183172973,48.78473069,1,,,2608261855,,,,,,,,,,,0.0,0.0
-7874291830614799246-2608261820-1,19479,,2608261820,,,ARV,MEX13,,8000096,Stuttgart Hbf,Baden-Württemberg,Stuttgart,70173,9.183172973,48.78473069,1,,,2608261825,,h,2,Störung,,,,,,,0.0,5.0
5089820149948252230-2608261645-5,592,2608261843,2608261849,9,,ICE,,München Hbf|München-Pasing|Augsburg Hbf|Ulm Hbf,8000096,Stuttgart Hbf,Baden-Württemberg,Stuttgart,70173,9.183172973,48.78473069,1,2608261848,,2608261854,,,,,,,,,,,5.0,5.0
1652940217487198089-2608261706-5,2165,2608261803,2608261809,16,,IC,,Karlsruhe Hbf|Pforzheim Hbf|Mühlacker|Vaihingen(Enz),8000096,Stuttgart Hbf,Baden-Württemberg,Stuttgart,70173,9.183172973,48.78473069,1,,,2608261809,,h,1,Störung,,,,,c,,0.0,0.0
-6626143759029600200-2608261811-12,7355,2608261847,,4,,S,,Backnang|Maubach|Nellmersbach|Winnenden|Schwaikheim|Neustadt-Hohenacker|Waiblingen|Fellbach|Stuttgart-Sommerrain|Stuttgart Nürnberger Str.|Stuttgart-Bad Cannstatt,8000096,Stuttgart Hbf,Baden-Württemberg,Stuttgart,70173,9.183172973,48.78473069,1,2608261848,,,,,,,,,,,,,1.0,0.0
4820969402934611682-2608261839-1,4229,,2608261839,,,RE,RE5,,8000096,Stuttgart Hbf,Baden-Württemberg,Stuttgart,70173,9.183172973,48.78473069,1,,,2608261839,,h,2,Störung,,,,,,,0.0,0.0
-6247105267217407038-2608261817-1,7652,,2608261817,,,S,S6,,8000096,Stuttgart Hbf,Baden-Württemberg,Stuttgart,70173,9.183172973,48.78473069,1,,,2608261818,,,,,,,,,,,0.0,1.0
-2097101458669517459-2608261803-1,19163,,2608261803,,,ARV,MEX16,,8000096,Stuttgart Hbf,Baden-Württemberg,Stuttgart,70173,9.183172973,48.78473069,1,,,2608261804,,,,,,,,,,,0.0,1.0
-25694791224337844-2608261833-3,28492,2608261855,,7,,RE,,Böblingen|Stuttgart-Vaihingen,8000096,Stuttgart Hbf,Baden-Württemberg,Stuttgart,70173,9.183172973,48.78473069,1,2608261859,,,,,,,,,,,,,4.0,0.0
-7514222797057982526-2608261803-1,28493,,2608261803,,,RE,RESB,,8000096,Stuttgart Hbf,Baden-Württemberg,Stuttgart,70173,9.183172973,48.78473069,1,,,2608261804,,,,,,,,,,,0.0,1.0
4374010283059226194-2608261837-1,7452,,2608261837,,,S,S4,,8000096,Stuttgart Hbf,Baden-Württemberg,Stuttgart,70173,9.183172973,48.78473069,1,,,2608261838,,,,,,,,,,,0.0,1.0
-8091522237145489139-2608261707-12,19430,2608261809,,14,,ARV,,Aalen Hbf|Mögglingen(Gmünd)|Böbingen(Rems)|Schwäbisch Gmünd|Lorch(Württ)|Waldhausen(b Schorndorf)|Plüderhausen|Urbach(b Schorndorf)|Schorndorf|Waiblingen|Stuttgart-Bad Cannstatt,8000096,Stuttgart Hbf,Baden-Württemberg,Stuttgart,70173,9.183172973,48.78473069,1,2608261819,,,,,,,,,,,,,10.0,0.0
4340980155526291036-2608261857-1,7556,,2608261857,,,S,S5,,8000096,Stuttgart Hbf,Baden-Württemberg,Stuttgart,70173,9.183172973,48.78473069,1,,,2608261857,,h,2,Bauarbeiten,,,,,,,0.0,0.0
8060221707574655115-2608261816-1,17663,,2608261816,,,RE,RE14a,,8000096,Stuttgart Hbf,Baden-Württemberg,Stuttgart,70173,9.183172973,48.78473069,1,,,2608261817,,h,1,Störung,,,,,,,0.0,1.0
282043563582469991-2608261732-5,50484,2608261843,,8,,RE,,Oberndorf(Neckar)|Sulz(Neckar)|Horb|Bondorf(b Herrenberg),8000096,Stuttgart Hbf,Baden-Württemberg,Stuttgart,70173,9.183172973,48.78473069,1,,,,,h,2,Information,,,,,,,0.0,0.0
6772228088550316376-2608261851-1,19239,,2608261851,,,RE,MEX12,,8000096,Stuttgart Hbf,Baden-Württemberg,Stuttgart,70173,9.183172973,48.78473069,1,,,2608261852,12,h,2,Bauarbeiten,,,,,,,0.0,1.0
3675379070280033065-2608261842-1,19165,,2608261842,,,ARV,MEX16,,8000096,Stuttgart Hbf,Baden-Württemberg,Stuttgart,70173,9.183172973,48.78473069,1,,,2608261842,,,,,,,,,,,0.0,0.0
-4712401033279781929-2608261711-18,19480,2608261839,,14,,ARV,,Ellwangen|Schrezheim|Schwabsberg|Goldshöfe|Hofen(b Aalen)|Wasseralfingen|Aalen Hbf|Mögglingen(Gmünd)|Böbingen(Rems)|Schwäbisch Gmünd|Lorch(Württ)|Waldhausen(b Schorndorf)|Plüderhausen|Urbach(b Schorndorf)|Schorndorf|Waiblingen|Stuttgart-Bad Cannstatt,8000096,Stuttgart Hbf,Baden-Württemberg,Stuttgart,70173,9.183172973,48.78473069,1,2608261845,,,,,,,,,,,,,6.0,0.0
6091459659349657303-2608261605-13,4224,2608261822,,11,,RE,,Friedrichshafen Stadt|Meckenbeuren|Ravensburg|Aulendorf|Bad Schussenried|Biberach(Riß)|Laupheim West|Ulm Hbf|Geislingen(Steige)|Göppingen|Plochingen|Esslingen(Neckar),8000096,Stuttgart Hbf,Baden-Württemberg,Stuttgart,70173,9.183172973,48.78473069,1,2608261841,,,,h,2,Störung,,,,,,,19.0,0.0
-3899663222005632832-2608261846-1,19429,,2608261846,,,ARV,MEX13,,8000096,Stuttgart Hbf,Baden-Württemberg,Stuttgart,70173,9.183172973,48.78473069,1,,,2608261855,,,,,,,,,,,0.0,9.0
-5616503782233674976-2608261827-1,7554,,2608261827,,,S,S5,,8000096,Stuttgart Hbf,Baden-Württemberg,Stuttgart,70173,9.183172973,48.78473069,1,,,2608261827,,h,2,Bauarbeiten,,,,,,,0.0,0.0
4181353259517315832-2608261720-15,7153,2608261805,,4,,S,,Kirchheim(Teck)|Kirchheim(Teck)-Ötlingen|Wendlingen(Neckar)|Wernau(Neckar)|Plochingen|Altbach|Esslingen-Zell|Oberesslingen|Esslingen(Neckar)|Esslingen-Mettingen|Stuttgart-Obertürkheim|Stuttgart-Untertürkheim|Stuttgart Neckarpark|Stuttgart-Bad Cannstatt,8000096,Stuttgart Hbf,Baden-Württemberg,Stuttgart,70173,9.183172973,48.78473069,1,2608261808,,,,,,,,,,,,,3.0,0.0
-6153385815820538550-2608261825-1,7154,,2608261825,,,S,S1,,8000096,Stuttgart Hbf,Baden-Württemberg,Stuttgart,70173,9.183172973,48.78473069,1,,,2608261825,,,,,,,,,,,0.0,0.0
-5666972343065898100-2608261806-6,19683,2608261859,2608261906,15,,ARV,RE1,Karlsruhe Hbf|Karlsruhe-Durlach|Pforzheim Hbf|Mühlacker|Vaihingen(Enz),8000096,Stuttgart Hbf,Baden-Württemberg,Stuttgart,70173,9.183172973,48.78473069,1,2608261919,,2608261923,,r,,,,,,,,,20.0,17.0
6435385735889726026-2608261826-1,17549,,2608261826,,,RB,MEX90,,8000096,Stuttgart Hbf,Baden-Württemberg,Stuttgart,70173,9.183172973,48.78473069,1,,,2608261828,,h,2,Störung,,,,,,,0.0,2.0
-1367275710201177215-2608261828-1,50283,,2608261828,,,RE,IC87,,8000096,Stuttgart Hbf,Baden-Württemberg,Stuttgart,70173,9.183172973,48.78473069,1,,,,,h,2,Information,,,,,,c,0.0,0.0
1593541706884462408-2608261816-6,7555,2608261835,,2,,S,,Ludwigsburg|Kornwestheim Pbf|Stuttgart-Zuffenhausen|Stuttgart-Feuerbach|Stuttgart Nordbahnhof,8000096,Stuttgart Hbf,Baden-Württemberg,Stuttgart,70173,9.183172973,48.78473069,1,2608261835,,,,h,2,Bauarbeiten,,,,,,,0.0,0.0
7320244864426596786-2608261733-14,7453,2608261825,,1,,S,,Backnang|Burgstall(Murr)|Kirchberg(Murr)|Erdmannhausen|Marbach(Neckar)|Benningen(Neckar)|Freiberg(Neckar)|Favoritepark|Ludwigsburg|Kornwestheim Pbf|Stuttgart-Zuffenhausen|Stuttgart-Feuerbach|Stuttgart Nordbahnhof,8000096,Stuttgart Hbf,Baden-Württemberg,Stuttgart,70173,9.183172973,48.78473069,1,2608261825,,,,,,,,,,,,,0.0,0.0
-1939283154746192380-2608261733-14,7653,2608261815,,2,,S,,Weil der Stadt|Malmsheim|Renningen|Rutesheim|Leonberg|Höfingen|Ditzingen|Weilimdorf|Korntal|Neuwirtshaus(Porscheplatz)|Stuttgart-Zuffenhausen|Stuttgart-Feuerbach|Stuttgart Nordbahnhof,8000096,Stuttgart Hbf,Baden-Württemberg,Stuttgart,70173,9.183172973,48.78473069,1,2608261815,,,,,,,,,,,,,0.0,0.0
4741716309245589308-2608261854-1,88625,,2608261854,,,ARV,RE90,,8000096,Stuttgart Hbf,Baden-Württemberg,Stuttgart,70173,9.183172973,48.78473069,1,,,2608261858,15,r,,,,,,,,,0.0,4.0
8124393015929641593-2608261847-1,7654,,2608261847,,,S,S6,,8000096,Stuttgart Hbf,Baden-Württemberg,Stuttgart,70173,9.183172973,48.78473069,1,,,2608261848,,,,,,,,,,,0.0,1.0
830627416811346853-2608261733-15,7253,2608261810,,3,,S,,Schorndorf|Weiler(Rems)|Winterbach(b Schorndorf)|Geradstetten|Grunbach|Beutelsbach|Endersbach|Stetten-Beinstein|Rommelshausen|Waiblingen|Fellbach|Stuttgart-Sommerrain|Stuttgart Nürnberger Str.|Stuttgart-Bad Cannstatt,8000096,Stuttgart Hbf,Baden-Württemberg,Stuttgart,70173,9.183172973,48.78473069,1,2608261811,,,,h,1,Bauarbeiten,,,,,,,1.0,0.0
9021385494812675559-2608261145-13,611,2608261811,2608261817,15,,ICE,,Hamburg Hbf|Hamburg-Harburg|Bremen Hbf|Osnabrück Hbf|Münster(Westf)Hbf|Dortmund Hbf|Hagen Hbf|Wuppertal Hbf|Solingen Hbf|Köln Hbf|Frankfurt(M) Flughafen Fernbf|Mannheim Hbf,8000096,Stuttgart Hbf,Baden-Württemberg,Stuttgart,70173,9.183172973,48.78473069,1,2608261825,,2608261831,,h,3,Information,,,,,,,14.0,14.0
-8665436956296760567-2608261842-1,7354,,2608261842,,,S,S3,,8000096,Stuttgart Hbf,Baden-Württemberg,Stuttgart,70173,9.183172973,48.78473069,1,,,2608261842,,,,,,,,,,,0.0,0.0
3236478440337503700-2608261716-10,19240,2608261806,,8,,RE,,Reutlingen Hbf|Metzingen(Württ)|Bempflingen|Nürtingen|Oberboihingen|Wendlingen(Neckar)|Plochingen|Esslingen(Neckar)|Stuttgart-Bad Cannstatt,8000096,Stuttgart Hbf,Baden-Württemberg,Stuttgart,70173,9.183172973,48.78473069,1,2608261822,,,,h,2,Bauarbeiten,,,,,,,16.0,0.0
6107155057744408243-2608261816-1,17661,,2608261816,,,RE,RE14b,,8000096,Stuttgart Hbf,Baden-Württemberg,Stuttgart,70173,9.183172973,48.78473069,1,,,2608261817,,h,1,Störung,,,,,,,0.0,1.0
-8145608784389833884-2608261803-14,7455,2608261855,,2,,S,,Backnang|Burgstall(Murr)|Kirchberg(Murr)|Erdmannhausen|Marbach(Neckar)|Benningen(Neckar)|Freiberg(Neckar)|Favoritepark|Ludwigsburg|Kornwestheim Pbf|Stuttgart-Zuffenhausen|Stuttgart-Feuerbach|Stuttgart Nordbahnhof,8000096,Stuttgart Hbf,Baden-Württemberg,Stuttgart,70173,9.183172973,48.78473069,1,2608261855,,,,,,,,,,,,,0.0,0.0
-9080758848467359042-2608261746-6,7553,2608261805,,1,,S,,Ludwigsburg|Kornwestheim Pbf|Stuttgart-Zuffenhausen|Stuttgart-Feuerbach|Stuttgart Nordbahnhof,8000096,Stuttgart Hbf,Baden-Württemberg,Stuttgart,70173,9.183172973,48.78473069,1,2608261805,,,,h,2,Bauarbeiten,,,,,,,0.0,0.0
-390875939933573051-2608261812-1,7352,,2608261812,,,S,S3,,8000096,Stuttgart Hbf,Baden-Württemberg,Stuttgart,70173,9.183172973,48.78473069,1,,,2608261813,,,,,,,,,,,0.0,1.0
6706195267403165366-2608261703-10,17550,2608261802,,12,,RE,,Schwäbisch Hall-Hessental|Gaildorf West|Murrhardt|Sulzbach(Murr)|Oppenweiler(Württ)|Backnang|Winnenden|Waiblingen|Stuttgart-Bad Cannstatt,8000096,Stuttgart Hbf,Baden-Württemberg,Stuttgart,70173,9.183172973,48.78473069,1,2608261824,,,,h,2,Störung,,,,,,,22.0,0.0
3782211826500268266-2608261750-15,7155,2608261835,,4,,S,,Kirchheim(Teck)|Kirchheim(Teck)-Ötlingen|Wendlingen(Neckar)|Wernau(Neckar)|Plochingen|Altbach|Esslingen-Zell|Oberesslingen|Esslingen(Neckar)|Esslingen-Mettingen|Stuttgart-Obertürkheim|Stuttgart-Untertürkheim|Stuttgart Neckarpark|Stuttgart-Bad Cannstatt,8000096,Stuttgart Hbf,Baden-Württemberg,Stuttgart,70173,9.183172973,48.78473069,1,2608261835,,,,,,,,,,,,,0.0,0.0
5500172559625540133-2608261327-9,771,2608261838,,5,,ICE,,Hamburg Hbf|Hamburg-Harburg|Celle|Hannover Hbf|Göttingen|Kassel-Wilhelmshöhe|Frankfurt(Main)Hbf|Mannheim Hbf,8000096,Stuttgart Hbf,Baden-Württemberg,Stuttgart,70173,9.183172973,48.78473069,1,2608261917,10,,,h,2,Information,,,Hamburg Hbf|Hamburg-Harburg|Celle|Hannover Hbf|Göttingen|Kassel-Wilhelmshöhe|Frankfurt(Main)Hbf|Mannheim Hbf,,,,39.0,0.0
-6620729142639773140-2608261843-1,9570,,2608261843,,,TGV,,,8000096,Stuttgart Hbf,Baden-Württemberg,Stuttgart,70173,9.183172973,48.78473069,1,,,2608261844,,r,,,,,,,,,0.0,1.0
-588195592833779502-2608261803-14,7655,2608261845,,1,,S,,Weil der Stadt|Malmsheim|Renningen|Rutesheim|Leonberg|Höfingen|Ditzingen|Weilimdorf|Korntal|Neuwirtshaus(Porscheplatz)|Stuttgart-Zuffenhausen|Stuttgart-Feuerbach|Stuttgart Nordbahnhof,8000096,Stuttgart Hbf,Baden-Württemberg,Stuttgart,70173,9.183172973,48.78473069,1,2608261845,,,,,,,,,,,,,0.0,0.0
-1765610477773762300-2608261732-7,19025,2608261827,,7,,ARV,,Karlsruhe Hbf|Karlsruhe-Durlach|Wilferdingen-Singen|Pforzheim Hbf|Mühlacker|Vaihingen(Enz),8000096,Stuttgart Hbf,Baden-Württemberg,Stuttgart,70173,9.183172973,48.78473069,1,2608261833,,,,r,,,,,,,,,6.0,0.0
8184367394695683252-2608261828-1,2563,,2608261828,,,IC,,,8000096,Stuttgart Hbf,Baden-Württemberg,Stuttgart,70173,9.183172973,48.78473069,1,,,2608261828,,h,2,Information,,,,,,,0.0,0.0
2351786663301758546-2608261807-1,7450,,2608261807,,,S,S4,,8000096,Stuttgart Hbf,Baden-Württemberg,Stuttgart,70173,9.183172973,48.78473069,1,,,2608261807,,,,,,,,,,,0.0,0.0
-1191369405205236706-2608261711-6,19682,2608261850,2608261859,10,,ARV,RE1,Crailsheim|Ellwangen|Aalen Hbf|Schwäbisch Gmünd|Schorndorf,8000096,Stuttgart Hbf,Baden-Württemberg,Stuttgart,70173,9.183172973,48.78473069,1,2608261855,11,2608261859,11,r,,,,,,,,,5.0,0.0
4328573071061192908-2608261741-12,7353,2608261817,,4,,S,,Backnang|Maubach|Nellmersbach|Winnenden|Schwaikheim|Neustadt-Hohenacker|Waiblingen|Fellbach|Stuttgart-Sommerrain|Stuttgart Nürnberger Str.|Stuttgart-Bad Cannstatt,8000096,Stuttgart Hbf,Baden-Württemberg,Stuttgart,70173,9.183172973,48.78473069,1,2608261817,,,,,,,,,,,,,0.0,0.0
3695793028752779188-2608261732-11,17554,2608261832,,10,,RB,,Gaildorf West|Fichtenberg|Fornsbach|Murrhardt|Sulzbach(Murr)|Oppenweiler(Württ)|Backnang|Winnenden|Waiblingen|Stuttgart-Bad Cannstatt,8000096,Stuttgart Hbf,Baden-Württemberg,Stuttgart,70173,9.183172973,48.78473069,1,2608261852,,,,,,,,,,,,,20.0,0.0
-6105253112859594542-2608261832-1,19026,,2608261832,,,ARV,RE1,,8000096,Stuttgart Hbf,Baden-Württemberg,Stuttgart,70173,9.183172973,48.78473069,1,,,2608261832,,r,,,,,,,,,0.0,0.0
7532390935065680249-2608261732-5,2504,2608261843,,8,,IC,,Oberndorf(Neckar)|Sulz(Neckar)|Horb|Bondorf(b Herrenberg),8000096,Stuttgart Hbf,Baden-Württemberg,Stuttgart,70173,9.183172973,48.78473069,1,2608261842,,,,h,2,Information,,,,,,,-1.0,0.0
-8893689312291168022-2608261803-15,7255,2608261840,,3,,S,,Schorndorf|Weiler(Rems)|Winterbach(b Schorndorf)|Geradstetten|Grunbach|Beutelsbach|Endersbach|Stetten-Beinstein|Rommelshausen|Waiblingen|Fellbach|Stuttgart-Sommerrain|Stuttgart Nürnberger Str.|Stuttgart-Bad Cannstatt,8000096,Stuttgart Hbf,Baden-Württemberg,Stuttgart,70173,9.183172973,48.78473069,1,2608261840,,,,h,1,Bauarbeiten,,,,,,,0.0,0.0
-6151685978027470608-2608261820-1,7252,,2608261820,,,S,S2,,8000096,Stuttgart Hbf,Baden-Württemberg,Stuttgart,70173,9.183172973,48.78473069,1,,,2608261820,,h,1,Bauarbeiten,,,,,,,0.0,0.0
7027165358659779617-2608261748-16,19162,2608261853,,13,,ARV,,Geislingen(Steige)|Geislingen(Steige)West|Kuchen|Gingen(Fils)|Süßen|Salach|Eislingen(Fils)|Göppingen|Faurndau|Uhingen|Ebersbach(Fils)|Reichenbach(Fils)|Plochingen|Esslingen(Neckar)|Stuttgart-Bad Cannstatt,8000096,Stuttgart Hbf,Baden-Württemberg,Stuttgart,70173,9.183172973,48.78473069,1,2608261858,,,,,,,,,,,,,5.0,0.0
-6153385815820538550-2608261825-3,7154,2608261832,2608261832,2,,S,S1,Stuttgart Hbf|Stuttgart-Bad Cannstatt,8006743,Stuttgart Neckarpark,Baden-Württemberg,Stuttgart,70372,9.24106855,48.79194362,4,2608261832,,2608261832,,,,,,,,,,,0.0,0.0
6868740163494159359-2608261755-3,7152,2608261802,2608261802,2,,S,S1,Stuttgart Hbf|Stuttgart-Bad Cannstatt,8006743,Stuttgart Neckarpark,Baden-Württemberg,Stuttgart,70372,9.24106855,48.79194362,4,2608261802,,2608261802,,,,,,,,,,,0.0,0.0
3782211826500268266-2608261750-13,7155,2608261827,2608261827,1,,S,S1,Kirchheim(Teck)|Kirchheim(Teck)-Ötlingen|Wendlingen(Neckar)|Wernau(Neckar)|Plochingen|Altbach|Esslingen-Zell|Oberesslingen|Esslingen(Neckar)|Esslingen-Mettingen|Stuttgart-Obertürkheim|Stuttgart-Untertürkheim,8006743,Stuttgart Neckarpark,Baden-Württemberg,Stuttgart,70372,9.24106855,48.79194362,4,2608261828,,2608261828,,,,,,,,,,,1.0,1.0
-4384940379958233889-2608261820-13,7157,2608261857,2608261857,1,,S,S1,Kirchheim(Teck)|Kirchheim(Teck)-Ötlingen|Wendlingen(Neckar)|Wernau(Neckar)|Plochingen|Altbach|Esslingen-Zell|Oberesslingen|Esslingen(Neckar)|Esslingen-Mettingen|Stuttgart-Obertürkheim|Stuttgart-Untertürkheim,8006743,Stuttgart Neckarpark,Baden-Württemberg,Stuttgart,70372,9.24106855,48.79194362,4,2608261857,,2608261857,,,,,,,,,,,0.0,0.0
-6247105267217407038-2608261817-2,7652,2608261820,2608261822,3,,S,S6,Stuttgart Hbf,8005767,Stuttgart Nord,Baden-Württemberg,Stuttgard-Nord,70174,9.188061449,48.80374161,5,2608261822,,2608261822,,,,,,,,,,,2.0,0.0
4374010283059226194-2608261837-2,7452,2608261840,2608261841,3,,S,S4,Stuttgart Hbf,8005767,Stuttgart Nord,Baden-Württemberg,Stuttgard-Nord,70174,9.188061449,48.80374161,5,2608261842,,2608261842,,,,,,,,,,,2.0,1.0
-5616503782233674976-2608261827-2,7554,2608261830,2608261831,3,,S,S5,Stuttgart Hbf,8005767,Stuttgart Nord,Baden-Württemberg,Stuttgard-Nord,70174,9.188061449,48.80374161,5,2608261831,,2608261832,,h,2,Bauarbeiten,,,,,,,1.0,1.0
1593541706884462408-2608261816-5,7555,2608261829,2608261831,4,,S,S5,Ludwigsburg|Kornwestheim Pbf|Stuttgart-Zuffenhausen|Stuttgart-Feuerbach,8005767,Stuttgart Nord,Baden-Württemberg,Stuttgard-Nord,70174,9.188061449,48.80374161,5,2608261829,,2608261831,,h,2,Bauarbeiten,,,,,,,0.0,0.0
7320244864426596786-2608261733-13,7453,2608261819,2608261821,4,,S,S4,Backnang|Burgstall(Murr)|Kirchberg(Murr)|Erdmannhausen|Marbach(Neckar)|Benningen(Neckar)|Freiberg(Neckar)|Favoritepark|Ludwigsburg|Kornwestheim Pbf|Stuttgart-Zuffenhausen|Stuttgart-Feuerbach,8005767,Stuttgart Nord,Baden-Württemberg,Stuttgard-Nord,70174,9.188061449,48.80374161,5,2608261820,,2608261821,,,,,,,,,,,1.0,0.0
-1939283154746192380-2608261733-13,7653,2608261809,2608261811,4,,S,S6,Weil der Stadt|Malmsheim|Renningen|Rutesheim|Leonberg|Höfingen|Ditzingen|Weilimdorf|Korntal|Neuwirtshaus(Porscheplatz)|Stuttgart-Zuffenhausen|Stuttgart-Feuerbach,8005767,Stuttgart Nord,Baden-Württemberg,Stuttgard-Nord,70174,9.188061449,48.80374161,5,2608261809,,2608261811,,,,,,,,,,,0.0,0.0
8124393015929641593-2608261847-2,7654,2608261850,2608261852,3,,S,S6,Stuttgart Hbf,8005767,Stuttgart Nord,Baden-Württemberg,Stuttgard-Nord,70174,9.188061449,48.80374161,5,2608261852,,2608261852,,,,,,,,,,,2.0,0.0
-8145608784389833884-2608261803-13,7455,2608261849,2608261851,4,,S,S4,Backnang|Burgstall(Murr)|Kirchberg(Murr)|Erdmannhausen|Marbach(Neckar)|Benningen(Neckar)|Freiberg(Neckar)|Favoritepark|Ludwigsburg|Kornwestheim Pbf|Stuttgart-Zuffenhausen|Stuttgart-Feuerbach,8005767,Stuttgart Nord,Baden-Württemberg,Stuttgard-Nord,70174,9.188061449,48.80374161,5,2608261849,,2608261852,,,,,,,,,,,0.0,1.0
-9080758848467359042-2608261746-5,7553,2608261759,2608261801,4,,S,S5,Ludwigsburg|Kornwestheim Pbf|Stuttgart-Zuffenhausen|Stuttgart-Feuerbach,8005767,Stuttgart Nord,Baden-Württemberg,Stuttgard-Nord,70174,9.188061449,48.80374161,5,2608261759,,2608261801,,h,2,Bauarbeiten,,,,,,,0.0,0.0
-588195592833779502-2608261803-13,7655,2608261839,2608261841,4,,S,S6,Weil der Stadt|Malmsheim|Renningen|Rutesheim|Leonberg|Höfingen|Ditzingen|Weilimdorf|Korntal|Neuwirtshaus(Porscheplatz)|Stuttgart-Zuffenhausen|Stuttgart-Feuerbach,8005767,Stuttgart Nord,Baden-Württemberg,Stuttgard-Nord,70174,9.188061449,48.80374161,5,2608261839,,2608261841,,,,,,,,,,,0.0,0.0
1284839978881194831-2608261846-5,7557,2608261859,2608261901,4,,S,S5,Ludwigsburg|Kornwestheim Pbf|Stuttgart-Zuffenhausen|Stuttgart-Feuerbach,8005767,Stuttgart Nord,Baden-Württemberg,Stuttgard-Nord,70174,9.188061449,48.80374161,5,2608261859,,2608261901,,h,2,Bauarbeiten,,,,,,,0.0,0.0
2351786663301758546-2608261807-2,7450,2608261810,2608261811,3,,S,S4,Stuttgart Hbf,8005767,Stuttgart Nord,Baden-Württemberg,Stuttgard-Nord,70174,9.188061449,48.80374161,5,2608261810,,2608261811,,,,,,,,,,,0.0,0.0
-6425549372536903526-2608261757-2,7552,2608261800,2608261801,3,,S,S5,Stuttgart Hbf,8005767,Stuttgart Nord,Baden-Württemberg,Stuttgard-Nord,70174,9.188061449,48.80374161,5,2608261801,,2608261801,,h,2,Bauarbeiten,,,,,,,1.0,0.0
5807496118620218109-2608261850-3,7254,2608261857,2608261857,4,,S,S2,Stuttgart Hbf|Stuttgart-Bad Cannstatt,8004357,Stuttgart Nürnberger Straße,Baden-Württemberg,Stuttgart,70374,9.234576905,48.80656062,5,2608261857,,2608261858,,h,1,Bauarbeiten,,,,,,,0.0,1.0
-6626143759029600200-2608261811-10,7355,2608261837,2608261838,1,,S,S3,Backnang|Maubach|Nellmersbach|Winnenden|Schwaikheim|Neustadt-Hohenacker|Waiblingen|Fellbach|Stuttgart-Sommerrain,8004357,Stuttgart Nürnberger Straße,Baden-Württemberg,Stuttgart,70374,9.234576905,48.80656062,5,2608261837,,2608261838,,,,,,,,,,,0.0,0.0
830627416811346853-2608261733-13,7253,2608261802,2608261803,1,,S,S2,Schorndorf|Weiler(Rems)|Winterbach(b Schorndorf)|Geradstetten|Grunbach|Beutelsbach|Endersbach|Stetten-Beinstein|Rommelshausen|Waiblingen|Fellbach|Stuttgart-Sommerrain,8004357,Stuttgart Nürnberger Straße,Baden-Württemberg,Stuttgart,70374,9.234576905,48.80656062,5,2608261802,,2608261803,,h,1,Bauarbeiten,,,,,,,0.0,0.0
-8665436956296760567-2608261842-3,7354,2608261852,2608261852,4,,S,S3,Stuttgart Hbf|Stuttgart-Bad Cannstatt,8004357,Stuttgart Nürnberger Straße,Baden-Württemberg,Stuttgart,70374,9.234576905,48.80656062,5,2608261852,,2608261852,,,,,,,,,,,0.0,0.0
-390875939933573051-2608261812-3,7352,2608261822,2608261822,4,,S,S3,Stuttgart Hbf|Stuttgart-Bad Cannstatt,8004357,Stuttgart Nürnberger Straße,Baden-Württemberg,Stuttgart,70374,9.234576905,48.80656062,5,2608261824,,2608261824,,,,,,,,,,,2.0,2.0
4328573071061192908-2608261741-10,7353,2608261807,2608261808,1,,S,S3,Backnang|Maubach|Nellmersbach|Winnenden|Schwaikheim|Neustadt-Hohenacker|Waiblingen|Fellbach|Stuttgart-Sommerrain,8004357,Stuttgart Nürnberger Straße,Baden-Württemberg,Stuttgart,70374,9.234576905,48.80656062,5,2608261807,,2608261808,,,,,,,,,,,0.0,0.0
-8893689312291168022-2608261803-13,7255,2608261832,2608261833,1,,S,S2,Schorndorf|Weiler(Rems)|Winterbach(b Schorndorf)|Geradstetten|Grunbach|Beutelsbach|Endersbach|Stetten-Beinstein|Rommelshausen|Waiblingen|Fellbach|Stuttgart-Sommerrain,8004357,Stuttgart Nürnberger Straße,Baden-Württemberg,Stuttgart,70374,9.234576905,48.80656062,5,2608261832,,2608261833,,h,1,Bauarbeiten,,,,,,,0.0,0.0
-6151685978027470608-2608261820-3,7252,2608261827,2608261827,4,,S,S2,Stuttgart Hbf|Stuttgart-Bad Cannstatt,8004357,Stuttgart Nürnberger Straße,Baden-Württemberg,Stuttgart,70374,9.234576905,48.80656062,5,2608261828,,2608261833,,h,1,Bauarbeiten,,,,,,,1.0,6.0
5807496118620218109-2608261850-2,7254,2608261854,2608261854,3,,S,S2,Stuttgart Hbf,8005769,Stuttgart-Bad Cannstatt,Baden-Württemberg,Stuttgart,70372,9.217468636,48.80127978,3,2608261854,,2608261855,,h,1,Bauarbeiten,,,,,,,0.0,1.0
1832001237180997166-2608261713-15,19160,2608261811,2608261812,5,,ARV,MEX16,Geislingen(Steige)|Geislingen(Steige)West|Kuchen|Gingen(Fils)|Süßen|Salach|Eislingen(Fils)|Göppingen|Faurndau|Uhingen|Ebersbach(Fils)|Reichenbach(Fils)|Plochingen|Esslingen(Neckar),8005769,Stuttgart-Bad Cannstatt,Baden-Württemberg,Stuttgart,70372,9.217468636,48.80127978,3,2608261811,,2608261812,,,,,,,,,,,0.0,0.0
-7621325389408103009-2608261855-2,7156,2608261858,2608261859,3,,S,S1,Stuttgart Hbf,8005769,Stuttgart-Bad Cannstatt,Baden-Württemberg,Stuttgart,70372,9.217468636,48.80127978,3,2608261859,,2608261900,,,,,,,,,,,1.0,1.0
-7874291830614799246-2608261820-2,19479,2608261823,2608261825,7,,ARV,MEX13,Stuttgart Hbf,8005769,Stuttgart-Bad Cannstatt,Baden-Württemberg,Stuttgart,70372,9.217468636,48.80127978,3,2608261829,,2608261829,,h,2,Störung,,,,,,,6.0,4.0
-6626143759029600200-2608261811-11,7355,2608261841,2608261843,2,,S,S3,Backnang|Maubach|Nellmersbach|Winnenden|Schwaikheim|Neustadt-Hohenacker|Waiblingen|Fellbach|Stuttgart-Sommerrain|Stuttgart Nürnberger Str.,8005769,Stuttgart-Bad Cannstatt,Baden-Württemberg,Stuttgart,70372,9.217468636,48.80127978,3,2608261841,,2608261845,,,,,,,,,,,0.0,2.0
-2097101458669517459-2608261803-2,19163,2608261806,2608261808,8,,ARV,MEX16,Stuttgart Hbf,8005769,Stuttgart-Bad Cannstatt,Baden-Württemberg,Stuttgart,70372,9.217468636,48.80127978,3,2608261807,,2608261809,,,,,,,,,,,1.0,1.0
-8091522237145489139-2608261707-11,19430,2608261805,2608261805,6,,ARV,MEX13,Aalen Hbf|Mögglingen(Gmünd)|Böbingen(Rems)|Schwäbisch Gmünd|Lorch(Württ)|Waldhausen(b Schorndorf)|Plüderhausen|Urbach(b Schorndorf)|Schorndorf|Waiblingen,8005769,Stuttgart-Bad Cannstatt,Baden-Württemberg,Stuttgart,70372,9.217468636,48.80127978,3,2608261813,,2608261815,,,,,,,,,,,8.0,10.0
6772228088550316376-2608261851-2,19239,2608261855,2608261855,8,,RE,MEX12,Stuttgart Hbf,8005769,Stuttgart-Bad Cannstatt,Baden-Württemberg,Stuttgart,70372,9.217468636,48.80127978,3,2608261857,4,2608261858,4,h,2,Bauarbeiten,,,,,,,2.0,3.0
3675379070280033065-2608261842-2,19165,2608261845,2608261846,8,,ARV,MEX16,Stuttgart Hbf,8005769,Stuttgart-Bad Cannstatt,Baden-Württemberg,Stuttgart,70372,9.217468636,48.80127978,3,2608261848,4,2608261849,4,,,,,,,,,,3.0,3.0
-4712401033279781929-2608261711-17,19480,2608261835,2608261835,6,,ARV,MEX13,Ellwangen|Schrezheim|Schwabsberg|Goldshöfe|Hofen(b Aalen)|Wasseralfingen|Aalen Hbf|Mögglingen(Gmünd)|Böbingen(Rems)|Schwäbisch Gmünd|Lorch(Württ)|Waldhausen(b Schorndorf)|Plüderhausen|Urbach(b Schorndorf)|Schorndorf|Waiblingen,8005769,Stuttgart-Bad Cannstatt,Baden-Württemberg,Stuttgart,70372,9.217468636,48.80127978,3,2608261837,,2608261840,,,,,,,,,,,2.0,5.0
-3899663222005632832-2608261846-2,19429,2608261850,2608261852,7,,ARV,MEX13,Stuttgart Hbf,8005769,Stuttgart-Bad Cannstatt,Baden-Württemberg,Stuttgart,70372,9.217468636,48.80127978,3,2608261859,,2608261900,,,,,,,,,,,9.0,8.0
4181353259517315832-2608261720-14,7153,2608261800,2608261801,2,,S,S1,Kirchheim(Teck)|Kirchheim(Teck)-Ötlingen|Wendlingen(Neckar)|Wernau(Neckar)|Plochingen|Altbach|Esslingen-Zell|Oberesslingen|Esslingen(Neckar)|Esslingen-Mettingen|Stuttgart-Obertürkheim|Stuttgart-Untertürkheim|Stuttgart Neckarpark,8005769,Stuttgart-Bad Cannstatt,Baden-Württemberg,Stuttgart,70372,9.217468636,48.80127978,3,2608261804,,2608261805,,,,,,,,,,,4.0,4.0
-6153385815820538550-2608261825-2,7154,2608261828,2608261829,3,,S,S1,Stuttgart Hbf,8005769,Stuttgart-Bad Cannstatt,Baden-Württemberg,Stuttgart,70372,9.217468636,48.80127978,3,2608261830,,2608261830,,,,,,,,,,,2.0,1.0
6435385735889726026-2608261826-2,17549,2608261829,2608261830,7,,RB,MEX90,Stuttgart Hbf,8005769,Stuttgart-Bad Cannstatt,Baden-Württemberg,Stuttgart,70372,9.217468636,48.80127978,3,2608261832,,2608261833,,h,2,Störung,,,,,,,3.0,3.0
4741716309245589308-2608261854-2,88625,2608261857,2608261901,7,,ARV,RE90,Stuttgart Hbf,8005769,Stuttgart-Bad Cannstatt,Baden-Württemberg,Stuttgart,70372,9.217468636,48.80127978,3,2608261903,,2608261904,,r,,,,,,,,,6.0,3.0
830627416811346853-2608261733-14,7253,2608261805,2608261806,2,,S,S2,Schorndorf|Weiler(Rems)|Winterbach(b Schorndorf)|Geradstetten|Grunbach|Beutelsbach|Endersbach|Stetten-Beinstein|Rommelshausen|Waiblingen|Fellbach|Stuttgart-Sommerrain|Stuttgart Nürnberger Str.,8005769,Stuttgart-Bad Cannstatt,Baden-Württemberg,Stuttgart,70372,9.217468636,48.80127978,3,2608261807,,2608261808,,h,1,Bauarbeiten,,,,,,,2.0,2.0
-8665436956296760567-2608261842-2,7354,2608261846,2608261849,3,,S,S3,Stuttgart Hbf,8005769,Stuttgart-Bad Cannstatt,Baden-Württemberg,Stuttgart,70372,9.217468636,48.80127978,3,2608261846,,2608261849,,,,,,,,,,,0.0,0.0
3236478440337503700-2608261716-9,19240,2608261802,2608261802,5,,RE,MEX12,Reutlingen Hbf|Metzingen(Württ)|Bempflingen|Nürtingen|Oberboihingen|Wendlingen(Neckar)|Plochingen|Esslingen(Neckar),8005769,Stuttgart-Bad Cannstatt,Baden-Württemberg,Stuttgart,70372,9.217468636,48.80127978,3,2608261813,1,2608261818,1,h,2,Bauarbeiten,,,,,,,11.0,16.0
-390875939933573051-2608261812-2,7352,2608261816,2608261819,3,,S,S3,Stuttgart Hbf,8005769,Stuttgart-Bad Cannstatt,Baden-Württemberg,Stuttgart,70372,9.217468636,48.80127978,3,2608261821,,2608261821,,,,,,,,,,,5.0,2.0
3782211826500268266-2608261750-14,7155,2608261830,2608261831,2,,S,S1,Kirchheim(Teck)|Kirchheim(Teck)-Ötlingen|Wendlingen(Neckar)|Wernau(Neckar)|Plochingen|Altbach|Esslingen-Zell|Oberesslingen|Esslingen(Neckar)|Esslingen-Mettingen|Stuttgart-Obertürkheim|Stuttgart-Untertürkheim|Stuttgart Neckarpark,8005769,Stuttgart-Bad Cannstatt,Baden-Württemberg,Stuttgart,70372,9.217468636,48.80127978,3,2608261830,,2608261831,,,,,,,,,,,0.0,0.0
9144716824704701089-2608261638-19,88620,2608261858,2608261859,6,,ARV,RE90,Nürnberg Hbf|Roßtal|Heilsbronn|Wicklesgreuth|Ansbach|Leutershausen-Wiedersbach|Dombühl|Schnelldorf|Crailsheim|Eckartshausen-Ilshofen|Schwäbisch Hall-Hessental|Gaildorf West|Murrhardt|Sulzbach(Murr)|Oppenweiler(Württ)|Backnang|Winnenden|Waiblingen,8005769,Stuttgart-Bad Cannstatt,Baden-Württemberg,Stuttgart,70372,9.217468636,48.80127978,3,2608261944,,2608261945,,,,,,1,Nürnberg Hbf|Roßtal|Heilsbronn|Wicklesgreuth|Ansbach|Leutershausen-Wiedersbach|Dombühl|Schnelldorf|Crailsheim|Eckartshausen-Ilshofen|Schwäbisch Hall-Hessental|Gaildorf West|Murrhardt|Sulzbach(Murr)|Oppenweiler(Württ)|Backnang|Winnenden|Waiblingen,Stuttgart Hbf,,,46.0,46.0
4328573071061192908-2608261741-11,7353,2608261811,2608261813,2,,S,S3,Backnang|Maubach|Nellmersbach|Winnenden|Schwaikheim|Neustadt-Hohenacker|Waiblingen|Fellbach|Stuttgart-Sommerrain|Stuttgart Nürnberger Str.,8005769,Stuttgart-Bad Cannstatt,Baden-Württemberg,Stuttgart,70372,9.217468636,48.80127978,3,2608261811,,2608261813,,,,,,,,,,,0.0,0.0
3695793028752779188-2608261732-10,17554,2608261828,2608261828,6,,RB,MEX19,Gaildorf West|Fichtenberg|Fornsbach|Murrhardt|Sulzbach(Murr)|Oppenweiler(Württ)|Backnang|Winnenden|Waiblingen,8005769,Stuttgart-Bad Cannstatt,Baden-Württemberg,Stuttgart,70372,9.217468636,48.80127978,3,2608261846,,2608261849,,,,,,,,,,,18.0,21.0
-8893689312291168022-2608261803-14,7255,2608261835,2608261836,2,,S,S2,Schorndorf|Weiler(Rems)|Winterbach(b Schorndorf)|Geradstetten|Grunbach|Beutelsbach|Endersbach|Stetten-Beinstein|Rommelshausen|Waiblingen|Fellbach|Stuttgart-Sommerrain|Stuttgart Nürnberger Str.,8005769,Stuttgart-Bad Cannstatt,Baden-Württemberg,Stuttgart,70372,9.217468636,48.80127978,3,2608261836,,2608261836,,h,1,Bauarbeiten,,,,,,,1.0,0.0
-6151685978027470608-2608261820-2,7252,2608261824,2608261824,3,,S,S2,Stuttgart Hbf,8005769,Stuttgart-Bad Cannstatt,Baden-Württemberg,Stuttgart,70372,9.217468636,48.80127978,3,2608261825,,2608261825,,h,1,Bauarbeiten,,,,,,,1.0,1.0
7027165358659779617-2608261748-15,19162,2608261846,2608261849,5,,ARV,MEX16,Geislingen(Steige)|Geislingen(Steige)West|Kuchen|Gingen(Fils)|Süßen|Salach|Eislingen(Fils)|Göppingen|Faurndau|Uhingen|Ebersbach(Fils)|Reichenbach(Fils)|Plochingen|Esslingen(Neckar),8005769,Stuttgart-Bad Cannstatt,Baden-Württemberg,Stuttgart,70372,9.217468636,48.80127978,3,2608261849,1,2608261854,1,,,,,,,,,,3.0,5.0
-6247105267217407038-2608261817-3,7652,2608261824,2608261824,2,,S,S6,Stuttgart Hbf|Stuttgart Nordbahnhof,8005770,Stuttgart-Feuerbach,Baden-Württemberg,Feuerbach,70469,9.169186287,48.81363554,3,2608261824,,2608261825,,,,,,,,,,,0.0,1.0
4374010283059226194-2608261837-3,7452,2608261843,2608261844,2,,S,S4,Stuttgart Hbf|Stuttgart Nordbahnhof,8005770,Stuttgart-Feuerbach,Baden-Württemberg,Feuerbach,70469,9.169186287,48.81363554,3,2608261844,,2608261845,,,,,,,,,,,1.0,1.0
-5616503782233674976-2608261827-3,7554,2608261833,2608261834,2,,S,S5,Stuttgart Hbf|Stuttgart Nordbahnhof,8005770,Stuttgart-Feuerbach,Baden-Württemberg,Feuerbach,70469,9.169186287,48.81363554,3,2608261833,,2608261834,,h,2,Bauarbeiten,,,,,,,0.0,0.0
1593541706884462408-2608261816-4,7555,2608261826,2608261826,1,,S,S5,Ludwigsburg|Kornwestheim Pbf|Stuttgart-Zuffenhausen,8005770,Stuttgart-Feuerbach,Baden-Württemberg,Feuerbach,70469,9.169186287,48.81363554,3,2608261826,,2608261827,,h,2,Bauarbeiten,,,,,,,0.0,1.0
1999917199815931661-2608261838-1,7058,,2608261838,,,S,S60,,8005770,Stuttgart-Feuerbach,Baden-Württemberg,Feuerbach,70469,9.169186287,48.81363554,3,,,2608261838,,,,,,,,,,,0.0,0.0
7320244864426596786-2608261733-12,7453,2608261816,2608261817,1,,S,S4,Backnang|Burgstall(Murr)|Kirchberg(Murr)|Erdmannhausen|Marbach(Neckar)|Benningen(Neckar)|Freiberg(Neckar)|Favoritepark|Ludwigsburg|Kornwestheim Pbf|Stuttgart-Zuffenhausen,8005770,Stuttgart-Feuerbach,Baden-Württemberg,Feuerbach,70469,9.169186287,48.81363554,3,2608261817,,2608261818,,,,,,,,,,,1.0,1.0
-1939283154746192380-2608261733-12,7653,2608261806,2608261806,1,,S,S6,Weil der Stadt|Malmsheim|Renningen|Rutesheim|Leonberg|Höfingen|Ditzingen|Weilimdorf|Korntal|Neuwirtshaus(Porscheplatz)|Stuttgart-Zuffenhausen,8005770,Stuttgart-Feuerbach,Baden-Württemberg,Feuerbach,70469,9.169186287,48.81363554,3,2608261806,,2608261806,,,,,,,,,,,0.0,0.0
-106780477750529587-2608261734-16,7051,2608261821,,1a,,S,,Böblingen|Sindelfingen|Maichingen|Maichingen Nord|Magstadt|Renningen Süd|Renningen|Rutesheim|Leonberg|Höfingen|Ditzingen|Weilimdorf|Korntal|Neuwirtshaus(Porscheplatz)|Stuttgart-Zuffenhausen,8005770,Stuttgart-Feuerbach,Baden-Württemberg,Feuerbach,70469,9.169186287,48.81363554,3,2608261824,,,,,,,,,,,,,3.0,0.0
8124393015929641593-2608261847-3,7654,2608261854,2608261854,2,,S,S6,Stuttgart Hbf|Stuttgart Nordbahnhof,8005770,Stuttgart-Feuerbach,Baden-Württemberg,Feuerbach,70469,9.169186287,48.81363554,3,2608261854,,2608261854,,,,,,,,,,,0.0,0.0
-8145608784389833884-2608261803-12,7455,2608261846,2608261847,1,,S,S4,Backnang|Burgstall(Murr)|Kirchberg(Murr)|Erdmannhausen|Marbach(Neckar)|Benningen(Neckar)|Freiberg(Neckar)|Favoritepark|Ludwigsburg|Kornwestheim Pbf|Stuttgart-Zuffenhausen,8005770,Stuttgart-Feuerbach,Baden-Württemberg,Feuerbach,70469,9.169186287,48.81363554,3,2608261847,,2608261847,,,,,,,,,,,1.0,0.0
8469749057863403117-2608261808-1,7056,,2608261808,,,S,S60,,8005770,Stuttgart-Feuerbach,Baden-Württemberg,Feuerbach,70469,9.169186287,48.81363554,3,,,2608261809,,,,,,,,,,,0.0,1.0
-588195592833779502-2608261803-12,7655,2608261836,2608261836,1,,S,S6,Weil der Stadt|Malmsheim|Renningen|Rutesheim|Leonberg|Höfingen|Ditzingen|Weilimdorf|Korntal|Neuwirtshaus(Porscheplatz)|Stuttgart-Zuffenhausen,8005770,Stuttgart-Feuerbach,Baden-Württemberg,Feuerbach,70469,9.169186287,48.81363554,3,2608261836,,2608261836,,,,,,,,,,,0.0,0.0
1284839978881194831-2608261846-4,7557,2608261856,2608261856,1,,S,S5,Ludwigsburg|Kornwestheim Pbf|Stuttgart-Zuffenhausen,8005770,Stuttgart-Feuerbach,Baden-Württemberg,Feuerbach,70469,9.169186287,48.81363554,3,2608261856,,2608261856,,h,2,Bauarbeiten,,,,,,,0.0,0.0
2351786663301758546-2608261807-3,7450,2608261813,2608261814,2,,S,S4,Stuttgart Hbf|Stuttgart Nordbahnhof,8005770,Stuttgart-Feuerbach,Baden-Württemberg,Feuerbach,70469,9.169186287,48.81363554,3,2608261813,,2608261814,,,,,,,,,,,0.0,0.0
-6425549372536903526-2608261757-3,7552,2608261803,2608261804,2,,S,S5,Stuttgart Hbf|Stuttgart Nordbahnhof,8005770,Stuttgart-Feuerbach,Baden-Württemberg,Feuerbach,70469,9.169186287,48.81363554,3,2608261803,,2608261804,,h,2,Bauarbeiten,,,,,,,0.0,0.0
-1562578414121516264-2608261804-16,7053,2608261851,,1a,,S,,Böblingen|Sindelfingen|Maichingen|Maichingen Nord|Magstadt|Renningen Süd|Renningen|Rutesheim|Leonberg|Höfingen|Ditzingen|Weilimdorf|Korntal|Neuwirtshaus(Porscheplatz)|Stuttgart-Zuffenhausen,8005770,Stuttgart-Feuerbach,Baden-Württemberg,Feuerbach,70469,9.169186287,48.81363554,3,2608261851,,,,,,,,,,,,,0.0,0.0
-6153385815820538550-2608261825-5,7154,2608261837,2608261837,6,,S,S1,Stuttgart Hbf|Stuttgart-Bad Cannstatt|Stuttgart Neckarpark|Stuttgart-Untertürkheim,8005772,Stuttgart-Obertürkheim,Baden-Württemberg,Stuttgart,70329,9.268167932,48.76175015,4,2608261837,,2608261837,,,,,,,,,,,0.0,0.0
6868740163494159359-2608261755-5,7152,2608261807,2608261807,6,,S,S1,Stuttgart Hbf|Stuttgart-Bad Cannstatt|Stuttgart Neckarpark|Stuttgart-Untertürkheim,8005772,Stuttgart-Obertürkheim,Baden-Württemberg,Stuttgart,70329,9.268167932,48.76175015,4,2608261807,,2608261807,,,,,,,,,,,0.0,0.0
3782211826500268266-2608261750-11,7155,2608261822,2608261822,5,,S,S1,Kirchheim(Teck)|Kirchheim(Teck)-Ötlingen|Wendlingen(Neckar)|Wernau(Neckar)|Plochingen|Altbach|Esslingen-Zell|Oberesslingen|Esslingen(Neckar)|Esslingen-Mettingen,8005772,Stuttgart-Obertürkheim,Baden-Württemberg,Stuttgart,70329,9.268167932,48.76175015,4,2608261822,,2608261822,,,,,,,,,,,0.0,0.0
-4384940379958233889-2608261820-11,7157,2608261852,2608261852,5,,S,S1,Kirchheim(Teck)|Kirchheim(Teck)-Ötlingen|Wendlingen(Neckar)|Wernau(Neckar)|Plochingen|Altbach|Esslingen-Zell|Oberesslingen|Esslingen(Neckar)|Esslingen-Mettingen,8005772,Stuttgart-Obertürkheim,Baden-Württemberg,Stuttgart,70329,9.268167932,48.76175015,4,2608261852,,2608261852,,,,,,,,,,,0.0,0.0
518696505120954828-2608261835-2,7955,2608261836,2608261842,2,,S,S2,Stuttgart-Vaihingen,8005773,Stuttgart-Rohr,Baden-Württemberg,Stuttgart,70565,9.108158025,48.71799427,4,2608261837,,2608261842,,,,,,,,,,,1.0,0.0
7961621800707016308-2608261816-8,7756,2608261837,2608261838,3,,S,S1,Herrenberg|Nufringen|Gärtringen|Ehningen(b Böblingen)|Hulb|Böblingen|Goldberg(Württ),8005773,Stuttgart-Rohr,Baden-Württemberg,Stuttgart,70565,9.108158025,48.71799427,4,2608261841,,2608261841,,,,,,,,,,,4.0,3.0
9112882282226558128-2608261803-6,7952,2608261818,2608261819,3,,S,S2,Filderstadt|Stuttgart Flughafen/Messe|Echterdingen|Leinfelden|Oberaichen,8005773,Stuttgart-Rohr,Baden-Württemberg,Stuttgart,70565,9.108158025,48.71799427,4,2608261819,,2608261821,,,,,,,,,,,1.0,2.0
8261134970288832371-2608261746-8,7754,2608261807,2608261808,3,,S,S1,Herrenberg|Nufringen|Gärtringen|Ehningen(b Böblingen)|Hulb|Böblingen|Goldberg(Württ),8005773,Stuttgart-Rohr,Baden-Württemberg,Stuttgart,70565,9.108158025,48.71799427,4,2608261808,,2608261809,,,,,,,,,,,1.0,1.0
2304314792414098976-2608261833-6,7954,2608261848,2608261849,3,,S,S2,Filderstadt|Stuttgart Flughafen/Messe|Echterdingen|Leinfelden|Oberaichen,8005773,Stuttgart-Rohr,Baden-Württemberg,Stuttgart,70565,9.108158025,48.71799427,4,2608261848,,2608261849,,,,,,,,,,,0.0,0.0
-772281506656332715-2608261805-2,7953,2608261806,2608261812,2,,S,S2,Stuttgart-Vaihingen,8005773,Stuttgart-Rohr,Baden-Württemberg,Stuttgart,70565,9.108158025,48.71799427,4,2608261808,,2608261812,,,,,,,,,,,2.0,0.0
-1979304329788833876-2608261846-2,7755,2608261847,2608261853,2,,S,S1,Stuttgart-Vaihingen,8005773,Stuttgart-Rohr,Baden-Württemberg,Stuttgart,70565,9.108158025,48.71799427,4,2608261848,,2608261853,,,,,,,,,,,1.0,0.0
-3644758473534313553-2608261816-2,7753,2608261817,2608261823,2,,S,S1,Stuttgart-Vaihingen,8005773,Stuttgart-Rohr,Baden-Württemberg,Stuttgart,70565,9.108158025,48.71799427,4,2608261818,,2608261823,,,,,,,,,,,1.0,0.0
5807496118620218109-2608261850-4,7254,2608261859,2608261859,4,,S,S2,Stuttgart Hbf|Stuttgart-Bad Cannstatt|Stuttgart Nürnberger Str.,8005774,Stuttgart-Sommerrain,Baden-Württemberg,Stuttgart,70374,9.248369749,48.81521824,5,2608261900,,2608261900,,h,1,Bauarbeiten,,,,,,,1.0,1.0
-6626143759029600200-2608261811-9,7355,2608261835,2608261835,1,,S,S3,Backnang|Maubach|Nellmersbach|Winnenden|Schwaikheim|Neustadt-Hohenacker|Waiblingen|Fellbach,8005774,Stuttgart-Sommerrain,Baden-Württemberg,Stuttgart,70374,9.248369749,48.81521824,5,2608261835,,2608261835,,,,,,,,,,,0.0,0.0
830627416811346853-2608261733-12,7253,2608261800,2608261800,1,,S,S2,Schorndorf|Weiler(Rems)|Winterbach(b Schorndorf)|Geradstetten|Grunbach|Beutelsbach|Endersbach|Stetten-Beinstein|Rommelshausen|Waiblingen|Fellbach,8005774,Stuttgart-Sommerrain,Baden-Württemberg,Stuttgart,70374,9.248369749,48.81521824,5,2608261800,,2608261800,,h,1,Bauarbeiten,,,,,,,0.0,0.0
-8665436956296760567-2608261842-4,7354,2608261854,2608261854,4,,S,S3,Stuttgart Hbf|Stuttgart-Bad Cannstatt|Stuttgart Nürnberger Str.,8005774,Stuttgart-Sommerrain,Baden-Württemberg,Stuttgart,70374,9.248369749,48.81521824,5,2608261854,,2608261854,,,,,,,,,,,0.0,0.0
-390875939933573051-2608261812-4,7352,2608261824,2608261824,4,,S,S3,Stuttgart Hbf|Stuttgart-Bad Cannstatt|Stuttgart Nürnberger Str.,8005774,Stuttgart-Sommerrain,Baden-Württemberg,Stuttgart,70374,9.248369749,48.81521824,5,2608261826,,2608261826,,,,,,,,,,,2.0,2.0
4328573071061192908-2608261741-9,7353,2608261805,2608261805,1,,S,S3,Backnang|Maubach|Nellmersbach|Winnenden|Schwaikheim|Neustadt-Hohenacker|Waiblingen|Fellbach,8005774,Stuttgart-Sommerrain,Baden-Württemberg,Stuttgart,70374,9.248369749,48.81521824,5,2608261805,,2608261806,,,,,,,,,,,0.0,1.0
-8893689312291168022-2608261803-12,7255,2608261830,2608261830,1,,S,S2,Schorndorf|Weiler(Rems)|Winterbach(b Schorndorf)|Geradstetten|Grunbach|Beutelsbach|Endersbach|Stetten-Beinstein|Rommelshausen|Waiblingen|Fellbach,8005774,Stuttgart-Sommerrain,Baden-Württemberg,Stuttgart,70374,9.248369749,48.81521824,5,2608261830,,2608261830,,h,1,Bauarbeiten,,,,,,,0.0,0.0
-6151685978027470608-2608261820-4,7252,2608261829,2608261829,4,,S,S2,Stuttgart Hbf|Stuttgart-Bad Cannstatt|Stuttgart Nürnberger Str.,8005774,Stuttgart-Sommerrain,Baden-Württemberg,Stuttgart,70374,9.248369749,48.81521824,5,2608261837,,2608261838,,h,1,Bauarbeiten,,,,,,,8.0,9.0
-6153385815820538550-2608261825-4,7154,2608261834,2608261834,6,,S,S1,Stuttgart Hbf|Stuttgart-Bad Cannstatt|Stuttgart Neckarpark,8005775,Stuttgart-Untertürkheim Pbf,Baden-Württemberg,Stuttgart,70327,9.250467074,48.77984679,3,2608261834,,2608261834,,,,,,,,,,,0.0,0.0
6868740163494159359-2608261755-4,7152,2608261804,2608261804,6,,S,S1,Stuttgart Hbf|Stuttgart-Bad Cannstatt|Stuttgart Neckarpark,8005775,Stuttgart-Untertürkheim Pbf,Baden-Württemberg,Stuttgart,70327,9.250467074,48.77984679,3,2608261804,,2608261804,,,,,,,,,,,0.0,0.0
3782211826500268266-2608261750-12,7155,2608261825,2608261825,5,,S,S1,Kirchheim(Teck)|Kirchheim(Teck)-Ötlingen|Wendlingen(Neckar)|Wernau(Neckar)|Plochingen|Altbach|Esslingen-Zell|Oberesslingen|Esslingen(Neckar)|Esslingen-Mettingen|Stuttgart-Obertürkheim,8005775,Stuttgart-Untertürkheim Pbf,Baden-Württemberg,Stuttgart,70327,9.250467074,48.77984679,3,2608261825,,2608261826,,,,,,,,,,,0.0,1.0
-4384940379958233889-2608261820-12,7157,2608261855,2608261855,5,,S,S1,Kirchheim(Teck)|Kirchheim(Teck)-Ötlingen|Wendlingen(Neckar)|Wernau(Neckar)|Plochingen|Altbach|Esslingen-Zell|Oberesslingen|Esslingen(Neckar)|Esslingen-Mettingen|Stuttgart-Obertürkheim,8005775,Stuttgart-Untertürkheim Pbf,Baden-Württemberg,Stuttgart,70327,9.250467074,48.77984679,3,2608261855,,2608261855,,,,,,,,,,,0.0,0.0
518696505120954828-2608261835-1,7955,,2608261835,,,S,S2,,8005776,Stuttgart-Vaihingen,Baden-Württemberg,Stuttgart,70563,9.113913368,48.72698116,3,,,2608261836,,,,,,,,,,,0.0,1.0
-25694791224337844-2608261833-2,28492,2608261841,2608261841,4,,RE,RESB,Böblingen,8005776,Stuttgart-Vaihingen,Baden-Württemberg,Stuttgart,70563,9.113913368,48.72698116,3,2608261844,,2608261845,,,,,,,,,,,3.0,4.0
-7514222797057982526-2608261803-2,28493,2608261818,2608261818,4,,RE,RESB,Stuttgart Hbf,8005776,Stuttgart-Vaihingen,Baden-Württemberg,Stuttgart,70563,9.113913368,48.72698116,3,2608261820,,2608261820,,,,,,,,,,,2.0,2.0
8060221707574655115-2608261816-2,17663,2608261831,2608261831,1,,RE,RE14a,Stuttgart Hbf,8005776,Stuttgart-Vaihingen,Baden-Württemberg,Stuttgart,70563,9.113913368,48.72698116,3,2608261831,,2608261832,,h,1,Störung,,,,,,,0.0,1.0
7961621800707016308-2608261816-9,7756,2608261840,,3,,S,,Herrenberg|Nufringen|Gärtringen|Ehningen(b Böblingen)|Hulb|Böblingen|Goldberg(Württ)|Stuttgart-Rohr,8005776,Stuttgart-Vaihingen,Baden-Württemberg,Stuttgart,70563,9.113913368,48.72698116,3,2608261843,,,,,,,,,,,,,3.0,0.0
9112882282226558128-2608261803-7,7952,2608261820,,2,,S,,Filderstadt|Stuttgart Flughafen/Messe|Echterdingen|Leinfelden|Oberaichen|Stuttgart-Rohr,8005776,Stuttgart-Vaihingen,Baden-Württemberg,Stuttgart,70563,9.113913368,48.72698116,3,2608261822,,,,,,,,,,,,,2.0,0.0
-8532921269206340740-2608261748-2,17659,2608261801,2608261801,1,,RB,RB14a,Stuttgart Hbf,8005776,Stuttgart-Vaihingen,Baden-Württemberg,Stuttgart,70563,9.113913368,48.72698116,3,2608261805,,2608261806,,h,1,Störung,,,,,,,4.0,5.0
8261134970288832371-2608261746-9,7754,2608261810,,3,,S,,Herrenberg|Nufringen|Gärtringen|Ehningen(b Böblingen)|Hulb|Böblingen|Goldberg(Württ)|Stuttgart-Rohr,8005776,Stuttgart-Vaihingen,Baden-Württemberg,Stuttgart,70563,9.113913368,48.72698116,3,2608261810,,,,,,,,,,,,,0.0,0.0
2304314792414098976-2608261833-7,7954,2608261850,,2,,S,,Filderstadt|Stuttgart Flughafen/Messe|Echterdingen|Leinfelden|Oberaichen|Stuttgart-Rohr,8005776,Stuttgart-Vaihingen,Baden-Württemberg,Stuttgart,70563,9.113913368,48.72698116,3,2608261850,,,,,,,,,,,,,0.0,0.0
-772281506656332715-2608261805-1,7953,,2608261805,,,S,S2,,8005776,Stuttgart-Vaihingen,Baden-Württemberg,Stuttgart,70563,9.113913368,48.72698116,3,,,2608261806,,,,,,,,,,,0.0,1.0
6107155057744408243-2608261816-2,17661,2608261831,2608261831,1,,RE,RE14b,Stuttgart Hbf,8005776,Stuttgart-Vaihingen,Baden-Württemberg,Stuttgart,70563,9.113913368,48.72698116,3,2608261831,,2608261832,,h,1,Störung,,,,,,,0.0,1.0
-1979304329788833876-2608261846-1,7755,,2608261846,,,S,S1,,8005776,Stuttgart-Vaihingen,Baden-Württemberg,Stuttgart,70563,9.113913368,48.72698116,3,,,2608261847,,,,,,,,,,,0.0,1.0
-3644758473534313553-2608261816-1,7753,,2608261816,,,S,S1,,8005776,Stuttgart-Vaihingen,Baden-Württemberg,Stuttgart,70563,9.113913368,48.72698116,3,,,2608261817,,,,,,,,,,,0.0,1.0
-6247105267217407038-2608261817-7,7652,2608261833,2608261834,1,,S,S6,Stuttgart Hbf|Stuttgart Nordbahnhof|Stuttgart-Feuerbach|Stuttgart-Zuffenhausen|Neuwirtshaus(Porscheplatz)|Korntal,8006268,Stuttgart-Weilimdorf,Baden-Württemberg,Stuttgart,70499,9.094370086,48.82208429,5,2608261833,,2608261834,,,,,,,,,,,0.0,0.0
-6132994483842252426-2608261747-7,7650,2608261803,2608261804,1,,S,S6,Stuttgart Hbf|Stuttgart Nordbahnhof|Stuttgart-Feuerbach|Stuttgart-Zuffenhausen|Neuwirtshaus(Porscheplatz)|Korntal,8006268,Stuttgart-Weilimdorf,Baden-Württemberg,Stuttgart,70499,9.094370086,48.82208429,5,2608261804,,2608261805,,,,,,,,,,,1.0,1.0
6230552686564451233-2608261833-8,7657,2608261856,2608261856,2,,S,S6,Weil der Stadt|Malmsheim|Renningen|Rutesheim|Leonberg|Höfingen|Ditzingen,8006268,Stuttgart-Weilimdorf,Baden-Württemberg,Stuttgart,70499,9.094370086,48.82208429,5,2608261856,,2608261857,,,,,,,,,,,0.0,1.0
1999917199815931661-2608261838-5,7058,2608261848,2608261848,1,,S,S60,Stuttgart-Feuerbach|Stuttgart-Zuffenhausen|Neuwirtshaus(Porscheplatz)|Korntal,8006268,Stuttgart-Weilimdorf,Baden-Württemberg,Stuttgart,70499,9.094370086,48.82208429,5,2608261848,,2608261848,,,,,,,,,,,0.0,0.0
-106780477750529587-2608261734-12,7051,2608261811,2608261811,2,,S,S60,Böblingen|Sindelfingen|Maichingen|Maichingen Nord|Magstadt|Renningen Süd|Renningen|Rutesheim|Leonberg|Höfingen|Ditzingen,8006268,Stuttgart-Weilimdorf,Baden-Württemberg,Stuttgart,70499,9.094370086,48.82208429,5,2608261814,,2608261815,,,,,,,,,,,3.0,4.0
8469749057863403117-2608261808-5,7056,2608261818,2608261818,1,,S,S60,Stuttgart-Feuerbach|Stuttgart-Zuffenhausen|Neuwirtshaus(Porscheplatz)|Korntal,8006268,Stuttgart-Weilimdorf,Baden-Württemberg,Stuttgart,70499,9.094370086,48.82208429,5,2608261818,,2608261818,,,,,,,,,,,0.0,0.0
-588195592833779502-2608261803-8,7655,2608261826,2608261826,2,,S,S6,Weil der Stadt|Malmsheim|Renningen|Rutesheim|Leonberg|Höfingen|Ditzingen,8006268,Stuttgart-Weilimdorf,Baden-Württemberg,Stuttgart,70499,9.094370086,48.82208429,5,2608261826,,2608261827,,,,,,,,,,,0.0,1.0
-1562578414121516264-2608261804-12,7053,2608261841,2608261841,2,,S,S60,Böblingen|Sindelfingen|Maichingen|Maichingen Nord|Magstadt|Renningen Süd|Renningen|Rutesheim|Leonberg|Höfingen|Ditzingen,8006268,Stuttgart-Weilimdorf,Baden-Württemberg,Stuttgart,70499,9.094370086,48.82208429,5,2608261841,,2608261842,,,,,,,,,,,0.0,1.0
-6247105267217407038-2608261817-4,7652,2608261826,2608261827,11,,S,S6,Stuttgart Hbf|Stuttgart Nordbahnhof|Stuttgart-Feuerbach,8005778,Stuttgart-Zuffenhausen,Baden-Württemberg,Stuttgart,70435,9.167156375,48.82960884,3,2608261826,,2608261827,,,,,,,,,,,0.0,0.0
4374010283059226194-2608261837-4,7452,2608261846,2608261847,4,,S,S4,Stuttgart Hbf|Stuttgart Nordbahnhof|Stuttgart-Feuerbach,8005778,Stuttgart-Zuffenhausen,Baden-Württemberg,Stuttgart,70435,9.167156375,48.82960884,3,2608261846,,2608261847,,,,,,,,,,,0.0,0.0
-5616503782233674976-2608261827-4,7554,2608261836,2608261837,4,,S,S5,Stuttgart Hbf|Stuttgart Nordbahnhof|Stuttgart-Feuerbach,8005778,Stuttgart-Zuffenhausen,Baden-Württemberg,Stuttgart,70435,9.167156375,48.82960884,3,2608261836,,2608261837,,h,2,Bauarbeiten,,,,,,,0.0,0.0
1593541706884462408-2608261816-3,7555,2608261823,2608261824,2,,S,S5,Ludwigsburg|Kornwestheim Pbf,8005778,Stuttgart-Zuffenhausen,Baden-Württemberg,Stuttgart,70435,9.167156375,48.82960884,3,2608261823,,2608261824,,h,2,Bauarbeiten,,,,,,,0.0,0.0
1999917199815931661-2608261838-2,7058,2608261841,2608261841,12,,S,S60,Stuttgart-Feuerbach,8005778,Stuttgart-Zuffenhausen,Baden-Württemberg,Stuttgart,70435,9.167156375,48.82960884,3,2608261841,,2608261841,,,,,,,,,,,0.0,0.0
7320244864426596786-2608261733-11,7453,2608261813,2608261814,2,,S,S4,Backnang|Burgstall(Murr)|Kirchberg(Murr)|Erdmannhausen|Marbach(Neckar)|Benningen(Neckar)|Freiberg(Neckar)|Favoritepark|Ludwigsburg|Kornwestheim Pbf,8005778,Stuttgart-Zuffenhausen,Baden-Württemberg,Stuttgart,70435,9.167156375,48.82960884,3,2608261814,,2608261815,,,,,,,,,,,1.0,1.0
-1939283154746192380-2608261733-11,7653,2608261803,2608261804,12,,S,S6,Weil der Stadt|Malmsheim|Renningen|Rutesheim|Leonberg|Höfingen|Ditzingen|Weilimdorf|Korntal|Neuwirtshaus(Porscheplatz),8005778,Stuttgart-Zuffenhausen,Baden-Württemberg,Stuttgart,70435,9.167156375,48.82960884,3,2608261803,,2608261804,,,,,,,,,,,0.0,0.0
-106780477750529587-2608261734-15,7051,2608261818,2608261819,12,,S,S60,Böblingen|Sindelfingen|Maichingen|Maichingen Nord|Magstadt|Renningen Süd|Renningen|Rutesheim|Leonberg|Höfingen|Ditzingen|Weilimdorf|Korntal|Neuwirtshaus(Porscheplatz),8005778,Stuttgart-Zuffenhausen,Baden-Württemberg,Stuttgart,70435,9.167156375,48.82960884,3,2608261821,,2608261822,,,,,,,,,,,3.0,3.0
8124393015929641593-2608261847-4,7654,2608261856,2608261857,11,,S,S6,Stuttgart Hbf|Stuttgart Nordbahnhof|Stuttgart-Feuerbach,8005778,Stuttgart-Zuffenhausen,Baden-Württemberg,Stuttgart,70435,9.167156375,48.82960884,3,2608261856,,2608261857,,,,,,,,,,,0.0,0.0
-8145608784389833884-2608261803-11,7455,2608261843,2608261844,2,,S,S4,Backnang|Burgstall(Murr)|Kirchberg(Murr)|Erdmannhausen|Marbach(Neckar)|Benningen(Neckar)|Freiberg(Neckar)|Favoritepark|Ludwigsburg|Kornwestheim Pbf,8005778,Stuttgart-Zuffenhausen,Baden-Württemberg,Stuttgart,70435,9.167156375,48.82960884,3,2608261844,,2608261845,,,,,,,,,,,1.0,1.0
8469749057863403117-2608261808-2,7056,2608261811,2608261811,12,,S,S60,Stuttgart-Feuerbach,8005778,Stuttgart-Zuffenhausen,Baden-Württemberg,Stuttgart,70435,9.167156375,48.82960884,3,2608261811,,2608261811,,,,,,,,,,,0.0,0.0
-588195592833779502-2608261803-11,7655,2608261833,2608261834,12,,S,S6,Weil der Stadt|Malmsheim|Renningen|Rutesheim|Leonberg|Höfingen|Ditzingen|Weilimdorf|Korntal|Neuwirtshaus(Porscheplatz),8005778,Stuttgart-Zuffenhausen,Baden-Württemberg,Stuttgart,70435,9.167156375,48.82960884,3,2608261833,,2608261834,,,,,,,,,,,0.0,0.0
1284839978881194831-2608261846-3,7557,2608261853,2608261854,2,,S,S5,Ludwigsburg|Kornwestheim Pbf,8005778,Stuttgart-Zuffenhausen,Baden-Württemberg,Stuttgart,70435,9.167156375,48.82960884,3,2608261853,,2608261854,,h,2,Bauarbeiten,,,,,,,0.0,0.0
2351786663301758546-2608261807-4,7450,2608261816,2608261817,4,,S,S4,Stuttgart Hbf|Stuttgart Nordbahnhof|Stuttgart-Feuerbach,8005778,Stuttgart-Zuffenhausen,Baden-Württemberg,Stuttgart,70435,9.167156375,48.82960884,3,2608261816,,2608261817,,,,,,,,,,,0.0,0.0
-6425549372536903526-2608261757-4,7552,2608261806,2608261807,4,,S,S5,Stuttgart Hbf|Stuttgart Nordbahnhof|Stuttgart-Feuerbach,8005778,Stuttgart-Zuffenhausen,Baden-Württemberg,Stuttgart,70435,9.167156375,48.82960884,3,2608261806,,2608261807,,h,2,Bauarbeiten,,,,,,,0.0,0.0
-1562578414121516264-2608261804-15,7053,2608261848,2608261849,12,,S,S60,Böblingen|Sindelfingen|Maichingen|Maichingen Nord|Magstadt|Renningen Süd|Renningen|Rutesheim|Leonberg|Höfingen|Ditzingen|Weilimdorf|Korntal|Neuwirtshaus(Porscheplatz),8005778,Stuttgart-Zuffenhausen,Baden-Württemberg,Stuttgart,70435,9.167156375,48.82960884,3,2608261848,,2608261849,,,,,,,,,,,0.0,0.0
-7874291830614799246-2608261820-3,19479,2608261832,2608261832,6,,ARV,MEX13,Stuttgart Hbf|Stuttgart-Bad Cannstatt,8000180,Waiblingen,Baden-Württemberg,Waiblingen,71332,9.300476874,48.8262444,3,2608261835,,2608261836,,h,2,Störung,,,,,,,3.0,4.0
-6626143759029600200-2608261811-7,7355,2608261829,2608261830,1,,S,S3,Backnang|Maubach|Nellmersbach|Winnenden|Schwaikheim|Neustadt-Hohenacker,8000180,Waiblingen,Baden-Württemberg,Waiblingen,71332,9.300476874,48.8262444,3,2608261829,,2608261830,,,,,,,,,,,0.0,0.0
-4712401033279781929-2608261711-16,19480,2608261828,2608261828,6,,ARV,MEX13,Ellwangen|Schrezheim|Schwabsberg|Goldshöfe|Hofen(b Aalen)|Wasseralfingen|Aalen Hbf|Mögglingen(Gmünd)|Böbingen(Rems)|Schwäbisch Gmünd|Lorch(Württ)|Waldhausen(b Schorndorf)|Plüderhausen|Urbach(b Schorndorf)|Schorndorf,8000180,Waiblingen,Baden-Württemberg,Waiblingen,71332,9.300476874,48.8262444,3,2608261831,,2608261831,,,,,,,,,,,3.0,3.0
-6944323459733799687-2608261807-10,19432,2608261858,2608261858,6,,ARV,MEX13,Aalen Hbf|Mögglingen(Gmünd)|Böbingen(Rems)|Schwäbisch Gmünd|Lorch(Württ)|Waldhausen(b Schorndorf)|Plüderhausen|Urbach(b Schorndorf)|Schorndorf,8000180,Waiblingen,Baden-Württemberg,Waiblingen,71332,9.300476874,48.8262444,3,2608261858,,2608261858,,,,,,,,,,,0.0,0.0
6435385735889726026-2608261826-3,17549,2608261836,2608261837,3,,RB,MEX90,Stuttgart Hbf|Stuttgart-Bad Cannstatt,8000180,Waiblingen,Baden-Württemberg,Waiblingen,71332,9.300476874,48.8262444,3,2608261839,,2608261840,,h,2,Störung,,,,,,,3.0,3.0
1429301461184468535-2608261833-10,7257,2608261854,2608261855,5,,S,S2,Schorndorf|Weiler(Rems)|Winterbach(b Schorndorf)|Geradstetten|Grunbach|Beutelsbach|Endersbach|Stetten-Beinstein|Rommelshausen,8000180,Waiblingen,Baden-Württemberg,Waiblingen,71332,9.300476874,48.8262444,3,2608261855,,2608261855,,h,1,Bauarbeiten,,,,,,,1.0,0.0
-8665436956296760567-2608261842-6,7354,2608261859,2608261900,3,,S,S3,Stuttgart Hbf|Stuttgart-Bad Cannstatt|Stuttgart Nürnberger Str.|Stuttgart-Sommerrain|Fellbach,8000180,Waiblingen,Baden-Württemberg,Waiblingen,71332,9.300476874,48.8262444,3,2608261859,,2608261900,,,,,,,,,,,0.0,0.0
-390875939933573051-2608261812-6,7352,2608261829,2608261830,3,,S,S3,Stuttgart Hbf|Stuttgart-Bad Cannstatt|Stuttgart Nürnberger Str.|Stuttgart-Sommerrain|Fellbach,8000180,Waiblingen,Baden-Württemberg,Waiblingen,71332,9.300476874,48.8262444,3,2608261831,,2608261831,,,,,,,,,,,2.0,1.0
9144716824704701089-2608261638-18,88620,2608261851,2608261852,1,,ARV,RE90,Nürnberg Hbf|Roßtal|Heilsbronn|Wicklesgreuth|Ansbach|Leutershausen-Wiedersbach|Dombühl|Schnelldorf|Crailsheim|Eckartshausen-Ilshofen|Schwäbisch Hall-Hessental|Gaildorf West|Murrhardt|Sulzbach(Murr)|Oppenweiler(Württ)|Backnang|Winnenden,8000180,Waiblingen,Baden-Württemberg,Waiblingen,71332,9.300476874,48.8262444,3,2608261937,,2608261938,,,,,,,Nürnberg Hbf|Roßtal|Heilsbronn|Wicklesgreuth|Ansbach|Leutershausen-Wiedersbach|Dombühl|Schnelldorf|Crailsheim|Eckartshausen-Ilshofen|Schwäbisch Hall-Hessental|Gaildorf West|Murrhardt|Sulzbach(Murr)|Oppenweiler(Württ)|Backnang|Winnenden,Stuttgart-Bad Cannstatt|Stuttgart Hbf,,,46.0,46.0
3835355076369496258-2608261755-3,17547,2608261806,2608261807,3,,RE,MEX90,Stuttgart Hbf|Stuttgart-Bad Cannstatt,8000180,Waiblingen,Baden-Württemberg,Waiblingen,71332,9.300476874,48.8262444,3,2608261810,,2608261811,,h,2,Störung,,,,,,,4.0,4.0
-7750715893784361563-2608261742-6,7350,2608261759,2608261800,3,,S,S3,Stuttgart Hbf|Stuttgart-Bad Cannstatt|Stuttgart Nürnberger Str.|Stuttgart-Sommerrain|Fellbach,8000180,Waiblingen,Baden-Württemberg,Waiblingen,71332,9.300476874,48.8262444,3,2608261800,,2608261800,,,,,,,,,,,1.0,0.0
4328573071061192908-2608261741-7,7353,2608261759,2608261800,1,,S,S3,Backnang|Maubach|Nellmersbach|Winnenden|Schwaikheim|Neustadt-Hohenacker,8000180,Waiblingen,Baden-Württemberg,Waiblingen,71332,9.300476874,48.8262444,3,2608261800,,2608261800,,,,,,,,,,,1.0,0.0
5238051817368153971-2608261841-7,7357,2608261859,2608261900,1,,S,S3,Backnang|Maubach|Nellmersbach|Winnenden|Schwaikheim|Neustadt-Hohenacker,8000180,Waiblingen,Baden-Württemberg,Waiblingen,71332,9.300476874,48.8262444,3,2608261859,,2608261900,,,,,,,,,,,0.0,0.0
3695793028752779188-2608261732-9,17554,2608261820,2608261821,1,,RB,MEX19,Gaildorf West|Fichtenberg|Fornsbach|Murrhardt|Sulzbach(Murr)|Oppenweiler(Württ)|Backnang|Winnenden,8000180,Waiblingen,Baden-Württemberg,Waiblingen,71332,9.300476874,48.8262444,3,2608261833,,2608261834,,,,,,,,,,,13.0,13.0
-8893689312291168022-2608261803-10,7255,2608261824,2608261825,5,,S,S2,Schorndorf|Weiler(Rems)|Winterbach(b Schorndorf)|Geradstetten|Grunbach|Beutelsbach|Endersbach|Stetten-Beinstein|Rommelshausen,8000180,Waiblingen,Baden-Württemberg,Waiblingen,71332,9.300476874,48.8262444,3,2608261825,,2608261825,,h,1,Bauarbeiten,,,,,,,1.0,0.0
-3837214827250733369-2608261750-6,7250,2608261804,2608261805,7,,S,S2,Stuttgart Hbf|Stuttgart-Bad Cannstatt|Stuttgart Nürnberger Str.|Stuttgart-Sommerrain|Fellbach,8000180,Waiblingen,Baden-Württemberg,Waiblingen,71332,9.300476874,48.8262444,3,2608261805,,2608261805,,h,1,Bauarbeiten,,,,,,,1.0,0.0
-6151685978027470608-2608261820-6,7252,2608261834,2608261835,7,,S,S2,Stuttgart Hbf|Stuttgart-Bad Cannstatt|Stuttgart Nürnberger Str.|Stuttgart-Sommerrain|Fellbach,8000180,Waiblingen,Baden-Württemberg,Waiblingen,71332,9.300476874,48.8262444,3,2608261845,,2608261845,,h,1,Bauarbeiten,,,,,,,11.0,10.0
3145083689400513535-2608261747-3,19427,2608261802,2608261802,6,,ARV,MEX13,Stuttgart Hbf|Stuttgart-Bad Cannstatt,8000180,Waiblingen,Baden-Württemberg,Waiblingen,71332,9.300476874,48.8262444,3,2608261802,,2608261802,,,,,,,,,,,0.0,0.0
-9073284237158082569-2608261833-1,26174,,2608261833,,,SWE,RB76,,8006271,Weil der Stadt,Baden-Württemberg,Weil der Stadt,71263,8.873189074,48.7557357,4,,,,,h,1,Störung,,,,,,c,0.0,0.0
-6247105267217407038-2608261817-14,7652,2608261857,,2,,S,,Stuttgart Hbf|Stuttgart Nordbahnhof|Stuttgart-Feuerbach|Stuttgart-Zuffenhausen|Neuwirtshaus(Porscheplatz)|Korntal|Weilimdorf|Ditzingen|Höfingen|Leonberg|Rutesheim|Renningen|Malmsheim,8006271,Weil der Stadt,Baden-Württemberg,Weil der Stadt,71263,8.873189074,48.7557357,4,2608261859,,,,,,,,,,,,,2.0,0.0
-6132994483842252426-2608261747-14,7650,2608261827,,2,,S,,Stuttgart Hbf|Stuttgart Nordbahnhof|Stuttgart-Feuerbach|Stuttgart-Zuffenhausen|Neuwirtshaus(Porscheplatz)|Korntal|Weilimdorf|Ditzingen|Höfingen|Leonberg|Rutesheim|Renningen|Malmsheim,8006271,Weil der Stadt,Baden-Württemberg,Weil der Stadt,71263,8.873189074,48.7557357,4,2608261827,,,,,,,,,,,,,0.0,0.0
6230552686564451233-2608261833-1,7657,,2608261833,,,S,S6,,8006271,Weil der Stadt,Baden-Württemberg,Weil der Stadt,71263,8.873189074,48.7557357,4,,,2608261833,,,,,,,,,,,0.0,0.0
-1208855949158914976-2608261758-2,26172,2608261801,2608261803,141,,SWE,RB76,Renningen,8006271,Weil der Stadt,Baden-Württemberg,Weil der Stadt,71263,8.873189074,48.7557357,4,2608261815,,2608261816,,h,1,Störung,,,,,,,14.0,13.0
5255929644761431785-2608261756-5,26173,2608261814,,141,,SWE,,Calw|Calw-Heumaden|Althengstett|Ostelsheim,8006271,Weil der Stadt,Baden-Württemberg,Weil der Stadt,71263,8.873189074,48.7557357,4,2608261826,,,,h,1,Störung,,,,,,,12.0,0.0
-588195592833779502-2608261803-1,7655,,2608261803,,,S,S6,,8006271,Weil der Stadt,Baden-Württemberg,Weil der Stadt,71263,8.873189074,48.7557357,4,,,2608261803,,,,,,,,,,,0.0,0.0
-8524259373069890220-2608261826-5,26175,2608261844,2608261844,141,,SWE,RB76,Calw|Calw-Heumaden|Althengstett|Ostelsheim,8006271,Weil der Stadt,Baden-Württemberg,Weil der Stadt,71263,8.873189074,48.7557357,4,2608261911,,,,h,1,Störung,,,,,,c,27.0,0.0
1429301461184468535-2608261833-2,7257,2608261836,2608261836,2,,S,S2,Schorndorf,8006277,Weiler (Rems),Baden-Württemberg,Schorndorf,76314,9.501891172,48.80034585,5,2608261836,,2608261837,,h,1,Bauarbeiten,,,,,,,0.0,1.0
-8893689312291168022-2608261803-2,7255,2608261806,2608261806,2,,S,S2,Schorndorf,8006277,Weiler (Rems),Baden-Württemberg,Schorndorf,76314,9.501891172,48.80034585,5,2608261806,,2608261806,,h,1,Bauarbeiten,,,,,,,0.0,0.0
-3837214827250733369-2608261750-14,7250,2608261822,2608261822,1,,S,S2,Stuttgart Hbf|Stuttgart-Bad Cannstatt|Stuttgart Nürnberger Str.|Stuttgart-Sommerrain|Fellbach|Waiblingen|Rommelshausen|Stetten-Beinstein|Endersbach|Beutelsbach|Grunbach|Geradstetten|Winterbach(b Schorndorf),8006277,Weiler (Rems),Baden-Württemberg,Schorndorf,76314,9.501891172,48.80034585,5,2608261822,,2608261825,,h,1,Bauarbeiten,,,,,,,0.0,3.0
-6151685978027470608-2608261820-14,7252,2608261852,2608261852,1,,S,S2,Stuttgart Hbf|Stuttgart-Bad Cannstatt|Stuttgart Nürnberger Str.|Stuttgart-Sommerrain|Fellbach|Waiblingen|Rommelshausen|Stetten-Beinstein|Endersbach|Beutelsbach|Grunbach|Geradstetten|Winterbach(b Schorndorf),8006277,Weiler (Rems),Baden-Württemberg,Schorndorf,76314,9.501891172,48.80034585,5,2608261902,,2608261903,,h,1,Bauarbeiten,,,,,,,10.0,11.0
8890019855766315038-2608261850-3,7159,2608261857,2608261858,12,,S,S1,Kirchheim(Teck)|Kirchheim(Teck)-Ötlingen,8006331,Wendlingen (Neckar),Baden-Württemberg,Wendlingen am Neckar,73240,9.373662098,48.67368917,3,2608261858,,2608261859,,,,,,,,,,,1.0,1.0
-5806955409400673434-2608261829-3,16068,2608261859,,3,,RE,,Ulm Hbf|Merklingen - Schwäbische Alb,8006331,Wendlingen (Neckar),Baden-Württemberg,Wendlingen am Neckar,73240,9.373662098,48.67368917,3,2608261856,,,,h,2,Störung,,,,,,,-3.0,0.0
6868740163494159359-2608261755-13,7152,2608261832,2608261833,11,,S,S1,Stuttgart Hbf|Stuttgart-Bad Cannstatt|Stuttgart Neckarpark|Stuttgart-Untertürkheim|Stuttgart-Obertürkheim|Esslingen-Mettingen|Esslingen(Neckar)|Oberesslingen|Esslingen-Zell|Altbach|Plochingen|Wernau(Neckar),8006331,Wendlingen (Neckar),Baden-Württemberg,Wendlingen am Neckar,73240,9.373662098,48.67368917,3,2608261832,,2608261833,,,,,,,,,,,0.0,0.0
29457582318319648-2608261725-13,7150,2608261802,2608261803,11,,S,S1,Stuttgart Hbf|Stuttgart-Bad Cannstatt|Stuttgart Neckarpark|Stuttgart-Untertürkheim|Stuttgart-Obertürkheim|Esslingen-Mettingen|Esslingen(Neckar)|Oberesslingen|Esslingen-Zell|Altbach|Plochingen|Wernau(Neckar),8006331,Wendlingen (Neckar),Baden-Württemberg,Wendlingen am Neckar,73240,9.373662098,48.67368917,3,2608261804,,2608261806,,,,,,,,,,,2.0,3.0
-8001259082649862726-2608261751-5,19235,2608261818,2608261818,2,,RE,MEX12,Stuttgart Hbf|Stuttgart-Bad Cannstatt|Esslingen(Neckar)|Plochingen,8006331,Wendlingen (Neckar),Baden-Württemberg,Wendlingen am Neckar,73240,9.373662098,48.67368917,3,2608261818,,2608261818,,h,2,Bauarbeiten,,,,,,,0.0,0.0
-155330053915194877-2608261824-1,16067,,2608261824,,,RE,RE200,,8006331,Wendlingen (Neckar),Baden-Württemberg,Wendlingen am Neckar,73240,9.373662098,48.67368917,3,,,2608261825,,h,2,Störung,,,,,,,0.0,1.0
-4384940379958233889-2608261820-3,7157,2608261827,2608261828,12,,S,S1,Kirchheim(Teck)|Kirchheim(Teck)-Ötlingen,8006331,Wendlingen (Neckar),Baden-Württemberg,Wendlingen am Neckar,73240,9.373662098,48.67368917,3,2608261827,,2608261828,,,,,,,,,,,0.0,0.0
-2105870165284876408-2608261816-6,19242,2608261840,2608261841,1,,RE,MEX12,Reutlingen Hbf|Metzingen(Württ)|Bempflingen|Nürtingen|Oberboihingen,8006331,Wendlingen (Neckar),Baden-Württemberg,Wendlingen am Neckar,73240,9.373662098,48.67368917,3,2608261843,,2608261845,,h,2,Bauarbeiten,,,,,,,3.0,4.0
-6153385815820538550-2608261825-12,7154,2608261858,2608261859,2,,S,S1,Stuttgart Hbf|Stuttgart-Bad Cannstatt|Stuttgart Neckarpark|Stuttgart-Untertürkheim|Stuttgart-Obertürkheim|Esslingen-Mettingen|Esslingen(Neckar)|Oberesslingen|Esslingen-Zell|Altbach|Plochingen,8006346,Wernau (Neckar),Baden-Württemberg,Wernau (Neckar),73249,9.413654423,48.69417221,4,2608261858,,2608261859,,,,,,,,,,,0.0,0.0
6868740163494159359-2608261755-12,7152,2608261828,2608261829,2,,S,S1,Stuttgart Hbf|Stuttgart-Bad Cannstatt|Stuttgart Neckarpark|Stuttgart-Untertürkheim|Stuttgart-Obertürkheim|Esslingen-Mettingen|Esslingen(Neckar)|Oberesslingen|Esslingen-Zell|Altbach|Plochingen,8006346,Wernau (Neckar),Baden-Württemberg,Wernau (Neckar),73249,9.413654423,48.69417221,4,2608261828,,2608261829,,,,,,,,,,,0.0,0.0
3782211826500268266-2608261750-4,7155,2608261801,2608261801,1,,S,S1,Kirchheim(Teck)|Kirchheim(Teck)-Ötlingen|Wendlingen(Neckar),8006346,Wernau (Neckar),Baden-Württemberg,Wernau (Neckar),73249,9.413654423,48.69417221,4,2608261801,,2608261802,,,,,,,,,,,0.0,1.0
-4384940379958233889-2608261820-4,7157,2608261831,2608261831,1,,S,S1,Kirchheim(Teck)|Kirchheim(Teck)-Ötlingen|Wendlingen(Neckar),8006346,Wernau (Neckar),Baden-Württemberg,Wernau (Neckar),73249,9.413654423,48.69417221,4,2608261831,,2608261831,,,,,,,,,,,0.0,0.0
-6626143759029600200-2608261811-4,7355,2608261819,2608261820,3,,S,S3,Backnang|Maubach|Nellmersbach,8006479,Winnenden,Baden-Württemberg,Winnenden,71364,9.392155928,48.8795625,3,2608261819,,2608261820,,,,,,,,,,,0.0,0.0
6435385735889726026-2608261826-4,17549,2608261844,2608261845,2,,RB,MEX90,Stuttgart Hbf|Stuttgart-Bad Cannstatt|Waiblingen,8006479,Winnenden,Baden-Württemberg,Winnenden,71364,9.392155928,48.8795625,3,2608261846,,2608261847,,h,2,Störung,,,,,,,2.0,2.0
-390875939933573051-2608261812-9,7352,2608261839,2608261839,2,,S,S3,Stuttgart Hbf|Stuttgart-Bad Cannstatt|Stuttgart Nürnberger Str.|Stuttgart-Sommerrain|Fellbach|Waiblingen|Neustadt-Hohenacker|Schwaikheim,8006479,Winnenden,Baden-Württemberg,Winnenden,71364,9.392155928,48.8795625,3,2608261840,,2608261841,,,,,,,,,,,1.0,2.0
9144716824704701089-2608261638-17,88620,2608261844,2608261845,3,,ARV,RE90,Nürnberg Hbf|Roßtal|Heilsbronn|Wicklesgreuth|Ansbach|Leutershausen-Wiedersbach|Dombühl|Schnelldorf|Crailsheim|Eckartshausen-Ilshofen|Schwäbisch Hall-Hessental|Gaildorf West|Murrhardt|Sulzbach(Murr)|Oppenweiler(Württ)|Backnang,8006479,Winnenden,Baden-Württemberg,Winnenden,71364,9.392155928,48.8795625,3,2608261930,,2608261931,,,,,,,Nürnberg Hbf|Roßtal|Heilsbronn|Wicklesgreuth|Ansbach|Leutershausen-Wiedersbach|Dombühl|Schnelldorf|Crailsheim|Eckartshausen-Ilshofen|Schwäbisch Hall-Hessental|Gaildorf West|Murrhardt|Sulzbach(Murr)|Oppenweiler(Württ)|Backnang,Waiblingen|Stuttgart-Bad Cannstatt|Stuttgart Hbf,,,46.0,46.0
3835355076369496258-2608261755-4,17547,2608261813,2608261814,2,,RE,MEX90,Stuttgart Hbf|Stuttgart-Bad Cannstatt|Waiblingen,8006479,Winnenden,Baden-Württemberg,Winnenden,71364,9.392155928,48.8795625,3,2608261817,,2608261818,,h,2,Störung,,,,,,,4.0,4.0
-7750715893784361563-2608261742-9,7350,2608261809,2608261809,2,,S,S3,Stuttgart Hbf|Stuttgart-Bad Cannstatt|Stuttgart Nürnberger Str.|Stuttgart-Sommerrain|Fellbach|Waiblingen|Neustadt-Hohenacker|Schwaikheim,8006479,Winnenden,Baden-Württemberg,Winnenden,71364,9.392155928,48.8795625,3,2608261809,,2608261810,,,,,,,,,,,0.0,1.0
5238051817368153971-2608261841-4,7357,2608261849,2608261850,3,,S,S3,Backnang|Maubach|Nellmersbach,8006479,Winnenden,Baden-Württemberg,Winnenden,71364,9.392155928,48.8795625,3,2608261849,,2608261850,,,,,,,,,,,0.0,0.0
3695793028752779188-2608261732-8,17554,2608261813,2608261814,3,,RB,MEX19,Gaildorf West|Fichtenberg|Fornsbach|Murrhardt|Sulzbach(Murr)|Oppenweiler(Württ)|Backnang,8006479,Winnenden,Baden-Württemberg,Winnenden,71364,9.392155928,48.8795625,3,2608261822,,2608261824,,,,,,,,,,,9.0,10.0
1429301461184468535-2608261833-3,7257,2608261838,2608261838,1,,S,S2,Schorndorf|Weiler(Rems),8006485,Winterbach (b Schorndorf),Baden-Württemberg,Winterbach,73650,9.481549751,48.79842743,4,2608261839,,2608261839,,h,1,Bauarbeiten,,,,,,,1.0,1.0
-8893689312291168022-2608261803-3,7255,2608261808,2608261808,1,,S,S2,Schorndorf|Weiler(Rems),8006485,Winterbach (b Schorndorf),Baden-Württemberg,Winterbach,73650,9.481549751,48.79842743,4,2608261808,,2608261808,,h,1,Bauarbeiten,,,,,,,0.0,0.0
-3837214827250733369-2608261750-13,7250,2608261820,2608261820,2,,S,S2,Stuttgart Hbf|Stuttgart-Bad Cannstatt|Stuttgart Nürnberger Str.|Stuttgart-Sommerrain|Fellbach|Waiblingen|Rommelshausen|Stetten-Beinstein|Endersbach|Beutelsbach|Grunbach|Geradstetten,8006485,Winterbach (b Schorndorf),Baden-Württemberg,Winterbach,73650,9.481549751,48.79842743,4,2608261820,,2608261820,,h,1,Bauarbeiten,,,,,,,0.0,0.0
-6151685978027470608-2608261820-13,7252,2608261850,2608261850,2,,S,S2,Stuttgart Hbf|Stuttgart-Bad Cannstatt|Stuttgart Nürnberger Str.|Stuttgart-Sommerrain|Fellbach|Waiblingen|Rommelshausen|Stetten-Beinstein|Endersbach|Beutelsbach|Grunbach|Geradstetten,8006485,Winterbach (b Schorndorf),Baden-Württemberg,Winterbach,73650,9.481549751,48.79842743,4,2608261900,,2608261900,,h,1,Bauarbeiten,,,,,,,10.0,10.0
5496704793073772827-2608261834-5,7055,2608261843,2608261844,1,,S,S60,Böblingen|Sindelfingen|Maichingen|Maichingen Nord,8003807,Magstadt,Baden-Württemberg,Magstadt,71106,8.965315746,48.73616033,6,2608261846,,2608261847,,,,,,,,,,,3.0,3.0
8469749057863403117-2608261808-12,7056,2608261845,2608261845,2,,S,S60,Stuttgart-Feuerbach|Stuttgart-Zuffenhausen|Neuwirtshaus(Porscheplatz)|Korntal|Weilimdorf|Ditzingen|Höfingen|Leonberg|Rutesheim|Renningen|Renningen Süd,8003807,Magstadt,Baden-Württemberg,Magstadt,71106,8.965315746,48.73616033,6,2608261845,,2608261846,,,,,,,,,,,0.0,1.0
-1562578414121516264-2608261804-5,7053,2608261813,2608261814,1,,S,S60,Böblingen|Sindelfingen|Maichingen|Maichingen Nord,8003807,Magstadt,Baden-Württemberg,Magstadt,71106,8.965315746,48.73616033,6,2608261813,,2608261814,,,,,,,,,,,0.0,0.0
6913806927060813312-2608261738-12,7054,2608261815,2608261815,2,,S,S60,Stuttgart-Feuerbach|Stuttgart-Zuffenhausen|Neuwirtshaus(Porscheplatz)|Korntal|Weilimdorf|Ditzingen|Höfingen|Leonberg|Rutesheim|Renningen|Renningen Süd,8003807,Magstadt,Baden-Württemberg,Magstadt,71106,8.965315746,48.73616033,6,2608261819,,2608261820,,,,,,,,,,,4.0,5.0
5496704793073772827-2608261834-4,7055,2608261841,2608261841,1,,S,S60,Böblingen|Sindelfingen|Maichingen,8003834,Maichingen Nord,Baden-Württemberg,Sindelfingen,71069,8.979416996,48.72750392,5,2608261844,,2608261845,,,,,,,,,,,3.0,4.0
8469749057863403117-2608261808-13,7056,2608261847,2608261847,2,,S,S60,Stuttgart-Feuerbach|Stuttgart-Zuffenhausen|Neuwirtshaus(Porscheplatz)|Korntal|Weilimdorf|Ditzingen|Höfingen|Leonberg|Rutesheim|Renningen|Renningen Süd|Magstadt,8003834,Maichingen Nord,Baden-Württemberg,Sindelfingen,71069,8.979416996,48.72750392,5,2608261848,,2608261848,,,,,,,,,,,1.0,1.0
-1562578414121516264-2608261804-4,7053,2608261811,2608261811,1,,S,S60,Böblingen|Sindelfingen|Maichingen,8003834,Maichingen Nord,Baden-Württemberg,Sindelfingen,71069,8.979416996,48.72750392,5,2608261812,,2608261812,,,,,,,,,,,1.0,1.0
6913806927060813312-2608261738-13,7054,2608261817,2608261817,2,,S,S60,Stuttgart-Feuerbach|Stuttgart-Zuffenhausen|Neuwirtshaus(Porscheplatz)|Korntal|Weilimdorf|Ditzingen|Höfingen|Leonberg|Rutesheim|Renningen|Renningen Süd|Magstadt,8003834,Maichingen Nord,Baden-Württemberg,Sindelfingen,71069,8.979416996,48.72750392,5,2608261822,,2608261822,,,,,,,,,,,5.0,5.0
5496704793073772827-2608261834-3,7055,2608261839,2608261840,1,,S,S60,Böblingen|Sindelfingen,8003808,Maichingen,Baden-Württemberg,Sindelfingen,71069,8.969606704,48.72162074,6,2608261842,,2608261843,,,,,,,,,,,3.0,3.0
8469749057863403117-2608261808-14,7056,2608261849,2608261849,1,,S,S60,Stuttgart-Feuerbach|Stuttgart-Zuffenhausen|Neuwirtshaus(Porscheplatz)|Korntal|Weilimdorf|Ditzingen|Höfingen|Leonberg|Rutesheim|Renningen|Renningen Süd|Magstadt|Maichingen Nord,8003808,Maichingen,Baden-Württemberg,Sindelfingen,71069,8.969606704,48.72162074,6,2608261849,,2608261850,,,,,,,,,,,0.0,1.0
-1562578414121516264-2608261804-3,7053,2608261809,2608261810,1,,S,S60,Böblingen|Sindelfingen,8003808,Maichingen,Baden-Württemberg,Sindelfingen,71069,8.969606704,48.72162074,6,2608261810,,2608261810,,,,,,,,,,,1.0,0.0
6913806927060813312-2608261738-14,7054,2608261819,2608261819,1,,S,S60,Stuttgart-Feuerbach|Stuttgart-Zuffenhausen|Neuwirtshaus(Porscheplatz)|Korntal|Weilimdorf|Ditzingen|Höfingen|Leonberg|Rutesheim|Renningen|Renningen Süd|Magstadt|Maichingen Nord,8003808,Maichingen,Baden-Württemberg,Sindelfingen,71069,8.969606704,48.72162074,6,2608261823,,2608261824,,,,,,,,,,,4.0,5.0
5496704793073772827-2608261834-6,7055,2608261847,2608261848,1,,S,S60,Böblingen|Sindelfingen|Maichingen|Maichingen Nord|Magstadt,8005001,Renningen Süd,Baden-Württemberg,Renningen,71272,8.932068278,48.76261937,6,2608261850,,2608261851,,,,,,,,,,,3.0,3.0
8469749057863403117-2608261808-11,7056,2608261841,2608261841,2,,S,S60,Stuttgart-Feuerbach|Stuttgart-Zuffenhausen|Neuwirtshaus(Porscheplatz)|Korntal|Weilimdorf|Ditzingen|Höfingen|Leonberg|Rutesheim|Renningen,8005001,Renningen Süd,Baden-Württemberg,Renningen,71272,8.932068278,48.76261937,6,2608261841,,2608261842,,,,,,,,,,,0.0,1.0
-1562578414121516264-2608261804-6,7053,2608261817,2608261818,1,,S,S60,Böblingen|Sindelfingen|Maichingen|Maichingen Nord|Magstadt,8005001,Renningen Süd,Baden-Württemberg,Renningen,71272,8.932068278,48.76261937,6,2608261817,,2608261818,,,,,,,,,,,0.0,0.0
6913806927060813312-2608261738-11,7054,2608261811,2608261811,2,,S,S60,Stuttgart-Feuerbach|Stuttgart-Zuffenhausen|Neuwirtshaus(Porscheplatz)|Korntal|Weilimdorf|Ditzingen|Höfingen|Leonberg|Rutesheim|Renningen,8005001,Renningen Süd,Baden-Württemberg,Renningen,71272,8.932068278,48.76261937,6,2608261815,,2608261816,,,,,,,,,,,4.0,5.0
