ID,train_number,planned_arrival,planned_departure,planned_platform,planned_status,category_train,train,path,eva_nr,station_name,station_state,station_city,station_zipcode,station_long,station_lat,station_category,changed_arrival,changed_platform_arrival,changed_departure,changed_platform_departure,message_status,priority,info,arrival_hidden,departure_hidden,arrival_path,departure_path,arrival_status,departure_status,arrival_delay_m,departure_delay_m
-7908498233924216314-2608300750-6,7115,2608300809,2608300810,3,,S,S1,Kirchheim(Teck)|Kirchheim(Teck)-Ötlingen|Wendlingen(Neckar)|Wernau(Neckar)|Plochingen,8000508,Altbach,Baden-Württemberg,Altbach,73776,9.382434033,48.72031354,3,2608300810,,2608300811,,,,,,,,,,,1.0,1.0
-6750459440429737938-2608300755-10,7112,2608300820,2608300820,4,,S,S1,Stuttgart Hbf|Stuttgart-Bad Cannstatt|Stuttgart Neckarpark|Stuttgart-Untertürkheim|Stuttgart-Obertürkheim|Esslingen-Mettingen|Esslingen(Neckar)|Oberesslingen|Esslingen-Zell,8000508,Altbach,Baden-Württemberg,Altbach,73776,9.382434033,48.72031354,3,2608300820,,2608300820,,,,,,,,,,,0.0,0.0
7462677850950360621-2608300825-10,7114,2608300850,2608300850,4,,S,S1,Stuttgart Hbf|Stuttgart-Bad Cannstatt|Stuttgart Neckarpark|Stuttgart-Untertürkheim|Stuttgart-Obertürkheim|Esslingen-Mettingen|Esslingen(Neckar)|Oberesslingen|Esslingen-Zell,8000508,Altbach,Baden-Württemberg,Altbach,73776,9.382434033,48.72031354,3,2608300850,,2608300850,,,,,,,,,,,0.0,0.0
2988814004659936288-2608300820-6,7117,2608300839,2608300840,3,,S,S1,Kirchheim(Teck)|Kirchheim(Teck)-Ötlingen|Wendlingen(Neckar)|Wernau(Neckar)|Plochingen,8000508,Altbach,Baden-Württemberg,Altbach,73776,9.382434033,48.72031354,3,2608300844,,2608300845,,,,,,,,,,,5.0,5.0
-7629876309056008994-2608300637-16,88610,2608300836,2608300838,4,,ARV,RE90,Nürnberg Hbf|Roßtal|Heilsbronn|Wicklesgreuth|Ansbach|Leutershausen-Wiedersbach|Dombühl|Schnelldorf|Crailsheim|Eckartshausen-Ilshofen|Schwäbisch Hall-Hessental|Gaildorf West|Murrhardt|Sulzbach(Murr)|Oppenweiler(Württ),8000016,Backnang,Baden-Württemberg,Backnang,71522,9.425986107,48.94264844,3,2608300837,,2608300838,,r,,,,,,,,,1.0,0.0
8832461638795716901-2608300841-1,7317,,2608300841,,,S,S3,,8000016,Backnang,Baden-Württemberg,Backnang,71522,9.425986107,48.94264844,3,,,2608300841,,,,,,,,,,,0.0,0.0
-6826708456044057474-2608300811-1,7315,,2608300811,,,S,S3,,8000016,Backnang,Baden-Württemberg,Backnang,71522,9.425986107,48.94264844,3,,,2608300812,,,,,,,,,,,0.0,1.0
5703247014473319295-2608300754-5,17513,2608300820,2608300821,4,,RB,MEX90,Stuttgart Hbf|Stuttgart-Bad Cannstatt|Waiblingen|Winnenden,8000016,Backnang,Baden-Württemberg,Backnang,71522,9.425986107,48.94264844,3,2608300821,,2608300821,,,,,,,,,,,1.0,0.0
7107141703960527681-2608300833-1,7417,,2608300833,,,S,S4,,8000016,Backnang,Baden-Württemberg,Backnang,71522,9.425986107,48.94264844,3,,,2608300833,,,,,,,,,,,0.0,0.0
-3592468245100533836-2608300812-12,7312,2608300848,,5,,S,,Stuttgart Hbf|Stuttgart-Bad Cannstatt|Stuttgart Nürnberger Str.|Stuttgart-Sommerrain|Fellbach|Waiblingen|Neustadt-Hohenacker|Schwaikheim|Winnenden|Nellmersbach|Maubach,8000016,Backnang,Baden-Württemberg,Backnang,71522,9.425986107,48.94264844,3,2608300849,,,,,,,,,,,,,1.0,0.0
-1396515843662350065-2608300803-1,7415,,2608300803,,,S,S4,,8000016,Backnang,Baden-Württemberg,Backnang,71522,9.425986107,48.94264844,3,,,2608300803,,,,,,,,,,,0.0,0.0
-8714228285082007604-2608300742-12,7310,2608300818,,5,,S,,Stuttgart Hbf|Stuttgart-Bad Cannstatt|Stuttgart Nürnberger Str.|Stuttgart-Sommerrain|Fellbach|Waiblingen|Neustadt-Hohenacker|Schwaikheim|Winnenden|Nellmersbach|Maubach,8000016,Backnang,Baden-Württemberg,Backnang,71522,9.425986107,48.94264844,3,2608300818,,,,,,,,,,,,,0.0,0.0
-3992047670892155392-2608300807-14,7410,2608300852,,1,,S,,Stuttgart Hbf|Stuttgart Nordbahnhof|Stuttgart-Feuerbach|Stuttgart-Zuffenhausen|Kornwestheim Pbf|Ludwigsburg|Favoritepark|Freiberg(Neckar)|Benningen(Neckar)|Marbach(Neckar)|Erdmannhausen|Kirchberg(Murr)|Burgstall(Murr),8000016,Backnang,Baden-Württemberg,Backnang,71522,9.425986107,48.94264844,3,2608300852,,,,,,,,,,,,,0.0,0.0
7107141703960527681-2608300833-6,7417,2608300857,2608300857,2,,S,S4,Backnang|Burgstall(Murr)|Kirchberg(Murr)|Erdmannhausen|Marbach(Neckar),8000873,Benningen (Neckar),Baden-Württemberg,Benningen am Neckar,71726,9.244299075,48.94379773,5,2608300857,,2608300858,,,,,,,,,,,0.0,1.0
-1396515843662350065-2608300803-6,7415,2608300827,2608300827,2,,S,S4,Backnang|Burgstall(Murr)|Kirchberg(Murr)|Erdmannhausen|Marbach(Neckar),8000873,Benningen (Neckar),Baden-Württemberg,Benningen am Neckar,71726,9.244299075,48.94379773,5,2608300827,,2608300827,,,,,,,,,,,0.0,0.0
-3992047670892155392-2608300807-9,7410,2608300832,2608300833,1,,S,S4,Stuttgart Hbf|Stuttgart Nordbahnhof|Stuttgart-Feuerbach|Stuttgart-Zuffenhausen|Kornwestheim Pbf|Ludwigsburg|Favoritepark|Freiberg(Neckar),8000873,Benningen (Neckar),Baden-Württemberg,Benningen am Neckar,71726,9.244299075,48.94379773,5,2608300833,,2608300833,,,,,,,,,,,1.0,0.0
-5804237943130712983-2608300803-6,7215,2608300815,2608300815,2,,S,S2,Schorndorf|Weiler(Rems)|Winterbach(b Schorndorf)|Geradstetten|Grunbach,8000934,Beutelsbach,Baden-Württemberg,Weinstadt,71384,9.38551589,48.81038925,5,2608300815,,2608300815,,,,,,,,,,,0.0,0.0
-5128631246468454871-2608300833-6,7217,2608300845,2608300845,2,,S,S2,Schorndorf|Weiler(Rems)|Winterbach(b Schorndorf)|Geradstetten|Grunbach,8000934,Beutelsbach,Baden-Württemberg,Weinstadt,71384,9.38551589,48.81038925,5,2608300845,,2608300845,,,,,,,,,,,0.0,0.0
4710214702648447253-2608300820-10,7212,2608300843,2608300843,1,,S,S2,Stuttgart Hbf|Stuttgart-Bad Cannstatt|Stuttgart Nürnberger Str.|Stuttgart-Sommerrain|Fellbach|Waiblingen|Rommelshausen|Stetten-Beinstein|Endersbach,8000934,Beutelsbach,Baden-Württemberg,Weinstadt,71384,9.38551589,48.81038925,5,2608300843,,2608300843,,,,,,,,,,,0.0,0.0
-6187813548789768480-2608300750-10,7210,2608300813,2608300813,1,,S,S2,Stuttgart Hbf|Stuttgart-Bad Cannstatt|Stuttgart Nürnberger Str.|Stuttgart-Sommerrain|Fellbach|Waiblingen|Rommelshausen|Stetten-Beinstein|Endersbach,8000934,Beutelsbach,Baden-Württemberg,Weinstadt,71384,9.38551589,48.81038925,5,2608300813,,2608300813,,,,,,,,,,,0.0,0.0
-7754500899398300260-2608300814-12,19509,2608300850,,7,,RE,,Pforzheim Hbf|Eutingen(Baden)|Niefern|Enzberg|Mühlacker|Mühlacker Rößlesweg|Illingen(Württ)|Vaihingen(Enz)|Sersheim|Sachsenheim|Ellental,8000038,Bietigheim-Bissingen,Baden-Württemberg,Bietigheim-Bissingen,74321,9.137217396,48.94794988,2,2608300850,,,,,,,,,,,,,0.0,0.0
-1886871274879829774-2608300804-1,19504,,2608300804,,,RE,MEX17,,8000038,Bietigheim-Bissingen,Baden-Württemberg,Bietigheim-Bissingen,74321,9.137217396,48.94794988,2,,,2608300805,,,,,,,,,,,0.0,1.0
-9216873786155751122-2608300815-3,17623,2608300837,2608300838,5,,RE,RE14a,Stuttgart Hbf|Stuttgart-Vaihingen,8001055,Böblingen,Baden-Württemberg,Böblingen,71034,9.004531864,48.68784871,3,2608300839,,2608300840,,,,,,,,,,,2.0,2.0
9174048015743328640-2608300834-1,7015,,2608300834,,,S,S60,,8001055,Böblingen,Baden-Württemberg,Böblingen,71034,9.004531864,48.68784871,3,,,2608300834,,,,,,,,,,,0.0,0.0
3303772125527124508-2608300746-4,7711,2608300800,2608300800,4,,S,S1,Stuttgart-Vaihingen|Stuttgart-Rohr|Goldberg(Württ),8001055,Böblingen,Baden-Württemberg,Böblingen,71034,9.004531864,48.68784871,3,2608300800,,2608300800,,,,,,,,,,,0.0,0.0
7703218303646440626-2608300746-6,7714,2608300800,2608300800,3,,S,S1,Herrenberg|Nufringen|Gärtringen|Ehningen(b Böblingen)|Hulb,8001055,Böblingen,Baden-Württemberg,Böblingen,71034,9.004531864,48.68784871,3,2608300800,,2608300800,,,,,,,,,,,0.0,0.0
-5575008195378983566-2608300805-1,8064,,2608300805,,,WEG,RB46,,8001055,Böblingen,Baden-Württemberg,Böblingen,71034,9.004531864,48.68784871,3,,,2608300805,,,,,,,,,,,0.0,0.0
-3878797200366538218-2608300833-1,28472,,2608300833,,,RE,RESB,,8001055,Böblingen,Baden-Württemberg,Böblingen,71034,9.004531864,48.68784871,3,,,2608300836,,,,,,,,,,,0.0,3.0
-5708930330401814442-2608300832-12,8069,2608300855,,1,,WEG,,Dettenhausen|Weil im Schönbuch Untere Halde|Weil im Schönbuch Röte|Weil im Schönbuch Troppel|Holzgerlingen Buch|Holzgerlingen Bf|Holzgerlingen Hülben|Böblingen Zimmerschlag|Böblingen Heusteigstr|Böblingen Südbf|Böblingen Danziger Str,8001055,Böblingen,Baden-Württemberg,Böblingen,71034,9.004531864,48.68784871,3,2608300856,,,,,,,,,,,,,1.0,0.0
-2319466896270957944-2608300809-7,7014,2608300826,,5,,S,,Renningen|Renningen Süd|Magstadt|Maichingen Nord|Maichingen|Sindelfingen,8001055,Böblingen,Baden-Württemberg,Böblingen,71034,9.004531864,48.68784871,3,2608300826,,,,,,,,,,,,,0.0,0.0
7180009832480979228-2608300835-1,8068,,2608300835,,,WEG,RB46,,8001055,Böblingen,Baden-Württemberg,Böblingen,71034,9.004531864,48.68784871,3,,,2608300835,,,,,,,,,,,0.0,0.0
-1939940434765765785-2608300816-6,7716,2608300830,2608300830,3,,S,S1,Herrenberg|Nufringen|Gärtringen|Ehningen(b Böblingen)|Hulb,8001055,Böblingen,Baden-Württemberg,Böblingen,71034,9.004531864,48.68784871,3,2608300832,,2608300833,,,,,,,,,,,2.0,3.0
-1444193866381249599-2608300802-3,28473,2608300826,,2,,RE,,Stuttgart Hbf|Stuttgart-Vaihingen,8001055,Böblingen,Baden-Württemberg,Böblingen,71034,9.004531864,48.68784871,3,2608300830,,,,,,,,,,,,,4.0,0.0
-1478204339340738546-2608300839-7,7016,2608300856,,5,,S,,Renningen|Renningen Süd|Magstadt|Maichingen Nord|Maichingen|Sindelfingen,8001055,Böblingen,Baden-Württemberg,Böblingen,71034,9.004531864,48.68784871,3,2608300856,,,,,,,,,,,,,0.0,0.0
4428035523306694897-2608300816-4,7713,2608300830,2608300830,4,,S,S1,Stuttgart-Vaihingen|Stuttgart-Rohr|Goldberg(Württ),8001055,Böblingen,Baden-Württemberg,Böblingen,71034,9.004531864,48.68784871,3,2608300833,,2608300833,,,,,,,,,,,3.0,3.0
7558420737718355302-2608300804-1,7013,,2608300804,,,S,S60,,8001055,Böblingen,Baden-Württemberg,Böblingen,71034,9.004531864,48.68784871,3,,,2608300804,,,,,,,,,,,0.0,0.0
4511850831622972454-2608300802-12,8065,2608300825,,1,,WEG,,Dettenhausen|Weil im Schönbuch Untere Halde|Weil im Schönbuch Röte|Weil im Schönbuch Troppel|Holzgerlingen Buch|Holzgerlingen Bf|Holzgerlingen Hülben|Böblingen Zimmerschlag|Böblingen Heusteigstr|Böblingen Südbf|Böblingen Danziger Str,8001055,Böblingen,Baden-Württemberg,Böblingen,71034,9.004531864,48.68784871,3,2608300825,,,,,,,,,,,,,0.0,0.0
7107141703960527681-2608300833-2,7417,2608300837,2608300838,1,,S,S4,Backnang,8001296,Burgstall (Murr),Baden-Württemberg,Burgstetten,71576,9.36973562,48.92851826,6,2608300838,,2608300839,,,,,,,,,,,1.0,1.0
-1396515843662350065-2608300803-2,7415,2608300807,2608300808,1,,S,S4,Backnang,8001296,Burgstall (Murr),Baden-Württemberg,Burgstetten,71576,9.36973562,48.92851826,6,2608300807,,2608300808,,,,,,,,,,,0.0,0.0
-3992047670892155392-2608300807-13,7410,2608300847,2608300847,1,,S,S4,Stuttgart Hbf|Stuttgart Nordbahnhof|Stuttgart-Feuerbach|Stuttgart-Zuffenhausen|Kornwestheim Pbf|Ludwigsburg|Favoritepark|Freiberg(Neckar)|Benningen(Neckar)|Marbach(Neckar)|Erdmannhausen|Kirchberg(Murr),8001296,Burgstall (Murr),Baden-Württemberg,Burgstetten,71576,9.36973562,48.92851826,6,2608300847,,2608300847,,,,,,,,,,,0.0,0.0
8022546424643450692-2608300817-8,7612,2608300836,2608300836,2,,S,S6,Stuttgart Hbf|Stuttgart Nordbahnhof|Stuttgart-Feuerbach|Stuttgart-Zuffenhausen|Neuwirtshaus(Porscheplatz)|Korntal|Weilimdorf,8001476,Ditzingen,Baden-Württemberg,Ditzingen,71254,9.067095186,48.82358726,4,2608300836,,2608300836,,,,,,,,,,,0.0,0.0
368607286846300048-2608300803-7,7615,2608300824,2608300824,3,,S,S6,Weil der Stadt|Malmsheim|Renningen|Rutesheim|Leonberg|Höfingen,8001476,Ditzingen,Baden-Württemberg,Ditzingen,71254,9.067095186,48.82358726,4,2608300824,,2608300824,,,,,,,,,,,0.0,0.0
5803573868774258182-2608300833-7,7617,2608300854,2608300854,3,,S,S6,Weil der Stadt|Malmsheim|Renningen|Rutesheim|Leonberg|Höfingen,8001476,Ditzingen,Baden-Württemberg,Ditzingen,71254,9.067095186,48.82358726,4,2608300854,,2608300854,,,,,,,,,,,0.0,0.0
-6417774412386429047-2608300833-3,7914,2608300840,2608300840,2,,S,S2,Filderstadt|Stuttgart Flughafen/Messe,8001650,Echterdingen,Baden-Württemberg,Echterdingen,70771,9.169307175,48.69214787,4,2608300840,,2608300840,,,,,,,,,,,0.0,0.0
4580394534230796773-2608300805-5,7913,2608300819,2608300820,1,,S,S2,Stuttgart-Vaihingen|Stuttgart-Rohr|Oberaichen|Leinfelden,8001650,Echterdingen,Baden-Württemberg,Echterdingen,70771,9.169307175,48.69214787,4,2608300819,,2608300820,,,,,,,,,,,0.0,0.0
7974787834467566145-2608300803-3,7912,2608300810,2608300810,2,,S,S2,Filderstadt|Stuttgart Flughafen/Messe,8001650,Echterdingen,Baden-Württemberg,Echterdingen,70771,9.169307175,48.69214787,4,2608300809,,2608300810,,,,,,,,,,,-1.0,0.0
-5955935305381349706-2608300835-5,7915,2608300849,2608300850,1,,S,S2,Stuttgart-Vaihingen|Stuttgart-Rohr|Oberaichen|Leinfelden,8001650,Echterdingen,Baden-Württemberg,Echterdingen,70771,9.169307175,48.69214787,4,2608300849,,2608300850,,,,,,,,,,,0.0,0.0
3303772125527124508-2608300746-6,7711,2608300805,2608300805,2,,S,S1,Stuttgart-Vaihingen|Stuttgart-Rohr|Goldberg(Württ)|Böblingen|Hulb,8001689,Ehningen (b Böblingen),Baden-Württemberg,Ehningen,71139,8.944310368,48.66275549,4,2608300805,,2608300805,,,,,,,,,,,0.0,0.0
6586635698842149002-2608300846-4,7718,2608300855,2608300855,1,,S,S1,Herrenberg|Nufringen|Gärtringen,8001689,Ehningen (b Böblingen),Baden-Württemberg,Ehningen,71139,8.944310368,48.66275549,4,2608300855,,2608300856,,,,,,,,,,,0.0,1.0
-1939940434765765785-2608300816-4,7716,2608300825,2608300825,1,,S,S1,Herrenberg|Nufringen|Gärtringen,8001689,Ehningen (b Böblingen),Baden-Württemberg,Ehningen,71139,8.944310368,48.66275549,4,2608300826,,2608300827,,,,,,,,,,,1.0,2.0
4428035523306694897-2608300816-6,7713,2608300835,2608300835,2,,S,S1,Stuttgart-Vaihingen|Stuttgart-Rohr|Goldberg(Württ)|Böblingen|Hulb,8001689,Ehningen (b Böblingen),Baden-Württemberg,Ehningen,71139,8.944310368,48.66275549,4,2608300837,,2608300838,,,,,,,,,,,2.0,3.0
-5804237943130712983-2608300803-7,7215,2608300817,2608300817,3,,S,S2,Schorndorf|Weiler(Rems)|Winterbach(b Schorndorf)|Geradstetten|Grunbach|Beutelsbach,8001785,Endersbach,Baden-Württemberg,Weinstadt,71384,9.370192421,48.81317323,4,2608300817,,2608300817,,,,,,,,,,,0.0,0.0
-5128631246468454871-2608300833-7,7217,2608300847,2608300847,3,,S,S2,Schorndorf|Weiler(Rems)|Winterbach(b Schorndorf)|Geradstetten|Grunbach|Beutelsbach,8001785,Endersbach,Baden-Württemberg,Weinstadt,71384,9.370192421,48.81317323,4,2608300847,,2608300847,,,,,,,,,,,0.0,0.0
4710214702648447253-2608300820-9,7212,2608300841,2608300841,2,,S,S2,Stuttgart Hbf|Stuttgart-Bad Cannstatt|Stuttgart Nürnberger Str.|Stuttgart-Sommerrain|Fellbach|Waiblingen|Rommelshausen|Stetten-Beinstein,8001785,Endersbach,Baden-Württemberg,Weinstadt,71384,9.370192421,48.81317323,4,2608300841,,2608300841,,,,,,,,,,,0.0,0.0
-6187813548789768480-2608300750-9,7210,2608300811,2608300811,2,,S,S2,Stuttgart Hbf|Stuttgart-Bad Cannstatt|Stuttgart Nürnberger Str.|Stuttgart-Sommerrain|Fellbach|Waiblingen|Rommelshausen|Stetten-Beinstein,8001785,Endersbach,Baden-Württemberg,Weinstadt,71384,9.370192421,48.81317323,4,2608300811,,2608300811,,,,,,,,,,,0.0,0.0
7107141703960527681-2608300833-4,7417,2608300847,2608300848,1,,S,S4,Backnang|Burgstall(Murr)|Kirchberg(Murr),8001827,Erdmannhausen,Baden-Württemberg,Erdmannhausen,71729,9.298930848,48.9483447,6,2608300848,,2608300849,,,,,,,,,,,1.0,1.0
-1396515843662350065-2608300803-4,7415,2608300817,2608300818,1,,S,S4,Backnang|Burgstall(Murr)|Kirchberg(Murr),8001827,Erdmannhausen,Baden-Württemberg,Erdmannhausen,71729,9.298930848,48.9483447,6,2608300818,,2608300818,,,,,,,,,,,1.0,0.0
-3992047670892155392-2608300807-11,7410,2608300840,2608300840,1,,S,S4,Stuttgart Hbf|Stuttgart Nordbahnhof|Stuttgart-Feuerbach|Stuttgart-Zuffenhausen|Kornwestheim Pbf|Ludwigsburg|Favoritepark|Freiberg(Neckar)|Benningen(Neckar)|Marbach(Neckar),8001827,Erdmannhausen,Baden-Württemberg,Erdmannhausen,71729,9.298930848,48.9483447,6,2608300840,,2608300841,,,,,,,,,,,0.0,1.0
3085957373599067482-2608300748-14,19122,2608300841,2608300841,3,,ARV,MEX16,Geislingen(Steige)|Geislingen(Steige)West|Kuchen|Gingen(Fils)|Süßen|Salach|Eislingen(Fils)|Göppingen|Faurndau|Uhingen|Ebersbach(Fils)|Reichenbach(Fils)|Plochingen,8001920,Esslingen (Neckar),Baden-Württemberg,Esslingen am Neckar,73728,9.300578149,48.73854148,3,2608300844,,2608300845,,,,,,,,,,,3.0,4.0
6339879524264989813-2608300824-3,19213,2608300834,2608300835,6,,RE,MEX18,Stuttgart Hbf|Stuttgart-Bad Cannstatt,8001920,Esslingen (Neckar),Baden-Württemberg,Esslingen am Neckar,73728,9.300578149,48.73854148,3,2608300836,8,2608300837,8,,,,,,,,,,2.0,2.0
-7908498233924216314-2608300750-9,7115,2608300817,2608300817,7,,S,S1,Kirchheim(Teck)|Kirchheim(Teck)-Ötlingen|Wendlingen(Neckar)|Wernau(Neckar)|Plochingen|Altbach|Esslingen-Zell|Oberesslingen,8001920,Esslingen (Neckar),Baden-Württemberg,Esslingen am Neckar,73728,9.300578149,48.73854148,3,2608300817,,2608300818,,,,,,,,,,,0.0,1.0
2489733951411711794-2608300713-14,19120,2608300801,2608300802,3,,ARV,MEX16,Geislingen(Steige)|Geislingen(Steige)West|Kuchen|Gingen(Fils)|Süßen|Salach|Eislingen(Fils)|Göppingen|Faurndau|Uhingen|Ebersbach(Fils)|Reichenbach(Fils)|Plochingen,8001920,Esslingen (Neckar),Baden-Württemberg,Esslingen am Neckar,73728,9.300578149,48.73854148,3,2608300801,,2608300802,,,,,,,,,,,0.0,0.0
6413309914048916248-2608300813-2,19308,2608300822,2608300823,3,,RE,MEX18,Plochingen,8001920,Esslingen (Neckar),Baden-Württemberg,Esslingen am Neckar,73728,9.300578149,48.73854148,3,2608300829,,2608300829,,,,,,,,,,,7.0,6.0
-6750459440429737938-2608300755-7,7112,2608300812,2608300813,8,,S,S1,Stuttgart Hbf|Stuttgart-Bad Cannstatt|Stuttgart Neckarpark|Stuttgart-Untertürkheim|Stuttgart-Obertürkheim|Esslingen-Mettingen,8001920,Esslingen (Neckar),Baden-Württemberg,Esslingen am Neckar,73728,9.300578149,48.73854148,3,2608300812,,2608300813,,,,,,,,,,,0.0,0.0
-705341486458257230-2608300805-3,19123,2608300815,2608300815,5,,ARV,MEX16,Stuttgart Hbf|Stuttgart-Bad Cannstatt,8001920,Esslingen (Neckar),Baden-Württemberg,Esslingen am Neckar,73728,9.300578149,48.73854148,3,2608300818,,2608300819,,,,,,,,,,,3.0,4.0
7462677850950360621-2608300825-7,7114,2608300842,2608300843,8,,S,S1,Stuttgart Hbf|Stuttgart-Bad Cannstatt|Stuttgart Neckarpark|Stuttgart-Untertürkheim|Stuttgart-Obertürkheim|Esslingen-Mettingen,8001920,Esslingen (Neckar),Baden-Württemberg,Esslingen am Neckar,73728,9.300578149,48.73854148,3,2608300842,,2608300843,,,,,,,,,,,0.0,0.0
-2932562209063545082-2608300707-5,1798,2608300830,2608300835,,,DBK,,Aalen Hbf|Schwäbisch Gmünd|Schorndorf|Waiblingen,8001920,Esslingen (Neckar),Baden-Württemberg,Esslingen am Neckar,73728,9.300578149,48.73854148,3,2608300830,5,2608300835,5,,,,,,,,,,0.0,0.0
-1152152025292238787-2608300839-2,4209,2608300848,2608300849,5,,RE,RE5,Stuttgart Hbf,8001920,Esslingen (Neckar),Baden-Württemberg,Esslingen am Neckar,73728,9.300578149,48.73854148,3,2608300849,,2608300850,,h,1,Störung,,,,,,,1.0,1.0
2988814004659936288-2608300820-9,7117,2608300847,2608300847,7,,S,S1,Kirchheim(Teck)|Kirchheim(Teck)-Ötlingen|Wendlingen(Neckar)|Wernau(Neckar)|Plochingen|Altbach|Esslingen-Zell|Oberesslingen,8001920,Esslingen (Neckar),Baden-Württemberg,Esslingen am Neckar,73728,9.300578149,48.73854148,3,2608300852,,2608300852,,,,,,,,,,,5.0,5.0
8422975765169747480-2608300752-3,19351,2608300802,2608300803,6,,RE,MEX12,Stuttgart Hbf|Stuttgart-Bad Cannstatt,8001920,Esslingen (Neckar),Baden-Württemberg,Esslingen am Neckar,73728,9.300578149,48.73854148,3,2608300804,,2608300805,,c,,,,,,,,,2.0,2.0
5737891863628718438-2608300651-4,9576,2608300858,2608300900,2,,TGV,,München Hbf|Augsburg Hbf|Ulm Hbf,8001920,Esslingen (Neckar),Baden-Württemberg,Esslingen am Neckar,73728,9.300578149,48.73854148,3,2608300858,3,2608300903,3,h,1,Störung,,,,,,,0.0,3.0
6094714682272975169-2608300603-13,4204,2608300812,2608300813,3,,RE,RE5,Friedrichshafen Stadt|Meckenbeuren|Ravensburg|Aulendorf|Bad Schussenried|Biberach(Riß)|Schemmerberg|Laupheim West|Ulm Hbf|Geislingen(Steige)|Göppingen|Plochingen,8001920,Esslingen (Neckar),Baden-Württemberg,Esslingen am Neckar,73728,9.300578149,48.73854148,3,2608300814,,2608300815,,,,,,,,,c,c,2.0,2.0
-5473194171738225736-2608300842-3,19125,2608300853,2608300854,5,,ARV,MEX16,Stuttgart Hbf|Stuttgart-Bad Cannstatt,8001920,Esslingen (Neckar),Baden-Württemberg,Esslingen am Neckar,73728,9.300578149,48.73854148,3,2608300853,,2608300854,,,,,,,,,,,0.0,0.0
3830503641976220825-2608300816-8,99028,2608300852,2608300855,,,RE,MEX12,Reutlingen Hbf|Metzingen(Württ)|Bempflingen|Nürtingen|Oberboihingen|Wendlingen(Neckar)|Plochingen,8001920,Esslingen (Neckar),Baden-Württemberg,Esslingen am Neckar,73728,9.300578149,48.73854148,3,2608300859,7,2608300901,7,,,,,,,,,,7.0,6.0
2034711048828426076-2608300536-8,1091,2608300758,2608300800,5,,ICE,,Saarbrücken Hbf|Homburg(Saar)Hbf|Landstuhl|Kaiserslautern Hbf|Neustadt(Weinstr)Hbf|Ludwigshafen(Rh)Hbf|Mannheim Hbf,8001920,Esslingen (Neckar),Baden-Württemberg,Esslingen am Neckar,73728,9.300578149,48.73854148,3,2608300758,,2608300803,,h,2,Information,,,,,,,0.0,3.0
-7908498233924216314-2608300750-10,7115,2608300819,2608300820,3,,S,S1,Kirchheim(Teck)|Kirchheim(Teck)-Ötlingen|Wendlingen(Neckar)|Wernau(Neckar)|Plochingen|Altbach|Esslingen-Zell|Oberesslingen|Esslingen(Neckar),8001921,Esslingen-Mettingen,Baden-Württemberg,Esslingen am Neckar,73733,9.275799007,48.74696655,3,2608300820,,2608300820,,,,,,,,,,,1.0,0.0
-6750459440429737938-2608300755-6,7112,2608300809,2608300809,4,,S,S1,Stuttgart Hbf|Stuttgart-Bad Cannstatt|Stuttgart Neckarpark|Stuttgart-Untertürkheim|Stuttgart-Obertürkheim,8001921,Esslingen-Mettingen,Baden-Württemberg,Esslingen am Neckar,73733,9.275799007,48.74696655,3,2608300809,,2608300809,,,,,,,,,,,0.0,0.0
7462677850950360621-2608300825-6,7114,2608300839,2608300839,4,,S,S1,Stuttgart Hbf|Stuttgart-Bad Cannstatt|Stuttgart Neckarpark|Stuttgart-Untertürkheim|Stuttgart-Obertürkheim,8001921,Esslingen-Mettingen,Baden-Württemberg,Esslingen am Neckar,73733,9.275799007,48.74696655,3,2608300840,,2608300841,,,,,,,,,,,1.0,2.0
2988814004659936288-2608300820-10,7117,2608300849,2608300850,3,,S,S1,Kirchheim(Teck)|Kirchheim(Teck)-Ötlingen|Wendlingen(Neckar)|Wernau(Neckar)|Plochingen|Altbach|Esslingen-Zell|Oberesslingen|Esslingen(Neckar),8001921,Esslingen-Mettingen,Baden-Württemberg,Esslingen am Neckar,73733,9.275799007,48.74696655,3,2608300854,,2608300855,,,,,,,,,,,5.0,5.0
-7908498233924216314-2608300750-7,7115,2608300812,2608300812,3,,S,S1,Kirchheim(Teck)|Kirchheim(Teck)-Ötlingen|Wendlingen(Neckar)|Wernau(Neckar)|Plochingen|Altbach,8006642,Esslingen-Zell,Baden-Württemberg,Esslingen am Neckar,73730,9.359739507,48.72436142,3,2608300812,,2608300813,,,,,,,,,,,0.0,1.0
-6750459440429737938-2608300755-9,7112,2608300817,2608300818,4,,S,S1,Stuttgart Hbf|Stuttgart-Bad Cannstatt|Stuttgart Neckarpark|Stuttgart-Untertürkheim|Stuttgart-Obertürkheim|Esslingen-Mettingen|Esslingen(Neckar)|Oberesslingen,8006642,Esslingen-Zell,Baden-Württemberg,Esslingen am Neckar,73730,9.359739507,48.72436142,3,2608300817,,2608300818,,,,,,,,,,,0.0,0.0
7462677850950360621-2608300825-9,7114,2608300847,2608300848,4,,S,S1,Stuttgart Hbf|Stuttgart-Bad Cannstatt|Stuttgart Neckarpark|Stuttgart-Untertürkheim|Stuttgart-Obertürkheim|Esslingen-Mettingen|Esslingen(Neckar)|Oberesslingen,8006642,Esslingen-Zell,Baden-Württemberg,Esslingen am Neckar,73730,9.359739507,48.72436142,3,2608300847,,2608300849,,,,,,,,,,,0.0,1.0
2988814004659936288-2608300820-7,7117,2608300842,2608300842,3,,S,S1,Kirchheim(Teck)|Kirchheim(Teck)-Ötlingen|Wendlingen(Neckar)|Wernau(Neckar)|Plochingen|Altbach,8006642,Esslingen-Zell,Baden-Württemberg,Esslingen am Neckar,73730,9.359739507,48.72436142,3,2608300846,,2608300847,,,,,,,,,,,4.0,5.0
-1396515843662350065-2608300803-8,7415,2608300833,2608300834,2,,S,S4,Backnang|Burgstall(Murr)|Kirchberg(Murr)|Erdmannhausen|Marbach(Neckar)|Benningen(Neckar)|Freiberg(Neckar),8001967,Favoritepark,Baden-Württemberg,Ludwigsburg,71634,9.180574277,48.90948451,5,2608300833,,2608300835,,,,,,,,,,,0.0,1.0
-812051319324174666-2608300837-7,7412,2608300856,2608300856,1,,S,S4,Stuttgart Hbf|Stuttgart Nordbahnhof|Stuttgart-Feuerbach|Stuttgart-Zuffenhausen|Kornwestheim Pbf|Ludwigsburg,8001967,Favoritepark,Baden-Württemberg,Ludwigsburg,71634,9.180574277,48.90948451,5,2608300856,,2608300857,,,,,,,,,,,0.0,1.0
-3992047670892155392-2608300807-7,7410,2608300826,2608300826,1,,S,S4,Stuttgart Hbf|Stuttgart Nordbahnhof|Stuttgart-Feuerbach|Stuttgart-Zuffenhausen|Kornwestheim Pbf|Ludwigsburg,8001967,Favoritepark,Baden-Württemberg,Ludwigsburg,71634,9.180574277,48.90948451,5,2608300826,,2608300826,,,,,,,,,,,0.0,0.0
8970610329466681156-2608300733-8,7413,2608300803,2608300804,2,,S,S4,Backnang|Burgstall(Murr)|Kirchberg(Murr)|Erdmannhausen|Marbach(Neckar)|Benningen(Neckar)|Freiberg(Neckar),8001967,Favoritepark,Baden-Württemberg,Ludwigsburg,71634,9.180574277,48.90948451,5,2608300804,,2608300805,,,,,,,,,,,1.0,1.0
-6826708456044057474-2608300811-8,7315,2608300832,2608300833,4,,S,S3,Backnang|Maubach|Nellmersbach|Winnenden|Schwaikheim|Neustadt-Hohenacker|Waiblingen,8001974,Fellbach,Baden-Württemberg,Fellbach,70736,9.270645988,48.8202936,3,2608300832,,2608300833,,,,,,,,,,,0.0,0.0
1183603668671718907-2608300741-8,7313,2608300802,2608300803,4,,S,S3,Backnang|Maubach|Nellmersbach|Winnenden|Schwaikheim|Neustadt-Hohenacker|Waiblingen,8001974,Fellbach,Baden-Württemberg,Fellbach,70736,9.270645988,48.8202936,3,2608300802,,2608300803,,,,,,,,,,,0.0,0.0
-6338002183585841713-2608300842-5,7314,2608300856,2608300857,1,,S,S3,Stuttgart Hbf|Stuttgart-Bad Cannstatt|Stuttgart Nürnberger Str.|Stuttgart-Sommerrain,8001974,Fellbach,Baden-Württemberg,Fellbach,70736,9.270645988,48.8202936,3,2608300856,,2608300857,,,,,,,,,,,0.0,0.0
-5804237943130712983-2608300803-11,7215,2608300827,2608300828,4,,S,S2,Schorndorf|Weiler(Rems)|Winterbach(b Schorndorf)|Geradstetten|Grunbach|Beutelsbach|Endersbach|Stetten-Beinstein|Rommelshausen|Waiblingen,8001974,Fellbach,Baden-Württemberg,Fellbach,70736,9.270645988,48.8202936,3,2608300827,,2608300828,,,,,,,,,,,0.0,0.0
-5128631246468454871-2608300833-11,7217,2608300857,2608300858,4,,S,S2,Schorndorf|Weiler(Rems)|Winterbach(b Schorndorf)|Geradstetten|Grunbach|Beutelsbach|Endersbach|Stetten-Beinstein|Rommelshausen|Waiblingen,8001974,Fellbach,Baden-Württemberg,Fellbach,70736,9.270645988,48.8202936,3,2608300857,,2608300858,,,,,,,,,,,0.0,0.0
-3592468245100533836-2608300812-5,7312,2608300826,2608300827,1,,S,S3,Stuttgart Hbf|Stuttgart-Bad Cannstatt|Stuttgart Nürnberger Str.|Stuttgart-Sommerrain,8001974,Fellbach,Baden-Württemberg,Fellbach,70736,9.270645988,48.8202936,3,2608300826,,2608300827,,,,,,,,,,,0.0,0.0
4710214702648447253-2608300820-5,7212,2608300831,2608300832,1,,S,S2,Stuttgart Hbf|Stuttgart-Bad Cannstatt|Stuttgart Nürnberger Str.|Stuttgart-Sommerrain,8001974,Fellbach,Baden-Württemberg,Fellbach,70736,9.270645988,48.8202936,3,2608300831,,2608300832,,,,,,,,,,,0.0,0.0
-6187813548789768480-2608300750-5,7210,2608300801,2608300802,1,,S,S2,Stuttgart Hbf|Stuttgart-Bad Cannstatt|Stuttgart Nürnberger Str.|Stuttgart-Sommerrain,8001974,Fellbach,Baden-Württemberg,Fellbach,70736,9.270645988,48.8202936,3,2608300801,,2608300802,,,,,,,,,,,0.0,0.0
-6417774412386429047-2608300833-2,7914,2608300837,2608300838,2,,S,S2,Filderstadt,8005768,Stuttgart Flughafen/Messe,Baden-Württemberg,Leinfelden-Echterdingen,70629,9.193411574,48.69075193,4,2608300836,,2608300838,,,,,,,,,,,-1.0,0.0
4580394534230796773-2608300805-6,7913,2608300822,2608300823,1,,S,S2,Stuttgart-Vaihingen|Stuttgart-Rohr|Oberaichen|Leinfelden|Echterdingen,8005768,Stuttgart Flughafen/Messe,Baden-Württemberg,Leinfelden-Echterdingen,70629,9.193411574,48.69075193,4,2608300822,,2608300823,,,,,,,,,,,0.0,0.0
7974787834467566145-2608300803-2,7912,2608300807,2608300808,2,,S,S2,Filderstadt,8005768,Stuttgart Flughafen/Messe,Baden-Württemberg,Leinfelden-Echterdingen,70629,9.193411574,48.69075193,4,2608300806,,2608300807,,,,,,,,,,,-1.0,-1.0
-5955935305381349706-2608300835-6,7915,2608300852,2608300853,1,,S,S2,Stuttgart-Vaihingen|Stuttgart-Rohr|Oberaichen|Leinfelden|Echterdingen,8005768,Stuttgart Flughafen/Messe,Baden-Württemberg,Leinfelden-Echterdingen,70629,9.193411574,48.69075193,4,2608300852,,2608300853,,,,,,,,,,,0.0,0.0
-1396515843662350065-2608300803-7,7415,2608300830,2608300831,2,,S,S4,Backnang|Burgstall(Murr)|Kirchberg(Murr)|Erdmannhausen|Marbach(Neckar)|Benningen(Neckar),8002065,Freiberg (Neckar),Baden-Württemberg,Freiberg am Neckar,71691,9.197530085,48.92994974,5,2608300830,,2608300831,,,,,,,,,,,0.0,0.0
-812051319324174666-2608300837-8,7412,2608300859,2608300859,3,,S,S4,Stuttgart Hbf|Stuttgart Nordbahnhof|Stuttgart-Feuerbach|Stuttgart-Zuffenhausen|Kornwestheim Pbf|Ludwigsburg|Favoritepark,8002065,Freiberg (Neckar),Baden-Württemberg,Freiberg am Neckar,71691,9.197530085,48.92994974,5,2608300859,,2608300900,,,,,,,,,,,0.0,1.0
-3992047670892155392-2608300807-8,7410,2608300829,2608300829,3,,S,S4,Stuttgart Hbf|Stuttgart Nordbahnhof|Stuttgart-Feuerbach|Stuttgart-Zuffenhausen|Kornwestheim Pbf|Ludwigsburg|Favoritepark,8002065,Freiberg (Neckar),Baden-Württemberg,Freiberg am Neckar,71691,9.197530085,48.92994974,5,2608300829,,2608300829,,,,,,,,,,,0.0,0.0
8970610329466681156-2608300733-7,7413,2608300800,2608300801,2,,S,S4,Backnang|Burgstall(Murr)|Kirchberg(Murr)|Erdmannhausen|Marbach(Neckar)|Benningen(Neckar),8002065,Freiberg (Neckar),Baden-Württemberg,Freiberg am Neckar,71691,9.197530085,48.92994974,5,2608300800,,2608300801,,,,,,,,,,,0.0,0.0
3303772125527124508-2608300746-7,7711,2608300808,2608300808,1,,S,S1,Stuttgart-Vaihingen|Stuttgart-Rohr|Goldberg(Württ)|Böblingen|Hulb|Ehningen(b Böblingen),8002165,Gärtringen,Baden-Württemberg,Gärtringen,71116,8.908864487,48.64080021,5,2608300808,,2608300808,,,,,,,,,,,0.0,0.0
6586635698842149002-2608300846-3,7718,2608300852,2608300852,2,,S,S1,Herrenberg|Nufringen,8002165,Gärtringen,Baden-Württemberg,Gärtringen,71116,8.908864487,48.64080021,5,2608300852,,2608300853,,,,,,,,,,,0.0,1.0
-1939940434765765785-2608300816-3,7716,2608300822,2608300822,2,,S,S1,Herrenberg|Nufringen,8002165,Gärtringen,Baden-Württemberg,Gärtringen,71116,8.908864487,48.64080021,5,2608300823,,2608300823,,,,,,,,,,,1.0,1.0
4428035523306694897-2608300816-7,7713,2608300838,2608300838,1,,S,S1,Stuttgart-Vaihingen|Stuttgart-Rohr|Goldberg(Württ)|Böblingen|Hulb|Ehningen(b Böblingen),8002165,Gärtringen,Baden-Württemberg,Gärtringen,71116,8.908864487,48.64080021,5,2608300841,,2608300841,,,,,,,,,,,3.0,3.0
-5804237943130712983-2608300803-4,7215,2608300810,2608300811,1,,S,S2,Schorndorf|Weiler(Rems)|Winterbach(b Schorndorf),8002240,Geradstetten,Baden-Württemberg,Remshalden,73630,9.439522346,48.80527689,5,2608300810,,2608300811,,,,,,,,,,,0.0,0.0
-5128631246468454871-2608300833-4,7217,2608300840,2608300841,1,,S,S2,Schorndorf|Weiler(Rems)|Winterbach(b Schorndorf),8002240,Geradstetten,Baden-Württemberg,Remshalden,73630,9.439522346,48.80527689,5,2608300840,,2608300841,,,,,,,,,,,0.0,0.0
4710214702648447253-2608300820-12,7212,2608300847,2608300847,2,,S,S2,Stuttgart Hbf|Stuttgart-Bad Cannstatt|Stuttgart Nürnberger Str.|Stuttgart-Sommerrain|Fellbach|Waiblingen|Rommelshausen|Stetten-Beinstein|Endersbach|Beutelsbach|Grunbach,8002240,Geradstetten,Baden-Württemberg,Remshalden,73630,9.439522346,48.80527689,5,2608300847,,2608300847,,,,,,,,,,,0.0,0.0
-6187813548789768480-2608300750-12,7210,2608300817,2608300817,2,,S,S2,Stuttgart Hbf|Stuttgart-Bad Cannstatt|Stuttgart Nürnberger Str.|Stuttgart-Sommerrain|Fellbach|Waiblingen|Rommelshausen|Stetten-Beinstein|Endersbach|Beutelsbach|Grunbach,8002240,Geradstetten,Baden-Württemberg,Remshalden,73630,9.439522346,48.80527689,5,2608300817,,2608300817,,,,,,,,,,,0.0,0.0
-1294247402093517647-2608300846-3,7715,2608300858,2608300858,1,,S,S1,Stuttgart-Vaihingen|Stuttgart-Rohr,8005201,Goldberg,Baden-Württemberg,Böblingen,71032,9.019733387,48.69651581,5,2608300858,,2608300858,,,,,,,,,,,0.0,0.0
7703218303646440626-2608300746-7,7714,2608300802,2608300802,2,,S,S1,Herrenberg|Nufringen|Gärtringen|Ehningen(b Böblingen)|Hulb|Böblingen,8005201,Goldberg,Baden-Württemberg,Böblingen,71032,9.019733387,48.69651581,5,2608300802,,2608300803,,,,,,,,,,,0.0,1.0
-1939940434765765785-2608300816-7,7716,2608300832,2608300832,2,,S,S1,Herrenberg|Nufringen|Gärtringen|Ehningen(b Böblingen)|Hulb|Böblingen,8005201,Goldberg,Baden-Württemberg,Böblingen,71032,9.019733387,48.69651581,5,2608300835,,2608300835,,,,,,,,,,,3.0,3.0
4428035523306694897-2608300816-3,7713,2608300828,2608300828,1,,S,S1,Stuttgart-Vaihingen|Stuttgart-Rohr,8005201,Goldberg,Baden-Württemberg,Böblingen,71032,9.019733387,48.69651581,5,2608300830,,2608300831,,,,,,,,,,,2.0,3.0
-5804237943130712983-2608300803-5,7215,2608300812,2608300813,2,,S,S2,Schorndorf|Weiler(Rems)|Winterbach(b Schorndorf)|Geradstetten,8002448,Grunbach,Baden-Württemberg,Remshalden,73630,9.419580601,48.810414,4,2608300812,,2608300813,,,,,,,,,,,0.0,0.0
-5128631246468454871-2608300833-5,7217,2608300842,2608300843,2,,S,S2,Schorndorf|Weiler(Rems)|Winterbach(b Schorndorf)|Geradstetten,8002448,Grunbach,Baden-Württemberg,Remshalden,73630,9.419580601,48.810414,4,2608300842,,2608300843,,,,,,,,,,,0.0,0.0
4710214702648447253-2608300820-11,7212,2608300845,2608300845,3,,S,S2,Stuttgart Hbf|Stuttgart-Bad Cannstatt|Stuttgart Nürnberger Str.|Stuttgart-Sommerrain|Fellbach|Waiblingen|Rommelshausen|Stetten-Beinstein|Endersbach|Beutelsbach,8002448,Grunbach,Baden-Württemberg,Remshalden,73630,9.419580601,48.810414,4,2608300845,,2608300845,,,,,,,,,,,0.0,0.0
-6187813548789768480-2608300750-11,7210,2608300815,2608300815,3,,S,S2,Stuttgart Hbf|Stuttgart-Bad Cannstatt|Stuttgart Nürnberger Str.|Stuttgart-Sommerrain|Fellbach|Waiblingen|Rommelshausen|Stetten-Beinstein|Endersbach|Beutelsbach,8002448,Grunbach,Baden-Württemberg,Remshalden,73630,9.419580601,48.810414,4,2608300815,,2608300815,,,,,,,,,,,0.0,0.0
-9216873786155751122-2608300815-4,17623,2608300847,2608300847,4,,RE,RE14a,Stuttgart Hbf|Stuttgart-Vaihingen|Böblingen,8002785,Herrenberg,Baden-Württemberg,Herrenberg,71083,8.862625253,48.59395697,3,2608300849,,2608300851,,,,,,,,,,,2.0,4.0
3303772125527124508-2608300746-9,7711,2608300815,,3,,S,,Stuttgart-Vaihingen|Stuttgart-Rohr|Goldberg(Württ)|Böblingen|Hulb|Ehningen(b Böblingen)|Gärtringen|Nufringen,8002785,Herrenberg,Baden-Württemberg,Herrenberg,71083,8.862625253,48.59395697,3,2608300815,,,,,,,,,,,,,0.0,0.0
-5969786638310105743-2608300731-6,52386,2608300810,2608300811,,,RE,IC87,Oberndorf(Neckar)|Sulz(Neckar)|Horb|Bondorf(b Herrenberg)|Gäufelden,8002785,Herrenberg,Baden-Württemberg,Herrenberg,71083,8.862625253,48.59395697,3,2608300813,1,2608300814,1,,,,,,,,,,3.0,3.0
-8023204054490770538-2608300731-6,2566,2608300810,2608300811,1,,IC,,Oberndorf(Neckar)|Sulz(Neckar)|Horb|Bondorf(b Herrenberg)|Gäufelden,8002785,Herrenberg,Baden-Württemberg,Herrenberg,71083,8.862625253,48.59395697,3,2608300813,,2608300814,,h,2,Information,,,,,,,3.0,3.0
6586635698842149002-2608300846-1,7718,,2608300846,,,S,S1,,8002785,Herrenberg,Baden-Württemberg,Herrenberg,71083,8.862625253,48.59395697,3,,,2608300846,,,,,,,,,,,0.0,0.0
-1939940434765765785-2608300816-1,7716,,2608300816,,,S,S1,,8002785,Herrenberg,Baden-Württemberg,Herrenberg,71083,8.862625253,48.59395697,3,,,2608300817,,,,,,,,,,,0.0,1.0
4428035523306694897-2608300816-9,7713,2608300845,,3,,S,,Stuttgart-Vaihingen|Stuttgart-Rohr|Goldberg(Württ)|Böblingen|Hulb|Ehningen(b Böblingen)|Gärtringen|Nufringen,8002785,Herrenberg,Baden-Württemberg,Herrenberg,71083,8.862625253,48.59395697,3,2608300847,,,,,,,,,,,,,2.0,0.0
8022546424643450692-2608300817-9,7612,2608300839,2608300839,2,,S,S6,Stuttgart Hbf|Stuttgart Nordbahnhof|Stuttgart-Feuerbach|Stuttgart-Zuffenhausen|Neuwirtshaus(Porscheplatz)|Korntal|Weilimdorf|Ditzingen,8002892,Höfingen,Baden-Württemberg,Leonberg,71229,9.026180834,48.81503436,5,2608300839,,2608300840,,,,,,,,,,,0.0,1.0
368607286846300048-2608300803-6,7615,2608300820,2608300821,1,,S,S6,Weil der Stadt|Malmsheim|Renningen|Rutesheim|Leonberg,8002892,Höfingen,Baden-Württemberg,Leonberg,71229,9.026180834,48.81503436,5,2608300821,,2608300821,,,,,,,,,,,1.0,0.0
5803573868774258182-2608300833-6,7617,2608300850,2608300851,1,,S,S6,Weil der Stadt|Malmsheim|Renningen|Rutesheim|Leonberg,8002892,Höfingen,Baden-Württemberg,Leonberg,71229,9.026180834,48.81503436,5,2608300850,,2608300851,,,,,,,,,,,0.0,0.0
3303772125527124508-2608300746-5,7711,2608300802,2608300802,1,,S,S1,Stuttgart-Vaihingen|Stuttgart-Rohr|Goldberg(Württ)|Böblingen,8003022,Hulb,Baden-Württemberg,Böblingen-Hulb,71032,8.982396429,48.67924173,5,2608300802,,2608300802,,,,,,,,,,,0.0,0.0
6586635698842149002-2608300846-5,7718,2608300858,2608300858,2,,S,S1,Herrenberg|Nufringen|Gärtringen|Ehningen(b Böblingen),8003022,Hulb,Baden-Württemberg,Böblingen-Hulb,71032,8.982396429,48.67924173,5,2608300858,,2608300859,,,,,,,,,,,0.0,1.0
-1939940434765765785-2608300816-5,7716,2608300828,2608300828,2,,S,S1,Herrenberg|Nufringen|Gärtringen|Ehningen(b Böblingen),8003022,Hulb,Baden-Württemberg,Böblingen-Hulb,71032,8.982396429,48.67924173,5,2608300829,,2608300830,,,,,,,,,,,1.0,2.0
4428035523306694897-2608300816-5,7713,2608300832,2608300832,1,,S,S1,Stuttgart-Vaihingen|Stuttgart-Rohr|Goldberg(Württ)|Böblingen,8003022,Hulb,Baden-Württemberg,Böblingen-Hulb,71032,8.982396429,48.67924173,5,2608300835,,2608300835,,,,,,,,,,,3.0,3.0
-6417774412386429047-2608300833-1,7914,,2608300833,,,S,S2,,8001984,Filderstadt,Baden-Württemberg,Filderstadt,70794,9.217581315,48.67649151,5,,,2608300833,,,,,,,,,,,0.0,0.0
4580394534230796773-2608300805-7,7913,2608300827,,1,,S,,Stuttgart-Vaihingen|Stuttgart-Rohr|Oberaichen|Leinfelden|Echterdingen|Stuttgart Flughafen/Messe,8001984,Filderstadt,Baden-Württemberg,Filderstadt,70794,9.217581315,48.67649151,5,2608300827,,,,,,,,,,,,,0.0,0.0
7974787834467566145-2608300803-1,7912,,2608300803,,,S,S2,,8001984,Filderstadt,Baden-Württemberg,Filderstadt,70794,9.217581315,48.67649151,5,,,2608300803,,,,,,,,,,,0.0,0.0
-5955935305381349706-2608300835-7,7915,2608300857,,1,,S,,Stuttgart-Vaihingen|Stuttgart-Rohr|Oberaichen|Leinfelden|Echterdingen|Stuttgart Flughafen/Messe,8001984,Filderstadt,Baden-Württemberg,Filderstadt,70794,9.217581315,48.67649151,5,2608300906,,,,,,,,,,,,,9.0,0.0
7107141703960527681-2608300833-3,7417,2608300842,2608300845,1,,S,S4,Backnang|Burgstall(Murr),8003266,Kirchberg (Murr),Baden-Württemberg,Kirchberg an der Murr,71737,9.328210283,48.93928182,6,2608300842,,2608300846,,,,,,,,,,,0.0,1.0
-1396515843662350065-2608300803-3,7415,2608300812,2608300815,1,,S,S4,Backnang|Burgstall(Murr),8003266,Kirchberg (Murr),Baden-Württemberg,Kirchberg an der Murr,71737,9.328210283,48.93928182,6,2608300812,,2608300815,,,,,,,,,,,0.0,0.0
-3992047670892155392-2608300807-12,7410,2608300843,2608300843,2,,S,S4,Stuttgart Hbf|Stuttgart Nordbahnhof|Stuttgart-Feuerbach|Stuttgart-Zuffenhausen|Kornwestheim Pbf|Ludwigsburg|Favoritepark|Freiberg(Neckar)|Benningen(Neckar)|Marbach(Neckar)|Erdmannhausen,8003266,Kirchberg (Murr),Baden-Württemberg,Kirchberg an der Murr,71737,9.328210283,48.93928182,6,2608300843,,2608300844,,,,,,,,,,,0.0,1.0
4774866984530666923-2608300817-1,37957,,2608300817,,,RB,RB64,,8003280,Kirchheim (Teck),Baden-Württemberg,Kirchheim unter Teck,73230,9.443872422,48.64415981,4,,,2608300818,,,,,,,,,,,0.0,1.0
-6750459440429737938-2608300755-15,7112,2608300839,,2,,S,,Stuttgart Hbf|Stuttgart-Bad Cannstatt|Stuttgart Neckarpark|Stuttgart-Untertürkheim|Stuttgart-Obertürkheim|Esslingen-Mettingen|Esslingen(Neckar)|Oberesslingen|Esslingen-Zell|Altbach|Plochingen|Wernau(Neckar)|Wendlingen(Neckar)|Kirchheim(Teck)-Ötlingen,8003280,Kirchheim (Teck),Baden-Württemberg,Kirchheim unter Teck,73230,9.443872422,48.64415981,4,2608300841,,,,,,,,,,,,,2.0,0.0
2394736871359748075-2608300725-15,7110,2608300809,,2,,S,,Stuttgart Hbf|Stuttgart-Bad Cannstatt|Stuttgart Neckarpark|Stuttgart-Untertürkheim|Stuttgart-Obertürkheim|Esslingen-Mettingen|Esslingen(Neckar)|Oberesslingen|Esslingen-Zell|Altbach|Plochingen|Wernau(Neckar)|Wendlingen(Neckar)|Kirchheim(Teck)-Ötlingen,8003280,Kirchheim (Teck),Baden-Württemberg,Kirchheim unter Teck,73230,9.443872422,48.64415981,4,2608300817,,,,,,,,,,,,,8.0,0.0
808445071586521810-2608300754-7,37956,2608300812,,1,,RB,,Oberlenningen|Unterlenningen|Brucken|Owen(Teck)|Dettingen(Teck)|Kirchheim(Teck)Süd,8003280,Kirchheim (Teck),Baden-Württemberg,Kirchheim unter Teck,73230,9.443872422,48.64415981,4,2608300813,,,,,,,,,,,,,1.0,0.0
2988814004659936288-2608300820-1,7117,,2608300820,,,S,S1,,8003280,Kirchheim (Teck),Baden-Württemberg,Kirchheim unter Teck,73230,9.443872422,48.64415981,4,,,2608300826,,,,,,,,,,,0.0,6.0
-3441789533908263347-2608300850-1,7119,,2608300850,,,S,S1,,8003280,Kirchheim (Teck),Baden-Württemberg,Kirchheim unter Teck,73230,9.443872422,48.64415981,4,,,2608300850,,,,,,,,,,,0.0,0.0
-6750459440429737938-2608300755-14,7112,2608300836,2608300837,1,,S,S1,Stuttgart Hbf|Stuttgart-Bad Cannstatt|Stuttgart Neckarpark|Stuttgart-Untertürkheim|Stuttgart-Obertürkheim|Esslingen-Mettingen|Esslingen(Neckar)|Oberesslingen|Esslingen-Zell|Altbach|Plochingen|Wernau(Neckar)|Wendlingen(Neckar),8003282,Kirchheim (Teck)-Ötlingen,Baden-Württemberg,Kirchheim unter Teck,73230,9.416261302,48.65782388,5,2608300837,,2608300839,,,,,,,,,,,1.0,2.0
2394736871359748075-2608300725-14,7110,2608300806,2608300807,1,,S,S1,Stuttgart Hbf|Stuttgart-Bad Cannstatt|Stuttgart Neckarpark|Stuttgart-Untertürkheim|Stuttgart-Obertürkheim|Esslingen-Mettingen|Esslingen(Neckar)|Oberesslingen|Esslingen-Zell|Altbach|Plochingen|Wernau(Neckar)|Wendlingen(Neckar),8003282,Kirchheim (Teck)-Ötlingen,Baden-Württemberg,Kirchheim unter Teck,73230,9.416261302,48.65782388,5,2608300814,,2608300814,,,,,,,,,,,8.0,7.0
2988814004659936288-2608300820-2,7117,2608300823,2608300823,1,,S,S1,Kirchheim(Teck),8003282,Kirchheim (Teck)-Ötlingen,Baden-Württemberg,Kirchheim unter Teck,73230,9.416261302,48.65782388,5,2608300829,,2608300830,,,,,,,,,,,6.0,7.0
-3441789533908263347-2608300850-2,7119,2608300853,2608300853,1,,S,S1,Kirchheim(Teck),8003282,Kirchheim (Teck)-Ötlingen,Baden-Württemberg,Kirchheim unter Teck,73230,9.416261302,48.65782388,5,2608300853,,2608300854,,,,,,,,,,,0.0,1.0
1483634093748704360-2608300805-1,1096,,2608300805,,,WEG,RB47,,8003409,Korntal,Baden-Württemberg,Korntal,70825,9.121099128,48.82640246,4,,,2608300805,,,,,,,,,,,0.0,0.0
8022546424643450692-2608300817-6,7612,2608300831,2608300831,1,,S,S6,Stuttgart Hbf|Stuttgart Nordbahnhof|Stuttgart-Feuerbach|Stuttgart-Zuffenhausen|Neuwirtshaus(Porscheplatz),8003409,Korntal,Baden-Württemberg,Korntal,70825,9.121099128,48.82640246,4,2608300831,,2608300831,,,,,,,,,,,0.0,0.0
368607286846300048-2608300803-9,7615,2608300828,2608300829,3,,S,S6,Weil der Stadt|Malmsheim|Renningen|Rutesheim|Leonberg|Höfingen|Ditzingen|Weilimdorf,8003409,Korntal,Baden-Württemberg,Korntal,70825,9.121099128,48.82640246,4,2608300828,,2608300829,,,,,,,,,,,0.0,0.0
7390137587146650746-2608300831-7,1103,2608300854,,7,,WEG,,Heimerdingen|Hemmingen|Schwieberdingen|Münchingen|Münchingen Rührberg|Korntal Gymnasium,8003409,Korntal,Baden-Württemberg,Korntal,70825,9.121099128,48.82640246,4,2608300854,,,,,,,,,,,,,0.0,0.0
5803573868774258182-2608300833-9,7617,2608300858,2608300859,3,,S,S6,Weil der Stadt|Malmsheim|Renningen|Rutesheim|Leonberg|Höfingen|Ditzingen|Weilimdorf,8003409,Korntal,Baden-Württemberg,Korntal,70825,9.121099128,48.82640246,4,2608300858,,2608300859,,,,,,,,,,,0.0,0.0
4262076337836670289-2608300816-2,7515,2608300819,2608300820,3,,S,S5,Ludwigsburg,8003411,Kornwestheim Pbf,Baden-Württemberg,Kornwestheim,70806,9.179967278,48.86215948,3,2608300820,,2608300820,,,,,,,,,,,1.0,0.0
6413309914048916248-2608300813-3,19308,2608300842,,5,,RE,,Plochingen|Esslingen(Neckar),8003411,Kornwestheim Pbf,Baden-Württemberg,Kornwestheim,70806,9.179967278,48.86215948,3,2608300843,7,,,,,,,,,,,,1.0,0.0
-4928326504801899421-2608300757-5,7512,2608300810,2608300810,4,,S,S5,Stuttgart Hbf|Stuttgart Nordbahnhof|Stuttgart-Feuerbach|Stuttgart-Zuffenhausen,8003411,Kornwestheim Pbf,Baden-Württemberg,Kornwestheim,70806,9.179967278,48.86215948,3,2608300810,,2608300811,,,,,,,,,,,0.0,1.0
-8163811491625378496-2608300827-5,7514,2608300840,2608300840,4,,S,S5,Stuttgart Hbf|Stuttgart Nordbahnhof|Stuttgart-Feuerbach|Stuttgart-Zuffenhausen,8003411,Kornwestheim Pbf,Baden-Württemberg,Kornwestheim,70806,9.179967278,48.86215948,3,2608300840,,2608300840,,,,,,,,,,,0.0,0.0
1075628061037918250-2608300846-2,7517,2608300849,2608300850,3,,S,S5,Ludwigsburg,8003411,Kornwestheim Pbf,Baden-Württemberg,Kornwestheim,70806,9.179967278,48.86215948,3,2608300850,,2608300850,,,,,,,,,,,1.0,0.0
-1396515843662350065-2608300803-10,7415,2608300840,2608300840,3,,S,S4,Backnang|Burgstall(Murr)|Kirchberg(Murr)|Erdmannhausen|Marbach(Neckar)|Benningen(Neckar)|Freiberg(Neckar)|Favoritepark|Ludwigsburg,8003411,Kornwestheim Pbf,Baden-Württemberg,Kornwestheim,70806,9.179967278,48.86215948,3,2608300840,,2608300841,,,,,,,,,,,0.0,1.0
-812051319324174666-2608300837-5,7412,2608300850,2608300850,4,,S,S4,Stuttgart Hbf|Stuttgart Nordbahnhof|Stuttgart-Feuerbach|Stuttgart-Zuffenhausen,8003411,Kornwestheim Pbf,Baden-Württemberg,Kornwestheim,70806,9.179967278,48.86215948,3,2608300850,,2608300851,,,,,,,,,,,0.0,1.0
-3992047670892155392-2608300807-5,7410,2608300820,2608300820,4,,S,S4,Stuttgart Hbf|Stuttgart Nordbahnhof|Stuttgart-Feuerbach|Stuttgart-Zuffenhausen,8003411,Kornwestheim Pbf,Baden-Württemberg,Kornwestheim,70806,9.179967278,48.86215948,3,2608300820,,2608300820,,,,,,,,,,,0.0,0.0
8970610329466681156-2608300733-10,7413,2608300810,2608300810,3,,S,S4,Backnang|Burgstall(Murr)|Kirchberg(Murr)|Erdmannhausen|Marbach(Neckar)|Benningen(Neckar)|Freiberg(Neckar)|Favoritepark|Ludwigsburg,8003411,Kornwestheim Pbf,Baden-Württemberg,Kornwestheim,70806,9.179967278,48.86215948,3,2608300810,,2608300811,,,,,,,,,,,0.0,1.0
-6417774412386429047-2608300833-4,7914,2608300842,2608300843,2,,S,S2,Filderstadt|Stuttgart Flughafen/Messe|Echterdingen,8003622,Leinfelden,Baden-Württemberg,Leinfelden-Echterdingen,70771,9.142859698,48.6964193,4,2608300842,,2608300843,,,,,,,,,,,0.0,0.0
4580394534230796773-2608300805-4,7913,2608300816,2608300817,1,,S,S2,Stuttgart-Vaihingen|Stuttgart-Rohr|Oberaichen,8003622,Leinfelden,Baden-Württemberg,Leinfelden-Echterdingen,70771,9.142859698,48.6964193,4,2608300816,,2608300817,,,,,,,,,,,0.0,0.0
7974787834467566145-2608300803-4,7912,2608300812,2608300813,2,,S,S2,Filderstadt|Stuttgart Flughafen/Messe|Echterdingen,8003622,Leinfelden,Baden-Württemberg,Leinfelden-Echterdingen,70771,9.142859698,48.6964193,4,2608300812,,2608300813,,,,,,,,,,,0.0,0.0
-5955935305381349706-2608300835-4,7915,2608300846,2608300847,1,,S,S2,Stuttgart-Vaihingen|Stuttgart-Rohr|Oberaichen,8003622,Leinfelden,Baden-Württemberg,Leinfelden-Echterdingen,70771,9.142859698,48.6964193,4,2608300846,,2608300847,,,,,,,,,,,0.0,0.0
8022546424643450692-2608300817-10,7612,2608300843,2608300843,2,,S,S6,Stuttgart Hbf|Stuttgart Nordbahnhof|Stuttgart-Feuerbach|Stuttgart-Zuffenhausen|Neuwirtshaus(Porscheplatz)|Korntal|Weilimdorf|Ditzingen|Höfingen,8003652,Leonberg,Baden-Württemberg,Leonberg,71229,9.004025993,48.79970547,3,2608300843,,2608300843,,,,,,,,,,,0.0,0.0
368607286846300048-2608300803-5,7615,2608300817,2608300817,1,,S,S6,Weil der Stadt|Malmsheim|Renningen|Rutesheim,8003652,Leonberg,Baden-Württemberg,Leonberg,71229,9.004025993,48.79970547,3,2608300817,,2608300818,,,,,,,,,,,0.0,1.0
5803573868774258182-2608300833-5,7617,2608300847,2608300847,1,,S,S6,Weil der Stadt|Malmsheim|Renningen|Rutesheim,8003652,Leonberg,Baden-Württemberg,Leonberg,71229,9.004025993,48.79970547,3,2608300847,,2608300847,,,,,,,,,,,0.0,0.0
4262076337836670289-2608300816-1,7515,,2608300816,,,S,S5,,8000235,Ludwigsburg,Baden-Württemberg,Ludwigsburg,71638,9.185229823,48.89208622,3,,,2608300817,,,,,,,,,,,0.0,1.0
-4928326504801899421-2608300757-6,7512,2608300813,,2,,S,,Stuttgart Hbf|Stuttgart Nordbahnhof|Stuttgart-Feuerbach|Stuttgart-Zuffenhausen|Kornwestheim Pbf,8000235,Ludwigsburg,Baden-Württemberg,Ludwigsburg,71638,9.185229823,48.89208622,3,2608300814,,,,,,,,,,,,,1.0,0.0
-8163811491625378496-2608300827-6,7514,2608300843,,2,,S,,Stuttgart Hbf|Stuttgart Nordbahnhof|Stuttgart-Feuerbach|Stuttgart-Zuffenhausen|Kornwestheim Pbf,8000235,Ludwigsburg,Baden-Württemberg,Ludwigsburg,71638,9.185229823,48.89208622,3,2608300844,,,,,,,,,,,,,1.0,0.0
1075628061037918250-2608300846-1,7517,,2608300846,,,S,S5,,8000235,Ludwigsburg,Baden-Württemberg,Ludwigsburg,71638,9.185229823,48.89208622,3,,,2608300847,,,,,,,,,,,0.0,1.0
-1396515843662350065-2608300803-9,7415,2608300836,2608300837,3,,S,S4,Backnang|Burgstall(Murr)|Kirchberg(Murr)|Erdmannhausen|Marbach(Neckar)|Benningen(Neckar)|Freiberg(Neckar)|Favoritepark,8000235,Ludwigsburg,Baden-Württemberg,Ludwigsburg,71638,9.185229823,48.89208622,3,2608300836,,2608300837,,,,,,,,,,,0.0,0.0
-812051319324174666-2608300837-6,7412,2608300853,2608300854,2,,S,S4,Stuttgart Hbf|Stuttgart Nordbahnhof|Stuttgart-Feuerbach|Stuttgart-Zuffenhausen|Kornwestheim Pbf,8000235,Ludwigsburg,Baden-Württemberg,Ludwigsburg,71638,9.185229823,48.89208622,3,2608300853,,2608300854,,,,,,,,,,,0.0,0.0
-3992047670892155392-2608300807-6,7410,2608300823,2608300824,2,,S,S4,Stuttgart Hbf|Stuttgart Nordbahnhof|Stuttgart-Feuerbach|Stuttgart-Zuffenhausen|Kornwestheim Pbf,8000235,Ludwigsburg,Baden-Württemberg,Ludwigsburg,71638,9.185229823,48.89208622,3,2608300823,,2608300824,,,,,,,,,,,0.0,0.0
8970610329466681156-2608300733-9,7413,2608300806,2608300807,3,,S,S4,Backnang|Burgstall(Murr)|Kirchberg(Murr)|Erdmannhausen|Marbach(Neckar)|Benningen(Neckar)|Freiberg(Neckar)|Favoritepark,8000235,Ludwigsburg,Baden-Württemberg,Ludwigsburg,71638,9.185229823,48.89208622,3,2608300807,,2608300808,,,,,,,,,,,1.0,1.0
8022546424643450692-2608300817-13,7612,2608300854,2608300854,1,,S,S6,Stuttgart Hbf|Stuttgart Nordbahnhof|Stuttgart-Feuerbach|Stuttgart-Zuffenhausen|Neuwirtshaus(Porscheplatz)|Korntal|Weilimdorf|Ditzingen|Höfingen|Leonberg|Rutesheim|Renningen,8003831,Malmsheim,Baden-Württemberg,Renningen,71272,8.905105557,48.77183564,5,2608300854,,2608300854,,,,,,,,,,,0.0,0.0
368607286846300048-2608300803-2,7615,2608300805,2608300805,2,,S,S6,Weil der Stadt,8003831,Malmsheim,Baden-Württemberg,Renningen,71272,8.905105557,48.77183564,5,2608300805,,2608300806,,,,,,,,,,,0.0,1.0
5803573868774258182-2608300833-2,7617,2608300835,2608300835,2,,S,S6,Weil der Stadt,8003831,Malmsheim,Baden-Württemberg,Renningen,71272,8.905105557,48.77183564,5,2608300835,,2608300836,,,,,,,,,,,0.0,1.0
7107141703960527681-2608300833-5,7417,2608300851,2608300855,1,,S,S4,Backnang|Burgstall(Murr)|Kirchberg(Murr)|Erdmannhausen,8003853,Marbach (Neckar),Baden-Württemberg,Marbach am Neckar,71672,9.264611825,48.9437708,3,2608300851,,2608300855,,,,,,,,,,,0.0,0.0
-1396515843662350065-2608300803-5,7415,2608300821,2608300825,1,,S,S4,Backnang|Burgstall(Murr)|Kirchberg(Murr)|Erdmannhausen,8003853,Marbach (Neckar),Baden-Württemberg,Marbach am Neckar,71672,9.264611825,48.9437708,3,2608300821,,2608300825,,,,,,,,,,,0.0,0.0
-3992047670892155392-2608300807-10,7410,2608300835,2608300838,1,,S,S4,Stuttgart Hbf|Stuttgart Nordbahnhof|Stuttgart-Feuerbach|Stuttgart-Zuffenhausen|Kornwestheim Pbf|Ludwigsburg|Favoritepark|Freiberg(Neckar)|Benningen(Neckar),8003853,Marbach (Neckar),Baden-Württemberg,Marbach am Neckar,71672,9.264611825,48.9437708,3,2608300835,,2608300838,,,,,,,,,,,0.0,0.0
8832461638795716901-2608300841-2,7317,2608300843,2608300844,1,,S,S3,Backnang,8003913,Maubach,Baden-Württemberg,Backnang,71522,9.419487062,48.92623463,4,2608300844,,2608300845,,,,,,,,,,,1.0,1.0
-6826708456044057474-2608300811-2,7315,2608300813,2608300814,1,,S,S3,Backnang,8003913,Maubach,Baden-Württemberg,Backnang,71522,9.419487062,48.92623463,4,2608300814,,2608300815,,,,,,,,,,,1.0,1.0
-3592468245100533836-2608300812-11,7312,2608300844,2608300845,2,,S,S3,Stuttgart Hbf|Stuttgart-Bad Cannstatt|Stuttgart Nürnberger Str.|Stuttgart-Sommerrain|Fellbach|Waiblingen|Neustadt-Hohenacker|Schwaikheim|Winnenden|Nellmersbach,8003913,Maubach,Baden-Württemberg,Backnang,71522,9.419487062,48.92623463,4,2608300845,,2608300846,,,,,,,,,,,1.0,1.0
-8714228285082007604-2608300742-11,7310,2608300814,2608300815,2,,S,S3,Stuttgart Hbf|Stuttgart-Bad Cannstatt|Stuttgart Nürnberger Str.|Stuttgart-Sommerrain|Fellbach|Waiblingen|Neustadt-Hohenacker|Schwaikheim|Winnenden|Nellmersbach,8003913,Maubach,Baden-Württemberg,Backnang,71522,9.419487062,48.92623463,4,2608300814,,2608300815,,,,,,,,,,,0.0,0.0
8832461638795716901-2608300841-3,7317,2608300846,2608300846,1,,S,S3,Backnang|Maubach,8004233,Nellmersbach,Baden-Württemberg,Leutenbach,71397,9.415421538,48.90336425,5,2608300847,,2608300848,,,,,,,,,,,1.0,2.0
-6826708456044057474-2608300811-3,7315,2608300816,2608300816,1,,S,S3,Backnang|Maubach,8004233,Nellmersbach,Baden-Württemberg,Leutenbach,71397,9.415421538,48.90336425,5,2608300817,,2608300818,,,,,,,,,,,1.0,2.0
-3592468245100533836-2608300812-10,7312,2608300841,2608300842,2,,S,S3,Stuttgart Hbf|Stuttgart-Bad Cannstatt|Stuttgart Nürnberger Str.|Stuttgart-Sommerrain|Fellbach|Waiblingen|Neustadt-Hohenacker|Schwaikheim|Winnenden,8004233,Nellmersbach,Baden-Württemberg,Leutenbach,71397,9.415421538,48.90336425,5,2608300842,,2608300843,,,,,,,,,,,1.0,1.0
-8714228285082007604-2608300742-10,7310,2608300811,2608300812,2,,S,S3,Stuttgart Hbf|Stuttgart-Bad Cannstatt|Stuttgart Nürnberger Str.|Stuttgart-Sommerrain|Fellbach|Waiblingen|Neustadt-Hohenacker|Schwaikheim|Winnenden,8004233,Nellmersbach,Baden-Württemberg,Leutenbach,71397,9.415421538,48.90336425,5,2608300812,,2608300812,,,,,,,,,,,1.0,0.0
8832461638795716901-2608300841-6,7317,2608300855,2608300855,2,,S,S3,Backnang|Maubach|Nellmersbach|Winnenden|Schwaikheim,8004333,Neustadt-Hohenacker,Baden-Württemberg,Waiblingen,71336,9.32455106,48.85921668,5,2608300856,,2608300856,,,,,,,,,,,1.0,1.0
-6826708456044057474-2608300811-6,7315,2608300825,2608300825,2,,S,S3,Backnang|Maubach|Nellmersbach|Winnenden|Schwaikheim,8004333,Neustadt-Hohenacker,Baden-Württemberg,Waiblingen,71336,9.32455106,48.85921668,5,2608300825,,2608300826,,,,,,,,,,,0.0,1.0
-3592468245100533836-2608300812-7,7312,2608300833,2608300833,1,,S,S3,Stuttgart Hbf|Stuttgart-Bad Cannstatt|Stuttgart Nürnberger Str.|Stuttgart-Sommerrain|Fellbach|Waiblingen,8004333,Neustadt-Hohenacker,Baden-Württemberg,Waiblingen,71336,9.32455106,48.85921668,5,2608300834,,2608300834,,,,,,,,,,,1.0,1.0
-8714228285082007604-2608300742-7,7310,2608300803,2608300803,1,,S,S3,Stuttgart Hbf|Stuttgart-Bad Cannstatt|Stuttgart Nürnberger Str.|Stuttgart-Sommerrain|Fellbach|Waiblingen,8004333,Neustadt-Hohenacker,Baden-Württemberg,Waiblingen,71336,9.32455106,48.85921668,5,2608300803,,2608300804,,,,,,,,,,,0.0,1.0
8022546424643450692-2608300817-5,7612,2608300828,2608300829,1,,S,S6,Stuttgart Hbf|Stuttgart Nordbahnhof|Stuttgart-Feuerbach|Stuttgart-Zuffenhausen,8004338,Neuwirtshaus (Porscheplatz),Baden-Württemberg,Stuttgart,70435,9.151955614,48.83384734,4,2608300829,,2608300829,,,,,,,,,,,1.0,0.0
368607286846300048-2608300803-10,7615,2608300831,2608300831,2,,S,S6,Weil der Stadt|Malmsheim|Renningen|Rutesheim|Leonberg|Höfingen|Ditzingen|Weilimdorf|Korntal,8004338,Neuwirtshaus (Porscheplatz),Baden-Württemberg,Stuttgart,70435,9.151955614,48.83384734,4,2608300831,,2608300832,,,,,,,,,,,0.0,1.0
8931019133261020093-2608300847-5,7614,2608300858,2608300859,1,,S,S6,Stuttgart Hbf|Stuttgart Nordbahnhof|Stuttgart-Feuerbach|Stuttgart-Zuffenhausen,8004338,Neuwirtshaus (Porscheplatz),Baden-Württemberg,Stuttgart,70435,9.151955614,48.83384734,4,2608300859,,2608300859,,,,,,,,,,,1.0,0.0
-1347709455583751185-2608300733-10,7613,2608300801,2608300801,2,,S,S6,Weil der Stadt|Malmsheim|Renningen|Rutesheim|Leonberg|Höfingen|Ditzingen|Weilimdorf|Korntal,8004338,Neuwirtshaus (Porscheplatz),Baden-Württemberg,Stuttgart,70435,9.151955614,48.83384734,4,2608300801,,2608300802,,,,,,,,,,,0.0,1.0
3303772125527124508-2608300746-8,7711,2608300811,2608300811,1,,S,S1,Stuttgart-Vaihingen|Stuttgart-Rohr|Goldberg(Württ)|Böblingen|Hulb|Ehningen(b Böblingen)|Gärtringen,8004490,Nufringen,Baden-Württemberg,Nufringen,71154,8.889817485,48.62010967,5,2608300811,,2608300811,,,,,,,,,,,0.0,0.0
6586635698842149002-2608300846-2,7718,2608300849,2608300849,2,,S,S1,Herrenberg,8004490,Nufringen,Baden-Württemberg,Nufringen,71154,8.889817485,48.62010967,5,2608300849,,2608300850,,,,,,,,,,,0.0,1.0
-1939940434765765785-2608300816-2,7716,2608300819,2608300819,2,,S,S1,Herrenberg,8004490,Nufringen,Baden-Württemberg,Nufringen,71154,8.889817485,48.62010967,5,2608300820,,2608300821,,,,,,,,,,,1.0,2.0
4428035523306694897-2608300816-8,7713,2608300841,2608300841,1,,S,S1,Stuttgart-Vaihingen|Stuttgart-Rohr|Goldberg(Württ)|Böblingen|Hulb|Ehningen(b Böblingen)|Gärtringen,8004490,Nufringen,Baden-Württemberg,Nufringen,71154,8.889817485,48.62010967,5,2608300843,,2608300844,,,,,,,,,,,2.0,3.0
-6417774412386429047-2608300833-5,7914,2608300845,2608300845,2,,S,S2,Filderstadt|Stuttgart Flughafen/Messe|Echterdingen|Leinfelden,8004496,Oberaichen,Baden-Württemberg,Leinfelden-Echterdingen,70771,9.12743664,48.70512422,5,2608300845,,2608300846,,,,,,,,,,,0.0,1.0
4580394534230796773-2608300805-3,7913,2608300814,2608300814,1,,S,S2,Stuttgart-Vaihingen|Stuttgart-Rohr,8004496,Oberaichen,Baden-Württemberg,Leinfelden-Echterdingen,70771,9.12743664,48.70512422,5,2608300814,,2608300815,,,,,,,,,,,0.0,1.0
7974787834467566145-2608300803-5,7912,2608300815,2608300815,2,,S,S2,Filderstadt|Stuttgart Flughafen/Messe|Echterdingen|Leinfelden,8004496,Oberaichen,Baden-Württemberg,Leinfelden-Echterdingen,70771,9.12743664,48.70512422,5,2608300815,,2608300815,,,,,,,,,,,0.0,0.0
-5955935305381349706-2608300835-3,7915,2608300844,2608300844,1,,S,S2,Stuttgart-Vaihingen|Stuttgart-Rohr,8004496,Oberaichen,Baden-Württemberg,Leinfelden-Echterdingen,70771,9.12743664,48.70512422,5,2608300844,,2608300844,,,,,,,,,,,0.0,0.0
-7908498233924216314-2608300750-8,7115,2608300814,2608300815,3,,S,S1,Kirchheim(Teck)|Kirchheim(Teck)-Ötlingen|Wendlingen(Neckar)|Wernau(Neckar)|Plochingen|Altbach|Esslingen-Zell,8004528,Oberesslingen,Baden-Württemberg,Esslingen am Neckar,73730,9.327277435,48.72983585,3,2608300815,,2608300815,,,,,,,,,,,1.0,0.0
-6750459440429737938-2608300755-8,7112,2608300815,2608300815,4,,S,S1,Stuttgart Hbf|Stuttgart-Bad Cannstatt|Stuttgart Neckarpark|Stuttgart-Untertürkheim|Stuttgart-Obertürkheim|Esslingen-Mettingen|Esslingen(Neckar),8004528,Oberesslingen,Baden-Württemberg,Esslingen am Neckar,73730,9.327277435,48.72983585,3,2608300815,,2608300815,,,,,,,,,,,0.0,0.0
7462677850950360621-2608300825-8,7114,2608300845,2608300845,4,,S,S1,Stuttgart Hbf|Stuttgart-Bad Cannstatt|Stuttgart Neckarpark|Stuttgart-Untertürkheim|Stuttgart-Obertürkheim|Esslingen-Mettingen|Esslingen(Neckar),8004528,Oberesslingen,Baden-Württemberg,Esslingen am Neckar,73730,9.327277435,48.72983585,3,2608300845,,2608300845,,,,,,,,,,,0.0,0.0
2988814004659936288-2608300820-8,7117,2608300844,2608300845,3,,S,S1,Kirchheim(Teck)|Kirchheim(Teck)-Ötlingen|Wendlingen(Neckar)|Wernau(Neckar)|Plochingen|Altbach|Esslingen-Zell,8004528,Oberesslingen,Baden-Württemberg,Esslingen am Neckar,73730,9.327277435,48.72983585,3,2608300849,,2608300850,,,,,,,,,,,5.0,5.0
3085957373599067482-2608300748-13,19122,2608300834,2608300835,1,,ARV,MEX16,Geislingen(Steige)|Geislingen(Steige)West|Kuchen|Gingen(Fils)|Süßen|Salach|Eislingen(Fils)|Göppingen|Faurndau|Uhingen|Ebersbach(Fils)|Reichenbach(Fils),8000302,Plochingen,Baden-Württemberg,Plochingen,73207,9.411294578,48.71293906,2,2608300838,,2608300839,,,,,,,,,,,4.0,4.0
6339879524264989813-2608300824-4,19213,2608300842,,6,,RE,,Stuttgart Hbf|Stuttgart-Bad Cannstatt|Esslingen(Neckar),8000302,Plochingen,Baden-Württemberg,Plochingen,73207,9.411294578,48.71293906,2,2608300843,3,,,c,,,,,,,,,1.0,0.0
-7908498233924216314-2608300750-5,7115,2608300805,2608300807,9,,S,S1,Kirchheim(Teck)|Kirchheim(Teck)-Ötlingen|Wendlingen(Neckar)|Wernau(Neckar),8000302,Plochingen,Baden-Württemberg,Plochingen,73207,9.411294578,48.71293906,2,2608300808,,2608300808,,,,,,,,,,,3.0,1.0
7124911885410709639-2608300802-2,74479,2608300817,2608300822,4,,SVG,RE3,Stuttgart Hbf,8000302,Plochingen,Baden-Württemberg,Plochingen,73207,9.411294578,48.71293906,2,2608300822,,2608300824,,,,,,,,,,,5.0,2.0
6413309914048916248-2608300813-1,19308,,2608300813,,,RE,MEX18,,8000302,Plochingen,Baden-Württemberg,Plochingen,73207,9.411294578,48.71293906,2,,,2608300823,3,,,,,,,,,,0.0,10.0
-6750459440429737938-2608300755-11,7112,2608300823,2608300825,9,,S,S1,Stuttgart Hbf|Stuttgart-Bad Cannstatt|Stuttgart Neckarpark|Stuttgart-Untertürkheim|Stuttgart-Obertürkheim|Esslingen-Mettingen|Esslingen(Neckar)|Oberesslingen|Esslingen-Zell|Altbach,8000302,Plochingen,Baden-Württemberg,Plochingen,73207,9.411294578,48.71293906,2,2608300823,,2608300825,,,,,,,,,,,0.0,0.0
-705341486458257230-2608300805-4,19123,2608300823,2608300833,6,,ARV,MEX16,Stuttgart Hbf|Stuttgart-Bad Cannstatt|Esslingen(Neckar),8000302,Plochingen,Baden-Württemberg,Plochingen,73207,9.411294578,48.71293906,2,2608300825,,2608300833,,,,,,,,,,,2.0,0.0
7462677850950360621-2608300825-11,7114,2608300853,2608300855,9,,S,S1,Stuttgart Hbf|Stuttgart-Bad Cannstatt|Stuttgart Neckarpark|Stuttgart-Untertürkheim|Stuttgart-Obertürkheim|Esslingen-Mettingen|Esslingen(Neckar)|Oberesslingen|Esslingen-Zell|Altbach,8000302,Plochingen,Baden-Württemberg,Plochingen,73207,9.411294578,48.71293906,2,2608300853,,2608300856,,,,,,,,,,,0.0,1.0
-2932562209063545082-2608300707-6,1798,2608300844,2608300847,,,DBK,,Aalen Hbf|Schwäbisch Gmünd|Schorndorf|Waiblingen|Esslingen(Neckar),8000302,Plochingen,Baden-Württemberg,Plochingen,73207,9.411294578,48.71293906,2,2608300844,4,2608300902,4,,,,,,,,,,0.0,15.0
-1152152025292238787-2608300839-3,4209,2608300855,2608300856,4,,RE,RE5,Stuttgart Hbf|Esslingen(Neckar),8000302,Plochingen,Baden-Württemberg,Plochingen,73207,9.411294578,48.71293906,2,2608300856,6,2608300906,6,h,1,Störung,,,,,,,1.0,10.0
2988814004659936288-2608300820-5,7117,2608300835,2608300837,9,,S,S1,Kirchheim(Teck)|Kirchheim(Teck)-Ötlingen|Wendlingen(Neckar)|Wernau(Neckar),8000302,Plochingen,Baden-Württemberg,Plochingen,73207,9.411294578,48.71293906,2,2608300840,,2608300841,,,,,,,,,,,5.0,4.0
8422975765169747480-2608300752-4,19351,2608300811,2608300812,9,,RE,MEX12,Stuttgart Hbf|Stuttgart-Bad Cannstatt|Esslingen(Neckar),8000302,Plochingen,Baden-Württemberg,Plochingen,73207,9.411294578,48.71293906,2,2608300811,10,2608300812,10,,,,,,,,,,0.0,0.0
6094714682272975169-2608300603-12,4204,2608300802,2608300806,1,,RE,RE5,Friedrichshafen Stadt|Meckenbeuren|Ravensburg|Aulendorf|Bad Schussenried|Biberach(Riß)|Schemmerberg|Laupheim West|Ulm Hbf|Geislingen(Steige)|Göppingen,8000302,Plochingen,Baden-Württemberg,Plochingen,73207,9.411294578,48.71293906,2,2608300807,,2608300808,,,,,,,,,c,c,5.0,2.0
4417571095005969842-2608300814-13,19124,2608300858,2608300858,3,,ARV,MEX16,Geislingen(Steige)|Geislingen(Steige)West|Kuchen|Gingen(Fils)|Süßen|Salach|Eislingen(Fils)|Göppingen|Faurndau|Uhingen|Ebersbach(Fils)|Reichenbach(Fils),8000302,Plochingen,Baden-Württemberg,Plochingen,73207,9.411294578,48.71293906,2,2608300902,1,2608300903,1,,,,,,,,,,4.0,5.0
3830503641976220825-2608300816-7,99028,2608300846,2608300847,,,RE,MEX12,Reutlingen Hbf|Metzingen(Württ)|Bempflingen|Nürtingen|Oberboihingen|Wendlingen(Neckar),8000302,Plochingen,Baden-Württemberg,Plochingen,73207,9.411294578,48.71293906,2,2608300850,7,2608300850,7,c,,,,,,,,,4.0,3.0
9174048015743328640-2608300834-7,7015,2608300850,,2,,S,,Böblingen|Sindelfingen|Maichingen|Maichingen Nord|Magstadt|Renningen Süd,8000313,Renningen,Baden-Württemberg,Renningen,71272,8.932650148,48.77515509,3,2608300850,,,,,,,,,,,,,0.0,0.0
8022546424643450692-2608300817-12,7612,2608300849,2608300852,3,,S,S6,Stuttgart Hbf|Stuttgart Nordbahnhof|Stuttgart-Feuerbach|Stuttgart-Zuffenhausen|Neuwirtshaus(Porscheplatz)|Korntal|Weilimdorf|Ditzingen|Höfingen|Leonberg|Rutesheim,8000313,Renningen,Baden-Württemberg,Renningen,71272,8.932650148,48.77515509,3,2608300849,,2608300852,,,,,,,,,,,0.0,0.0
-7167865627529423559-2608300810-6,26135,2608300832,,4,,SWE,,Calw|Calw-Heumaden|Althengstett|Ostelsheim|Weil der Stadt,8000313,Renningen,Baden-Württemberg,Renningen,71272,8.932650148,48.77515509,3,2608300848,,,,,,,,,,,c,,16.0,0.0
-7570451707251115799-2608300842-1,26136,,2608300842,,,SWE,RB76,,8000313,Renningen,Baden-Württemberg,Renningen,71272,8.932650148,48.77515509,3,,,,,,,,,,,,,c,0.0,0.0
368607286846300048-2608300803-3,7615,2608300807,2608300811,2,,S,S6,Weil der Stadt|Malmsheim,8000313,Renningen,Baden-Württemberg,Renningen,71272,8.932650148,48.77515509,3,2608300808,,2608300811,,,,,,,,,,,1.0,0.0
-2319466896270957944-2608300809-1,7014,,2608300809,,,S,S60,,8000313,Renningen,Baden-Württemberg,Renningen,71272,8.932650148,48.77515509,3,,,2608300809,,,,,,,,,,,0.0,0.0
-1478204339340738546-2608300839-1,7016,,2608300839,,,S,S60,,8000313,Renningen,Baden-Württemberg,Renningen,71272,8.932650148,48.77515509,3,,,2608300839,,,,,,,,,,,0.0,0.0
5803573868774258182-2608300833-3,7617,2608300837,2608300841,2,,S,S6,Weil der Stadt|Malmsheim,8000313,Renningen,Baden-Württemberg,Renningen,71272,8.932650148,48.77515509,3,2608300838,,2608300841,,,,,,,,,,,1.0,0.0
7558420737718355302-2608300804-7,7013,2608300820,,2,,S,,Böblingen|Sindelfingen|Maichingen|Maichingen Nord|Magstadt|Renningen Süd,8000313,Renningen,Baden-Württemberg,Renningen,71272,8.932650148,48.77515509,3,2608300820,3,,,,,,,,,,,,0.0,0.0
-5804237943130712983-2608300803-9,7215,2608300821,2608300822,2,,S,S2,Schorndorf|Weiler(Rems)|Winterbach(b Schorndorf)|Geradstetten|Grunbach|Beutelsbach|Endersbach|Stetten-Beinstein,8005157,Rommelshausen,Baden-Württemberg,Kernen,71394,9.319175885,48.81552017,4,2608300821,,2608300822,,,,,,,,,,,0.0,0.0
-5128631246468454871-2608300833-9,7217,2608300851,2608300852,2,,S,S2,Schorndorf|Weiler(Rems)|Winterbach(b Schorndorf)|Geradstetten|Grunbach|Beutelsbach|Endersbach|Stetten-Beinstein,8005157,Rommelshausen,Baden-Württemberg,Kernen,71394,9.319175885,48.81552017,4,2608300851,,2608300852,,,,,,,,,,,0.0,0.0
4710214702648447253-2608300820-7,7212,2608300837,2608300837,1,,S,S2,Stuttgart Hbf|Stuttgart-Bad Cannstatt|Stuttgart Nürnberger Str.|Stuttgart-Sommerrain|Fellbach|Waiblingen,8005157,Rommelshausen,Baden-Württemberg,Kernen,71394,9.319175885,48.81552017,4,2608300837,,2608300837,,,,,,,,,,,0.0,0.0
-6187813548789768480-2608300750-7,7210,2608300807,2608300807,1,,S,S2,Stuttgart Hbf|Stuttgart-Bad Cannstatt|Stuttgart Nürnberger Str.|Stuttgart-Sommerrain|Fellbach|Waiblingen,8005157,Rommelshausen,Baden-Württemberg,Kernen,71394,9.319175885,48.81552017,4,2608300807,,2608300807,,,,,,,,,,,0.0,0.0
8022546424643450692-2608300817-11,7612,2608300846,2608300846,2,,S,S6,Stuttgart Hbf|Stuttgart Nordbahnhof|Stuttgart-Feuerbach|Stuttgart-Zuffenhausen|Neuwirtshaus(Porscheplatz)|Korntal|Weilimdorf|Ditzingen|Höfingen|Leonberg,8005236,Rutesheim,Baden-Württemberg,Leonberg,71229,8.960325242,48.79031093,5,2608300846,,2608300847,,,,,,,,,,,0.0,1.0
368607286846300048-2608300803-4,7615,2608300813,2608300814,1,,S,S6,Weil der Stadt|Malmsheim|Renningen,8005236,Rutesheim,Baden-Württemberg,Leonberg,71229,8.960325242,48.79031093,5,2608300814,,2608300814,,,,,,,,,,,1.0,0.0
5803573868774258182-2608300833-4,7617,2608300843,2608300844,1,,S,S6,Weil der Stadt|Malmsheim|Renningen,8005236,Rutesheim,Baden-Württemberg,Leonberg,71229,8.960325242,48.79031093,5,2608300843,,2608300844,,,,,,,,,,,0.0,0.0
8714151503779075708-2608300648-17,19454,2608300813,2608300814,3,,ARV,MEX13,Crailsheim|Jagstzell|Ellwangen|Schrezheim|Schwabsberg|Goldshöfe|Hofen(b Aalen)|Wasseralfingen|Aalen Hbf|Mögglingen(Gmünd)|Böbingen(Rems)|Schwäbisch Gmünd|Lorch(Württ)|Waldhausen(b Schorndorf)|Plüderhausen|Urbach(b Schorndorf),8005424,Schorndorf,Baden-Württemberg,Schorndorf,73614,9.525686251,48.80693898,3,2608300813,,2608300814,,r,,,,,,,,,0.0,0.0
1921412709986473032-2608300820-4,19459,2608300843,2608300844,2,,ARV,MEX13,Stuttgart Hbf|Stuttgart-Bad Cannstatt|Waiblingen,8005424,Schorndorf,Baden-Württemberg,Schorndorf,73614,9.525686251,48.80693898,3,2608300843,,2608300844,,r,,,,,,,,,0.0,0.0
3538447596943178203-2608300706-6,2065,2608300827,2608300828,2,,IC,,Karlsruhe Hbf|Pforzheim Hbf|Mühlacker|Vaihingen(Enz)|Stuttgart Hbf,8005424,Schorndorf,Baden-Württemberg,Schorndorf,73614,9.525686251,48.80693898,3,,,,,,,,,,,,c,c,0.0,0.0
-5804237943130712983-2608300803-1,7215,,2608300803,,,S,S2,,8005424,Schorndorf,Baden-Württemberg,Schorndorf,73614,9.525686251,48.80693898,3,,,2608300803,,,,,,,,,,,0.0,0.0
-5128631246468454871-2608300833-1,7217,,2608300833,,,S,S2,,8005424,Schorndorf,Baden-Württemberg,Schorndorf,73614,9.525686251,48.80693898,3,,,2608300833,,,,,,,,,,,0.0,0.0
4710214702648447253-2608300820-15,7212,2608300855,,14,,S,,Stuttgart Hbf|Stuttgart-Bad Cannstatt|Stuttgart Nürnberger Str.|Stuttgart-Sommerrain|Fellbach|Waiblingen|Rommelshausen|Stetten-Beinstein|Endersbach|Beutelsbach|Grunbach|Geradstetten|Winterbach(b Schorndorf)|Weiler(Rems),8005424,Schorndorf,Baden-Württemberg,Schorndorf,73614,9.525686251,48.80693898,3,2608300855,,,,,,,,,,,,,0.0,0.0
527392898867093092-2608300802-3,19672,2608300828,2608300829,3,,ARV,RE1,Aalen Hbf|Schwäbisch Gmünd,8005424,Schorndorf,Baden-Württemberg,Schorndorf,73614,9.525686251,48.80693898,3,2608300828,,2608300830,,,,,,,,,,,0.0,1.0
-6187813548789768480-2608300750-15,7210,2608300825,,1,,S,,Stuttgart Hbf|Stuttgart-Bad Cannstatt|Stuttgart Nürnberger Str.|Stuttgart-Sommerrain|Fellbach|Waiblingen|Rommelshausen|Stetten-Beinstein|Endersbach|Beutelsbach|Grunbach|Geradstetten|Winterbach(b Schorndorf)|Weiler(Rems),8005424,Schorndorf,Baden-Württemberg,Schorndorf,73614,9.525686251,48.80693898,3,2608300825,,,,,,,,,,,,,0.0,0.0
8832461638795716901-2608300841-5,7317,2608300852,2608300853,1,,S,S3,Backnang|Maubach|Nellmersbach|Winnenden,8005454,Schwaikheim,Baden-Württemberg,Schwaikheim,71409,9.354747358,48.86832665,4,2608300853,,2608300854,,,,,,,,,,,1.0,1.0
-6826708456044057474-2608300811-5,7315,2608300822,2608300823,1,,S,S3,Backnang|Maubach|Nellmersbach|Winnenden,8005454,Schwaikheim,Baden-Württemberg,Schwaikheim,71409,9.354747358,48.86832665,4,2608300823,,2608300824,,,,,,,,,,,1.0,1.0
-3592468245100533836-2608300812-8,7312,2608300836,2608300836,2,,S,S3,Stuttgart Hbf|Stuttgart-Bad Cannstatt|Stuttgart Nürnberger Str.|Stuttgart-Sommerrain|Fellbach|Waiblingen|Neustadt-Hohenacker,8005454,Schwaikheim,Baden-Württemberg,Schwaikheim,71409,9.354747358,48.86832665,4,2608300836,,2608300837,,,,,,,,,,,0.0,1.0
-8714228285082007604-2608300742-8,7310,2608300806,2608300806,2,,S,S3,Stuttgart Hbf|Stuttgart-Bad Cannstatt|Stuttgart Nürnberger Str.|Stuttgart-Sommerrain|Fellbach|Waiblingen|Neustadt-Hohenacker,8005454,Schwaikheim,Baden-Württemberg,Schwaikheim,71409,9.354747358,48.86832665,4,2608300806,,2608300806,,,,,,,,,,,0.0,0.0
9174048015743328640-2608300834-2,7015,2608300836,2608300837,1,,S,S60,Böblingen,8005574,Sindelfingen,Baden-Württemberg,Sindelfingen,71063,8.999262079,48.70387346,6,2608300837,,2608300837,,,,,,,,,,,1.0,0.0
-2319466896270957944-2608300809-6,7014,2608300822,2608300823,1,,S,S60,Renningen|Renningen Süd|Magstadt|Maichingen Nord|Maichingen,8005574,Sindelfingen,Baden-Württemberg,Sindelfingen,71063,8.999262079,48.70387346,6,2608300822,,2608300823,,,,,,,,,,,0.0,0.0
-1478204339340738546-2608300839-6,7016,2608300852,2608300853,1,,S,S60,Renningen|Renningen Süd|Magstadt|Maichingen Nord|Maichingen,8005574,Sindelfingen,Baden-Württemberg,Sindelfingen,71063,8.999262079,48.70387346,6,2608300853,,2608300853,,,,,,,,,,,1.0,0.0
7558420737718355302-2608300804-2,7013,2608300806,2608300807,1,,S,S60,Böblingen,8005574,Sindelfingen,Baden-Württemberg,Sindelfingen,71063,8.999262079,48.70387346,6,2608300806,,2608300807,,,,,,,,,,,0.0,0.0
-5804237943130712983-2608300803-8,7215,2608300819,2608300819,2,,S,S2,Schorndorf|Weiler(Rems)|Winterbach(b Schorndorf)|Geradstetten|Grunbach|Beutelsbach|Endersbach,8005726,Stetten-Beinstein,Baden-Württemberg,Weinstadt,71384,9.352769725,48.81199601,5,2608300819,,2608300819,,,,,,,,,,,0.0,0.0
-5128631246468454871-2608300833-8,7217,2608300849,2608300849,2,,S,S2,Schorndorf|Weiler(Rems)|Winterbach(b Schorndorf)|Geradstetten|Grunbach|Beutelsbach|Endersbach,8005726,Stetten-Beinstein,Baden-Württemberg,Weinstadt,71384,9.352769725,48.81199601,5,2608300849,,2608300849,,,,,,,,,,,0.0,0.0
4710214702648447253-2608300820-8,7212,2608300839,2608300839,1,,S,S2,Stuttgart Hbf|Stuttgart-Bad Cannstatt|Stuttgart Nürnberger Str.|Stuttgart-Sommerrain|Fellbach|Waiblingen|Rommelshausen,8005726,Stetten-Beinstein,Baden-Württemberg,Weinstadt,71384,9.352769725,48.81199601,5,2608300839,,2608300839,,,,,,,,,,,0.0,0.0
-6187813548789768480-2608300750-8,7210,2608300809,2608300809,1,,S,S2,Stuttgart Hbf|Stuttgart-Bad Cannstatt|Stuttgart Nürnberger Str.|Stuttgart-Sommerrain|Fellbach|Waiblingen|Rommelshausen,8005726,Stetten-Beinstein,Baden-Württemberg,Weinstadt,71384,9.352769725,48.81199601,5,2608300809,,2608300810,,,,,,,,,,,0.0,1.0
-9216873786155751122-2608300815-1,17623,,2608300815,,,RE,RE14a,,8000096,Stuttgart Hbf,Baden-Württemberg,Stuttgart,70173,9.183172973,48.78473069,1,,,2608300816,,,,,,,,,,,0.0,1.0
-2041887165868781083-2608300850-1,7214,,2608300850,,,S,S2,,8000096,Stuttgart Hbf,Baden-Württemberg,Stuttgart,70173,9.183172973,48.78473069,1,,,2608300850,,,,,,,,,,,0.0,0.0
4398784672468349193-2608300642-5,2592,2608300843,2608300849,10,,ICE,,München Hbf|München-Pasing|Augsburg Hbf|Ulm Hbf,8000096,Stuttgart Hbf,Baden-Württemberg,Stuttgart,70173,9.183172973,48.78473069,1,2608300859,,2608300905,,c,,,,,,,,,16.0,16.0
3085957373599067482-2608300748-16,19122,2608300853,,12,,ARV,,Geislingen(Steige)|Geislingen(Steige)West|Kuchen|Gingen(Fils)|Süßen|Salach|Eislingen(Fils)|Göppingen|Faurndau|Uhingen|Ebersbach(Fils)|Reichenbach(Fils)|Plochingen|Esslingen(Neckar)|Stuttgart-Bad Cannstatt,8000096,Stuttgart Hbf,Baden-Württemberg,Stuttgart,70173,9.183172973,48.78473069,1,2608300855,,,,,,,,,,,,,2.0,0.0
-3502611418131098447-2608300854-1,99023,,2608300854,,,RE,MEX12,,8000096,Stuttgart Hbf,Baden-Württemberg,Stuttgart,70173,9.183172973,48.78473069,1,,,2608300854,,,,,,,,,,,0.0,0.0
-6826708456044057474-2608300811-12,7315,2608300847,,4,,S,,Backnang|Maubach|Nellmersbach|Winnenden|Schwaikheim|Neustadt-Hohenacker|Waiblingen|Fellbach|Stuttgart-Sommerrain|Stuttgart Nürnberger Str.|Stuttgart-Bad Cannstatt,8000096,Stuttgart Hbf,Baden-Württemberg,Stuttgart,70173,9.183172973,48.78473069,1,2608300847,,,,,,,,,,,,,0.0,0.0
1183603668671718907-2608300741-12,7313,2608300817,,4,,S,,Backnang|Maubach|Nellmersbach|Winnenden|Schwaikheim|Neustadt-Hohenacker|Waiblingen|Fellbach|Stuttgart-Sommerrain|Stuttgart Nürnberger Str.|Stuttgart-Bad Cannstatt,8000096,Stuttgart Hbf,Baden-Württemberg,Stuttgart,70173,9.183172973,48.78473069,1,2608300818,,,,,,,,,,,,,1.0,0.0
8714151503779075708-2608300648-20,19454,2608300840,,13,,ARV,,Crailsheim|Jagstzell|Ellwangen|Schrezheim|Schwabsberg|Goldshöfe|Hofen(b Aalen)|Wasseralfingen|Aalen Hbf|Mögglingen(Gmünd)|Böbingen(Rems)|Schwäbisch Gmünd|Lorch(Württ)|Waldhausen(b Schorndorf)|Plüderhausen|Urbach(b Schorndorf)|Schorndorf|Waiblingen|Stuttgart-Bad Cannstatt,8000096,Stuttgart Hbf,Baden-Württemberg,Stuttgart,70173,9.183172973,48.78473069,1,2608300840,,,,r,,,,,,,,,0.0,0.0
6339879524264989813-2608300824-1,19213,,2608300824,,,RE,MEX18,,8000096,Stuttgart Hbf,Baden-Württemberg,Stuttgart,70173,9.183172973,48.78473069,1,,,2608300824,,,,,,,,,,,0.0,0.0
-7908498233924216314-2608300750-15,7115,2608300835,,4,,S,,Kirchheim(Teck)|Kirchheim(Teck)-Ötlingen|Wendlingen(Neckar)|Wernau(Neckar)|Plochingen|Altbach|Esslingen-Zell|Oberesslingen|Esslingen(Neckar)|Esslingen-Mettingen|Stuttgart-Obertürkheim|Stuttgart-Untertürkheim|Stuttgart Neckarpark|Stuttgart-Bad Cannstatt,8000096,Stuttgart Hbf,Baden-Württemberg,Stuttgart,70173,9.183172973,48.78473069,1,2608300836,,,,,,,,,,,,,1.0,0.0
2489733951411711794-2608300713-16,19120,2608300816,,12,,ARV,,Geislingen(Steige)|Geislingen(Steige)West|Kuchen|Gingen(Fils)|Süßen|Salach|Eislingen(Fils)|Göppingen|Faurndau|Uhingen|Ebersbach(Fils)|Reichenbach(Fils)|Plochingen|Esslingen(Neckar)|Stuttgart-Bad Cannstatt,8000096,Stuttgart Hbf,Baden-Württemberg,Stuttgart,70173,9.183172973,48.78473069,1,2608300813,13,,,,,,,,,,,,-3.0,0.0
3888224273021493436-2608300733-15,7213,2608300810,,3,,S,,Schorndorf|Weiler(Rems)|Winterbach(b Schorndorf)|Geradstetten|Grunbach|Beutelsbach|Endersbach|Stetten-Beinstein|Rommelshausen|Waiblingen|Fellbach|Stuttgart-Sommerrain|Stuttgart Nürnberger Str.|Stuttgart-Bad Cannstatt,8000096,Stuttgart Hbf,Baden-Württemberg,Stuttgart,70173,9.183172973,48.78473069,1,2608300811,,,,,,,,,,,,,1.0,0.0
-7300822635158528158-2608300635-14,89684,2608300804,,11,,ARV,,Crailsheim|Eckartshausen-Ilshofen|Schwäbisch Hall-Hessental|Gaildorf West|Fichtenberg|Fornsbach|Murrhardt|Sulzbach(Murr)|Oppenweiler(Württ)|Backnang|Winnenden|Waiblingen|Stuttgart-Bad Cannstatt,8000096,Stuttgart Hbf,Baden-Württemberg,Stuttgart,70173,9.183172973,48.78473069,1,2608300816,8,,,r,,,,,,,,,12.0,0.0
5639153144113744381-2608300828-1,50183,,2608300828,,,RE,IC87,,8000096,Stuttgart Hbf,Baden-Württemberg,Stuttgart,70173,9.183172973,48.78473069,1,,,2608300828,,,,,,,,,,,0.0,0.0
1921412709986473032-2608300820-1,19459,,2608300820,,,ARV,MEX13,,8000096,Stuttgart Hbf,Baden-Württemberg,Stuttgart,70173,9.183172973,48.78473069,1,,,2608300820,,r,,,,,,,,,0.0,0.0
-6338002183585841713-2608300842-1,7314,,2608300842,,,S,S3,,8000096,Stuttgart Hbf,Baden-Württemberg,Stuttgart,70173,9.183172973,48.78473069,1,,,2608300842,,,,,,,,,,,0.0,0.0
4262076337836670289-2608300816-6,7515,2608300835,,2,,S,,Ludwigsburg|Kornwestheim Pbf|Stuttgart-Zuffenhausen|Stuttgart-Feuerbach|Stuttgart Nordbahnhof,8000096,Stuttgart Hbf,Baden-Württemberg,Stuttgart,70173,9.183172973,48.78473069,1,2608300835,,,,,,,,,,,,,0.0,0.0
3538447596943178203-2608300706-5,2065,2608300802,2608300808,16,,IC,,Karlsruhe Hbf|Pforzheim Hbf|Mühlacker|Vaihingen(Enz),8000096,Stuttgart Hbf,Baden-Württemberg,Stuttgart,70173,9.183172973,48.78473069,1,,,,,,,,,,,,c,c,0.0,0.0
7124911885410709639-2608300802-1,74479,,2608300802,,,SVG,RE3,,8000096,Stuttgart Hbf,Baden-Württemberg,Stuttgart,70173,9.183172973,48.78473069,1,,,,,,,,,,,,,,0.0,0.0
8022546424643450692-2608300817-1,7612,,2608300817,,,S,S6,,8000096,Stuttgart Hbf,Baden-Württemberg,Stuttgart,70173,9.183172973,48.78473069,1,,,2608300817,,,,,,,,,,,0.0,0.0
4279563932246179799-2608300857-1,89685,,2608300857,,,ARV,RE90,,8000096,Stuttgart Hbf,Baden-Württemberg,Stuttgart,70173,9.183172973,48.78473069,1,,,2608300859,,r,,,,,,,,,0.0,2.0
8258495970941561047-2608291835-13,236,2608300847,,9,,NJ,,Venezia Santa Lucia|Venezia Mestre|Padova|Vicenza|Verona Porta Nuova|Bolzano/Bozen|Salzburg Hbf|Rosenheim|München Ost|Augsburg Hbf|Ulm Hbf|Göppingen,8000096,Stuttgart Hbf,Baden-Württemberg,Stuttgart,70173,9.183172973,48.78473069,1,2608300844,,,,,,,,,,,,,-3.0,0.0
-5330316903894753270-2608300814-1,1238,,2608300814,,,FLX,10,,8000096,Stuttgart Hbf,Baden-Württemberg,Stuttgart,70173,9.183172973,48.78473069,1,,,2608300821,,,,,,,,,,,0.0,7.0
368607286846300048-2608300803-14,7615,2608300845,,1,,S,,Weil der Stadt|Malmsheim|Renningen|Rutesheim|Leonberg|Höfingen|Ditzingen|Weilimdorf|Korntal|Neuwirtshaus(Porscheplatz)|Stuttgart-Zuffenhausen|Stuttgart-Feuerbach|Stuttgart Nordbahnhof,8000096,Stuttgart Hbf,Baden-Württemberg,Stuttgart,70173,9.183172973,48.78473069,1,2608300846,,,,,,,,,,,,,1.0,0.0
-3878797200366538218-2608300833-3,28472,2608300855,,6,,RE,,Böblingen|Stuttgart-Vaihingen,8000096,Stuttgart Hbf,Baden-Württemberg,Stuttgart,70173,9.183172973,48.78473069,1,2608300900,,,,,,,,,,,,,5.0,0.0
-5969786638310105743-2608300731-7,52386,2608300843,,7,,RE,,Oberndorf(Neckar)|Sulz(Neckar)|Horb|Bondorf(b Herrenberg)|Gäufelden|Herrenberg,8000096,Stuttgart Hbf,Baden-Württemberg,Stuttgart,70173,9.183172973,48.78473069,1,2608300843,6,,,,,,,,,,,,0.0,0.0
4309892947667244986-2608300717-10,99026,2608300808,,10,,RE,,Reutlingen Hbf|Metzingen(Württ)|Bempflingen|Nürtingen|Oberboihingen|Wendlingen(Neckar)|Plochingen|Esslingen(Neckar)|Stuttgart-Bad Cannstatt,8000096,Stuttgart Hbf,Baden-Württemberg,Stuttgart,70173,9.183172973,48.78473069,1,2608300808,11,,,,,,,,,,,,0.0,0.0
-705341486458257230-2608300805-1,19123,,2608300805,,,ARV,MEX16,,8000096,Stuttgart Hbf,Baden-Württemberg,Stuttgart,70173,9.183172973,48.78473069,1,,,2608300807,,,,,,,,,,,0.0,2.0
8931019133261020093-2608300847-1,7614,,2608300847,,,S,S6,,8000096,Stuttgart Hbf,Baden-Württemberg,Stuttgart,70173,9.183172973,48.78473069,1,,,2608300847,,,,,,,,,,,0.0,0.0
-5804237943130712983-2608300803-15,7215,2608300840,,3,,S,,Schorndorf|Weiler(Rems)|Winterbach(b Schorndorf)|Geradstetten|Grunbach|Beutelsbach|Endersbach|Stetten-Beinstein|Rommelshausen|Waiblingen|Fellbach|Stuttgart-Sommerrain|Stuttgart Nürnberger Str.|Stuttgart-Bad Cannstatt,8000096,Stuttgart Hbf,Baden-Württemberg,Stuttgart,70173,9.183172973,48.78473069,1,2608300842,,,,,,,,,,,,,2.0,0.0
-8163811491625378496-2608300827-1,7514,,2608300827,,,S,S5,,8000096,Stuttgart Hbf,Baden-Württemberg,Stuttgart,70173,9.183172973,48.78473069,1,,,2608300828,,,,,,,,,,,0.0,1.0
2628872899840681757-2608300857-1,7516,,2608300857,,,S,S5,,8000096,Stuttgart Hbf,Baden-Württemberg,Stuttgart,70173,9.183172973,48.78473069,1,,,2608300858,,,,,,,,,,,0.0,1.0
7462677850950360621-2608300825-1,7114,,2608300825,,,S,S1,,8000096,Stuttgart Hbf,Baden-Württemberg,Stuttgart,70173,9.183172973,48.78473069,1,,,2608300826,,,,,,,,,,,0.0,1.0
-1152152025292238787-2608300839-1,4209,,2608300839,,,RE,RE5,,8000096,Stuttgart Hbf,Baden-Württemberg,Stuttgart,70173,9.183172973,48.78473069,1,,,2608300839,,h,1,Störung,,,,,,,0.0,0.0
-433769790499969192-2608300828-1,2623,,2608300828,,,IC,,,8000096,Stuttgart Hbf,Baden-Württemberg,Stuttgart,70173,9.183172973,48.78473069,1,,,2608300828,,,,,,,,,,,0.0,0.0
4919409081459587886-2608292030-17,50462,2608300847,,9,,EN,,Budapest-Keleti|Budapest-Kelenföld|Tatabanya|Györ|Mosonmagyarovar|Hegyeshalom|Wien Hbf|Wien Meidling|St.Pölten Hbf|Linz/Donau Hbf|Salzburg Hbf|Rosenheim|München Ost|Augsburg Hbf|Ulm Hbf|Göppingen,8000096,Stuttgart Hbf,Baden-Württemberg,Stuttgart,70173,9.183172973,48.78473069,1,2608300844,,,,,,,,,,,,,-3.0,0.0
-3592468245100533836-2608300812-1,7312,,2608300812,,,S,S3,,8000096,Stuttgart Hbf,Baden-Württemberg,Stuttgart,70173,9.183172973,48.78473069,1,,,2608300812,,,,,,,,,,,0.0,0.0
4230433869735770140-2608300548-5,511,2608300811,2608300817,15,,ICE,,Köln Hbf|Siegburg/Bonn|Frankfurt(M) Flughafen Fernbf|Mannheim Hbf,8000096,Stuttgart Hbf,Baden-Württemberg,Stuttgart,70173,9.183172973,48.78473069,1,2608300812,,2608300817,,h,1,Störung,,,,,,,1.0,0.0
-8023204054490770538-2608300731-7,2566,2608300843,,7,,IC,,Oberndorf(Neckar)|Sulz(Neckar)|Horb|Bondorf(b Herrenberg)|Gäufelden|Herrenberg,8000096,Stuttgart Hbf,Baden-Württemberg,Stuttgart,70173,9.183172973,48.78473069,1,2608300843,6,,,h,2,Information,,,,,,,0.0,0.0
-1396515843662350065-2608300803-14,7415,2608300855,,2,,S,,Backnang|Burgstall(Murr)|Kirchberg(Murr)|Erdmannhausen|Marbach(Neckar)|Benningen(Neckar)|Freiberg(Neckar)|Favoritepark|Ludwigsburg|Kornwestheim Pbf|Stuttgart-Zuffenhausen|Stuttgart-Feuerbach|Stuttgart Nordbahnhof,8000096,Stuttgart Hbf,Baden-Württemberg,Stuttgart,70173,9.183172973,48.78473069,1,2608300855,,,,,,,,,,,,,0.0,0.0
-2221226816655369065-2608300806-6,19673,2608300859,2608300906,15,,ARV,RE1,Karlsruhe Hbf|Karlsruhe-Durlach|Pforzheim Hbf|Mühlacker|Vaihingen(Enz),8000096,Stuttgart Hbf,Baden-Württemberg,Stuttgart,70173,9.183172973,48.78473069,1,2608300925,,2608300933,,r,,,,,,,,,26.0,27.0
1210701436618216773-2608300746-6,7513,2608300805,,1,,S,,Ludwigsburg|Kornwestheim Pbf|Stuttgart-Zuffenhausen|Stuttgart-Feuerbach|Stuttgart Nordbahnhof,8000096,Stuttgart Hbf,Baden-Württemberg,Stuttgart,70173,9.183172973,48.78473069,1,2608300805,,,,,,,,,,,,,0.0,0.0
4710214702648447253-2608300820-1,7212,,2608300820,,,S,S2,,8000096,Stuttgart Hbf,Baden-Württemberg,Stuttgart,70173,9.183172973,48.78473069,1,,,2608300820,,,,,,,,,,,0.0,0.0
-4522322066632757038-2608300832-1,19006,,2608300832,,,ARV,RE1,,8000096,Stuttgart Hbf,Baden-Württemberg,Stuttgart,70173,9.183172973,48.78473069,1,,,2608300832,10,,,,,,,,,,0.0,0.0
-6500385343729473865-2608300855-1,7116,,2608300855,,,S,S1,,8000096,Stuttgart Hbf,Baden-Württemberg,Stuttgart,70173,9.183172973,48.78473069,1,,,2608300855,,,,,,,,,,,0.0,0.0
-1444193866381249599-2608300802-1,28473,,2608300802,,,RE,RESB,,8000096,Stuttgart Hbf,Baden-Württemberg,Stuttgart,70173,9.183172973,48.78473069,1,,,2608300805,,,,,,,,,,,0.0,3.0
527392898867093092-2608300802-4,19672,2608300850,2608300900,11,,ARV,RE1,Aalen Hbf|Schwäbisch Gmünd|Schorndorf,8000096,Stuttgart Hbf,Baden-Württemberg,Stuttgart,70173,9.183172973,48.78473069,1,2608300856,,2608300908,,,,,,,,,,,6.0,8.0
-7709757529463307534-2608300720-15,7113,2608300805,,4,,S,,Kirchheim(Teck)|Kirchheim(Teck)-Ötlingen|Wendlingen(Neckar)|Wernau(Neckar)|Plochingen|Altbach|Esslingen-Zell|Oberesslingen|Esslingen(Neckar)|Esslingen-Mettingen|Stuttgart-Obertürkheim|Stuttgart-Untertürkheim|Stuttgart Neckarpark|Stuttgart-Bad Cannstatt,8000096,Stuttgart Hbf,Baden-Württemberg,Stuttgart,70173,9.183172973,48.78473069,1,2608300804,,,,,,,,,,,,,-1.0,0.0
6406586649286876666-2608291939-21,414,2608300847,,9,,EN,,Zagreb Glavni kolodvor|Zapresic|Dobova|Sevnica|Zidani Most|Ljubljana|Kranj|Lesce-Bled|Jesenice(SLO)|Villach Hbf|Spittal-Millstätter See|Mallnitz-Obervellach|Bad Gastein|Schwarzach-St.Veit|Salzburg Hbf|Rosenheim|München Ost|Augsburg Hbf|Ulm Hbf|Göppingen,8000096,Stuttgart Hbf,Baden-Württemberg,Stuttgart,70173,9.183172973,48.78473069,1,2608300844,,,,,,,,,,,,,-3.0,0.0
8271586920293016574-2608300802-1,1096,,2608300802,,,ICE,,,8000096,Stuttgart Hbf,Baden-Württemberg,Stuttgart,70173,9.183172973,48.78473069,1,,,2608300802,,h,2,Information,,,,,,,0.0,0.0
6094714682272975169-2608300603-14,4204,2608300822,,11,,RE,,Friedrichshafen Stadt|Meckenbeuren|Ravensburg|Aulendorf|Bad Schussenried|Biberach(Riß)|Schemmerberg|Laupheim West|Ulm Hbf|Geislingen(Steige)|Göppingen|Plochingen|Esslingen(Neckar),8000096,Stuttgart Hbf,Baden-Württemberg,Stuttgart,70173,9.183172973,48.78473069,1,2608300825,,,,,,,,,,,c,,3.0,0.0
-812051319324174666-2608300837-1,7412,,2608300837,,,S,S4,,8000096,Stuttgart Hbf,Baden-Württemberg,Stuttgart,70173,9.183172973,48.78473069,1,,,2608300838,,,,,,,,,,,0.0,1.0
-1347709455583751185-2608300733-14,7613,2608300815,,2,,S,,Weil der Stadt|Malmsheim|Renningen|Rutesheim|Leonberg|Höfingen|Ditzingen|Weilimdorf|Korntal|Neuwirtshaus(Porscheplatz)|Stuttgart-Zuffenhausen|Stuttgart-Feuerbach|Stuttgart Nordbahnhof,8000096,Stuttgart Hbf,Baden-Württemberg,Stuttgart,70173,9.183172973,48.78473069,1,2608300815,,,,,,,,,,,,,0.0,0.0
-3992047670892155392-2608300807-1,7410,,2608300807,,,S,S4,,8000096,Stuttgart Hbf,Baden-Württemberg,Stuttgart,70173,9.183172973,48.78473069,1,,,2608300808,,,,,,,,,,,0.0,1.0
-5824944838156887596-2608300732-7,19005,2608300825,,7,,ARV,,Karlsruhe Hbf|Karlsruhe-Durlach|Wilferdingen-Singen|Pforzheim Hbf|Mühlacker|Vaihingen(Enz),8000096,Stuttgart Hbf,Baden-Württemberg,Stuttgart,70173,9.183172973,48.78473069,1,2608300826,,,,,,,,,,,,,1.0,0.0
-5473194171738225736-2608300842-1,19125,,2608300842,,,ARV,MEX16,,8000096,Stuttgart Hbf,Baden-Württemberg,Stuttgart,70173,9.183172973,48.78473069,1,,,2608300842,12,,,,,,,,,,0.0,0.0
8970610329466681156-2608300733-14,7413,2608300825,,1,,S,,Backnang|Burgstall(Murr)|Kirchberg(Murr)|Erdmannhausen|Marbach(Neckar)|Benningen(Neckar)|Freiberg(Neckar)|Favoritepark|Ludwigsburg|Kornwestheim Pbf|Stuttgart-Zuffenhausen|Stuttgart-Feuerbach|Stuttgart Nordbahnhof,8000096,Stuttgart Hbf,Baden-Württemberg,Stuttgart,70173,9.183172973,48.78473069,1,2608300825,,,,,,,,,,,,,0.0,0.0
-7908498233924216314-2608300750-13,7115,2608300827,2608300827,1,,S,S1,Kirchheim(Teck)|Kirchheim(Teck)-Ötlingen|Wendlingen(Neckar)|Wernau(Neckar)|Plochingen|Altbach|Esslingen-Zell|Oberesslingen|Esslingen(Neckar)|Esslingen-Mettingen|Stuttgart-Obertürkheim|Stuttgart-Untertürkheim,8006743,Stuttgart Neckarpark,Baden-Württemberg,Stuttgart,70372,9.24106855,48.79194362,4,2608300827,,2608300828,,,,,,,,,,,0.0,1.0
-6750459440429737938-2608300755-3,7112,2608300802,2608300802,2,,S,S1,Stuttgart Hbf|Stuttgart-Bad Cannstatt,8006743,Stuttgart Neckarpark,Baden-Württemberg,Stuttgart,70372,9.24106855,48.79194362,4,2608300802,,2608300802,,,,,,,,,,,0.0,0.0
7462677850950360621-2608300825-3,7114,2608300832,2608300832,2,,S,S1,Stuttgart Hbf|Stuttgart-Bad Cannstatt,8006743,Stuttgart Neckarpark,Baden-Württemberg,Stuttgart,70372,9.24106855,48.79194362,4,2608300834,,2608300834,,,,,,,,,,,2.0,2.0
2988814004659936288-2608300820-13,7117,2608300857,2608300857,1,,S,S1,Kirchheim(Teck)|Kirchheim(Teck)-Ötlingen|Wendlingen(Neckar)|Wernau(Neckar)|Plochingen|Altbach|Esslingen-Zell|Oberesslingen|Esslingen(Neckar)|Esslingen-Mettingen|Stuttgart-Obertürkheim|Stuttgart-Untertürkheim,8006743,Stuttgart Neckarpark,Baden-Württemberg,Stuttgart,70372,9.24106855,48.79194362,4,2608300901,,2608300901,,,,,,,,,,,4.0,4.0
4262076337836670289-2608300816-5,7515,2608300829,2608300831,4,,S,S5,Ludwigsburg|Kornwestheim Pbf|Stuttgart-Zuffenhausen|Stuttgart-Feuerbach,8005767,Stuttgart Nord,Baden-Württemberg,Stuttgard-Nord,70174,9.188061449,48.80374161,5,2608300829,,2608300831,,,,,,,,,,,0.0,0.0
8022546424643450692-2608300817-2,7612,2608300820,2608300822,3,,S,S6,Stuttgart Hbf,8005767,Stuttgart Nord,Baden-Württemberg,Stuttgard-Nord,70174,9.188061449,48.80374161,5,2608300821,,2608300822,,,,,,,,,,,1.0,0.0
368607286846300048-2608300803-13,7615,2608300839,2608300841,4,,S,S6,Weil der Stadt|Malmsheim|Renningen|Rutesheim|Leonberg|Höfingen|Ditzingen|Weilimdorf|Korntal|Neuwirtshaus(Porscheplatz)|Stuttgart-Zuffenhausen|Stuttgart-Feuerbach,8005767,Stuttgart Nord,Baden-Württemberg,Stuttgard-Nord,70174,9.188061449,48.80374161,5,2608300839,,2608300841,,,,,,,,,,,0.0,0.0
8931019133261020093-2608300847-2,7614,2608300850,2608300852,3,,S,S6,Stuttgart Hbf,8005767,Stuttgart Nord,Baden-Württemberg,Stuttgard-Nord,70174,9.188061449,48.80374161,5,2608300851,,2608300852,,,,,,,,,,,1.0,0.0
-4928326504801899421-2608300757-2,7512,2608300800,2608300801,3,,S,S5,Stuttgart Hbf,8005767,Stuttgart Nord,Baden-Württemberg,Stuttgard-Nord,70174,9.188061449,48.80374161,5,2608300802,,2608300802,,,,,,,,,,,2.0,1.0
-8163811491625378496-2608300827-2,7514,2608300830,2608300831,3,,S,S5,Stuttgart Hbf,8005767,Stuttgart Nord,Baden-Württemberg,Stuttgard-Nord,70174,9.188061449,48.80374161,5,2608300830,,2608300831,,,,,,,,,,,0.0,0.0
1075628061037918250-2608300846-5,7517,2608300859,2608300901,4,,S,S5,Ludwigsburg|Kornwestheim Pbf|Stuttgart-Zuffenhausen|Stuttgart-Feuerbach,8005767,Stuttgart Nord,Baden-Württemberg,Stuttgard-Nord,70174,9.188061449,48.80374161,5,2608300859,,2608300901,,,,,,,,,,,0.0,0.0
-1396515843662350065-2608300803-13,7415,2608300849,2608300851,4,,S,S4,Backnang|Burgstall(Murr)|Kirchberg(Murr)|Erdmannhausen|Marbach(Neckar)|Benningen(Neckar)|Freiberg(Neckar)|Favoritepark|Ludwigsburg|Kornwestheim Pbf|Stuttgart-Zuffenhausen|Stuttgart-Feuerbach,8005767,Stuttgart Nord,Baden-Württemberg,Stuttgard-Nord,70174,9.188061449,48.80374161,5,2608300849,,2608300851,,,,,,,,,,,0.0,0.0
1210701436618216773-2608300746-5,7513,2608300759,2608300801,4,,S,S5,Ludwigsburg|Kornwestheim Pbf|Stuttgart-Zuffenhausen|Stuttgart-Feuerbach,8005767,Stuttgart Nord,Baden-Württemberg,Stuttgard-Nord,70174,9.188061449,48.80374161,5,2608300759,,2608300801,,,,,,,,,,,0.0,0.0
-812051319324174666-2608300837-2,7412,2608300840,2608300841,3,,S,S4,Stuttgart Hbf,8005767,Stuttgart Nord,Baden-Württemberg,Stuttgard-Nord,70174,9.188061449,48.80374161,5,2608300841,,2608300842,,,,,,,,,,,1.0,1.0
-1347709455583751185-2608300733-13,7613,2608300809,2608300811,4,,S,S6,Weil der Stadt|Malmsheim|Renningen|Rutesheim|Leonberg|Höfingen|Ditzingen|Weilimdorf|Korntal|Neuwirtshaus(Porscheplatz)|Stuttgart-Zuffenhausen|Stuttgart-Feuerbach,8005767,Stuttgart Nord,Baden-Württemberg,Stuttgard-Nord,70174,9.188061449,48.80374161,5,2608300809,,2608300811,,,,,,,,,,,0.0,0.0
-3992047670892155392-2608300807-2,7410,2608300810,2608300811,3,,S,S4,Stuttgart Hbf,8005767,Stuttgart Nord,Baden-Württemberg,Stuttgard-Nord,70174,9.188061449,48.80374161,5,2608300811,,2608300812,,,,,,,,,,,1.0,1.0
8970610329466681156-2608300733-13,7413,2608300819,2608300821,4,,S,S4,Backnang|Burgstall(Murr)|Kirchberg(Murr)|Erdmannhausen|Marbach(Neckar)|Benningen(Neckar)|Freiberg(Neckar)|Favoritepark|Ludwigsburg|Kornwestheim Pbf|Stuttgart-Zuffenhausen|Stuttgart-Feuerbach,8005767,Stuttgart Nord,Baden-Württemberg,Stuttgard-Nord,70174,9.188061449,48.80374161,5,2608300819,,2608300821,,,,,,,,,,,0.0,0.0
-2041887165868781083-2608300850-3,7214,2608300857,2608300857,4,,S,S2,Stuttgart Hbf|Stuttgart-Bad Cannstatt,8004357,Stuttgart Nürnberger Straße,Baden-Württemberg,Stuttgart,70374,9.234576905,48.80656062,5,2608300857,,2608300857,,,,,,,,,,,0.0,0.0
-6826708456044057474-2608300811-10,7315,2608300837,2608300838,1,,S,S3,Backnang|Maubach|Nellmersbach|Winnenden|Schwaikheim|Neustadt-Hohenacker|Waiblingen|Fellbach|Stuttgart-Sommerrain,8004357,Stuttgart Nürnberger Straße,Baden-Württemberg,Stuttgart,70374,9.234576905,48.80656062,5,2608300837,,2608300838,,,,,,,,,,,0.0,0.0
1183603668671718907-2608300741-10,7313,2608300807,2608300808,1,,S,S3,Backnang|Maubach|Nellmersbach|Winnenden|Schwaikheim|Neustadt-Hohenacker|Waiblingen|Fellbach|Stuttgart-Sommerrain,8004357,Stuttgart Nürnberger Straße,Baden-Württemberg,Stuttgart,70374,9.234576905,48.80656062,5,2608300807,,2608300808,,,,,,,,,,,0.0,0.0
3888224273021493436-2608300733-13,7213,2608300802,2608300803,1,,S,S2,Schorndorf|Weiler(Rems)|Winterbach(b Schorndorf)|Geradstetten|Grunbach|Beutelsbach|Endersbach|Stetten-Beinstein|Rommelshausen|Waiblingen|Fellbach|Stuttgart-Sommerrain,8004357,Stuttgart Nürnberger Straße,Baden-Württemberg,Stuttgart,70374,9.234576905,48.80656062,5,2608300802,,2608300803,,,,,,,,,,,0.0,0.0
-6338002183585841713-2608300842-3,7314,2608300852,2608300852,4,,S,S3,Stuttgart Hbf|Stuttgart-Bad Cannstatt,8004357,Stuttgart Nürnberger Straße,Baden-Württemberg,Stuttgart,70374,9.234576905,48.80656062,5,2608300852,,2608300852,,,,,,,,,,,0.0,0.0
-5804237943130712983-2608300803-13,7215,2608300832,2608300833,1,,S,S2,Schorndorf|Weiler(Rems)|Winterbach(b Schorndorf)|Geradstetten|Grunbach|Beutelsbach|Endersbach|Stetten-Beinstein|Rommelshausen|Waiblingen|Fellbach|Stuttgart-Sommerrain,8004357,Stuttgart Nürnberger Straße,Baden-Württemberg,Stuttgart,70374,9.234576905,48.80656062,5,2608300832,,2608300833,,,,,,,,,,,0.0,0.0
-3592468245100533836-2608300812-3,7312,2608300822,2608300822,4,,S,S3,Stuttgart Hbf|Stuttgart-Bad Cannstatt,8004357,Stuttgart Nürnberger Straße,Baden-Württemberg,Stuttgart,70374,9.234576905,48.80656062,5,2608300822,,2608300823,,,,,,,,,,,0.0,1.0
4710214702648447253-2608300820-3,7212,2608300827,2608300827,4,,S,S2,Stuttgart Hbf|Stuttgart-Bad Cannstatt,8004357,Stuttgart Nürnberger Straße,Baden-Württemberg,Stuttgart,70374,9.234576905,48.80656062,5,2608300827,,2608300827,,,,,,,,,,,0.0,0.0
-2041887165868781083-2608300850-2,7214,2608300854,2608300854,3,,S,S2,Stuttgart Hbf,8005769,Stuttgart-Bad Cannstatt,Baden-Württemberg,Stuttgart,70372,9.217468636,48.80127978,3,2608300854,,2608300854,,,,,,,,,,,0.0,0.0
3085957373599067482-2608300748-15,19122,2608300849,2608300849,5,,ARV,MEX16,Geislingen(Steige)|Geislingen(Steige)West|Kuchen|Gingen(Fils)|Süßen|Salach|Eislingen(Fils)|Göppingen|Faurndau|Uhingen|Ebersbach(Fils)|Reichenbach(Fils)|Plochingen|Esslingen(Neckar),8005769,Stuttgart-Bad Cannstatt,Baden-Württemberg,Stuttgart,70372,9.217468636,48.80127978,3,2608300851,,2608300851,,,,,,,,,,,2.0,2.0
-3502611418131098447-2608300854-2,99023,2608300858,2608300858,,,RE,MEX12,Stuttgart Hbf,8005769,Stuttgart-Bad Cannstatt,Baden-Württemberg,Stuttgart,70372,9.217468636,48.80127978,3,2608300900,4,2608300902,4,,,,,,,,,,2.0,4.0
-6826708456044057474-2608300811-11,7315,2608300841,2608300843,2,,S,S3,Backnang|Maubach|Nellmersbach|Winnenden|Schwaikheim|Neustadt-Hohenacker|Waiblingen|Fellbach|Stuttgart-Sommerrain|Stuttgart Nürnberger Str.,8005769,Stuttgart-Bad Cannstatt,Baden-Württemberg,Stuttgart,70372,9.217468636,48.80127978,3,2608300841,,2608300843,,,,,,,,,,,0.0,0.0
1183603668671718907-2608300741-11,7313,2608300811,2608300813,2,,S,S3,Backnang|Maubach|Nellmersbach|Winnenden|Schwaikheim|Neustadt-Hohenacker|Waiblingen|Fellbach|Stuttgart-Sommerrain|Stuttgart Nürnberger Str.,8005769,Stuttgart-Bad Cannstatt,Baden-Württemberg,Stuttgart,70372,9.217468636,48.80127978,3,2608300811,,2608300813,,,,,,,,,,,0.0,0.0
8714151503779075708-2608300648-19,19454,2608300835,2608300836,6,,ARV,MEX13,Crailsheim|Jagstzell|Ellwangen|Schrezheim|Schwabsberg|Goldshöfe|Hofen(b Aalen)|Wasseralfingen|Aalen Hbf|Mögglingen(Gmünd)|Böbingen(Rems)|Schwäbisch Gmünd|Lorch(Württ)|Waldhausen(b Schorndorf)|Plüderhausen|Urbach(b Schorndorf)|Schorndorf|Waiblingen,8005769,Stuttgart-Bad Cannstatt,Baden-Württemberg,Stuttgart,70372,9.217468636,48.80127978,3,2608300835,,2608300836,,r,,,,,,,,,0.0,0.0
6339879524264989813-2608300824-2,19213,2608300827,2608300827,8,,RE,MEX18,Stuttgart Hbf,8005769,Stuttgart-Bad Cannstatt,Baden-Württemberg,Stuttgart,70372,9.217468636,48.80127978,3,2608300829,4,2608300829,4,,,,,,,,,,2.0,2.0
-7908498233924216314-2608300750-14,7115,2608300830,2608300831,2,,S,S1,Kirchheim(Teck)|Kirchheim(Teck)-Ötlingen|Wendlingen(Neckar)|Wernau(Neckar)|Plochingen|Altbach|Esslingen-Zell|Oberesslingen|Esslingen(Neckar)|Esslingen-Mettingen|Stuttgart-Obertürkheim|Stuttgart-Untertürkheim|Stuttgart Neckarpark,8005769,Stuttgart-Bad Cannstatt,Baden-Württemberg,Stuttgart,70372,9.217468636,48.80127978,3,2608300830,,2608300831,,,,,,,,,,,0.0,0.0
2489733951411711794-2608300713-15,19120,2608300811,2608300812,5,,ARV,MEX16,Geislingen(Steige)|Geislingen(Steige)West|Kuchen|Gingen(Fils)|Süßen|Salach|Eislingen(Fils)|Göppingen|Faurndau|Uhingen|Ebersbach(Fils)|Reichenbach(Fils)|Plochingen|Esslingen(Neckar),8005769,Stuttgart-Bad Cannstatt,Baden-Württemberg,Stuttgart,70372,9.217468636,48.80127978,3,2608300809,,2608300810,,,,,,,,,,,-2.0,-2.0
3888224273021493436-2608300733-14,7213,2608300805,2608300806,2,,S,S2,Schorndorf|Weiler(Rems)|Winterbach(b Schorndorf)|Geradstetten|Grunbach|Beutelsbach|Endersbach|Stetten-Beinstein|Rommelshausen|Waiblingen|Fellbach|Stuttgart-Sommerrain|Stuttgart Nürnberger Str.,8005769,Stuttgart-Bad Cannstatt,Baden-Württemberg,Stuttgart,70372,9.217468636,48.80127978,3,2608300806,,2608300807,,,,,,,,,,,1.0,1.0
-7300822635158528158-2608300635-13,89684,2608300759,2608300800,6,,ARV,RE90,Crailsheim|Eckartshausen-Ilshofen|Schwäbisch Hall-Hessental|Gaildorf West|Fichtenberg|Fornsbach|Murrhardt|Sulzbach(Murr)|Oppenweiler(Württ)|Backnang|Winnenden|Waiblingen,8005769,Stuttgart-Bad Cannstatt,Baden-Württemberg,Stuttgart,70372,9.217468636,48.80127978,3,2608300810,,2608300812,,r,,,,,,,,,11.0,12.0
1921412709986473032-2608300820-2,19459,2608300824,2608300825,7,,ARV,MEX13,Stuttgart Hbf,8005769,Stuttgart-Bad Cannstatt,Baden-Württemberg,Stuttgart,70372,9.217468636,48.80127978,3,2608300824,,2608300825,,r,,,,,,,,,0.0,0.0
-6338002183585841713-2608300842-2,7314,2608300846,2608300849,3,,S,S3,Stuttgart Hbf,8005769,Stuttgart-Bad Cannstatt,Baden-Württemberg,Stuttgart,70372,9.217468636,48.80127978,3,2608300846,,2608300849,,,,,,,,,,,0.0,0.0
4309892947667244986-2608300717-9,99026,2608300804,2608300804,,,RE,MEX12,Reutlingen Hbf|Metzingen(Württ)|Bempflingen|Nürtingen|Oberboihingen|Wendlingen(Neckar)|Plochingen|Esslingen(Neckar),8005769,Stuttgart-Bad Cannstatt,Baden-Württemberg,Stuttgart,70372,9.217468636,48.80127978,3,2608300804,1,2608300805,1,,,,,,,,,,0.0,1.0
-705341486458257230-2608300805-2,19123,2608300808,2608300808,8,,ARV,MEX16,Stuttgart Hbf,8005769,Stuttgart-Bad Cannstatt,Baden-Württemberg,Stuttgart,70372,9.217468636,48.80127978,3,2608300811,,2608300811,,,,,,,,,,,3.0,3.0
-5804237943130712983-2608300803-14,7215,2608300835,2608300836,2,,S,S2,Schorndorf|Weiler(Rems)|Winterbach(b Schorndorf)|Geradstetten|Grunbach|Beutelsbach|Endersbach|Stetten-Beinstein|Rommelshausen|Waiblingen|Fellbach|Stuttgart-Sommerrain|Stuttgart Nürnberger Str.,8005769,Stuttgart-Bad Cannstatt,Baden-Württemberg,Stuttgart,70372,9.217468636,48.80127978,3,2608300835,,2608300836,,,,,,,,,,,0.0,0.0
7462677850950360621-2608300825-2,7114,2608300828,2608300829,3,,S,S1,Stuttgart Hbf,8005769,Stuttgart-Bad Cannstatt,Baden-Württemberg,Stuttgart,70372,9.217468636,48.80127978,3,2608300830,,2608300831,,,,,,,,,,,2.0,2.0
-3592468245100533836-2608300812-2,7312,2608300816,2608300819,3,,S,S3,Stuttgart Hbf,8005769,Stuttgart-Bad Cannstatt,Baden-Württemberg,Stuttgart,70372,9.217468636,48.80127978,3,2608300816,,2608300819,,,,,,,,,,,0.0,0.0
4710214702648447253-2608300820-2,7212,2608300824,2608300824,3,,S,S2,Stuttgart Hbf,8005769,Stuttgart-Bad Cannstatt,Baden-Württemberg,Stuttgart,70372,9.217468636,48.80127978,3,2608300824,,2608300824,,,,,,,,,,,0.0,0.0
-6500385343729473865-2608300855-2,7116,2608300858,2608300859,3,,S,S1,Stuttgart Hbf,8005769,Stuttgart-Bad Cannstatt,Baden-Württemberg,Stuttgart,70372,9.217468636,48.80127978,3,2608300859,,2608300859,,,,,,,,,,,1.0,0.0
-7709757529463307534-2608300720-14,7113,2608300800,2608300801,2,,S,S1,Kirchheim(Teck)|Kirchheim(Teck)-Ötlingen|Wendlingen(Neckar)|Wernau(Neckar)|Plochingen|Altbach|Esslingen-Zell|Oberesslingen|Esslingen(Neckar)|Esslingen-Mettingen|Stuttgart-Obertürkheim|Stuttgart-Untertürkheim|Stuttgart Neckarpark,8005769,Stuttgart-Bad Cannstatt,Baden-Württemberg,Stuttgart,70372,9.217468636,48.80127978,3,2608300800,,2608300801,,,,,,,,,,,0.0,0.0
-5473194171738225736-2608300842-2,19125,2608300845,2608300846,8,,ARV,MEX16,Stuttgart Hbf,8005769,Stuttgart-Bad Cannstatt,Baden-Württemberg,Stuttgart,70372,9.217468636,48.80127978,3,2608300846,,2608300847,,,,,,,,,,,1.0,1.0
4262076337836670289-2608300816-4,7515,2608300826,2608300826,1,,S,S5,Ludwigsburg|Kornwestheim Pbf|Stuttgart-Zuffenhausen,8005770,Stuttgart-Feuerbach,Baden-Württemberg,Feuerbach,70469,9.169186287,48.81363554,3,2608300826,,2608300827,,,,,,,,,,,0.0,1.0
8022546424643450692-2608300817-3,7612,2608300824,2608300824,2,,S,S6,Stuttgart Hbf|Stuttgart Nordbahnhof,8005770,Stuttgart-Feuerbach,Baden-Württemberg,Feuerbach,70469,9.169186287,48.81363554,3,2608300824,,2608300824,,,,,,,,,,,0.0,0.0
368607286846300048-2608300803-12,7615,2608300836,2608300836,1,,S,S6,Weil der Stadt|Malmsheim|Renningen|Rutesheim|Leonberg|Höfingen|Ditzingen|Weilimdorf|Korntal|Neuwirtshaus(Porscheplatz)|Stuttgart-Zuffenhausen,8005770,Stuttgart-Feuerbach,Baden-Württemberg,Feuerbach,70469,9.169186287,48.81363554,3,2608300836,,2608300837,,,,,,,,,,,0.0,1.0
8931019133261020093-2608300847-3,7614,2608300854,2608300854,2,,S,S6,Stuttgart Hbf|Stuttgart Nordbahnhof,8005770,Stuttgart-Feuerbach,Baden-Württemberg,Feuerbach,70469,9.169186287,48.81363554,3,2608300854,,2608300854,,,,,,,,,,,0.0,0.0
-4928326504801899421-2608300757-3,7512,2608300803,2608300804,2,,S,S5,Stuttgart Hbf|Stuttgart Nordbahnhof,8005770,Stuttgart-Feuerbach,Baden-Württemberg,Feuerbach,70469,9.169186287,48.81363554,3,2608300804,,2608300804,,,,,,,,,,,1.0,0.0
-8163811491625378496-2608300827-3,7514,2608300833,2608300834,2,,S,S5,Stuttgart Hbf|Stuttgart Nordbahnhof,8005770,Stuttgart-Feuerbach,Baden-Württemberg,Feuerbach,70469,9.169186287,48.81363554,3,2608300833,,2608300834,,,,,,,,,,,0.0,0.0
1075628061037918250-2608300846-4,7517,2608300856,2608300856,1,,S,S5,Ludwigsburg|Kornwestheim Pbf|Stuttgart-Zuffenhausen,8005770,Stuttgart-Feuerbach,Baden-Württemberg,Feuerbach,70469,9.169186287,48.81363554,3,2608300856,,2608300856,,,,,,,,,,,0.0,0.0
-1396515843662350065-2608300803-12,7415,2608300846,2608300847,1,,S,S4,Backnang|Burgstall(Murr)|Kirchberg(Murr)|Erdmannhausen|Marbach(Neckar)|Benningen(Neckar)|Freiberg(Neckar)|Favoritepark|Ludwigsburg|Kornwestheim Pbf|Stuttgart-Zuffenhausen,8005770,Stuttgart-Feuerbach,Baden-Württemberg,Feuerbach,70469,9.169186287,48.81363554,3,2608300847,,2608300847,,,,,,,,,,,1.0,0.0
-812051319324174666-2608300837-3,7412,2608300843,2608300844,2,,S,S4,Stuttgart Hbf|Stuttgart Nordbahnhof,8005770,Stuttgart-Feuerbach,Baden-Württemberg,Feuerbach,70469,9.169186287,48.81363554,3,2608300844,,2608300844,,,,,,,,,,,1.0,0.0
-1347709455583751185-2608300733-12,7613,2608300806,2608300806,1,,S,S6,Weil der Stadt|Malmsheim|Renningen|Rutesheim|Leonberg|Höfingen|Ditzingen|Weilimdorf|Korntal|Neuwirtshaus(Porscheplatz)|Stuttgart-Zuffenhausen,8005770,Stuttgart-Feuerbach,Baden-Württemberg,Feuerbach,70469,9.169186287,48.81363554,3,2608300806,,2608300806,,,,,,,,,,,0.0,0.0
-3992047670892155392-2608300807-3,7410,2608300813,2608300814,2,,S,S4,Stuttgart Hbf|Stuttgart Nordbahnhof,8005770,Stuttgart-Feuerbach,Baden-Württemberg,Feuerbach,70469,9.169186287,48.81363554,3,2608300813,,2608300814,,,,,,,,,,,0.0,0.0
8970610329466681156-2608300733-12,7413,2608300816,2608300817,1,,S,S4,Backnang|Burgstall(Murr)|Kirchberg(Murr)|Erdmannhausen|Marbach(Neckar)|Benningen(Neckar)|Freiberg(Neckar)|Favoritepark|Ludwigsburg|Kornwestheim Pbf|Stuttgart-Zuffenhausen,8005770,Stuttgart-Feuerbach,Baden-Württemberg,Feuerbach,70469,9.169186287,48.81363554,3,2608300817,,2608300817,,,,,,,,,,,1.0,0.0
-7908498233924216314-2608300750-11,7115,2608300822,2608300822,5,,S,S1,Kirchheim(Teck)|Kirchheim(Teck)-Ötlingen|Wendlingen(Neckar)|Wernau(Neckar)|Plochingen|Altbach|Esslingen-Zell|Oberesslingen|Esslingen(Neckar)|Esslingen-Mettingen,8005772,Stuttgart-Obertürkheim,Baden-Württemberg,Stuttgart,70329,9.268167932,48.76175015,4,2608300822,,2608300822,,,,,,,,,,,0.0,0.0
-6750459440429737938-2608300755-5,7112,2608300807,2608300807,6,,S,S1,Stuttgart Hbf|Stuttgart-Bad Cannstatt|Stuttgart Neckarpark|Stuttgart-Untertürkheim,8005772,Stuttgart-Obertürkheim,Baden-Württemberg,Stuttgart,70329,9.268167932,48.76175015,4,2608300807,,2608300807,,,,,,,,,,,0.0,0.0
7462677850950360621-2608300825-5,7114,2608300837,2608300837,6,,S,S1,Stuttgart Hbf|Stuttgart-Bad Cannstatt|Stuttgart Neckarpark|Stuttgart-Untertürkheim,8005772,Stuttgart-Obertürkheim,Baden-Württemberg,Stuttgart,70329,9.268167932,48.76175015,4,2608300838,,2608300838,,,,,,,,,,,1.0,1.0
2988814004659936288-2608300820-11,7117,2608300852,2608300852,5,,S,S1,Kirchheim(Teck)|Kirchheim(Teck)-Ötlingen|Wendlingen(Neckar)|Wernau(Neckar)|Plochingen|Altbach|Esslingen-Zell|Oberesslingen|Esslingen(Neckar)|Esslingen-Mettingen,8005772,Stuttgart-Obertürkheim,Baden-Württemberg,Stuttgart,70329,9.268167932,48.76175015,4,2608300856,,2608300857,,,,,,,,,,,4.0,5.0
-1294247402093517647-2608300846-2,7715,2608300847,2608300853,2,,S,S1,Stuttgart-Vaihingen,8005773,Stuttgart-Rohr,Baden-Württemberg,Stuttgart,70565,9.108158025,48.71799427,4,2608300847,,2608300853,,,,,,,,,,,0.0,0.0
7703218303646440626-2608300746-8,7714,2608300807,2608300808,3,,S,S1,Herrenberg|Nufringen|Gärtringen|Ehningen(b Böblingen)|Hulb|Böblingen|Goldberg(Württ),8005773,Stuttgart-Rohr,Baden-Württemberg,Stuttgart,70565,9.108158025,48.71799427,4,2608300808,,2608300809,,,,,,,,,,,1.0,1.0
-6417774412386429047-2608300833-6,7914,2608300848,2608300849,3,,S,S2,Filderstadt|Stuttgart Flughafen/Messe|Echterdingen|Leinfelden|Oberaichen,8005773,Stuttgart-Rohr,Baden-Württemberg,Stuttgart,70565,9.108158025,48.71799427,4,2608300848,,2608300849,,,,,,,,,,,0.0,0.0
4580394534230796773-2608300805-2,7913,2608300806,2608300812,2,,S,S2,Stuttgart-Vaihingen,8005773,Stuttgart-Rohr,Baden-Württemberg,Stuttgart,70565,9.108158025,48.71799427,4,2608300806,,2608300812,,,,,,,,,,,0.0,0.0
7974787834467566145-2608300803-6,7912,2608300818,2608300819,3,,S,S2,Filderstadt|Stuttgart Flughafen/Messe|Echterdingen|Leinfelden|Oberaichen,8005773,Stuttgart-Rohr,Baden-Württemberg,Stuttgart,70565,9.108158025,48.71799427,4,2608300818,,2608300819,,,,,,,,,,,0.0,0.0
-5955935305381349706-2608300835-2,7915,2608300836,2608300842,2,,S,S2,Stuttgart-Vaihingen,8005773,Stuttgart-Rohr,Baden-Württemberg,Stuttgart,70565,9.108158025,48.71799427,4,2608300836,,2608300842,,,,,,,,,,,0.0,0.0
-1939940434765765785-2608300816-8,7716,2608300837,2608300838,3,,S,S1,Herrenberg|Nufringen|Gärtringen|Ehningen(b Böblingen)|Hulb|Böblingen|Goldberg(Württ),8005773,Stuttgart-Rohr,Baden-Württemberg,Stuttgart,70565,9.108158025,48.71799427,4,2608300840,,2608300841,,,,,,,,,,,3.0,3.0
4428035523306694897-2608300816-2,7713,2608300817,2608300823,2,,S,S1,Stuttgart-Vaihingen,8005773,Stuttgart-Rohr,Baden-Württemberg,Stuttgart,70565,9.108158025,48.71799427,4,2608300817,,2608300823,,,,,,,,,,,0.0,0.0
-2041887165868781083-2608300850-4,7214,2608300859,2608300859,4,,S,S2,Stuttgart Hbf|Stuttgart-Bad Cannstatt|Stuttgart Nürnberger Str.,8005774,Stuttgart-Sommerrain,Baden-Württemberg,Stuttgart,70374,9.248369749,48.81521824,5,2608300859,,2608300859,,,,,,,,,,,0.0,0.0
-6826708456044057474-2608300811-9,7315,2608300835,2608300835,1,,S,S3,Backnang|Maubach|Nellmersbach|Winnenden|Schwaikheim|Neustadt-Hohenacker|Waiblingen|Fellbach,8005774,Stuttgart-Sommerrain,Baden-Württemberg,Stuttgart,70374,9.248369749,48.81521824,5,2608300835,,2608300835,,,,,,,,,,,0.0,0.0
1183603668671718907-2608300741-9,7313,2608300805,2608300805,1,,S,S3,Backnang|Maubach|Nellmersbach|Winnenden|Schwaikheim|Neustadt-Hohenacker|Waiblingen|Fellbach,8005774,Stuttgart-Sommerrain,Baden-Württemberg,Stuttgart,70374,9.248369749,48.81521824,5,2608300805,,2608300805,,,,,,,,,,,0.0,0.0
3888224273021493436-2608300733-12,7213,2608300800,2608300800,1,,S,S2,Schorndorf|Weiler(Rems)|Winterbach(b Schorndorf)|Geradstetten|Grunbach|Beutelsbach|Endersbach|Stetten-Beinstein|Rommelshausen|Waiblingen|Fellbach,8005774,Stuttgart-Sommerrain,Baden-Württemberg,Stuttgart,70374,9.248369749,48.81521824,5,2608300800,,2608300800,,,,,,,,,,,0.0,0.0
-6338002183585841713-2608300842-4,7314,2608300854,2608300854,4,,S,S3,Stuttgart Hbf|Stuttgart-Bad Cannstatt|Stuttgart Nürnberger Str.,8005774,Stuttgart-Sommerrain,Baden-Württemberg,Stuttgart,70374,9.248369749,48.81521824,5,2608300854,,2608300854,,,,,,,,,,,0.0,0.0
-5804237943130712983-2608300803-12,7215,2608300830,2608300830,1,,S,S2,Schorndorf|Weiler(Rems)|Winterbach(b Schorndorf)|Geradstetten|Grunbach|Beutelsbach|Endersbach|Stetten-Beinstein|Rommelshausen|Waiblingen|Fellbach,8005774,Stuttgart-Sommerrain,Baden-Württemberg,Stuttgart,70374,9.248369749,48.81521824,5,2608300830,,2608300830,,,,,,,,,,,0.0,0.0
-3592468245100533836-2608300812-4,7312,2608300824,2608300824,4,,S,S3,Stuttgart Hbf|Stuttgart-Bad Cannstatt|Stuttgart Nürnberger Str.,8005774,Stuttgart-Sommerrain,Baden-Württemberg,Stuttgart,70374,9.248369749,48.81521824,5,2608300824,,2608300825,,,,,,,,,,,0.0,1.0
4710214702648447253-2608300820-4,7212,2608300829,2608300829,4,,S,S2,Stuttgart Hbf|Stuttgart-Bad Cannstatt|Stuttgart Nürnberger Str.,8005774,Stuttgart-Sommerrain,Baden-Württemberg,Stuttgart,70374,9.248369749,48.81521824,5,2608300829,,2608300829,,,,,,,,,,,0.0,0.0
-7908498233924216314-2608300750-12,7115,2608300825,2608300825,5,,S,S1,Kirchheim(Teck)|Kirchheim(Teck)-Ötlingen|Wendlingen(Neckar)|Wernau(Neckar)|Plochingen|Altbach|Esslingen-Zell|Oberesslingen|Esslingen(Neckar)|Esslingen-Mettingen|Stuttgart-Obertürkheim,8005775,Stuttgart-Untertürkheim Pbf,Baden-Württemberg,Stuttgart,70327,9.250467074,48.77984679,3,2608300825,,2608300825,,,,,,,,,,,0.0,0.0
-6750459440429737938-2608300755-4,7112,2608300804,2608300804,6,,S,S1,Stuttgart Hbf|Stuttgart-Bad Cannstatt|Stuttgart Neckarpark,8005775,Stuttgart-Untertürkheim Pbf,Baden-Württemberg,Stuttgart,70327,9.250467074,48.77984679,3,2608300804,,2608300804,,,,,,,,,,,0.0,0.0
7462677850950360621-2608300825-4,7114,2608300834,2608300834,6,,S,S1,Stuttgart Hbf|Stuttgart-Bad Cannstatt|Stuttgart Neckarpark,8005775,Stuttgart-Untertürkheim Pbf,Baden-Württemberg,Stuttgart,70327,9.250467074,48.77984679,3,2608300835,,2608300836,,,,,,,,,,,1.0,2.0
2988814004659936288-2608300820-12,7117,2608300855,2608300855,5,,S,S1,Kirchheim(Teck)|Kirchheim(Teck)-Ötlingen|Wendlingen(Neckar)|Wernau(Neckar)|Plochingen|Altbach|Esslingen-Zell|Oberesslingen|Esslingen(Neckar)|Esslingen-Mettingen|Stuttgart-Obertürkheim,8005775,Stuttgart-Untertürkheim Pbf,Baden-Württemberg,Stuttgart,70327,9.250467074,48.77984679,3,2608300859,,2608300859,,,,,,,,,,,4.0,4.0
-9216873786155751122-2608300815-2,17623,2608300829,2608300829,1,,RE,RE14a,Stuttgart Hbf,8005776,Stuttgart-Vaihingen,Baden-Württemberg,Stuttgart,70563,9.113913368,48.72698116,3,2608300831,,2608300832,,,,,,,,,,,2.0,3.0
-1294247402093517647-2608300846-1,7715,,2608300846,,,S,S1,,8005776,Stuttgart-Vaihingen,Baden-Württemberg,Stuttgart,70563,9.113913368,48.72698116,3,,,2608300846,,,,,,,,,,,0.0,0.0
7703218303646440626-2608300746-9,7714,2608300810,,3,,S,,Herrenberg|Nufringen|Gärtringen|Ehningen(b Böblingen)|Hulb|Böblingen|Goldberg(Württ)|Stuttgart-Rohr,8005776,Stuttgart-Vaihingen,Baden-Württemberg,Stuttgart,70563,9.113913368,48.72698116,3,2608300810,,,,,,,,,,,,,0.0,0.0
-6417774412386429047-2608300833-7,7914,2608300850,,2,,S,,Filderstadt|Stuttgart Flughafen/Messe|Echterdingen|Leinfelden|Oberaichen|Stuttgart-Rohr,8005776,Stuttgart-Vaihingen,Baden-Württemberg,Stuttgart,70563,9.113913368,48.72698116,3,2608300850,,,,,,,,,,,,,0.0,0.0
4580394534230796773-2608300805-1,7913,,2608300805,,,S,S2,,8005776,Stuttgart-Vaihingen,Baden-Württemberg,Stuttgart,70563,9.113913368,48.72698116,3,,,2608300805,,,,,,,,,,,0.0,0.0
-3878797200366538218-2608300833-2,28472,2608300841,2608300841,4,,RE,RESB,Böblingen,8005776,Stuttgart-Vaihingen,Baden-Württemberg,Stuttgart,70563,9.113913368,48.72698116,3,2608300843,,2608300844,,,,,,,,,,,2.0,3.0
7974787834467566145-2608300803-7,7912,2608300820,,2,,S,,Filderstadt|Stuttgart Flughafen/Messe|Echterdingen|Leinfelden|Oberaichen|Stuttgart-Rohr,8005776,Stuttgart-Vaihingen,Baden-Württemberg,Stuttgart,70563,9.113913368,48.72698116,3,2608300821,,,,,,,,,,,,,1.0,0.0
-5955935305381349706-2608300835-1,7915,,2608300835,,,S,S2,,8005776,Stuttgart-Vaihingen,Baden-Württemberg,Stuttgart,70563,9.113913368,48.72698116,3,,,2608300835,,,,,,,,,,,0.0,0.0
-1939940434765765785-2608300816-9,7716,2608300840,,3,,S,,Herrenberg|Nufringen|Gärtringen|Ehningen(b Böblingen)|Hulb|Böblingen|Goldberg(Württ)|Stuttgart-Rohr,8005776,Stuttgart-Vaihingen,Baden-Württemberg,Stuttgart,70563,9.113913368,48.72698116,3,2608300842,,,,,,,,,,,,,2.0,0.0
-1444193866381249599-2608300802-2,28473,2608300818,2608300818,4,,RE,RESB,Stuttgart Hbf,8005776,Stuttgart-Vaihingen,Baden-Württemberg,Stuttgart,70563,9.113913368,48.72698116,3,2608300821,,2608300822,,,,,,,,,,,3.0,4.0
4428035523306694897-2608300816-1,7713,,2608300816,,,S,S1,,8005776,Stuttgart-Vaihingen,Baden-Württemberg,Stuttgart,70563,9.113913368,48.72698116,3,,,2608300816,,,,,,,,,,,0.0,0.0
8022546424643450692-2608300817-7,7612,2608300833,2608300834,1,,S,S6,Stuttgart Hbf|Stuttgart Nordbahnhof|Stuttgart-Feuerbach|Stuttgart-Zuffenhausen|Neuwirtshaus(Porscheplatz)|Korntal,8006268,Stuttgart-Weilimdorf,Baden-Württemberg,Stuttgart,70499,9.094370086,48.82208429,5,2608300833,,2608300834,,,,,,,,,,,0.0,0.0
368607286846300048-2608300803-8,7615,2608300826,2608300826,2,,S,S6,Weil der Stadt|Malmsheim|Renningen|Rutesheim|Leonberg|Höfingen|Ditzingen,8006268,Stuttgart-Weilimdorf,Baden-Württemberg,Stuttgart,70499,9.094370086,48.82208429,5,2608300826,,2608300827,,,,,,,,,,,0.0,1.0
5803573868774258182-2608300833-8,7617,2608300856,2608300856,2,,S,S6,Weil der Stadt|Malmsheim|Renningen|Rutesheim|Leonberg|Höfingen|Ditzingen,8006268,Stuttgart-Weilimdorf,Baden-Württemberg,Stuttgart,70499,9.094370086,48.82208429,5,2608300856,,2608300856,,,,,,,,,,,0.0,0.0
4262076337836670289-2608300816-3,7515,2608300823,2608300824,2,,S,S5,Ludwigsburg|Kornwestheim Pbf,8005778,Stuttgart-Zuffenhausen,Baden-Württemberg,Stuttgart,70435,9.167156375,48.82960884,3,2608300823,,2608300824,,,,,,,,,,,0.0,0.0
8022546424643450692-2608300817-4,7612,2608300826,2608300827,11,,S,S6,Stuttgart Hbf|Stuttgart Nordbahnhof|Stuttgart-Feuerbach,8005778,Stuttgart-Zuffenhausen,Baden-Württemberg,Stuttgart,70435,9.167156375,48.82960884,3,2608300826,,2608300827,,,,,,,,,,,0.0,0.0
368607286846300048-2608300803-11,7615,2608300833,2608300834,12,,S,S6,Weil der Stadt|Malmsheim|Renningen|Rutesheim|Leonberg|Höfingen|Ditzingen|Weilimdorf|Korntal|Neuwirtshaus(Porscheplatz),8005778,Stuttgart-Zuffenhausen,Baden-Württemberg,Stuttgart,70435,9.167156375,48.82960884,3,2608300833,,2608300834,,,,,,,,,,,0.0,0.0
8931019133261020093-2608300847-4,7614,2608300856,2608300857,11,,S,S6,Stuttgart Hbf|Stuttgart Nordbahnhof|Stuttgart-Feuerbach,8005778,Stuttgart-Zuffenhausen,Baden-Württemberg,Stuttgart,70435,9.167156375,48.82960884,3,2608300856,,2608300857,,,,,,,,,,,0.0,0.0
-4928326504801899421-2608300757-4,7512,2608300806,2608300807,4,,S,S5,Stuttgart Hbf|Stuttgart Nordbahnhof|Stuttgart-Feuerbach,8005778,Stuttgart-Zuffenhausen,Baden-Württemberg,Stuttgart,70435,9.167156375,48.82960884,3,2608300806,,2608300808,,,,,,,,,,,0.0,1.0
-8163811491625378496-2608300827-4,7514,2608300836,2608300837,4,,S,S5,Stuttgart Hbf|Stuttgart Nordbahnhof|Stuttgart-Feuerbach,8005778,Stuttgart-Zuffenhausen,Baden-Württemberg,Stuttgart,70435,9.167156375,48.82960884,3,2608300836,,2608300837,,,,,,,,,,,0.0,0.0
1075628061037918250-2608300846-3,7517,2608300853,2608300854,2,,S,S5,Ludwigsburg|Kornwestheim Pbf,8005778,Stuttgart-Zuffenhausen,Baden-Württemberg,Stuttgart,70435,9.167156375,48.82960884,3,2608300853,,2608300854,,,,,,,,,,,0.0,0.0
-1396515843662350065-2608300803-11,7415,2608300843,2608300844,2,,S,S4,Backnang|Burgstall(Murr)|Kirchberg(Murr)|Erdmannhausen|Marbach(Neckar)|Benningen(Neckar)|Freiberg(Neckar)|Favoritepark|Ludwigsburg|Kornwestheim Pbf,8005778,Stuttgart-Zuffenhausen,Baden-Württemberg,Stuttgart,70435,9.167156375,48.82960884,3,2608300844,,2608300845,,,,,,,,,,,1.0,1.0
-812051319324174666-2608300837-4,7412,2608300846,2608300847,4,,S,S4,Stuttgart Hbf|Stuttgart Nordbahnhof|Stuttgart-Feuerbach,8005778,Stuttgart-Zuffenhausen,Baden-Württemberg,Stuttgart,70435,9.167156375,48.82960884,3,2608300846,,2608300847,,,,,,,,,,,0.0,0.0
-1347709455583751185-2608300733-11,7613,2608300803,2608300804,12,,S,S6,Weil der Stadt|Malmsheim|Renningen|Rutesheim|Leonberg|Höfingen|Ditzingen|Weilimdorf|Korntal|Neuwirtshaus(Porscheplatz),8005778,Stuttgart-Zuffenhausen,Baden-Württemberg,Stuttgart,70435,9.167156375,48.82960884,3,2608300803,,2608300804,,,,,,,,,,,0.0,0.0
-3992047670892155392-2608300807-4,7410,2608300816,2608300817,4,,S,S4,Stuttgart Hbf|Stuttgart Nordbahnhof|Stuttgart-Feuerbach,8005778,Stuttgart-Zuffenhausen,Baden-Württemberg,Stuttgart,70435,9.167156375,48.82960884,3,2608300816,,2608300817,,,,,,,,,,,0.0,0.0
8970610329466681156-2608300733-11,7413,2608300813,2608300814,2,,S,S4,Backnang|Burgstall(Murr)|Kirchberg(Murr)|Erdmannhausen|Marbach(Neckar)|Benningen(Neckar)|Freiberg(Neckar)|Favoritepark|Ludwigsburg|Kornwestheim Pbf,8005778,Stuttgart-Zuffenhausen,Baden-Württemberg,Stuttgart,70435,9.167156375,48.82960884,3,2608300814,,2608300815,,,,,,,,,,,1.0,1.0
-7629876309056008994-2608300637-18,88610,2608300851,2608300852,1,,ARV,RE90,Nürnberg Hbf|Roßtal|Heilsbronn|Wicklesgreuth|Ansbach|Leutershausen-Wiedersbach|Dombühl|Schnelldorf|Crailsheim|Eckartshausen-Ilshofen|Schwäbisch Hall-Hessental|Gaildorf West|Murrhardt|Sulzbach(Murr)|Oppenweiler(Württ)|Backnang|Winnenden,8000180,Waiblingen,Baden-Württemberg,Waiblingen,71332,9.300476874,48.8262444,3,2608300852,,2608300853,,r,,,,,,,,,1.0,1.0
8832461638795716901-2608300841-7,7317,2608300859,2608300900,1,,S,S3,Backnang|Maubach|Nellmersbach|Winnenden|Schwaikheim|Neustadt-Hohenacker,8000180,Waiblingen,Baden-Württemberg,Waiblingen,71332,9.300476874,48.8262444,3,2608300900,,2608300901,,,,,,,,,,,1.0,1.0
-6826708456044057474-2608300811-7,7315,2608300829,2608300830,1,,S,S3,Backnang|Maubach|Nellmersbach|Winnenden|Schwaikheim|Neustadt-Hohenacker,8000180,Waiblingen,Baden-Württemberg,Waiblingen,71332,9.300476874,48.8262444,3,2608300829,,2608300830,,,,,,,,,,,0.0,0.0
1183603668671718907-2608300741-7,7313,2608300759,2608300800,1,,S,S3,Backnang|Maubach|Nellmersbach|Winnenden|Schwaikheim|Neustadt-Hohenacker,8000180,Waiblingen,Baden-Württemberg,Waiblingen,71332,9.300476874,48.8262444,3,2608300759,,2608300800,,,,,,,,,,,0.0,0.0
8714151503779075708-2608300648-18,19454,2608300828,2608300828,6,,ARV,MEX13,Crailsheim|Jagstzell|Ellwangen|Schrezheim|Schwabsberg|Goldshöfe|Hofen(b Aalen)|Wasseralfingen|Aalen Hbf|Mögglingen(Gmünd)|Böbingen(Rems)|Schwäbisch Gmünd|Lorch(Württ)|Waldhausen(b Schorndorf)|Plüderhausen|Urbach(b Schorndorf)|Schorndorf,8000180,Waiblingen,Baden-Württemberg,Waiblingen,71332,9.300476874,48.8262444,3,2608300828,,2608300828,,r,,,,,,,,,0.0,0.0
1921412709986473032-2608300820-3,19459,2608300832,2608300832,6,,ARV,MEX13,Stuttgart Hbf|Stuttgart-Bad Cannstatt,8000180,Waiblingen,Baden-Württemberg,Waiblingen,71332,9.300476874,48.8262444,3,2608300832,,2608300832,,r,,,,,,,,,0.0,0.0
-6338002183585841713-2608300842-6,7314,2608300859,2608300900,3,,S,S3,Stuttgart Hbf|Stuttgart-Bad Cannstatt|Stuttgart Nürnberger Str.|Stuttgart-Sommerrain|Fellbach,8000180,Waiblingen,Baden-Württemberg,Waiblingen,71332,9.300476874,48.8262444,3,2608300859,,2608300900,,,,,,,,,,,0.0,0.0
5703247014473319295-2608300754-3,17513,2608300806,2608300807,3,,RB,MEX90,Stuttgart Hbf|Stuttgart-Bad Cannstatt,8000180,Waiblingen,Baden-Württemberg,Waiblingen,71332,9.300476874,48.8262444,3,2608300805,,2608300807,,,,,,,,,,,-1.0,0.0
-5804237943130712983-2608300803-10,7215,2608300824,2608300825,5,,S,S2,Schorndorf|Weiler(Rems)|Winterbach(b Schorndorf)|Geradstetten|Grunbach|Beutelsbach|Endersbach|Stetten-Beinstein|Rommelshausen,8000180,Waiblingen,Baden-Württemberg,Waiblingen,71332,9.300476874,48.8262444,3,2608300824,,2608300825,,,,,,,,,,,0.0,0.0
-5128631246468454871-2608300833-10,7217,2608300854,2608300855,5,,S,S2,Schorndorf|Weiler(Rems)|Winterbach(b Schorndorf)|Geradstetten|Grunbach|Beutelsbach|Endersbach|Stetten-Beinstein|Rommelshausen,8000180,Waiblingen,Baden-Württemberg,Waiblingen,71332,9.300476874,48.8262444,3,2608300854,,2608300855,,,,,,,,,,,0.0,0.0
-2932562209063545082-2608300707-4,1798,2608300808,2608300813,,,DBK,,Aalen Hbf|Schwäbisch Gmünd|Schorndorf,8000180,Waiblingen,Baden-Württemberg,Waiblingen,71332,9.300476874,48.8262444,3,2608300808,5,2608300813,5,,,,,,,,,,0.0,0.0
-3592468245100533836-2608300812-6,7312,2608300829,2608300830,3,,S,S3,Stuttgart Hbf|Stuttgart-Bad Cannstatt|Stuttgart Nürnberger Str.|Stuttgart-Sommerrain|Fellbach,8000180,Waiblingen,Baden-Württemberg,Waiblingen,71332,9.300476874,48.8262444,3,2608300830,,2608300831,,,,,,,,,,,1.0,1.0
4710214702648447253-2608300820-6,7212,2608300834,2608300835,7,,S,S2,Stuttgart Hbf|Stuttgart-Bad Cannstatt|Stuttgart Nürnberger Str.|Stuttgart-Sommerrain|Fellbach,8000180,Waiblingen,Baden-Württemberg,Waiblingen,71332,9.300476874,48.8262444,3,2608300835,,2608300835,,,,,,,,,,,1.0,0.0
-6187813548789768480-2608300750-6,7210,2608300804,2608300805,7,,S,S2,Stuttgart Hbf|Stuttgart-Bad Cannstatt|Stuttgart Nürnberger Str.|Stuttgart-Sommerrain|Fellbach,8000180,Waiblingen,Baden-Württemberg,Waiblingen,71332,9.300476874,48.8262444,3,2608300804,,2608300805,,,,,,,,,,,0.0,0.0
-8714228285082007604-2608300742-6,7310,2608300759,2608300800,3,,S,S3,Stuttgart Hbf|Stuttgart-Bad Cannstatt|Stuttgart Nürnberger Str.|Stuttgart-Sommerrain|Fellbach,8000180,Waiblingen,Baden-Württemberg,Waiblingen,71332,9.300476874,48.8262444,3,2608300800,,2608300800,,,,,,,,,,,1.0,0.0
8022546424643450692-2608300817-14,7612,2608300857,,2,,S,,Stuttgart Hbf|Stuttgart Nordbahnhof|Stuttgart-Feuerbach|Stuttgart-Zuffenhausen|Neuwirtshaus(Porscheplatz)|Korntal|Weilimdorf|Ditzingen|Höfingen|Leonberg|Rutesheim|Renningen|Malmsheim,8006271,Weil der Stadt,Baden-Württemberg,Weil der Stadt,71263,8.873189074,48.7557357,4,2608300857,,,,,,,,,,,,,0.0,0.0
-7167865627529423559-2608300810-5,26135,2608300828,2608300828,141,,SWE,RB76,Calw|Calw-Heumaden|Althengstett|Ostelsheim,8006271,Weil der Stadt,Baden-Württemberg,Weil der Stadt,71263,8.873189074,48.7557357,4,2608300844,,2608300844,,,,,,,,,c,c,16.0,16.0
-7570451707251115799-2608300842-2,26136,2608300845,2608300847,141,,SWE,RB76,Renningen,8006271,Weil der Stadt,Baden-Württemberg,Weil der Stadt,71263,8.873189074,48.7557357,4,,,,,,,,,,,,c,c,0.0,0.0
368607286846300048-2608300803-1,7615,,2608300803,,,S,S6,,8006271,Weil der Stadt,Baden-Württemberg,Weil der Stadt,71263,8.873189074,48.7557357,4,,,2608300803,,,,,,,,,,,0.0,0.0
5803573868774258182-2608300833-1,7617,,2608300833,,,S,S6,,8006271,Weil der Stadt,Baden-Württemberg,Weil der Stadt,71263,8.873189074,48.7557357,4,,,2608300833,,,,,,,,,,,0.0,0.0
-5804237943130712983-2608300803-2,7215,2608300806,2608300806,2,,S,S2,Schorndorf,8006277,Weiler (Rems),Baden-Württemberg,Schorndorf,76314,9.501891172,48.80034585,5,2608300806,,2608300806,,,,,,,,,,,0.0,0.0
-5128631246468454871-2608300833-2,7217,2608300836,2608300836,2,,S,S2,Schorndorf,8006277,Weiler (Rems),Baden-Württemberg,Schorndorf,76314,9.501891172,48.80034585,5,2608300836,,2608300836,,,,,,,,,,,0.0,0.0
4710214702648447253-2608300820-14,7212,2608300852,2608300852,1,,S,S2,Stuttgart Hbf|Stuttgart-Bad Cannstatt|Stuttgart Nürnberger Str.|Stuttgart-Sommerrain|Fellbach|Waiblingen|Rommelshausen|Stetten-Beinstein|Endersbach|Beutelsbach|Grunbach|Geradstetten|Winterbach(b Schorndorf),8006277,Weiler (Rems),Baden-Württemberg,Schorndorf,76314,9.501891172,48.80034585,5,2608300852,,2608300852,,,,,,,,,,,0.0,0.0
-6187813548789768480-2608300750-14,7210,2608300822,2608300822,1,,S,S2,Stuttgart Hbf|Stuttgart-Bad Cannstatt|Stuttgart Nürnberger Str.|Stuttgart-Sommerrain|Fellbach|Waiblingen|Rommelshausen|Stetten-Beinstein|Endersbach|Beutelsbach|Grunbach|Geradstetten|Winterbach(b Schorndorf),8006277,Weiler (Rems),Baden-Württemberg,Schorndorf,76314,9.501891172,48.80034585,5,2608300822,,2608300822,,,,,,,,,,,0.0,0.0
-8463276081222832610-2608300824-1,16047,,2608300824,,,RE,RE200,,8006331,Wendlingen (Neckar),Baden-Württemberg,Wendlingen am Neckar,73240,9.373662098,48.67368917,3,,,2608300824,,,,,,,,,,,0.0,0.0
-6750459440429737938-2608300755-13,7112,2608300832,2608300833,11,,S,S1,Stuttgart Hbf|Stuttgart-Bad Cannstatt|Stuttgart Neckarpark|Stuttgart-Untertürkheim|Stuttgart-Obertürkheim|Esslingen-Mettingen|Esslingen(Neckar)|Oberesslingen|Esslingen-Zell|Altbach|Plochingen|Wernau(Neckar),8006331,Wendlingen (Neckar),Baden-Württemberg,Wendlingen am Neckar,73240,9.373662098,48.67368917,3,2608300833,,2608300834,,,,,,,,,,,1.0,1.0
2394736871359748075-2608300725-13,7110,2608300802,2608300803,11,,S,S1,Stuttgart Hbf|Stuttgart-Bad Cannstatt|Stuttgart Neckarpark|Stuttgart-Untertürkheim|Stuttgart-Obertürkheim|Esslingen-Mettingen|Esslingen(Neckar)|Oberesslingen|Esslingen-Zell|Altbach|Plochingen|Wernau(Neckar),8006331,Wendlingen (Neckar),Baden-Württemberg,Wendlingen am Neckar,73240,9.373662098,48.67368917,3,2608300810,,2608300810,,,,,,,,,,,8.0,7.0
2988814004659936288-2608300820-3,7117,2608300827,2608300828,12,,S,S1,Kirchheim(Teck)|Kirchheim(Teck)-Ötlingen,8006331,Wendlingen (Neckar),Baden-Württemberg,Wendlingen am Neckar,73240,9.373662098,48.67368917,3,2608300833,,2608300834,,,,,,,,,,,6.0,6.0
8422975765169747480-2608300752-5,19351,2608300818,2608300818,2,,RE,MEX12,Stuttgart Hbf|Stuttgart-Bad Cannstatt|Esslingen(Neckar)|Plochingen,8006331,Wendlingen (Neckar),Baden-Württemberg,Wendlingen am Neckar,73240,9.373662098,48.67368917,3,2608300818,,2608300819,,,,,,,,,,,0.0,1.0
-3454291194238340076-2608300829-3,16048,2608300859,,3,,RE,,Ulm Hbf|Merklingen - Schwäbische Alb,8006331,Wendlingen (Neckar),Baden-Württemberg,Wendlingen am Neckar,73240,9.373662098,48.67368917,3,2608300855,,,,,,,,,,,,,-4.0,0.0
-3441789533908263347-2608300850-3,7119,2608300857,2608300858,12,,S,S1,Kirchheim(Teck)|Kirchheim(Teck)-Ötlingen,8006331,Wendlingen (Neckar),Baden-Württemberg,Wendlingen am Neckar,73240,9.373662098,48.67368917,3,2608300857,,2608300858,,,,,,,,,,,0.0,0.0
3830503641976220825-2608300816-6,99028,2608300839,2608300841,,,RE,MEX12,Reutlingen Hbf|Metzingen(Württ)|Bempflingen|Nürtingen|Oberboihingen,8006331,Wendlingen (Neckar),Baden-Württemberg,Wendlingen am Neckar,73240,9.373662098,48.67368917,3,2608300843,1,2608300844,1,,,,,,,,,,4.0,3.0
-7908498233924216314-2608300750-4,7115,2608300801,2608300801,1,,S,S1,Kirchheim(Teck)|Kirchheim(Teck)-Ötlingen|Wendlingen(Neckar),8006346,Wernau (Neckar),Baden-Württemberg,Wernau (Neckar),73249,9.413654423,48.69417221,4,2608300803,,2608300804,,,,,,,,,,,2.0,3.0
-6750459440429737938-2608300755-12,7112,2608300828,2608300829,2,,S,S1,Stuttgart Hbf|Stuttgart-Bad Cannstatt|Stuttgart Neckarpark|Stuttgart-Untertürkheim|Stuttgart-Obertürkheim|Esslingen-Mettingen|Esslingen(Neckar)|Oberesslingen|Esslingen-Zell|Altbach|Plochingen,8006346,Wernau (Neckar),Baden-Württemberg,Wernau (Neckar),73249,9.413654423,48.69417221,4,2608300828,,2608300829,,,,,,,,,,,0.0,0.0
7462677850950360621-2608300825-12,7114,2608300858,2608300859,2,,S,S1,Stuttgart Hbf|Stuttgart-Bad Cannstatt|Stuttgart Neckarpark|Stuttgart-Untertürkheim|Stuttgart-Obertürkheim|Esslingen-Mettingen|Esslingen(Neckar)|Oberesslingen|Esslingen-Zell|Altbach|Plochingen,8006346,Wernau (Neckar),Baden-Württemberg,Wernau (Neckar),73249,9.413654423,48.69417221,4,2608300859,,2608300859,,,,,,,,,,,1.0,0.0
2988814004659936288-2608300820-4,7117,2608300831,2608300831,1,,S,S1,Kirchheim(Teck)|Kirchheim(Teck)-Ötlingen|Wendlingen(Neckar),8006346,Wernau (Neckar),Baden-Württemberg,Wernau (Neckar),73249,9.413654423,48.69417221,4,2608300837,,2608300837,,,,,,,,,,,6.0,6.0
-7629876309056008994-2608300637-17,88610,2608300844,2608300845,3,,ARV,RE90,Nürnberg Hbf|Roßtal|Heilsbronn|Wicklesgreuth|Ansbach|Leutershausen-Wiedersbach|Dombühl|Schnelldorf|Crailsheim|Eckartshausen-Ilshofen|Schwäbisch Hall-Hessental|Gaildorf West|Murrhardt|Sulzbach(Murr)|Oppenweiler(Württ)|Backnang,8006479,Winnenden,Baden-Württemberg,Winnenden,71364,9.392155928,48.8795625,3,2608300844,,2608300845,,r,,,,,,,,,0.0,0.0
8832461638795716901-2608300841-4,7317,2608300849,2608300850,3,,S,S3,Backnang|Maubach|Nellmersbach,8006479,Winnenden,Baden-Württemberg,Winnenden,71364,9.392155928,48.8795625,3,2608300850,,2608300851,,,,,,,,,,,1.0,1.0
-6826708456044057474-2608300811-4,7315,2608300819,2608300820,3,,S,S3,Backnang|Maubach|Nellmersbach,8006479,Winnenden,Baden-Württemberg,Winnenden,71364,9.392155928,48.8795625,3,2608300820,,2608300821,,,,,,,,,,,1.0,1.0
5703247014473319295-2608300754-4,17513,2608300813,2608300814,2,,RB,MEX90,Stuttgart Hbf|Stuttgart-Bad Cannstatt|Waiblingen,8006479,Winnenden,Baden-Württemberg,Winnenden,71364,9.392155928,48.8795625,3,2608300814,,2608300815,,,,,,,,,,,1.0,1.0
-3592468245100533836-2608300812-9,7312,2608300839,2608300839,2,,S,S3,Stuttgart Hbf|Stuttgart-Bad Cannstatt|Stuttgart Nürnberger Str.|Stuttgart-Sommerrain|Fellbach|Waiblingen|Neustadt-Hohenacker|Schwaikheim,8006479,Winnenden,Baden-Württemberg,Winnenden,71364,9.392155928,48.8795625,3,2608300839,,2608300840,,,,,,,,,,,0.0,1.0
-8714228285082007604-2608300742-9,7310,2608300809,2608300809,2,,S,S3,Stuttgart Hbf|Stuttgart-Bad Cannstatt|Stuttgart Nürnberger Str.|Stuttgart-Sommerrain|Fellbach|Waiblingen|Neustadt-Hohenacker|Schwaikheim,8006479,Winnenden,Baden-Württemberg,Winnenden,71364,9.392155928,48.8795625,3,2608300809,,2608300809,,,,,,,,,,,0.0,0.0
-5804237943130712983-2608300803-3,7215,2608300808,2608300808,1,,S,S2,Schorndorf|Weiler(Rems),8006485,Winterbach (b Schorndorf),Baden-Württemberg,Winterbach,73650,9.481549751,48.79842743,4,2608300808,,2608300808,,,,,,,,,,,0.0,0.0
-5128631246468454871-2608300833-3,7217,2608300838,2608300838,1,,S,S2,Schorndorf|Weiler(Rems),8006485,Winterbach (b Schorndorf),Baden-Württemberg,Winterbach,73650,9.481549751,48.79842743,4,2608300838,,2608300838,,,,,,,,,,,0.0,0.0
4710214702648447253-2608300820-13,7212,2608300850,2608300850,2,,S,S2,Stuttgart Hbf|Stuttgart-Bad Cannstatt|Stuttgart Nürnberger Str.|Stuttgart-Sommerrain|Fellbach|Waiblingen|Rommelshausen|Stetten-Beinstein|Endersbach|Beutelsbach|Grunbach|Geradstetten,8006485,Winterbach (b Schorndorf),Baden-Württemberg,Winterbach,73650,9.481549751,48.79842743,4,2608300850,,2608300850,,,,,,,,,,,0.0,0.0
-6187813548789768480-2608300750-13,7210,2608300820,2608300820,2,,S,S2,Stuttgart Hbf|Stuttgart-Bad Cannstatt|Stuttgart Nürnberger Str.|Stuttgart-Sommerrain|Fellbach|Waiblingen|Rommelshausen|Stetten-Beinstein|Endersbach|Beutelsbach|Grunbach|Geradstetten,8006485,Winterbach (b Schorndorf),Baden-Württemberg,Winterbach,73650,9.481549751,48.79842743,4,2608300820,,2608300820,,,,,,,,,,,0.0,0.0
9174048015743328640-2608300834-5,7015,2608300843,2608300844,1,,S,S60,Böblingen|Sindelfingen|Maichingen|Maichingen Nord,8003807,Magstadt,Baden-Württemberg,Magstadt,71106,8.965315746,48.73616033,6,2608300843,,2608300844,,,,,,,,,,,0.0,0.0
-2319466896270957944-2608300809-3,7014,2608300815,2608300815,2,,S,S60,Renningen|Renningen Süd,8003807,Magstadt,Baden-Württemberg,Magstadt,71106,8.965315746,48.73616033,6,2608300816,,2608300816,,,,,,,,,,,1.0,1.0
-1478204339340738546-2608300839-3,7016,2608300845,2608300845,2,,S,S60,Renningen|Renningen Süd,8003807,Magstadt,Baden-Württemberg,Magstadt,71106,8.965315746,48.73616033,6,2608300845,,2608300846,,,,,,,,,,,0.0,1.0
7558420737718355302-2608300804-5,7013,2608300813,2608300814,1,,S,S60,Böblingen|Sindelfingen|Maichingen|Maichingen Nord,8003807,Magstadt,Baden-Württemberg,Magstadt,71106,8.965315746,48.73616033,6,2608300813,,2608300814,,,,,,,,,,,0.0,0.0
9174048015743328640-2608300834-4,7015,2608300841,2608300841,1,,S,S60,Böblingen|Sindelfingen|Maichingen,8003834,Maichingen Nord,Baden-Württemberg,Sindelfingen,71069,8.979416996,48.72750392,5,2608300842,,2608300842,,,,,,,,,,,1.0,1.0
-2319466896270957944-2608300809-4,7014,2608300817,2608300817,2,,S,S60,Renningen|Renningen Süd|Magstadt,8003834,Maichingen Nord,Baden-Württemberg,Sindelfingen,71069,8.979416996,48.72750392,5,2608300818,,2608300818,,,,,,,,,,,1.0,1.0
-1478204339340738546-2608300839-4,7016,2608300847,2608300847,2,,S,S60,Renningen|Renningen Süd|Magstadt,8003834,Maichingen Nord,Baden-Württemberg,Sindelfingen,71069,8.979416996,48.72750392,5,2608300847,,2608300848,,,,,,,,,,,0.0,1.0
7558420737718355302-2608300804-4,7013,2608300811,2608300811,1,,S,S60,Böblingen|Sindelfingen|Maichingen,8003834,Maichingen Nord,Baden-Württemberg,Sindelfingen,71069,8.979416996,48.72750392,5,2608300811,,2608300812,,,,,,,,,,,0.0,1.0
9174048015743328640-2608300834-3,7015,2608300839,2608300840,1,,S,S60,Böblingen|Sindelfingen,8003808,Maichingen,Baden-Württemberg,Sindelfingen,71069,8.969606704,48.72162074,6,2608300840,,2608300840,,,,,,,,,,,1.0,0.0
-2319466896270957944-2608300809-5,7014,2608300819,2608300819,1,,S,S60,Renningen|Renningen Süd|Magstadt|Maichingen Nord,8003808,Maichingen,Baden-Württemberg,Sindelfingen,71069,8.969606704,48.72162074,6,2608300819,,2608300820,,,,,,,,,,,0.0,1.0
-1478204339340738546-2608300839-5,7016,2608300849,2608300849,1,,S,S60,Renningen|Renningen Süd|Magstadt|Maichingen Nord,8003808,Maichingen,Baden-Württemberg,Sindelfingen,71069,8.969606704,48.72162074,6,2608300849,,2608300850,,,,,,,,,,,0.0,1.0
7558420737718355302-2608300804-3,7013,2608300809,2608300810,1,,S,S60,Böblingen|Sindelfingen,8003808,Maichingen,Baden-Württemberg,Sindelfingen,71069,8.969606704,48.72162074,6,2608300809,,2608300810,,,,,,,,,,,0.0,0.0
9174048015743328640-2608300834-6,7015,2608300847,2608300848,1,,S,S60,Böblingen|Sindelfingen|Maichingen|Maichingen Nord|Magstadt,8005001,Renningen Süd,Baden-Württemberg,Renningen,71272,8.932068278,48.76261937,6,2608300847,,2608300848,,,,,,,,,,,0.0,0.0
-2319466896270957944-2608300809-2,7014,2608300811,2608300811,2,,S,S60,Renningen,8005001,Renningen Süd,Baden-Württemberg,Renningen,71272,8.932068278,48.76261937,6,2608300811,,2608300812,,,,,,,,,,,0.0,1.0
-1478204339340738546-2608300839-2,7016,2608300841,2608300841,2,,S,S60,Renningen,8005001,Renningen Süd,Baden-Württemberg,Renningen,71272,8.932068278,48.76261937,6,2608300841,,2608300842,,,,,,,,,,,0.0,1.0
7558420737718355302-2608300804-6,7013,2608300817,2608300818,1,,S,S60,Böblingen|Sindelfingen|Maichingen|Maichingen Nord|Magstadt,8005001,Renningen Süd,Baden-Württemberg,Renningen,71272,8.932068278,48.76261937,6,2608300817,,2608300818,,,,,,,,,,,0.0,0.0
