ID,train_number,planned_arrival,planned_departure,planned_platform,planned_status,category_train,train,path,eva_nr,station_name,station_state,station_city,station_zipcode,station_long,station_lat,station_category,changed_arrival,changed_platform_arrival,changed_departure,changed_platform_departure,message_status,priority,info,arrival_hidden,departure_hidden,arrival_path,departure_path,arrival_status,departure_status,arrival_delay_m,departure_delay_m
-5753279830124609145-2609102250-6,7175,2609102309,2609102310,3,,S,S1,Kirchheim(Teck)|Kirchheim(Teck)-Ötlingen|Wendlingen(Neckar)|Wernau(Neckar)|Plochingen,8000508,Altbach,Baden-Württemberg,Altbach,73776,9.382434033,48.72031354,3,2609102309,,2609102310,,,,,,,,,,,0.0,0.0
-6275608324438357522-2609102325-10,7174,2609102350,2609102350,4,,S,S1,Stuttgart Hbf|Stuttgart-Bad Cannstatt|Stuttgart Neckarpark|Stuttgart-Untertürkheim|Stuttgart-Obertürkheim|Esslingen-Mettingen|Esslingen(Neckar)|Oberesslingen|Esslingen-Zell,8000508,Altbach,Baden-Württemberg,Altbach,73776,9.382434033,48.72031354,3,2609102350,,2609102351,,,,,,,,,,,0.0,1.0
4705599029793291676-2609102320-6,7177,2609102339,2609102340,3,,S,S1,Kirchheim(Teck)|Kirchheim(Teck)-Ötlingen|Wendlingen(Neckar)|Wernau(Neckar)|Plochingen,8000508,Altbach,Baden-Württemberg,Altbach,73776,9.382434033,48.72031354,3,2609102339,,2609102340,,,,,,,,,,,0.0,0.0
-5197983836264116534-2609102255-10,7172,2609102320,2609102320,4,,S,S1,Stuttgart Hbf|Stuttgart-Bad Cannstatt|Stuttgart Neckarpark|Stuttgart-Untertürkheim|Stuttgart-Obertürkheim|Esslingen-Mettingen|Esslingen(Neckar)|Oberesslingen|Esslingen-Zell,8000508,Altbach,Baden-Württemberg,Altbach,73776,9.382434033,48.72031354,3,2609102324,,2609102324,,,,,,,,,,,4.0,4.0
-7917245534189458014-2609102255-5,17561,2609102320,2609102323,4,,RB,MEX90,Stuttgart Hbf|Stuttgart-Bad Cannstatt|Waiblingen|Winnenden,8000016,Backnang,Baden-Württemberg,Backnang,71522,9.425986107,48.94264844,3,2609102323,,2609102324,,h,2,Störung,,,,,,,3.0,1.0
5844079694201012734-2609102307-14,7470,2609102352,,1,,S,,Stuttgart Hbf|Stuttgart Nordbahnhof|Stuttgart-Feuerbach|Stuttgart-Zuffenhausen|Kornwestheim Pbf|Ludwigsburg|Favoritepark|Freiberg(Neckar)|Benningen(Neckar)|Marbach(Neckar)|Erdmannhausen|Kirchberg(Murr)|Burgstall(Murr),8000016,Backnang,Baden-Württemberg,Backnang,71522,9.425986107,48.94264844,3,2609102352,,,,,,,,,,,,,0.0,0.0
5733563224153092938-2609102303-1,7475,,2609102303,,,S,S4,,8000016,Backnang,Baden-Württemberg,Backnang,71522,9.425986107,48.94264844,3,,,2609102306,,,,,,,,,,,0.0,3.0
-2519407903994888306-2609102312-12,7372,2609102348,,5,,S,,Stuttgart Hbf|Stuttgart-Bad Cannstatt|Stuttgart Nürnberger Str.|Stuttgart-Sommerrain|Fellbach|Waiblingen|Neustadt-Hohenacker|Schwaikheim|Winnenden|Nellmersbach|Maubach,8000016,Backnang,Baden-Württemberg,Backnang,71522,9.425986107,48.94264844,3,2609102348,,,,,,,,,,,,,0.0,0.0
-4957905266396441447-2609102311-1,7375,,2609102311,,,S,S3,,8000016,Backnang,Baden-Württemberg,Backnang,71522,9.425986107,48.94264844,3,,,2609102311,,,,,,,,,,,0.0,0.0
-7120372043677331542-2609102341-1,7377,,2609102341,,,S,S3,,8000016,Backnang,Baden-Württemberg,Backnang,71522,9.425986107,48.94264844,3,,,2609102342,,,,,,,,,,,0.0,1.0
-1565239122700519355-2609102232-7,17568,2609102306,2609102307,4,,RB,MEX19,Gaildorf West|Fichtenberg|Fornsbach|Murrhardt|Sulzbach(Murr)|Oppenweiler(Württ),8000016,Backnang,Baden-Württemberg,Backnang,71522,9.425986107,48.94264844,3,2609102307,3,2609102308,3,,,,,,,,,,1.0,1.0
-547796110281084784-2609102242-12,7370,2609102318,,5,,S,,Stuttgart Hbf|Stuttgart-Bad Cannstatt|Stuttgart Nürnberger Str.|Stuttgart-Sommerrain|Fellbach|Waiblingen|Neustadt-Hohenacker|Schwaikheim|Winnenden|Nellmersbach|Maubach,8000016,Backnang,Baden-Württemberg,Backnang,71522,9.425986107,48.94264844,3,2609102320,,,,,,,,,,,,,2.0,0.0
5844079694201012734-2609102307-9,7470,2609102332,2609102333,1,,S,S4,Stuttgart Hbf|Stuttgart Nordbahnhof|Stuttgart-Feuerbach|Stuttgart-Zuffenhausen|Kornwestheim Pbf|Ludwigsburg|Favoritepark|Freiberg(Neckar),8000873,Benningen (Neckar),Baden-Württemberg,Benningen am Neckar,71726,9.244299075,48.94379773,5,2609102334,,2609102335,,,,,,,,,,,2.0,2.0
5733563224153092938-2609102303-6,7475,2609102327,2609102327,2,,S,S4,Backnang|Burgstall(Murr)|Kirchberg(Murr)|Erdmannhausen|Marbach(Neckar),8000873,Benningen (Neckar),Baden-Württemberg,Benningen am Neckar,71726,9.244299075,48.94379773,5,2609102327,,2609102328,,,,,,,,,,,0.0,1.0
-9133197457517218638-2609102237-9,7468,2609102302,2609102303,1,,S,S4,Stuttgart Hbf|Stuttgart Nordbahnhof|Stuttgart-Feuerbach|Stuttgart-Zuffenhausen|Kornwestheim Pbf|Ludwigsburg|Favoritepark|Freiberg(Neckar),8000873,Benningen (Neckar),Baden-Württemberg,Benningen am Neckar,71726,9.244299075,48.94379773,5,2609102303,,2609102304,,,,,,,,,,,1.0,1.0
2977099434128495599-2609102355-2,7477,2609102357,2609102357,2,,S,S4,Marbach(Neckar),8000873,Benningen (Neckar),Baden-Württemberg,Benningen am Neckar,71726,9.244299075,48.94379773,5,2609102357,,2609102358,,,,,,,,,,,0.0,1.0
-6617041224126724026-2609102320-10,7272,2609102343,2609102343,1,,S,S2,Stuttgart Hbf|Stuttgart-Bad Cannstatt|Stuttgart Nürnberger Str.|Stuttgart-Sommerrain|Fellbach|Waiblingen|Rommelshausen|Stetten-Beinstein|Endersbach,8000934,Beutelsbach,Baden-Württemberg,Weinstadt,71384,9.38551589,48.81038925,5,2609102343,,2609102344,,h,2,Bauarbeiten,,,,,,,0.0,1.0
-2344980071254063452-2609102250-10,7270,2609102313,2609102313,1,,S,S2,Stuttgart Hbf|Stuttgart-Bad Cannstatt|Stuttgart Nürnberger Str.|Stuttgart-Sommerrain|Fellbach|Waiblingen|Rommelshausen|Stetten-Beinstein|Endersbach,8000934,Beutelsbach,Baden-Württemberg,Weinstadt,71384,9.38551589,48.81038925,5,2609102313,,2609102313,,h,2,Bauarbeiten,,,,,,,0.0,0.0
1962327971982131461-2609102303-6,7275,2609102315,2609102315,2,,S,S2,Schorndorf|Weiler(Rems)|Winterbach(b Schorndorf)|Geradstetten|Grunbach,8000934,Beutelsbach,Baden-Württemberg,Weinstadt,71384,9.38551589,48.81038925,5,2609102315,,2609102316,,h,2,Bauarbeiten,,,,,,,0.0,1.0
-1263112065111090114-2609102328-6,7277,2609102345,2609102345,2,,S,S2,Schorndorf|Weiler(Rems)|Winterbach(b Schorndorf)|Geradstetten|Grunbach,8000934,Beutelsbach,Baden-Württemberg,Weinstadt,71384,9.38551589,48.81038925,5,2609102345,,2609102345,,h,2,Bauarbeiten,,,,,,,0.0,0.0
7350287494510124932-2609102257-7,19371,2609102322,,8,,RE,,Heilbronn Hbf|Nordheim(Württ)|Lauffen(Neckar)|Kirchheim(Neckar)|Walheim(Württ)|Besigheim,8000038,Bietigheim-Bissingen,Baden-Württemberg,Bietigheim-Bissingen,74321,9.137217396,48.94794988,2,2609102323,,,,h,2,Störung,,,,,,,1.0,0.0
-1923875060183499829-2609102330-7,19375,2609102355,,8,,RE,,Heilbronn Hbf|Nordheim(Württ)|Lauffen(Neckar)|Kirchheim(Neckar)|Walheim(Württ)|Besigheim,8000038,Bietigheim-Bissingen,Baden-Württemberg,Bietigheim-Bissingen,74321,9.137217396,48.94794988,2,2609102355,9,,,h,2,Störung,,,,,,,0.0,0.0
-4143823338981277696-2609102306-3,63569,2609102338,2609102346,,,ARV,RE8,Neckarsulm|Heilbronn Hbf,8000038,Bietigheim-Bissingen,Baden-Württemberg,Bietigheim-Bissingen,74321,9.137217396,48.94794988,2,2609110006,8,2609110007,8,,,,,,,,,,28.0,21.0
-2795952903880459257-2609102300-1,88772,,2609102300,,,RE,MEX18,,8000038,Bietigheim-Bissingen,Baden-Württemberg,Bietigheim-Bissingen,74321,9.137217396,48.94794988,2,,,2609102325,9,h,2,Bauarbeiten,,,,,,,0.0,25.0
-8635656444474034777-2609102336-1,88774,,2609102336,,,RE,MEX12,,8000038,Bietigheim-Bissingen,Baden-Württemberg,Bietigheim-Bissingen,74321,9.137217396,48.94794988,2,,,2609102336,10,h,2,Bauarbeiten,,,,,,,0.0,0.0
935362855559139176-2609102335-1,8188,,2609102335,,,WEG,RB46,,8001055,Böblingen,Baden-Württemberg,Böblingen,71034,9.004531864,48.68784871,3,,,2609102335,,,,,,,,,,,0.0,0.0
2629905197525077527-2609102316-4,7773,2609102330,2609102330,4,,S,S1,Stuttgart-Vaihingen|Stuttgart-Rohr|Goldberg(Württ),8001055,Böblingen,Baden-Württemberg,Böblingen,71034,9.004531864,48.68784871,3,2609102330,,2609102330,,,,,,,,,,,0.0,0.0
-7552157599667806188-2609102246-6,7774,2609102300,2609102300,3,,S,S1,Herrenberg|Nufringen|Gärtringen|Ehningen(b Böblingen)|Hulb,8001055,Böblingen,Baden-Württemberg,Böblingen,71034,9.004531864,48.68784871,3,2609102301,,2609102302,,,,,,,,,,,1.0,2.0
3760657859860719731-2609102305-1,8184,,2609102305,,,WEG,RB46,,8001055,Böblingen,Baden-Württemberg,Böblingen,71034,9.004531864,48.68784871,3,,,2609102305,,,,,,,,,,,0.0,0.0
-5662900889334396771-2609102316-6,7776,2609102330,2609102330,3,,S,S1,Herrenberg|Nufringen|Gärtringen|Ehningen(b Böblingen)|Hulb,8001055,Böblingen,Baden-Württemberg,Böblingen,71034,9.004531864,48.68784871,3,2609102330,,2609102330,,,,,,,,,,,0.0,0.0
2387949285937243483-2609102302-12,8185,2609102325,,1,,WEG,,Dettenhausen|Weil im Schönbuch Untere Halde|Weil im Schönbuch Röte|Weil im Schönbuch Troppel|Holzgerlingen Buch|Holzgerlingen Bf|Holzgerlingen Hülben|Böblingen Zimmerschlag|Böblingen Heusteigstr|Böblingen Südbf|Böblingen Danziger Str,8001055,Böblingen,Baden-Württemberg,Böblingen,71034,9.004531864,48.68784871,3,2609102325,,,,,,,,,,,,,0.0,0.0
8459489212017907950-2609102332-12,8189,2609102355,,1,,WEG,,Dettenhausen|Weil im Schönbuch Untere Halde|Weil im Schönbuch Röte|Weil im Schönbuch Troppel|Holzgerlingen Buch|Holzgerlingen Bf|Holzgerlingen Hülben|Böblingen Zimmerschlag|Böblingen Heusteigstr|Böblingen Südbf|Böblingen Danziger Str,8001055,Böblingen,Baden-Württemberg,Böblingen,71034,9.004531864,48.68784871,3,2609102355,,,,,,,,,,,,,0.0,0.0
1851201085371332579-2609102339-7,7076,2609102356,,5,,S,,Renningen|Renningen Süd|Magstadt|Maichingen Nord|Maichingen|Sindelfingen,8001055,Böblingen,Baden-Württemberg,Böblingen,71034,9.004531864,48.68784871,3,2609102356,,,,h,1,Bauarbeiten,,,,,,,0.0,0.0
2382757692606580950-2609102246-4,7771,2609102300,2609102300,4,,S,S1,Stuttgart-Vaihingen|Stuttgart-Rohr|Goldberg(Württ),8001055,Böblingen,Baden-Württemberg,Böblingen,71034,9.004531864,48.68784871,3,2609102300,,2609102300,,,,,,,,,,,0.0,0.0
7722730552485304498-2609102309-7,7074,2609102326,,5,,S,,Renningen|Renningen Süd|Magstadt|Maichingen Nord|Maichingen|Sindelfingen,8001055,Böblingen,Baden-Württemberg,Böblingen,71034,9.004531864,48.68784871,3,2609102326,,,,h,1,Bauarbeiten,,,,,,,0.0,0.0
3150370635624129361-2609102304-1,7073,,2609102304,,,S,S60,,8001055,Böblingen,Baden-Württemberg,Böblingen,71034,9.004531864,48.68784871,3,,,2609102304,,h,1,Bauarbeiten,,,,,,,0.0,0.0
3929535977463866299-2609102334-1,7075,,2609102334,,,S,S60,,8001055,Böblingen,Baden-Württemberg,Böblingen,71034,9.004531864,48.68784871,3,,,2609102334,,h,1,Bauarbeiten,,,,,,,0.0,0.0
5844079694201012734-2609102307-13,7470,2609102347,2609102347,1,,S,S4,Stuttgart Hbf|Stuttgart Nordbahnhof|Stuttgart-Feuerbach|Stuttgart-Zuffenhausen|Kornwestheim Pbf|Ludwigsburg|Favoritepark|Freiberg(Neckar)|Benningen(Neckar)|Marbach(Neckar)|Erdmannhausen|Kirchberg(Murr),8001296,Burgstall (Murr),Baden-Württemberg,Burgstetten,71576,9.36973562,48.92851826,6,2609102348,,2609102348,,,,,,,,,,,1.0,1.0
5733563224153092938-2609102303-2,7475,2609102307,2609102308,1,,S,S4,Backnang,8001296,Burgstall (Murr),Baden-Württemberg,Burgstetten,71576,9.36973562,48.92851826,6,2609102310,,2609102311,,,,,,,,,,,3.0,3.0
848495705669194349-2609102354-1,7677,,2609102354,,,S,S6,,8001476,Ditzingen,Baden-Württemberg,Ditzingen,71254,9.067095186,48.82358726,4,,,2609102354,3,h,1,Bauarbeiten,,,,,,,0.0,0.0
6710183679405099080-2609102324-1,7675,,2609102324,,,S,S6,,8001476,Ditzingen,Baden-Württemberg,Ditzingen,71254,9.067095186,48.82358726,4,,,2609102324,3,h,1,Bauarbeiten,,,,,,,0.0,0.0
-3328654811997120273-2609102317-8,7672,2609102336,,2,,S,,Stuttgart Hbf|Stuttgart Nordbahnhof|Stuttgart-Feuerbach|Stuttgart-Zuffenhausen|Neuwirtshaus(Porscheplatz)|Korntal|Weilimdorf,8001476,Ditzingen,Baden-Württemberg,Ditzingen,71254,9.067095186,48.82358726,4,2609102336,3,,,h,1,Bauarbeiten,,,,,,,0.0,0.0
5891323909249949515-2609102247-8,7670,2609102306,,2,,S,,Stuttgart Hbf|Stuttgart Nordbahnhof|Stuttgart-Feuerbach|Stuttgart-Zuffenhausen|Neuwirtshaus(Porscheplatz)|Korntal|Weilimdorf,8001476,Ditzingen,Baden-Württemberg,Ditzingen,71254,9.067095186,48.82358726,4,2609102308,3,,,h,1,Bauarbeiten,,,,,,,2.0,0.0
-4449289664459012618-2609102303-3,7972,2609102310,2609102310,2,,S,S2,Filderstadt|Stuttgart Flughafen/Messe,8001650,Echterdingen,Baden-Württemberg,Echterdingen,70771,9.169307175,48.69214787,4,2609102310,,2609102310,,,,,,,,,,,0.0,0.0
-2935564319618747934-2609102305-5,7973,2609102319,2609102320,1,,S,S2,Stuttgart-Vaihingen|Stuttgart-Rohr|Oberaichen|Leinfelden,8001650,Echterdingen,Baden-Württemberg,Echterdingen,70771,9.169307175,48.69214787,4,2609102321,,2609102322,,,,,,,,,,,2.0,2.0
1870656160504428642-2609102333-3,7974,2609102340,2609102340,2,,S,S2,Filderstadt|Stuttgart Flughafen/Messe,8001650,Echterdingen,Baden-Württemberg,Echterdingen,70771,9.169307175,48.69214787,4,2609102340,,2609102340,,,,,,,,,,,0.0,0.0
2043069556628672575-2609102335-5,7975,2609102349,2609102350,1,,S,S2,Stuttgart-Vaihingen|Stuttgart-Rohr|Oberaichen|Leinfelden,8001650,Echterdingen,Baden-Württemberg,Echterdingen,70771,9.169307175,48.69214787,4,2609102349,,2609102350,,,,,,,,,,,0.0,0.0
2629905197525077527-2609102316-6,7773,2609102335,2609102335,2,,S,S1,Stuttgart-Vaihingen|Stuttgart-Rohr|Goldberg(Württ)|Böblingen|Hulb,8001689,Ehningen (b Böblingen),Baden-Württemberg,Ehningen,71139,8.944310368,48.66275549,4,2609102335,,2609102335,,,,,,,,,,,0.0,0.0
4991213592121918551-2609102346-4,7778,2609102355,2609102355,1,,S,S1,Herrenberg|Nufringen|Gärtringen,8001689,Ehningen (b Böblingen),Baden-Württemberg,Ehningen,71139,8.944310368,48.66275549,4,2609102355,,2609102356,,,,,,,,,,,0.0,1.0
-5662900889334396771-2609102316-4,7776,2609102325,2609102325,1,,S,S1,Herrenberg|Nufringen|Gärtringen,8001689,Ehningen (b Böblingen),Baden-Württemberg,Ehningen,71139,8.944310368,48.66275549,4,2609102325,,2609102325,,,,,,,,,,,0.0,0.0
2382757692606580950-2609102246-6,7771,2609102305,2609102305,2,,S,S1,Stuttgart-Vaihingen|Stuttgart-Rohr|Goldberg(Württ)|Böblingen|Hulb,8001689,Ehningen (b Böblingen),Baden-Württemberg,Ehningen,71139,8.944310368,48.66275549,4,2609102305,,2609102306,,,,,,,,,,,0.0,1.0
-6617041224126724026-2609102320-9,7272,2609102341,2609102341,2,,S,S2,Stuttgart Hbf|Stuttgart-Bad Cannstatt|Stuttgart Nürnberger Str.|Stuttgart-Sommerrain|Fellbach|Waiblingen|Rommelshausen|Stetten-Beinstein,8001785,Endersbach,Baden-Württemberg,Weinstadt,71384,9.370192421,48.81317323,4,2609102341,,2609102342,,h,2,Bauarbeiten,,,,,,,0.0,1.0
-2344980071254063452-2609102250-9,7270,2609102311,2609102311,2,,S,S2,Stuttgart Hbf|Stuttgart-Bad Cannstatt|Stuttgart Nürnberger Str.|Stuttgart-Sommerrain|Fellbach|Waiblingen|Rommelshausen|Stetten-Beinstein,8001785,Endersbach,Baden-Württemberg,Weinstadt,71384,9.370192421,48.81317323,4,2609102311,,2609102312,,h,2,Bauarbeiten,,,,,,,0.0,1.0
1962327971982131461-2609102303-7,7275,2609102317,2609102317,3,,S,S2,Schorndorf|Weiler(Rems)|Winterbach(b Schorndorf)|Geradstetten|Grunbach|Beutelsbach,8001785,Endersbach,Baden-Württemberg,Weinstadt,71384,9.370192421,48.81317323,4,2609102317,,2609102317,,h,2,Bauarbeiten,,,,,,,0.0,0.0
-1263112065111090114-2609102328-7,7277,2609102347,2609102347,3,,S,S2,Schorndorf|Weiler(Rems)|Winterbach(b Schorndorf)|Geradstetten|Grunbach|Beutelsbach,8001785,Endersbach,Baden-Württemberg,Weinstadt,71384,9.370192421,48.81317323,4,2609102347,,2609102347,,h,2,Bauarbeiten,,,,,,,0.0,0.0
5844079694201012734-2609102307-11,7470,2609102340,2609102340,1,,S,S4,Stuttgart Hbf|Stuttgart Nordbahnhof|Stuttgart-Feuerbach|Stuttgart-Zuffenhausen|Kornwestheim Pbf|Ludwigsburg|Favoritepark|Freiberg(Neckar)|Benningen(Neckar)|Marbach(Neckar),8001827,Erdmannhausen,Baden-Württemberg,Erdmannhausen,71729,9.298930848,48.9483447,6,2609102340,,2609102341,,,,,,,,,,,0.0,1.0
5733563224153092938-2609102303-4,7475,2609102317,2609102318,1,,S,S4,Backnang|Burgstall(Murr)|Kirchberg(Murr),8001827,Erdmannhausen,Baden-Württemberg,Erdmannhausen,71729,9.298930848,48.9483447,6,2609102318,,2609102318,,,,,,,,,,,1.0,0.0
1333668860778654429-2609102157-10,19367,2609102302,2609102303,6,,RE,MEX12,Heilbronn Hbf|Nordheim(Württ)|Lauffen(Neckar)|Kirchheim(Neckar)|Walheim(Württ)|Besigheim|Bietigheim-Bissingen|Ludwigsburg|Stuttgart Hbf,8001920,Esslingen (Neckar),Baden-Württemberg,Esslingen am Neckar,73728,9.300578149,48.73854148,3,2609102305,8,2609102305,8,h,2,Störung,,,,,,,3.0,2.0
6962993513256562528-2609102342-3,19185,2609102353,2609102354,5,,ARV,MEX16,Stuttgart Hbf|Stuttgart-Bad Cannstatt,8001920,Esslingen (Neckar),Baden-Württemberg,Esslingen am Neckar,73728,9.300578149,48.73854148,3,,,2609102355,,,,,,,,,c,,0.0,1.0
-5753279830124609145-2609102250-9,7175,2609102317,2609102317,7,,S,S1,Kirchheim(Teck)|Kirchheim(Teck)-Ötlingen|Wendlingen(Neckar)|Wernau(Neckar)|Plochingen|Altbach|Esslingen-Zell|Oberesslingen,8001920,Esslingen (Neckar),Baden-Württemberg,Esslingen am Neckar,73728,9.300578149,48.73854148,3,2609102317,,2609102318,,,,,,,,,,,0.0,1.0
5377092618082341344-2609102349-1,4239,,2609102349,,,RE,RE5,,8001920,Esslingen (Neckar),Baden-Württemberg,Esslingen am Neckar,73728,9.300578149,48.73854148,3,,,2609102349,6,h,2,Information,,,,,,,0.0,0.0
-2471775487806926024-2609102104-12,4234,2609102309,,3,,RE,,Friedrichshafen Stadt|Meckenbeuren|Ravensburg|Aulendorf|Bad Schussenried|Biberach(Riß)|Laupheim West|Ulm Hbf|Geislingen(Steige)|Göppingen|Plochingen,8001920,Esslingen (Neckar),Baden-Württemberg,Esslingen am Neckar,73728,9.300578149,48.73854148,3,2609102329,6,,,h,2,Bauarbeiten,,,,,,,20.0,0.0
-7007709070303320005-2609102303-3,19183,2609102316,2609102320,5,,ARV,MEX16,Stuttgart Hbf|Stuttgart-Bad Cannstatt,8001920,Esslingen (Neckar),Baden-Württemberg,Esslingen am Neckar,73728,9.300578149,48.73854148,3,,,2609102320,6,,,,,,,,c,,0.0,0.0
-6275608324438357522-2609102325-7,7174,2609102342,2609102343,8,,S,S1,Stuttgart Hbf|Stuttgart-Bad Cannstatt|Stuttgart Neckarpark|Stuttgart-Untertürkheim|Stuttgart-Obertürkheim|Esslingen-Mettingen,8001920,Esslingen (Neckar),Baden-Württemberg,Esslingen am Neckar,73728,9.300578149,48.73854148,3,2609102342,,2609102343,,,,,,,,,,,0.0,0.0
-793656453369562013-2609102146-20,19180,2609102304,2609102305,3,,ARV,MEX16,Ulm Hbf|Beimerstetten|Westerstetten|Lonsee|Urspring|Amstetten(Württ)|Geislingen(Steige)|Geislingen(Steige)West|Kuchen|Gingen(Fils)|Süßen|Salach|Eislingen(Fils)|Göppingen|Faurndau|Uhingen|Ebersbach(Fils)|Reichenbach(Fils)|Plochingen,8001920,Esslingen (Neckar),Baden-Württemberg,Esslingen am Neckar,73728,9.300578149,48.73854148,3,2609102309,5,,,,,,,,,,,c,5.0,0.0
-4648549312800637119-2609102314-2,19250,2609102320,2609102320,3,,RE,MEX18,Plochingen,8001920,Esslingen (Neckar),Baden-Württemberg,Esslingen am Neckar,73728,9.300578149,48.73854148,3,2609102321,7,2609102322,7,h,2,Störung,,,,,,,1.0,2.0
4705599029793291676-2609102320-9,7177,2609102347,2609102347,7,,S,S1,Kirchheim(Teck)|Kirchheim(Teck)-Ötlingen|Wendlingen(Neckar)|Wernau(Neckar)|Plochingen|Altbach|Esslingen-Zell|Oberesslingen,8001920,Esslingen (Neckar),Baden-Württemberg,Esslingen am Neckar,73728,9.300578149,48.73854148,3,2609102347,,2609102347,,,,,,,,,,,0.0,0.0
-4165700884382640783-2609102316-8,19364,2609102355,2609102356,3,,RE,MEX12,Reutlingen Hbf|Metzingen(Württ)|Bempflingen|Nürtingen|Oberboihingen|Wendlingen(Neckar)|Plochingen,8001920,Esslingen (Neckar),Baden-Württemberg,Esslingen am Neckar,73728,9.300578149,48.73854148,3,2609102355,7,2609102356,7,h,2,Störung,,,,,,,0.0,0.0
-3211534586442104777-2609102230-9,19339,2609102334,2609102335,6,,RE,MEX18,Heilbronn Hbf|Nordheim(Württ)|Lauffen(Neckar)|Kirchheim(Neckar)|Walheim(Württ)|Besigheim|Bietigheim-Bissingen|Ludwigsburg,8001920,Esslingen (Neckar),Baden-Württemberg,Esslingen am Neckar,73728,9.300578149,48.73854148,3,2609102347,8,2609102347,8,h,2,Störung,,,,,,,13.0,12.0
147017097219018543-2609102248-14,19182,2609102340,2609102340,3,,ARV,MEX16,Geislingen(Steige)|Geislingen(Steige)West|Kuchen|Gingen(Fils)|Süßen|Salach|Eislingen(Fils)|Göppingen|Faurndau|Uhingen|Ebersbach(Fils)|Reichenbach(Fils)|Plochingen,8001920,Esslingen (Neckar),Baden-Württemberg,Esslingen am Neckar,73728,9.300578149,48.73854148,3,2609102353,6,,,,,,,,,,,c,13.0,0.0
-5197983836264116534-2609102255-7,7172,2609102312,2609102313,8,,S,S1,Stuttgart Hbf|Stuttgart-Bad Cannstatt|Stuttgart Neckarpark|Stuttgart-Untertürkheim|Stuttgart-Obertürkheim|Esslingen-Mettingen,8001920,Esslingen (Neckar),Baden-Württemberg,Esslingen am Neckar,73728,9.300578149,48.73854148,3,2609102316,,2609102317,,,,,,,,,,,4.0,4.0
-5753279830124609145-2609102250-10,7175,2609102319,2609102320,3,,S,S1,Kirchheim(Teck)|Kirchheim(Teck)-Ötlingen|Wendlingen(Neckar)|Wernau(Neckar)|Plochingen|Altbach|Esslingen-Zell|Oberesslingen|Esslingen(Neckar),8001921,Esslingen-Mettingen,Baden-Württemberg,Esslingen am Neckar,73733,9.275799007,48.74696655,3,2609102320,,2609102320,,,,,,,,,,,1.0,0.0
-6275608324438357522-2609102325-6,7174,2609102339,2609102339,4,,S,S1,Stuttgart Hbf|Stuttgart-Bad Cannstatt|Stuttgart Neckarpark|Stuttgart-Untertürkheim|Stuttgart-Obertürkheim,8001921,Esslingen-Mettingen,Baden-Württemberg,Esslingen am Neckar,73733,9.275799007,48.74696655,3,2609102340,,2609102340,,,,,,,,,,,1.0,1.0
4705599029793291676-2609102320-10,7177,2609102349,2609102350,3,,S,S1,Kirchheim(Teck)|Kirchheim(Teck)-Ötlingen|Wendlingen(Neckar)|Wernau(Neckar)|Plochingen|Altbach|Esslingen-Zell|Oberesslingen|Esslingen(Neckar),8001921,Esslingen-Mettingen,Baden-Württemberg,Esslingen am Neckar,73733,9.275799007,48.74696655,3,2609102349,,2609102350,,,,,,,,,,,0.0,0.0
-5197983836264116534-2609102255-6,7172,2609102309,2609102309,4,,S,S1,Stuttgart Hbf|Stuttgart-Bad Cannstatt|Stuttgart Neckarpark|Stuttgart-Untertürkheim|Stuttgart-Obertürkheim,8001921,Esslingen-Mettingen,Baden-Württemberg,Esslingen am Neckar,73733,9.275799007,48.74696655,3,2609102314,,2609102315,,,,,,,,,,,5.0,6.0
-5753279830124609145-2609102250-7,7175,2609102312,2609102312,3,,S,S1,Kirchheim(Teck)|Kirchheim(Teck)-Ötlingen|Wendlingen(Neckar)|Wernau(Neckar)|Plochingen|Altbach,8006642,Esslingen-Zell,Baden-Württemberg,Esslingen am Neckar,73730,9.359739507,48.72436142,3,2609102312,,2609102312,,,,,,,,,,,0.0,0.0
-6275608324438357522-2609102325-9,7174,2609102347,2609102348,4,,S,S1,Stuttgart Hbf|Stuttgart-Bad Cannstatt|Stuttgart Neckarpark|Stuttgart-Untertürkheim|Stuttgart-Obertürkheim|Esslingen-Mettingen|Esslingen(Neckar)|Oberesslingen,8006642,Esslingen-Zell,Baden-Württemberg,Esslingen am Neckar,73730,9.359739507,48.72436142,3,2609102348,,2609102348,,,,,,,,,,,1.0,0.0
4705599029793291676-2609102320-7,7177,2609102342,2609102342,3,,S,S1,Kirchheim(Teck)|Kirchheim(Teck)-Ötlingen|Wendlingen(Neckar)|Wernau(Neckar)|Plochingen|Altbach,8006642,Esslingen-Zell,Baden-Württemberg,Esslingen am Neckar,73730,9.359739507,48.72436142,3,2609102342,,2609102342,,,,,,,,,,,0.0,0.0
-5197983836264116534-2609102255-9,7172,2609102317,2609102318,4,,S,S1,Stuttgart Hbf|Stuttgart-Bad Cannstatt|Stuttgart Neckarpark|Stuttgart-Untertürkheim|Stuttgart-Obertürkheim|Esslingen-Mettingen|Esslingen(Neckar)|Oberesslingen,8006642,Esslingen-Zell,Baden-Württemberg,Esslingen am Neckar,73730,9.359739507,48.72436142,3,2609102321,,2609102322,,,,,,,,,,,4.0,4.0
5844079694201012734-2609102307-7,7470,2609102326,2609102326,1,,S,S4,Stuttgart Hbf|Stuttgart Nordbahnhof|Stuttgart-Feuerbach|Stuttgart-Zuffenhausen|Kornwestheim Pbf|Ludwigsburg,8001967,Favoritepark,Baden-Württemberg,Ludwigsburg,71634,9.180574277,48.90948451,5,2609102327,,2609102328,,,,,,,,,,,1.0,2.0
5733563224153092938-2609102303-8,7475,2609102333,2609102334,2,,S,S4,Backnang|Burgstall(Murr)|Kirchberg(Murr)|Erdmannhausen|Marbach(Neckar)|Benningen(Neckar)|Freiberg(Neckar),8001967,Favoritepark,Baden-Württemberg,Ludwigsburg,71634,9.180574277,48.90948451,5,2609102334,,2609102335,,,,,,,,,,,1.0,1.0
3008894599226717977-2609102337-7,7472,2609102356,2609102356,1,,S,S4,Stuttgart Hbf|Stuttgart Nordbahnhof|Stuttgart-Feuerbach|Stuttgart-Zuffenhausen|Kornwestheim Pbf|Ludwigsburg,8001967,Favoritepark,Baden-Württemberg,Ludwigsburg,71634,9.180574277,48.90948451,5,2609102357,,2609102358,,,,,,,,,,,1.0,2.0
1545875388134255836-2609102255-4,7473,2609102303,2609102304,2,,S,S4,Marbach(Neckar)|Benningen(Neckar)|Freiberg(Neckar),8001967,Favoritepark,Baden-Württemberg,Ludwigsburg,71634,9.180574277,48.90948451,5,2609102303,,2609102304,,,,,,,,,,,0.0,0.0
-6617041224126724026-2609102320-5,7272,2609102331,2609102332,1,,S,S2,Stuttgart Hbf|Stuttgart-Bad Cannstatt|Stuttgart Nürnberger Str.|Stuttgart-Sommerrain,8001974,Fellbach,Baden-Württemberg,Fellbach,70736,9.270645988,48.8202936,3,2609102332,,2609102333,,h,2,Bauarbeiten,,,,,,,1.0,1.0
-2519407903994888306-2609102312-5,7372,2609102326,2609102327,1,,S,S3,Stuttgart Hbf|Stuttgart-Bad Cannstatt|Stuttgart Nürnberger Str.|Stuttgart-Sommerrain,8001974,Fellbach,Baden-Württemberg,Fellbach,70736,9.270645988,48.8202936,3,2609102327,,2609102328,,,,,,,,,,,1.0,1.0
4235977593412169897-2609102342-5,7374,2609102356,2609102357,1,,S,S3,Stuttgart Hbf|Stuttgart-Bad Cannstatt|Stuttgart Nürnberger Str.|Stuttgart-Sommerrain,8001974,Fellbach,Baden-Württemberg,Fellbach,70736,9.270645988,48.8202936,3,2609102356,,2609102357,,,,,,,,,,,0.0,0.0
-2344980071254063452-2609102250-5,7270,2609102301,2609102302,1,,S,S2,Stuttgart Hbf|Stuttgart-Bad Cannstatt|Stuttgart Nürnberger Str.|Stuttgart-Sommerrain,8001974,Fellbach,Baden-Württemberg,Fellbach,70736,9.270645988,48.8202936,3,2609102302,,2609102302,,h,2,Bauarbeiten,,,,,,,1.0,0.0
-4957905266396441447-2609102311-8,7375,2609102332,2609102333,4,,S,S3,Backnang|Maubach|Nellmersbach|Winnenden|Schwaikheim|Neustadt-Hohenacker|Waiblingen,8001974,Fellbach,Baden-Württemberg,Fellbach,70736,9.270645988,48.8202936,3,2609102332,,2609102333,,,,,,,,,,,0.0,0.0
-2279373399383894760-2609102241-8,7373,2609102302,2609102303,4,,S,S3,Backnang|Maubach|Nellmersbach|Winnenden|Schwaikheim|Neustadt-Hohenacker|Waiblingen,8001974,Fellbach,Baden-Württemberg,Fellbach,70736,9.270645988,48.8202936,3,2609102302,,2609102303,,,,,,,,,,,0.0,0.0
1962327971982131461-2609102303-11,7275,2609102327,2609102328,4,,S,S2,Schorndorf|Weiler(Rems)|Winterbach(b Schorndorf)|Geradstetten|Grunbach|Beutelsbach|Endersbach|Stetten-Beinstein|Rommelshausen|Waiblingen,8001974,Fellbach,Baden-Württemberg,Fellbach,70736,9.270645988,48.8202936,3,2609102327,,2609102328,,h,2,Bauarbeiten,,,,,,,0.0,0.0
-1263112065111090114-2609102328-11,7277,2609102357,2609102358,4,,S,S2,Schorndorf|Weiler(Rems)|Winterbach(b Schorndorf)|Geradstetten|Grunbach|Beutelsbach|Endersbach|Stetten-Beinstein|Rommelshausen|Waiblingen,8001974,Fellbach,Baden-Württemberg,Fellbach,70736,9.270645988,48.8202936,3,2609102357,,2609102358,,h,2,Bauarbeiten,,,,,,,0.0,0.0
-4449289664459012618-2609102303-2,7972,2609102307,2609102308,2,,S,S2,Filderstadt,8005768,Stuttgart Flughafen/Messe,Baden-Württemberg,Leinfelden-Echterdingen,70629,9.193411574,48.69075193,4,2609102307,,2609102308,,,,,,,,,,,0.0,0.0
-2935564319618747934-2609102305-6,7973,2609102322,2609102323,1,,S,S2,Stuttgart-Vaihingen|Stuttgart-Rohr|Oberaichen|Leinfelden|Echterdingen,8005768,Stuttgart Flughafen/Messe,Baden-Württemberg,Leinfelden-Echterdingen,70629,9.193411574,48.69075193,4,2609102325,,2609102325,,,,,,,,,,,3.0,2.0
1870656160504428642-2609102333-2,7974,2609102337,2609102338,2,,S,S2,Filderstadt,8005768,Stuttgart Flughafen/Messe,Baden-Württemberg,Leinfelden-Echterdingen,70629,9.193411574,48.69075193,4,2609102337,,2609102338,,,,,,,,,,,0.0,0.0
2043069556628672575-2609102335-6,7975,2609102352,2609102353,1,,S,S2,Stuttgart-Vaihingen|Stuttgart-Rohr|Oberaichen|Leinfelden|Echterdingen,8005768,Stuttgart Flughafen/Messe,Baden-Württemberg,Leinfelden-Echterdingen,70629,9.193411574,48.69075193,4,2609102352,,2609102353,,,,,,,,,,,0.0,0.0
5844079694201012734-2609102307-8,7470,2609102329,2609102329,3,,S,S4,Stuttgart Hbf|Stuttgart Nordbahnhof|Stuttgart-Feuerbach|Stuttgart-Zuffenhausen|Kornwestheim Pbf|Ludwigsburg|Favoritepark,8002065,Freiberg (Neckar),Baden-Württemberg,Freiberg am Neckar,71691,9.197530085,48.92994974,5,2609102330,,2609102331,,,,,,,,,,,1.0,2.0
5733563224153092938-2609102303-7,7475,2609102330,2609102331,2,,S,S4,Backnang|Burgstall(Murr)|Kirchberg(Murr)|Erdmannhausen|Marbach(Neckar)|Benningen(Neckar),8002065,Freiberg (Neckar),Baden-Württemberg,Freiberg am Neckar,71691,9.197530085,48.92994974,5,2609102330,,2609102331,,,,,,,,,,,0.0,0.0
3008894599226717977-2609102337-8,7472,2609102359,2609102359,3,,S,S4,Stuttgart Hbf|Stuttgart Nordbahnhof|Stuttgart-Feuerbach|Stuttgart-Zuffenhausen|Kornwestheim Pbf|Ludwigsburg|Favoritepark,8002065,Freiberg (Neckar),Baden-Württemberg,Freiberg am Neckar,71691,9.197530085,48.92994974,5,2609110000,,2609110001,,,,,,,,,,,1.0,2.0
1545875388134255836-2609102255-3,7473,2609102300,2609102301,2,,S,S4,Marbach(Neckar)|Benningen(Neckar),8002065,Freiberg (Neckar),Baden-Württemberg,Freiberg am Neckar,71691,9.197530085,48.92994974,5,2609102300,,2609102301,,,,,,,,,,,0.0,0.0
2629905197525077527-2609102316-7,7773,2609102338,2609102338,1,,S,S1,Stuttgart-Vaihingen|Stuttgart-Rohr|Goldberg(Württ)|Böblingen|Hulb|Ehningen(b Böblingen),8002165,Gärtringen,Baden-Württemberg,Gärtringen,71116,8.908864487,48.64080021,5,2609102338,,2609102338,,,,,,,,,,,0.0,0.0
4991213592121918551-2609102346-3,7778,2609102352,2609102352,2,,S,S1,Herrenberg|Nufringen,8002165,Gärtringen,Baden-Württemberg,Gärtringen,71116,8.908864487,48.64080021,5,2609102352,,2609102353,,,,,,,,,,,0.0,1.0
-5662900889334396771-2609102316-3,7776,2609102322,2609102322,2,,S,S1,Herrenberg|Nufringen,8002165,Gärtringen,Baden-Württemberg,Gärtringen,71116,8.908864487,48.64080021,5,2609102322,,2609102322,,,,,,,,,,,0.0,0.0
2382757692606580950-2609102246-7,7771,2609102308,2609102308,1,,S,S1,Stuttgart-Vaihingen|Stuttgart-Rohr|Goldberg(Württ)|Böblingen|Hulb|Ehningen(b Böblingen),8002165,Gärtringen,Baden-Württemberg,Gärtringen,71116,8.908864487,48.64080021,5,2609102309,,2609102309,,,,,,,,,,,1.0,1.0
-6617041224126724026-2609102320-12,7272,2609102347,2609102347,2,,S,S2,Stuttgart Hbf|Stuttgart-Bad Cannstatt|Stuttgart Nürnberger Str.|Stuttgart-Sommerrain|Fellbach|Waiblingen|Rommelshausen|Stetten-Beinstein|Endersbach|Beutelsbach|Grunbach,8002240,Geradstetten,Baden-Württemberg,Remshalden,73630,9.439522346,48.80527689,5,2609102347,,2609102348,,h,2,Bauarbeiten,,,,,,,0.0,1.0
-2344980071254063452-2609102250-12,7270,2609102317,2609102317,2,,S,S2,Stuttgart Hbf|Stuttgart-Bad Cannstatt|Stuttgart Nürnberger Str.|Stuttgart-Sommerrain|Fellbach|Waiblingen|Rommelshausen|Stetten-Beinstein|Endersbach|Beutelsbach|Grunbach,8002240,Geradstetten,Baden-Württemberg,Remshalden,73630,9.439522346,48.80527689,5,2609102317,,2609102318,,h,2,Bauarbeiten,,,,,,,0.0,1.0
1962327971982131461-2609102303-4,7275,2609102310,2609102311,1,,S,S2,Schorndorf|Weiler(Rems)|Winterbach(b Schorndorf),8002240,Geradstetten,Baden-Württemberg,Remshalden,73630,9.439522346,48.80527689,5,2609102311,,2609102311,,h,2,Bauarbeiten,,,,,,,1.0,0.0
-1263112065111090114-2609102328-4,7277,2609102335,2609102336,1,,S,S2,Schorndorf|Weiler(Rems)|Winterbach(b Schorndorf),8002240,Geradstetten,Baden-Württemberg,Remshalden,73630,9.439522346,48.80527689,5,2609102341,,2609102341,,h,2,Bauarbeiten,,,,,,,6.0,5.0
2629905197525077527-2609102316-3,7773,2609102328,2609102328,1,,S,S1,Stuttgart-Vaihingen|Stuttgart-Rohr,8005201,Goldberg,Baden-Württemberg,Böblingen,71032,9.019733387,48.69651581,5,2609102328,,2609102328,,,,,,,,,,,0.0,0.0
-7552157599667806188-2609102246-7,7774,2609102302,2609102302,2,,S,S1,Herrenberg|Nufringen|Gärtringen|Ehningen(b Böblingen)|Hulb|Böblingen,8005201,Goldberg,Baden-Württemberg,Böblingen,71032,9.019733387,48.69651581,5,2609102303,,2609102304,,,,,,,,,,,1.0,2.0
-5662900889334396771-2609102316-7,7776,2609102332,2609102332,2,,S,S1,Herrenberg|Nufringen|Gärtringen|Ehningen(b Böblingen)|Hulb|Böblingen,8005201,Goldberg,Baden-Württemberg,Böblingen,71032,9.019733387,48.69651581,5,2609102332,,2609102333,,,,,,,,,,,0.0,1.0
3254218711381615406-2609102346-3,7775,2609102358,2609102358,1,,S,S1,Stuttgart-Vaihingen|Stuttgart-Rohr,8005201,Goldberg,Baden-Württemberg,Böblingen,71032,9.019733387,48.69651581,5,2609102358,,2609102358,,,,,,,,,,,0.0,0.0
-6617041224126724026-2609102320-11,7272,2609102345,2609102345,3,,S,S2,Stuttgart Hbf|Stuttgart-Bad Cannstatt|Stuttgart Nürnberger Str.|Stuttgart-Sommerrain|Fellbach|Waiblingen|Rommelshausen|Stetten-Beinstein|Endersbach|Beutelsbach,8002448,Grunbach,Baden-Württemberg,Remshalden,73630,9.419580601,48.810414,4,2609102345,,2609102346,,h,2,Bauarbeiten,,,,,,,0.0,1.0
-2344980071254063452-2609102250-11,7270,2609102315,2609102315,3,,S,S2,Stuttgart Hbf|Stuttgart-Bad Cannstatt|Stuttgart Nürnberger Str.|Stuttgart-Sommerrain|Fellbach|Waiblingen|Rommelshausen|Stetten-Beinstein|Endersbach|Beutelsbach,8002448,Grunbach,Baden-Württemberg,Remshalden,73630,9.419580601,48.810414,4,2609102315,,2609102316,,h,2,Bauarbeiten,,,,,,,0.0,1.0
1962327971982131461-2609102303-5,7275,2609102312,2609102313,2,,S,S2,Schorndorf|Weiler(Rems)|Winterbach(b Schorndorf)|Geradstetten,8002448,Grunbach,Baden-Württemberg,Remshalden,73630,9.419580601,48.810414,4,2609102312,,2609102313,,h,2,Bauarbeiten,,,,,,,0.0,0.0
-1263112065111090114-2609102328-5,7277,2609102338,2609102342,1,,S,S2,Schorndorf|Weiler(Rems)|Winterbach(b Schorndorf)|Geradstetten,8002448,Grunbach,Baden-Württemberg,Remshalden,73630,9.419580601,48.810414,4,2609102342,2,2609102343,2,h,2,Bauarbeiten,,,,,,,4.0,1.0
2629905197525077527-2609102316-9,7773,2609102345,,3,,S,,Stuttgart-Vaihingen|Stuttgart-Rohr|Goldberg(Württ)|Böblingen|Hulb|Ehningen(b Böblingen)|Gärtringen|Nufringen,8002785,Herrenberg,Baden-Württemberg,Herrenberg,71083,8.862625253,48.59395697,3,2609102345,,,,,,,,,,,,,0.0,0.0
1620389572536659026-2609102311-10,22889,2609102341,,102,,RB,,Tübingen Hbf|Tübingen West|Unterjesingen Sandäcker|Unterjesingen Mitte|Pfäffingen|Entringen|Altingen(Württ)|Gültstein|Herrenberg Zwerchweg,8002785,Herrenberg,Baden-Württemberg,Herrenberg,71083,8.862625253,48.59395697,3,2609102341,,,,h,2,Bauarbeiten,,,,,,,0.0,0.0
-1147515621121078718-2609102241-10,22887,2609102311,,102,,RB,,Tübingen Hbf|Tübingen West|Unterjesingen Sandäcker|Unterjesingen Mitte|Pfäffingen|Entringen|Altingen(Württ)|Gültstein|Herrenberg Zwerchweg,8002785,Herrenberg,Baden-Württemberg,Herrenberg,71083,8.862625253,48.59395697,3,2609102311,,,,h,2,Bauarbeiten,,,,,,,0.0,0.0
-581031222306793584-2609102324-1,17681,,2609102324,,,RB,RB14a,,8002785,Herrenberg,Baden-Württemberg,Herrenberg,71083,8.862625253,48.59395697,3,,,2609102324,,,,,,,,,,,0.0,0.0
4991213592121918551-2609102346-1,7778,,2609102346,,,S,S1,,8002785,Herrenberg,Baden-Württemberg,Herrenberg,71083,8.862625253,48.59395697,3,,,2609102346,,,,,,,,,,,0.0,0.0
-5662900889334396771-2609102316-1,7776,,2609102316,,,S,S1,,8002785,Herrenberg,Baden-Württemberg,Herrenberg,71083,8.862625253,48.59395697,3,,,2609102316,,,,,,,,,,,0.0,0.0
-7205575770431825157-2609102319-1,22882,,2609102319,,,RB,RB63,,8002785,Herrenberg,Baden-Württemberg,Herrenberg,71083,8.862625253,48.59395697,3,,,2609102319,,h,2,Bauarbeiten,,,,,,,0.0,0.0
-1455730101189637497-2609102217-7,17670,2609102311,,101,,RB,,Rottweil|Horb|Eutingen im Gäu|Ergenzingen|Bondorf(b Herrenberg)|Gäufelden,8002785,Herrenberg,Baden-Württemberg,Herrenberg,71083,8.862625253,48.59395697,3,2609102314,,,,,,,,,,,,,3.0,0.0
-7655406357359438811-2609102349-1,22884,,2609102349,,,RB,RB63,,8002785,Herrenberg,Baden-Württemberg,Herrenberg,71083,8.862625253,48.59395697,3,,,2609102349,,h,2,Bauarbeiten,,,,,,,0.0,0.0
-1749959168913802135-2609102325-2,2387,2609102355,2609102356,4,,IC,,Stuttgart Hbf,8002785,Herrenberg,Baden-Württemberg,Herrenberg,71083,8.862625253,48.59395697,3,2609102358,,2609102359,,h,2,Information,,,,,,,3.0,3.0
2382757692606580950-2609102246-9,7771,2609102315,,3,,S,,Stuttgart-Vaihingen|Stuttgart-Rohr|Goldberg(Württ)|Böblingen|Hulb|Ehningen(b Böblingen)|Gärtringen|Nufringen,8002785,Herrenberg,Baden-Württemberg,Herrenberg,71083,8.862625253,48.59395697,3,2609102315,,,,,,,,,,,,,0.0,0.0
-924266248706315035-2609102325-2,52387,2609102355,2609102356,4,,RE,IC87,Stuttgart Hbf,8002785,Herrenberg,Baden-Württemberg,Herrenberg,71083,8.862625253,48.59395697,3,2609102358,,2609102359,,h,2,Information,,,,,,,3.0,3.0
2629905197525077527-2609102316-5,7773,2609102332,2609102332,1,,S,S1,Stuttgart-Vaihingen|Stuttgart-Rohr|Goldberg(Württ)|Böblingen,8003022,Hulb,Baden-Württemberg,Böblingen-Hulb,71032,8.982396429,48.67924173,5,2609102332,,2609102332,,,,,,,,,,,0.0,0.0
4991213592121918551-2609102346-5,7778,2609102358,2609102358,2,,S,S1,Herrenberg|Nufringen|Gärtringen|Ehningen(b Böblingen),8003022,Hulb,Baden-Württemberg,Böblingen-Hulb,71032,8.982396429,48.67924173,5,2609102358,,2609102359,,,,,,,,,,,0.0,1.0
-5662900889334396771-2609102316-5,7776,2609102328,2609102328,2,,S,S1,Herrenberg|Nufringen|Gärtringen|Ehningen(b Böblingen),8003022,Hulb,Baden-Württemberg,Böblingen-Hulb,71032,8.982396429,48.67924173,5,2609102328,,2609102328,,,,,,,,,,,0.0,0.0
2382757692606580950-2609102246-5,7771,2609102302,2609102302,1,,S,S1,Stuttgart-Vaihingen|Stuttgart-Rohr|Goldberg(Württ)|Böblingen,8003022,Hulb,Baden-Württemberg,Böblingen-Hulb,71032,8.982396429,48.67924173,5,2609102302,,2609102302,,,,,,,,,,,0.0,0.0
-4449289664459012618-2609102303-1,7972,,2609102303,,,S,S2,,8001984,Filderstadt,Baden-Württemberg,Filderstadt,70794,9.217581315,48.67649151,5,,,2609102303,,,,,,,,,,,0.0,0.0
-2935564319618747934-2609102305-7,7973,2609102327,,1,,S,,Stuttgart-Vaihingen|Stuttgart-Rohr|Oberaichen|Leinfelden|Echterdingen|Stuttgart Flughafen/Messe,8001984,Filderstadt,Baden-Württemberg,Filderstadt,70794,9.217581315,48.67649151,5,2609102329,,,,,,,,,,,,,2.0,0.0
1870656160504428642-2609102333-1,7974,,2609102333,,,S,S2,,8001984,Filderstadt,Baden-Württemberg,Filderstadt,70794,9.217581315,48.67649151,5,,,2609102333,,,,,,,,,,,0.0,0.0
2043069556628672575-2609102335-7,7975,2609102357,,1,,S,,Stuttgart-Vaihingen|Stuttgart-Rohr|Oberaichen|Leinfelden|Echterdingen|Stuttgart Flughafen/Messe,8001984,Filderstadt,Baden-Württemberg,Filderstadt,70794,9.217581315,48.67649151,5,2609102357,,,,,,,,,,,,,0.0,0.0
5844079694201012734-2609102307-12,7470,2609102343,2609102343,2,,S,S4,Stuttgart Hbf|Stuttgart Nordbahnhof|Stuttgart-Feuerbach|Stuttgart-Zuffenhausen|Kornwestheim Pbf|Ludwigsburg|Favoritepark|Freiberg(Neckar)|Benningen(Neckar)|Marbach(Neckar)|Erdmannhausen,8003266,Kirchberg (Murr),Baden-Württemberg,Kirchberg an der Murr,71737,9.328210283,48.93928182,6,2609102343,,2609102344,,,,,,,,,,,0.0,1.0
5733563224153092938-2609102303-3,7475,2609102312,2609102315,1,,S,S4,Backnang|Burgstall(Murr),8003266,Kirchberg (Murr),Baden-Württemberg,Kirchberg an der Murr,71737,9.328210283,48.93928182,6,2609102315,,2609102315,,,,,,,,,,,3.0,0.0
4705599029793291676-2609102320-1,7177,,2609102320,,,S,S1,,8003280,Kirchheim (Teck),Baden-Württemberg,Kirchheim unter Teck,73230,9.443872422,48.64415981,4,,,2609102320,,,,,,,,,,,0.0,0.0
-8289701104022316843-2609102225-15,7170,2609102309,,2,,S,,Stuttgart Hbf|Stuttgart-Bad Cannstatt|Stuttgart Neckarpark|Stuttgart-Untertürkheim|Stuttgart-Obertürkheim|Esslingen-Mettingen|Esslingen(Neckar)|Oberesslingen|Esslingen-Zell|Altbach|Plochingen|Wernau(Neckar)|Wendlingen(Neckar)|Kirchheim(Teck)-Ötlingen,8003280,Kirchheim (Teck),Baden-Württemberg,Kirchheim unter Teck,73230,9.443872422,48.64415981,4,2609102309,,,,,,,,,,,,,0.0,0.0
8092363418274949423-2609102350-1,7179,,2609102350,,,S,S1,,8003280,Kirchheim (Teck),Baden-Württemberg,Kirchheim unter Teck,73230,9.443872422,48.64415981,4,,,2609102350,,,,,,,,,,,0.0,0.0
-5197983836264116534-2609102255-15,7172,2609102339,,2,,S,,Stuttgart Hbf|Stuttgart-Bad Cannstatt|Stuttgart Neckarpark|Stuttgart-Untertürkheim|Stuttgart-Obertürkheim|Esslingen-Mettingen|Esslingen(Neckar)|Oberesslingen|Esslingen-Zell|Altbach|Plochingen|Wernau(Neckar)|Wendlingen(Neckar)|Kirchheim(Teck)-Ötlingen,8003280,Kirchheim (Teck),Baden-Württemberg,Kirchheim unter Teck,73230,9.443872422,48.64415981,4,2609102341,,,,,,,,,,,,,2.0,0.0
4705599029793291676-2609102320-2,7177,2609102323,2609102323,1,,S,S1,Kirchheim(Teck),8003282,Kirchheim (Teck)-Ötlingen,Baden-Württemberg,Kirchheim unter Teck,73230,9.416261302,48.65782388,5,2609102323,,2609102323,,,,,,,,,,,0.0,0.0
-8289701104022316843-2609102225-14,7170,2609102306,2609102307,1,,S,S1,Stuttgart Hbf|Stuttgart-Bad Cannstatt|Stuttgart Neckarpark|Stuttgart-Untertürkheim|Stuttgart-Obertürkheim|Esslingen-Mettingen|Esslingen(Neckar)|Oberesslingen|Esslingen-Zell|Altbach|Plochingen|Wernau(Neckar)|Wendlingen(Neckar),8003282,Kirchheim (Teck)-Ötlingen,Baden-Württemberg,Kirchheim unter Teck,73230,9.416261302,48.65782388,5,2609102306,,2609102307,,,,,,,,,,,0.0,0.0
8092363418274949423-2609102350-2,7179,2609102353,2609102353,1,,S,S1,Kirchheim(Teck),8003282,Kirchheim (Teck)-Ötlingen,Baden-Württemberg,Kirchheim unter Teck,73230,9.416261302,48.65782388,5,2609102353,,2609102353,,,,,,,,,,,0.0,0.0
-5197983836264116534-2609102255-14,7172,2609102337,2609102337,1,,S,S1,Stuttgart Hbf|Stuttgart-Bad Cannstatt|Stuttgart Neckarpark|Stuttgart-Untertürkheim|Stuttgart-Obertürkheim|Esslingen-Mettingen|Esslingen(Neckar)|Oberesslingen|Esslingen-Zell|Altbach|Plochingen|Wernau(Neckar)|Wendlingen(Neckar),8003282,Kirchheim (Teck)-Ötlingen,Baden-Württemberg,Kirchheim unter Teck,73230,9.416261302,48.65782388,5,2609102338,,2609102339,,,,,,,,,,,1.0,2.0
5678084358759611485-2609102331-7,1283,2609102354,,7,,WEG,,Heimerdingen|Hemmingen|Schwieberdingen|Münchingen|Münchingen Rührberg|Korntal Gymnasium,8003409,Korntal,Baden-Württemberg,Korntal,70825,9.121099128,48.82640246,4,2609102358,,,,,,,,,,,,,4.0,0.0
848495705669194349-2609102354-3,7677,2609102358,2609102359,3,,S,S6,Ditzingen|Weilimdorf,8003409,Korntal,Baden-Württemberg,Korntal,70825,9.121099128,48.82640246,4,2609102359,,2609110000,,h,1,Bauarbeiten,,,,,,,1.0,1.0
-6458312361329057415-2609102305-1,1276,,2609102305,,,WEG,RB47,,8003409,Korntal,Baden-Württemberg,Korntal,70825,9.121099128,48.82640246,4,,,2609102306,,,,,,,,,,,0.0,1.0
6710183679405099080-2609102324-3,7675,2609102328,2609102329,3,,S,S6,Ditzingen|Weilimdorf,8003409,Korntal,Baden-Württemberg,Korntal,70825,9.121099128,48.82640246,4,2609102329,,2609102329,,h,1,Bauarbeiten,,,,,,,1.0,0.0
-3328654811997120273-2609102317-6,7672,2609102331,2609102331,1,,S,S6,Stuttgart Hbf|Stuttgart Nordbahnhof|Stuttgart-Feuerbach|Stuttgart-Zuffenhausen|Neuwirtshaus(Porscheplatz),8003409,Korntal,Baden-Württemberg,Korntal,70825,9.121099128,48.82640246,4,2609102331,,2609102331,,h,1,Bauarbeiten,,,,,,,0.0,0.0
5891323909249949515-2609102247-6,7670,2609102301,2609102301,1,,S,S6,Stuttgart Hbf|Stuttgart Nordbahnhof|Stuttgart-Feuerbach|Stuttgart-Zuffenhausen|Neuwirtshaus(Porscheplatz),8003409,Korntal,Baden-Württemberg,Korntal,70825,9.121099128,48.82640246,4,2609102301,,2609102302,,h,1,Bauarbeiten,,,,,,,0.0,1.0
-4463268569866102572-2609102301-7,1277,2609102324,,7,,WEG,,Heimerdingen|Hemmingen|Schwieberdingen|Münchingen|Münchingen Rührberg|Korntal Gymnasium,8003409,Korntal,Baden-Württemberg,Korntal,70825,9.121099128,48.82640246,4,2609102324,,,,,,,,,,,,,0.0,0.0
5844079694201012734-2609102307-5,7470,2609102320,2609102320,4,,S,S4,Stuttgart Hbf|Stuttgart Nordbahnhof|Stuttgart-Feuerbach|Stuttgart-Zuffenhausen,8003411,Kornwestheim Pbf,Baden-Württemberg,Kornwestheim,70806,9.179967278,48.86215948,3,2609102320,,2609102321,,,,,,,,,,,0.0,1.0
5733563224153092938-2609102303-10,7475,2609102340,2609102340,3,,S,S4,Backnang|Burgstall(Murr)|Kirchberg(Murr)|Erdmannhausen|Marbach(Neckar)|Benningen(Neckar)|Freiberg(Neckar)|Favoritepark|Ludwigsburg,8003411,Kornwestheim Pbf,Baden-Württemberg,Kornwestheim,70806,9.179967278,48.86215948,3,2609102340,,2609102341,,,,,,,,,,,0.0,1.0
3008894599226717977-2609102337-5,7472,2609102350,2609102350,4,,S,S4,Stuttgart Hbf|Stuttgart Nordbahnhof|Stuttgart-Feuerbach|Stuttgart-Zuffenhausen,8003411,Kornwestheim Pbf,Baden-Württemberg,Kornwestheim,70806,9.179967278,48.86215948,3,2609102350,,2609102350,,,,,,,,,,,0.0,0.0
-3011188424747458948-2609102257-5,7572,2609102310,2609102310,4,,S,S5,Stuttgart Hbf|Stuttgart Nordbahnhof|Stuttgart-Feuerbach|Stuttgart-Zuffenhausen,8003411,Kornwestheim Pbf,Baden-Württemberg,Kornwestheim,70806,9.179967278,48.86215948,3,2609102310,,2609102311,,h,1,Bauarbeiten,,,,,,,0.0,1.0
-674299633319716956-2609102327-5,7574,2609102340,2609102340,4,,S,S5,Stuttgart Hbf|Stuttgart Nordbahnhof|Stuttgart-Feuerbach|Stuttgart-Zuffenhausen,8003411,Kornwestheim Pbf,Baden-Württemberg,Kornwestheim,70806,9.179967278,48.86215948,3,2609102340,,2609102340,,h,1,Bauarbeiten,,,,,,,0.0,0.0
1185018983986773480-2609102346-2,7577,2609102349,2609102350,3,,S,S5,Ludwigsburg,8003411,Kornwestheim Pbf,Baden-Württemberg,Kornwestheim,70806,9.179967278,48.86215948,3,2609102320,,2609102350,,h,1,Bauarbeiten,,,,,,,-29.0,0.0
1545875388134255836-2609102255-6,7473,2609102310,2609102310,3,,S,S4,Marbach(Neckar)|Benningen(Neckar)|Freiberg(Neckar)|Favoritepark|Ludwigsburg,8003411,Kornwestheim Pbf,Baden-Württemberg,Kornwestheim,70806,9.179967278,48.86215948,3,2609102310,,2609102311,,,,,,,,,,,0.0,1.0
6578504014529649907-2609102316-2,7575,2609102319,2609102320,3,,S,S5,Ludwigsburg,8003411,Kornwestheim Pbf,Baden-Württemberg,Kornwestheim,70806,9.179967278,48.86215948,3,2609102325,,2609102326,,h,1,Bauarbeiten,,,,,,,6.0,6.0
-4449289664459012618-2609102303-4,7972,2609102312,2609102313,2,,S,S2,Filderstadt|Stuttgart Flughafen/Messe|Echterdingen,8003622,Leinfelden,Baden-Württemberg,Leinfelden-Echterdingen,70771,9.142859698,48.6964193,4,2609102312,,2609102313,,,,,,,,,,,0.0,0.0
-2935564319618747934-2609102305-4,7973,2609102316,2609102317,1,,S,S2,Stuttgart-Vaihingen|Stuttgart-Rohr|Oberaichen,8003622,Leinfelden,Baden-Württemberg,Leinfelden-Echterdingen,70771,9.142859698,48.6964193,4,2609102318,,2609102319,,,,,,,,,,,2.0,2.0
1870656160504428642-2609102333-4,7974,2609102342,2609102343,2,,S,S2,Filderstadt|Stuttgart Flughafen/Messe|Echterdingen,8003622,Leinfelden,Baden-Württemberg,Leinfelden-Echterdingen,70771,9.142859698,48.6964193,4,2609102342,,2609102343,,,,,,,,,,,0.0,0.0
2043069556628672575-2609102335-4,7975,2609102346,2609102347,1,,S,S2,Stuttgart-Vaihingen|Stuttgart-Rohr|Oberaichen,8003622,Leinfelden,Baden-Württemberg,Leinfelden-Echterdingen,70771,9.142859698,48.6964193,4,2609102346,,2609102347,,,,,,,,,,,0.0,0.0
1229142185322415263-2609102303-5,55943,2609102317,,1,,S,,Weil der Stadt|Malmsheim|Renningen|Rutesheim,8003652,Leonberg,Baden-Württemberg,Leonberg,71229,9.004025993,48.79970547,3,2609102319,3,,,,,,,,,,,,2.0,0.0
-1495880751383989105-2609102343-1,55942,,2609102343,,,S,S6,,8003652,Leonberg,Baden-Württemberg,Leonberg,71229,9.004025993,48.79970547,3,,,2609102343,3,,,,,,,,,,0.0,0.0
1436192093606522902-2609102313-1,55940,,2609102313,,,S,S6,,8003652,Leonberg,Baden-Württemberg,Leonberg,71229,9.004025993,48.79970547,3,,,2609102313,3,,,,,,,,,,0.0,0.0
-4841912846237533524-2609102333-5,55945,2609102347,,1,,S,,Weil der Stadt|Malmsheim|Renningen|Rutesheim,8003652,Leonberg,Baden-Württemberg,Leonberg,71229,9.004025993,48.79970547,3,2609102348,3,,,,,,,,,,,,1.0,0.0
5844079694201012734-2609102307-6,7470,2609102323,2609102324,2,,S,S4,Stuttgart Hbf|Stuttgart Nordbahnhof|Stuttgart-Feuerbach|Stuttgart-Zuffenhausen|Kornwestheim Pbf,8000235,Ludwigsburg,Baden-Württemberg,Ludwigsburg,71638,9.185229823,48.89208622,3,2609102324,,2609102325,,,,,,,,,,,1.0,1.0
5733563224153092938-2609102303-9,7475,2609102336,2609102337,3,,S,S4,Backnang|Burgstall(Murr)|Kirchberg(Murr)|Erdmannhausen|Marbach(Neckar)|Benningen(Neckar)|Freiberg(Neckar)|Favoritepark,8000235,Ludwigsburg,Baden-Württemberg,Ludwigsburg,71638,9.185229823,48.89208622,3,2609102336,,2609102337,,,,,,,,,,,0.0,0.0
-4143823338981277696-2609102306-4,63569,2609102354,2609102355,,,ARV,RE8,Neckarsulm|Heilbronn Hbf|Bietigheim-Bissingen,8000235,Ludwigsburg,Baden-Württemberg,Ludwigsburg,71638,9.185229823,48.89208622,3,2609110016,5,2609110017,5,,,,,,,,,,22.0,22.0
3008894599226717977-2609102337-6,7472,2609102353,2609102354,2,,S,S4,Stuttgart Hbf|Stuttgart Nordbahnhof|Stuttgart-Feuerbach|Stuttgart-Zuffenhausen|Kornwestheim Pbf,8000235,Ludwigsburg,Baden-Württemberg,Ludwigsburg,71638,9.185229823,48.89208622,3,2609102355,3,2609102355,3,,,,,,,,,,2.0,1.0
-3011188424747458948-2609102257-6,7572,2609102313,,2,,S,,Stuttgart Hbf|Stuttgart Nordbahnhof|Stuttgart-Feuerbach|Stuttgart-Zuffenhausen|Kornwestheim Pbf,8000235,Ludwigsburg,Baden-Württemberg,Ludwigsburg,71638,9.185229823,48.89208622,3,2609102314,,,,h,1,Bauarbeiten,,,,,,,1.0,0.0
-674299633319716956-2609102327-6,7574,2609102343,,2,,S,,Stuttgart Hbf|Stuttgart Nordbahnhof|Stuttgart-Feuerbach|Stuttgart-Zuffenhausen|Kornwestheim Pbf,8000235,Ludwigsburg,Baden-Württemberg,Ludwigsburg,71638,9.185229823,48.89208622,3,2609102344,,,,h,1,Bauarbeiten,,,,,,,1.0,0.0
1185018983986773480-2609102346-1,7577,,2609102346,,,S,S5,,8000235,Ludwigsburg,Baden-Württemberg,Ludwigsburg,71638,9.185229823,48.89208622,3,,,2609102316,,h,1,Bauarbeiten,,,,,,,0.0,-30.0
1545875388134255836-2609102255-5,7473,2609102306,2609102307,3,,S,S4,Marbach(Neckar)|Benningen(Neckar)|Freiberg(Neckar)|Favoritepark,8000235,Ludwigsburg,Baden-Württemberg,Ludwigsburg,71638,9.185229823,48.89208622,3,2609102306,,2609102307,,,,,,,,,,,0.0,0.0
6578504014529649907-2609102316-1,7575,,2609102316,,,S,S5,,8000235,Ludwigsburg,Baden-Württemberg,Ludwigsburg,71638,9.185229823,48.89208622,3,,,2609102323,,h,1,Bauarbeiten,,,,,,,0.0,7.0
-3211534586442104777-2609102230-8,19339,2609102304,2609102307,4,,RE,MEX18,Heilbronn Hbf|Nordheim(Württ)|Lauffen(Neckar)|Kirchheim(Neckar)|Walheim(Württ)|Besigheim|Bietigheim-Bissingen,8000235,Ludwigsburg,Baden-Württemberg,Ludwigsburg,71638,9.185229823,48.89208622,3,2609102324,,2609102325,,h,2,Störung,,,,,,,20.0,18.0
1229142185322415263-2609102303-2,55943,2609102305,2609102305,2,,S,S6,Weil der Stadt,8003831,Malmsheim,Baden-Württemberg,Renningen,71272,8.905105557,48.77183564,5,2609102307,,2609102307,,,,,,,,,,,2.0,2.0
-1495880751383989105-2609102343-4,55942,2609102354,2609102354,1,,S,S6,Leonberg|Rutesheim|Renningen,8003831,Malmsheim,Baden-Württemberg,Renningen,71272,8.905105557,48.77183564,5,2609102354,2,2609102355,2,,,,,,,,,,0.0,1.0
1436192093606522902-2609102313-4,55940,2609102324,2609102324,1,,S,S6,Leonberg|Rutesheim|Renningen,8003831,Malmsheim,Baden-Württemberg,Renningen,71272,8.905105557,48.77183564,5,2609102324,2,2609102325,2,,,,,,,,,,0.0,1.0
-4841912846237533524-2609102333-2,55945,2609102335,2609102335,2,,S,S6,Weil der Stadt,8003831,Malmsheim,Baden-Württemberg,Renningen,71272,8.905105557,48.77183564,5,2609102335,,2609102336,,,,,,,,,,,0.0,1.0
5844079694201012734-2609102307-10,7470,2609102335,2609102338,1,,S,S4,Stuttgart Hbf|Stuttgart Nordbahnhof|Stuttgart-Feuerbach|Stuttgart-Zuffenhausen|Kornwestheim Pbf|Ludwigsburg|Favoritepark|Freiberg(Neckar)|Benningen(Neckar),8003853,Marbach (Neckar),Baden-Württemberg,Marbach am Neckar,71672,9.264611825,48.9437708,3,2609102336,,2609102338,,,,,,,,,,,1.0,0.0
5733563224153092938-2609102303-5,7475,2609102321,2609102325,,,S,S4,Backnang|Burgstall(Murr)|Kirchberg(Murr)|Erdmannhausen,8003853,Marbach (Neckar),Baden-Württemberg,Marbach am Neckar,71672,9.264611825,48.9437708,3,2609102321,1,2609102325,1,,,,,,,,,,0.0,0.0
-9133197457517218638-2609102237-10,7468,2609102305,,1,,S,,Stuttgart Hbf|Stuttgart Nordbahnhof|Stuttgart-Feuerbach|Stuttgart-Zuffenhausen|Kornwestheim Pbf|Ludwigsburg|Favoritepark|Freiberg(Neckar)|Benningen(Neckar),8003853,Marbach (Neckar),Baden-Württemberg,Marbach am Neckar,71672,9.264611825,48.9437708,3,2609102306,,,,,,,,,,,,,1.0,0.0
2977099434128495599-2609102355-1,7477,,2609102355,,,S,S4,,8003853,Marbach (Neckar),Baden-Württemberg,Marbach am Neckar,71672,9.264611825,48.9437708,3,,,2609102355,1,,,,,,,,,,0.0,0.0
-2519407903994888306-2609102312-11,7372,2609102344,2609102345,2,,S,S3,Stuttgart Hbf|Stuttgart-Bad Cannstatt|Stuttgart Nürnberger Str.|Stuttgart-Sommerrain|Fellbach|Waiblingen|Neustadt-Hohenacker|Schwaikheim|Winnenden|Nellmersbach,8003913,Maubach,Baden-Württemberg,Backnang,71522,9.419487062,48.92623463,4,2609102345,,2609102346,,,,,,,,,,,1.0,1.0
-4957905266396441447-2609102311-2,7375,2609102313,2609102314,1,,S,S3,Backnang,8003913,Maubach,Baden-Württemberg,Backnang,71522,9.419487062,48.92623463,4,2609102314,,2609102314,,,,,,,,,,,1.0,0.0
-7120372043677331542-2609102341-2,7377,2609102343,2609102344,1,,S,S3,Backnang,8003913,Maubach,Baden-Württemberg,Backnang,71522,9.419487062,48.92623463,4,2609102345,,2609102346,,,,,,,,,,,2.0,2.0
-547796110281084784-2609102242-11,7370,2609102314,2609102315,2,,S,S3,Stuttgart Hbf|Stuttgart-Bad Cannstatt|Stuttgart Nürnberger Str.|Stuttgart-Sommerrain|Fellbach|Waiblingen|Neustadt-Hohenacker|Schwaikheim|Winnenden|Nellmersbach,8003913,Maubach,Baden-Württemberg,Backnang,71522,9.419487062,48.92623463,4,2609102317,,2609102318,,,,,,,,,,,3.0,3.0
-2519407903994888306-2609102312-10,7372,2609102341,2609102342,2,,S,S3,Stuttgart Hbf|Stuttgart-Bad Cannstatt|Stuttgart Nürnberger Str.|Stuttgart-Sommerrain|Fellbach|Waiblingen|Neustadt-Hohenacker|Schwaikheim|Winnenden,8004233,Nellmersbach,Baden-Württemberg,Leutenbach,71397,9.415421538,48.90336425,5,2609102342,,2609102343,,,,,,,,,,,1.0,1.0
-4957905266396441447-2609102311-3,7375,2609102316,2609102316,1,,S,S3,Backnang|Maubach,8004233,Nellmersbach,Baden-Württemberg,Leutenbach,71397,9.415421538,48.90336425,5,2609102316,,2609102317,,,,,,,,,,,0.0,1.0
-7120372043677331542-2609102341-3,7377,2609102346,2609102346,1,,S,S3,Backnang|Maubach,8004233,Nellmersbach,Baden-Württemberg,Leutenbach,71397,9.415421538,48.90336425,5,2609102348,,2609102348,,,,,,,,,,,2.0,2.0
-547796110281084784-2609102242-10,7370,2609102311,2609102312,2,,S,S3,Stuttgart Hbf|Stuttgart-Bad Cannstatt|Stuttgart Nürnberger Str.|Stuttgart-Sommerrain|Fellbach|Waiblingen|Neustadt-Hohenacker|Schwaikheim|Winnenden,8004233,Nellmersbach,Baden-Württemberg,Leutenbach,71397,9.415421538,48.90336425,5,2609102313,,2609102315,,,,,,,,,,,2.0,3.0
-2519407903994888306-2609102312-7,7372,2609102333,2609102333,1,,S,S3,Stuttgart Hbf|Stuttgart-Bad Cannstatt|Stuttgart Nürnberger Str.|Stuttgart-Sommerrain|Fellbach|Waiblingen,8004333,Neustadt-Hohenacker,Baden-Württemberg,Waiblingen,71336,9.32455106,48.85921668,5,2609102334,,2609102335,,,,,,,,,,,1.0,2.0
-4957905266396441447-2609102311-6,7375,2609102325,2609102325,2,,S,S3,Backnang|Maubach|Nellmersbach|Winnenden|Schwaikheim,8004333,Neustadt-Hohenacker,Baden-Württemberg,Waiblingen,71336,9.32455106,48.85921668,5,2609102325,,2609102325,,,,,,,,,,,0.0,0.0
-7120372043677331542-2609102341-6,7377,2609102355,2609102355,2,,S,S3,Backnang|Maubach|Nellmersbach|Winnenden|Schwaikheim,8004333,Neustadt-Hohenacker,Baden-Württemberg,Waiblingen,71336,9.32455106,48.85921668,5,2609102357,,2609102357,,,,,,,,,,,2.0,2.0
-547796110281084784-2609102242-7,7370,2609102303,2609102303,1,,S,S3,Stuttgart Hbf|Stuttgart-Bad Cannstatt|Stuttgart Nürnberger Str.|Stuttgart-Sommerrain|Fellbach|Waiblingen,8004333,Neustadt-Hohenacker,Baden-Württemberg,Waiblingen,71336,9.32455106,48.85921668,5,2609102304,,2609102305,,,,,,,,,,,1.0,2.0
7251830197396160216-2609102347-5,7674,2609102358,2609102359,1,,S,S6,Stuttgart Hbf|Stuttgart Nordbahnhof|Stuttgart-Feuerbach|Stuttgart-Zuffenhausen,8004338,Neuwirtshaus (Porscheplatz),Baden-Württemberg,Stuttgart,70435,9.151955614,48.83384734,4,2609102359,,2609102359,,h,1,Bauarbeiten,,,,,,,1.0,0.0
-5892665096062109286-2609102254-4,7673,2609102301,2609102301,2,,S,S6,Ditzingen|Weilimdorf|Korntal,8004338,Neuwirtshaus (Porscheplatz),Baden-Württemberg,Stuttgart,70435,9.151955614,48.83384734,4,2609102301,,2609102301,,h,1,Bauarbeiten,,,,,,,0.0,0.0
6710183679405099080-2609102324-4,7675,2609102331,2609102331,2,,S,S6,Ditzingen|Weilimdorf|Korntal,8004338,Neuwirtshaus (Porscheplatz),Baden-Württemberg,Stuttgart,70435,9.151955614,48.83384734,4,2609102332,,2609102333,,h,1,Bauarbeiten,,,,,,,1.0,2.0
-3328654811997120273-2609102317-5,7672,2609102328,2609102329,1,,S,S6,Stuttgart Hbf|Stuttgart Nordbahnhof|Stuttgart-Feuerbach|Stuttgart-Zuffenhausen,8004338,Neuwirtshaus (Porscheplatz),Baden-Württemberg,Stuttgart,70435,9.151955614,48.83384734,4,2609102328,,2609102329,,h,1,Bauarbeiten,,,,,,,0.0,0.0
2629905197525077527-2609102316-8,7773,2609102341,2609102341,1,,S,S1,Stuttgart-Vaihingen|Stuttgart-Rohr|Goldberg(Württ)|Böblingen|Hulb|Ehningen(b Böblingen)|Gärtringen,8004490,Nufringen,Baden-Württemberg,Nufringen,71154,8.889817485,48.62010967,5,2609102341,,2609102341,,,,,,,,,,,0.0,0.0
4991213592121918551-2609102346-2,7778,2609102349,2609102349,2,,S,S1,Herrenberg,8004490,Nufringen,Baden-Württemberg,Nufringen,71154,8.889817485,48.62010967,5,2609102349,,2609102350,,,,,,,,,,,0.0,1.0
-5662900889334396771-2609102316-2,7776,2609102319,2609102319,2,,S,S1,Herrenberg,8004490,Nufringen,Baden-Württemberg,Nufringen,71154,8.889817485,48.62010967,5,2609102319,,2609102320,,,,,,,,,,,0.0,1.0
2382757692606580950-2609102246-8,7771,2609102311,2609102311,1,,S,S1,Stuttgart-Vaihingen|Stuttgart-Rohr|Goldberg(Württ)|Böblingen|Hulb|Ehningen(b Böblingen)|Gärtringen,8004490,Nufringen,Baden-Württemberg,Nufringen,71154,8.889817485,48.62010967,5,2609102311,,2609102312,,,,,,,,,,,0.0,1.0
-4449289664459012618-2609102303-5,7972,2609102315,2609102315,2,,S,S2,Filderstadt|Stuttgart Flughafen/Messe|Echterdingen|Leinfelden,8004496,Oberaichen,Baden-Württemberg,Leinfelden-Echterdingen,70771,9.12743664,48.70512422,5,2609102315,,2609102315,,,,,,,,,,,0.0,0.0
-2935564319618747934-2609102305-3,7973,2609102314,2609102314,1,,S,S2,Stuttgart-Vaihingen|Stuttgart-Rohr,8004496,Oberaichen,Baden-Württemberg,Leinfelden-Echterdingen,70771,9.12743664,48.70512422,5,2609102314,,2609102316,,,,,,,,,,,0.0,2.0
1870656160504428642-2609102333-5,7974,2609102345,2609102345,2,,S,S2,Filderstadt|Stuttgart Flughafen/Messe|Echterdingen|Leinfelden,8004496,Oberaichen,Baden-Württemberg,Leinfelden-Echterdingen,70771,9.12743664,48.70512422,5,2609102345,,2609102345,,,,,,,,,,,0.0,0.0
2043069556628672575-2609102335-3,7975,2609102344,2609102344,1,,S,S2,Stuttgart-Vaihingen|Stuttgart-Rohr,8004496,Oberaichen,Baden-Württemberg,Leinfelden-Echterdingen,70771,9.12743664,48.70512422,5,2609102344,,2609102345,,,,,,,,,,,0.0,1.0
-5753279830124609145-2609102250-8,7175,2609102314,2609102315,3,,S,S1,Kirchheim(Teck)|Kirchheim(Teck)-Ötlingen|Wendlingen(Neckar)|Wernau(Neckar)|Plochingen|Altbach|Esslingen-Zell,8004528,Oberesslingen,Baden-Württemberg,Esslingen am Neckar,73730,9.327277435,48.72983585,3,2609102314,,2609102315,,,,,,,,,,,0.0,0.0
-6275608324438357522-2609102325-8,7174,2609102345,2609102345,4,,S,S1,Stuttgart Hbf|Stuttgart-Bad Cannstatt|Stuttgart Neckarpark|Stuttgart-Untertürkheim|Stuttgart-Obertürkheim|Esslingen-Mettingen|Esslingen(Neckar),8004528,Oberesslingen,Baden-Württemberg,Esslingen am Neckar,73730,9.327277435,48.72983585,3,2609102345,,2609102346,,,,,,,,,,,0.0,1.0
4705599029793291676-2609102320-8,7177,2609102344,2609102345,3,,S,S1,Kirchheim(Teck)|Kirchheim(Teck)-Ötlingen|Wendlingen(Neckar)|Wernau(Neckar)|Plochingen|Altbach|Esslingen-Zell,8004528,Oberesslingen,Baden-Württemberg,Esslingen am Neckar,73730,9.327277435,48.72983585,3,2609102344,,2609102345,,,,,,,,,,,0.0,0.0
-5197983836264116534-2609102255-8,7172,2609102315,2609102315,4,,S,S1,Stuttgart Hbf|Stuttgart-Bad Cannstatt|Stuttgart Neckarpark|Stuttgart-Untertürkheim|Stuttgart-Obertürkheim|Esslingen-Mettingen|Esslingen(Neckar),8004528,Oberesslingen,Baden-Württemberg,Esslingen am Neckar,73730,9.327277435,48.72983585,3,2609102319,,2609102319,,,,,,,,,,,4.0,4.0
1333668860778654429-2609102157-11,19367,2609102311,2609102312,9,,RE,MEX12,Heilbronn Hbf|Nordheim(Württ)|Lauffen(Neckar)|Kirchheim(Neckar)|Walheim(Württ)|Besigheim|Bietigheim-Bissingen|Ludwigsburg|Stuttgart Hbf|Esslingen(Neckar),8000302,Plochingen,Baden-Württemberg,Plochingen,73207,9.411294578,48.71293906,2,2609102311,,2609102312,,h,2,Störung,,,,,,,0.0,0.0
-5753279830124609145-2609102250-5,7175,2609102305,2609102307,9,,S,S1,Kirchheim(Teck)|Kirchheim(Teck)-Ötlingen|Wendlingen(Neckar)|Wernau(Neckar),8000302,Plochingen,Baden-Württemberg,Plochingen,73207,9.411294578,48.71293906,2,2609102306,,2609102307,,,,,,,,,,,1.0,0.0
5377092618082341344-2609102349-2,4239,2609102355,2609102356,4,,RE,RE5,Esslingen(Neckar),8000302,Plochingen,Baden-Württemberg,Plochingen,73207,9.411294578,48.71293906,2,2609102355,,2609102356,,h,2,Information,,,,,,,0.0,0.0
-2471775487806926024-2609102104-11,4234,2609102302,2609102303,1,,RE,RE5,Friedrichshafen Stadt|Meckenbeuren|Ravensburg|Aulendorf|Bad Schussenried|Biberach(Riß)|Laupheim West|Ulm Hbf|Geislingen(Steige)|Göppingen,8000302,Plochingen,Baden-Württemberg,Plochingen,73207,9.411294578,48.71293906,2,2609102303,,2609102304,,h,2,Bauarbeiten,,,,,,,1.0,1.0
-7007709070303320005-2609102303-4,19183,2609102326,2609102330,6,,ARV,MEX16,Stuttgart Hbf|Stuttgart-Bad Cannstatt|Esslingen(Neckar),8000302,Plochingen,Baden-Württemberg,Plochingen,73207,9.411294578,48.71293906,2,2609102326,,2609102330,,,,,,,,,,,0.0,0.0
-6275608324438357522-2609102325-11,7174,2609102353,2609102355,9,,S,S1,Stuttgart Hbf|Stuttgart-Bad Cannstatt|Stuttgart Neckarpark|Stuttgart-Untertürkheim|Stuttgart-Obertürkheim|Esslingen-Mettingen|Esslingen(Neckar)|Oberesslingen|Esslingen-Zell|Altbach,8000302,Plochingen,Baden-Württemberg,Plochingen,73207,9.411294578,48.71293906,2,2609102354,9,2609102355,9,,,,,,,,,,1.0,0.0
-4648549312800637119-2609102314-1,19250,,2609102314,,,RE,MEX18,,8000302,Plochingen,Baden-Württemberg,Plochingen,73207,9.411294578,48.71293906,2,,,2609102314,,h,2,Störung,,,,,,,0.0,0.0
4705599029793291676-2609102320-5,7177,2609102335,2609102337,9,,S,S1,Kirchheim(Teck)|Kirchheim(Teck)-Ötlingen|Wendlingen(Neckar)|Wernau(Neckar),8000302,Plochingen,Baden-Württemberg,Plochingen,73207,9.411294578,48.71293906,2,2609102335,,2609102337,,,,,,,,,,,0.0,0.0
262818894561514456-2609102242-4,19181,2609102300,2609102300,4,,ARV,MEX16,Stuttgart Hbf|Stuttgart-Bad Cannstatt|Esslingen(Neckar),8000302,Plochingen,Baden-Württemberg,Plochingen,73207,9.411294578,48.71293906,2,2609102302,,2609102302,,,,,,,,,,,2.0,2.0
-4165700884382640783-2609102316-7,19364,2609102347,2609102349,7,,RE,MEX12,Reutlingen Hbf|Metzingen(Württ)|Bempflingen|Nürtingen|Oberboihingen|Wendlingen(Neckar),8000302,Plochingen,Baden-Württemberg,Plochingen,73207,9.411294578,48.71293906,2,2609102347,,2609102349,,h,2,Störung,,,,,,,0.0,0.0
-6232403407797161851-2609102236-19,19184,2609102357,2609102358,3,,ARV,MEX16,Ulm Hbf|Beimerstetten|Westerstetten|Lonsee|Urspring|Amstetten(Württ)|Geislingen(Steige)|Geislingen(Steige)West|Kuchen|Gingen(Fils)|Süßen|Salach|Eislingen(Fils)|Göppingen|Faurndau|Uhingen|Ebersbach(Fils)|Reichenbach(Fils),8000302,Plochingen,Baden-Württemberg,Plochingen,73207,9.411294578,48.71293906,2,2609102357,,2609110000,,,,,,,,,,,0.0,2.0
-3211534586442104777-2609102230-10,19339,2609102342,2609102345,9,,RE,MEX18,Heilbronn Hbf|Nordheim(Württ)|Lauffen(Neckar)|Kirchheim(Neckar)|Walheim(Württ)|Besigheim|Bietigheim-Bissingen|Ludwigsburg|Esslingen(Neckar),8000302,Plochingen,Baden-Württemberg,Plochingen,73207,9.411294578,48.71293906,2,2609102358,,2609102358,,h,2,Störung,,,,,,,16.0,13.0
147017097219018543-2609102248-13,19182,2609102328,2609102334,1,,ARV,MEX16,Geislingen(Steige)|Geislingen(Steige)West|Kuchen|Gingen(Fils)|Süßen|Salach|Eislingen(Fils)|Göppingen|Faurndau|Uhingen|Ebersbach(Fils)|Reichenbach(Fils),8000302,Plochingen,Baden-Württemberg,Plochingen,73207,9.411294578,48.71293906,2,2609102327,,2609102334,,,,,,,,,,,-1.0,0.0
-5197983836264116534-2609102255-11,7172,2609102323,2609102326,9,,S,S1,Stuttgart Hbf|Stuttgart-Bad Cannstatt|Stuttgart Neckarpark|Stuttgart-Untertürkheim|Stuttgart-Obertürkheim|Esslingen-Mettingen|Esslingen(Neckar)|Oberesslingen|Esslingen-Zell|Altbach,8000302,Plochingen,Baden-Württemberg,Plochingen,73207,9.411294578,48.71293906,2,2609102327,,2609102328,,,,,,,,,,,4.0,2.0
-434956897040815447-2609102326-6,26191,2609102348,,4,,SWE,,Calw|Calw-Heumaden|Althengstett|Ostelsheim|Weil der Stadt,8000313,Renningen,Baden-Württemberg,Renningen,71272,8.932650148,48.77515509,3,2609102350,,,,,,,,,,,,,2.0,0.0
1229142185322415263-2609102303-3,55943,2609102307,2609102311,2,,S,S6,Weil der Stadt|Malmsheim,8000313,Renningen,Baden-Württemberg,Renningen,71272,8.932650148,48.77515509,3,2609102309,,2609102311,,,,,,,,,,,2.0,0.0
-1495880751383989105-2609102343-3,55942,2609102349,2609102352,3,,S,S6,Leonberg|Rutesheim,8000313,Renningen,Baden-Württemberg,Renningen,71272,8.932650148,48.77515509,3,2609102350,,2609102352,,,,,,,,,,,1.0,0.0
1436192093606522902-2609102313-3,55940,2609102319,2609102322,3,,S,S6,Leonberg|Rutesheim,8000313,Renningen,Baden-Württemberg,Renningen,71272,8.932650148,48.77515509,3,2609102319,,2609102322,,,,,,,,,,,0.0,0.0
-4080091169318114370-2609102358-1,26190,,2609102358,,,SWE,RB76,,8000313,Renningen,Baden-Württemberg,Renningen,71272,8.932650148,48.77515509,3,,,2609110001,,,,,,,,,,,0.0,3.0
-4841912846237533524-2609102333-3,55945,2609102337,2609102341,2,,S,S6,Weil der Stadt|Malmsheim,8000313,Renningen,Baden-Württemberg,Renningen,71272,8.932650148,48.77515509,3,2609102338,,2609102341,,,,,,,,,,,1.0,0.0
1851201085371332579-2609102339-1,7076,,2609102339,,,S,S60,,8000313,Renningen,Baden-Württemberg,Renningen,71272,8.932650148,48.77515509,3,,,2609102340,,h,1,Bauarbeiten,,,,,,,0.0,1.0
7722730552485304498-2609102309-1,7074,,2609102309,,,S,S60,,8000313,Renningen,Baden-Württemberg,Renningen,71272,8.932650148,48.77515509,3,,,2609102310,,h,1,Bauarbeiten,,,,,,,0.0,1.0
3150370635624129361-2609102304-7,7073,2609102320,,2,,S,,Böblingen|Sindelfingen|Maichingen|Maichingen Nord|Magstadt|Renningen Süd,8000313,Renningen,Baden-Württemberg,Renningen,71272,8.932650148,48.77515509,3,2609102321,,,,h,1,Bauarbeiten,,,,,,,1.0,0.0
3929535977463866299-2609102334-7,7075,2609102350,,2,,S,,Böblingen|Sindelfingen|Maichingen|Maichingen Nord|Magstadt|Renningen Süd,8000313,Renningen,Baden-Württemberg,Renningen,71272,8.932650148,48.77515509,3,2609102351,,,,h,1,Bauarbeiten,,,,,,,1.0,0.0
-6617041224126724026-2609102320-7,7272,2609102337,2609102337,1,,S,S2,Stuttgart Hbf|Stuttgart-Bad Cannstatt|Stuttgart Nürnberger Str.|Stuttgart-Sommerrain|Fellbach|Waiblingen,8005157,Rommelshausen,Baden-Württemberg,Kernen,71394,9.319175885,48.81552017,4,2609102337,,2609102338,,h,2,Bauarbeiten,,,,,,,0.0,1.0
-2344980071254063452-2609102250-7,7270,2609102307,2609102307,1,,S,S2,Stuttgart Hbf|Stuttgart-Bad Cannstatt|Stuttgart Nürnberger Str.|Stuttgart-Sommerrain|Fellbach|Waiblingen,8005157,Rommelshausen,Baden-Württemberg,Kernen,71394,9.319175885,48.81552017,4,2609102307,,2609102307,,h,2,Bauarbeiten,,,,,,,0.0,0.0
1962327971982131461-2609102303-9,7275,2609102321,2609102322,2,,S,S2,Schorndorf|Weiler(Rems)|Winterbach(b Schorndorf)|Geradstetten|Grunbach|Beutelsbach|Endersbach|Stetten-Beinstein,8005157,Rommelshausen,Baden-Württemberg,Kernen,71394,9.319175885,48.81552017,4,2609102321,,2609102322,,h,2,Bauarbeiten,,,,,,,0.0,0.0
-1263112065111090114-2609102328-9,7277,2609102351,2609102352,2,,S,S2,Schorndorf|Weiler(Rems)|Winterbach(b Schorndorf)|Geradstetten|Grunbach|Beutelsbach|Endersbach|Stetten-Beinstein,8005157,Rommelshausen,Baden-Württemberg,Kernen,71394,9.319175885,48.81552017,4,2609102351,,2609102352,,h,2,Bauarbeiten,,,,,,,0.0,0.0
1229142185322415263-2609102303-4,55943,2609102313,2609102314,1,,S,S6,Weil der Stadt|Malmsheim|Renningen,8005236,Rutesheim,Baden-Württemberg,Leonberg,71229,8.960325242,48.79031093,5,2609102314,,2609102316,,,,,,,,,,,1.0,2.0
-1495880751383989105-2609102343-2,55942,2609102346,2609102346,2,,S,S6,Leonberg,8005236,Rutesheim,Baden-Württemberg,Leonberg,71229,8.960325242,48.79031093,5,2609102346,,2609102347,,,,,,,,,,,0.0,1.0
1436192093606522902-2609102313-2,55940,2609102316,2609102316,2,,S,S6,Leonberg,8005236,Rutesheim,Baden-Württemberg,Leonberg,71229,8.960325242,48.79031093,5,2609102317,,2609102317,,,,,,,,,,,1.0,1.0
-4841912846237533524-2609102333-4,55945,2609102343,2609102344,1,,S,S6,Weil der Stadt|Malmsheim|Renningen,8005236,Rutesheim,Baden-Württemberg,Leonberg,71229,8.960325242,48.79031093,5,2609102344,,2609102345,,,,,,,,,,,1.0,1.0
-6617041224126724026-2609102320-15,7272,2609102355,,1,,S,,Stuttgart Hbf|Stuttgart-Bad Cannstatt|Stuttgart Nürnberger Str.|Stuttgart-Sommerrain|Fellbach|Waiblingen|Rommelshausen|Stetten-Beinstein|Endersbach|Beutelsbach|Grunbach|Geradstetten|Winterbach(b Schorndorf)|Weiler(Rems),8005424,Schorndorf,Baden-Württemberg,Schorndorf,73614,9.525686251,48.80693898,3,2609102355,,,,h,2,Bauarbeiten,,,,,,,0.0,0.0
840026004368016537-2609102307-9,19444,2609102343,2609102344,3,,ARV,MEX13,Aalen Hbf|Mögglingen(Gmünd)|Böbingen(Rems)|Schwäbisch Gmünd|Lorch(Württ)|Waldhausen(b Schorndorf)|Plüderhausen|Urbach(b Schorndorf),8005424,Schorndorf,Baden-Württemberg,Schorndorf,73614,9.525686251,48.80693898,3,2609110014,,2609110015,,h,2,Information,,,Aalen Hbf|Mögglingen(Gmünd)|Böbingen(Rems)|Schwäbisch Gmünd|Lorch(Württ)|Waldhausen(b Schorndorf)|Plüderhausen|Urbach(b Schorndorf),Waiblingen|Stuttgart-Bad Cannstatt|Stuttgart Hbf,,,31.0,31.0
-2344980071254063452-2609102250-15,7270,2609102325,,14,,S,,Stuttgart Hbf|Stuttgart-Bad Cannstatt|Stuttgart Nürnberger Str.|Stuttgart-Sommerrain|Fellbach|Waiblingen|Rommelshausen|Stetten-Beinstein|Endersbach|Beutelsbach|Grunbach|Geradstetten|Winterbach(b Schorndorf)|Weiler(Rems),8005424,Schorndorf,Baden-Württemberg,Schorndorf,73614,9.525686251,48.80693898,3,2609102325,,,,h,2,Bauarbeiten,,,,,,,0.0,0.0
1962327971982131461-2609102303-1,7275,,2609102303,,,S,S2,,8005424,Schorndorf,Baden-Württemberg,Schorndorf,73614,9.525686251,48.80693898,3,,,2609102303,,h,2,Bauarbeiten,,,,,,,0.0,0.0
-1263112065111090114-2609102328-1,7277,,2609102328,,,S,S2,,8005424,Schorndorf,Baden-Württemberg,Schorndorf,73614,9.525686251,48.80693898,3,,,2609102333,,h,2,Bauarbeiten,,,,,,,0.0,5.0
-2519407903994888306-2609102312-8,7372,2609102336,2609102336,2,,S,S3,Stuttgart Hbf|Stuttgart-Bad Cannstatt|Stuttgart Nürnberger Str.|Stuttgart-Sommerrain|Fellbach|Waiblingen|Neustadt-Hohenacker,8005454,Schwaikheim,Baden-Württemberg,Schwaikheim,71409,9.354747358,48.86832665,4,2609102336,,2609102337,,,,,,,,,,,0.0,1.0
-4957905266396441447-2609102311-5,7375,2609102322,2609102323,1,,S,S3,Backnang|Maubach|Nellmersbach|Winnenden,8005454,Schwaikheim,Baden-Württemberg,Schwaikheim,71409,9.354747358,48.86832665,4,2609102322,,2609102323,,,,,,,,,,,0.0,0.0
-7120372043677331542-2609102341-5,7377,2609102352,2609102353,1,,S,S3,Backnang|Maubach|Nellmersbach|Winnenden,8005454,Schwaikheim,Baden-Württemberg,Schwaikheim,71409,9.354747358,48.86832665,4,2609102354,,2609102354,,,,,,,,,,,2.0,1.0
-547796110281084784-2609102242-8,7370,2609102306,2609102306,2,,S,S3,Stuttgart Hbf|Stuttgart-Bad Cannstatt|Stuttgart Nürnberger Str.|Stuttgart-Sommerrain|Fellbach|Waiblingen|Neustadt-Hohenacker,8005454,Schwaikheim,Baden-Württemberg,Schwaikheim,71409,9.354747358,48.86832665,4,2609102307,,2609102307,,,,,,,,,,,1.0,1.0
1851201085371332579-2609102339-6,7076,2609102352,2609102353,1,,S,S60,Renningen|Renningen Süd|Magstadt|Maichingen Nord|Maichingen,8005574,Sindelfingen,Baden-Württemberg,Sindelfingen,71063,8.999262079,48.70387346,6,2609102353,,2609102354,,h,1,Bauarbeiten,,,,,,,1.0,1.0
7722730552485304498-2609102309-6,7074,2609102322,2609102323,1,,S,S60,Renningen|Renningen Süd|Magstadt|Maichingen Nord|Maichingen,8005574,Sindelfingen,Baden-Württemberg,Sindelfingen,71063,8.999262079,48.70387346,6,2609102323,,2609102324,,h,1,Bauarbeiten,,,,,,,1.0,1.0
3150370635624129361-2609102304-2,7073,2609102306,2609102307,1,,S,S60,Böblingen,8005574,Sindelfingen,Baden-Württemberg,Sindelfingen,71063,8.999262079,48.70387346,6,2609102307,,2609102307,,h,1,Bauarbeiten,,,,,,,1.0,0.0
3929535977463866299-2609102334-2,7075,2609102336,2609102337,1,,S,S60,Böblingen,8005574,Sindelfingen,Baden-Württemberg,Sindelfingen,71063,8.999262079,48.70387346,6,2609102337,,2609102337,,h,1,Bauarbeiten,,,,,,,1.0,0.0
-6617041224126724026-2609102320-8,7272,2609102339,2609102339,1,,S,S2,Stuttgart Hbf|Stuttgart-Bad Cannstatt|Stuttgart Nürnberger Str.|Stuttgart-Sommerrain|Fellbach|Waiblingen|Rommelshausen,8005726,Stetten-Beinstein,Baden-Württemberg,Weinstadt,71384,9.352769725,48.81199601,5,2609102340,,2609102340,,h,2,Bauarbeiten,,,,,,,1.0,1.0
-2344980071254063452-2609102250-8,7270,2609102309,2609102309,1,,S,S2,Stuttgart Hbf|Stuttgart-Bad Cannstatt|Stuttgart Nürnberger Str.|Stuttgart-Sommerrain|Fellbach|Waiblingen|Rommelshausen,8005726,Stetten-Beinstein,Baden-Württemberg,Weinstadt,71384,9.352769725,48.81199601,5,2609102309,,2609102310,,h,2,Bauarbeiten,,,,,,,0.0,1.0
1962327971982131461-2609102303-8,7275,2609102319,2609102319,2,,S,S2,Schorndorf|Weiler(Rems)|Winterbach(b Schorndorf)|Geradstetten|Grunbach|Beutelsbach|Endersbach,8005726,Stetten-Beinstein,Baden-Württemberg,Weinstadt,71384,9.352769725,48.81199601,5,2609102319,,2609102319,,h,2,Bauarbeiten,,,,,,,0.0,0.0
-1263112065111090114-2609102328-8,7277,2609102349,2609102349,2,,S,S2,Schorndorf|Weiler(Rems)|Winterbach(b Schorndorf)|Geradstetten|Grunbach|Beutelsbach|Endersbach,8005726,Stetten-Beinstein,Baden-Württemberg,Weinstadt,71384,9.352769725,48.81199601,5,2609102349,,2609102349,,h,2,Bauarbeiten,,,,,,,0.0,0.0
5844079694201012734-2609102307-1,7470,,2609102307,,,S,S4,,8000096,Stuttgart Hbf,Baden-Württemberg,Stuttgart,70173,9.183172973,48.78473069,1,,,2609102307,,,,,,,,,,,0.0,0.0
-107661571024484081-2609101539-11,1245,2609102347,,8,,FLX,,Hamburg Hbf|Berlin-Spandau|Berlin Hbf|Berlin Südkreuz|Halle(Saale)Hbf|Erfurt Hbf|Fulda|Frankfurt(Main)Süd|Darmstadt Hbf|Heidelberg Hbf,8000096,Stuttgart Hbf,Baden-Württemberg,Stuttgart,70173,9.183172973,48.78473069,1,,,,,,,,,,,,c,,0.0,0.0
6181068125164198804-2609102355-1,7176,,2609102355,,,S,S1,,8000096,Stuttgart Hbf,Baden-Württemberg,Stuttgart,70173,9.183172973,48.78473069,1,,,2609102355,,,,,,,,,,,0.0,0.0
5733563224153092938-2609102303-14,7475,2609102355,,2,,S,,Backnang|Burgstall(Murr)|Kirchberg(Murr)|Erdmannhausen|Marbach(Neckar)|Benningen(Neckar)|Freiberg(Neckar)|Favoritepark|Ludwigsburg|Kornwestheim Pbf|Stuttgart-Zuffenhausen|Stuttgart-Feuerbach|Stuttgart Nordbahnhof,8000096,Stuttgart Hbf,Baden-Württemberg,Stuttgart,70173,9.183172973,48.78473069,1,2609102355,,,,,,,,,,,,,0.0,0.0
6962993513256562528-2609102342-1,19185,,2609102342,,,ARV,MEX16,,8000096,Stuttgart Hbf,Baden-Württemberg,Stuttgart,70173,9.183172973,48.78473069,1,,,,,,,,,,,,,c,0.0,0.0
-6617041224126724026-2609102320-1,7272,,2609102320,,,S,S2,,8000096,Stuttgart Hbf,Baden-Württemberg,Stuttgart,70173,9.183172973,48.78473069,1,,,2609102322,,h,2,Bauarbeiten,,,,,,,0.0,2.0
-6065798673451795825-2609102350-1,7274,,2609102350,,,S,S2,,8000096,Stuttgart Hbf,Baden-Württemberg,Stuttgart,70173,9.183172973,48.78473069,1,,,2609102351,,h,2,Bauarbeiten,,,,,,,0.0,1.0
-1702444323451852327-2609102313-1,19686,,2609102313,,,ARV,RE1,,8000096,Stuttgart Hbf,Baden-Württemberg,Stuttgart,70173,9.183172973,48.78473069,1,,,2609102315,,h,2,Information,,,,,,,0.0,2.0
-5753279830124609145-2609102250-15,7175,2609102335,,4,,S,,Kirchheim(Teck)|Kirchheim(Teck)-Ötlingen|Wendlingen(Neckar)|Wernau(Neckar)|Plochingen|Altbach|Esslingen-Zell|Oberesslingen|Esslingen(Neckar)|Esslingen-Mettingen|Stuttgart-Obertürkheim|Stuttgart-Untertürkheim|Stuttgart Neckarpark|Stuttgart-Bad Cannstatt,8000096,Stuttgart Hbf,Baden-Württemberg,Stuttgart,70173,9.183172973,48.78473069,1,2609102335,,,,,,,,,,,,,0.0,0.0
7251830197396160216-2609102347-1,7674,,2609102347,,,S,S6,,8000096,Stuttgart Hbf,Baden-Württemberg,Stuttgart,70173,9.183172973,48.78473069,1,,,2609102347,,h,1,Bauarbeiten,,,,,,,0.0,0.0
3008894599226717977-2609102337-1,7472,,2609102337,,,S,S4,,8000096,Stuttgart Hbf,Baden-Württemberg,Stuttgart,70173,9.183172973,48.78473069,1,,,2609102338,,,,,,,,,,,0.0,1.0
-3862696523251175756-2609102220-15,7173,2609102305,,4,,S,,Kirchheim(Teck)|Kirchheim(Teck)-Ötlingen|Wendlingen(Neckar)|Wernau(Neckar)|Plochingen|Altbach|Esslingen-Zell|Oberesslingen|Esslingen(Neckar)|Esslingen-Mettingen|Stuttgart-Obertürkheim|Stuttgart-Untertürkheim|Stuttgart Neckarpark|Stuttgart-Bad Cannstatt,8000096,Stuttgart Hbf,Baden-Württemberg,Stuttgart,70173,9.183172973,48.78473069,1,2609102307,,,,,,,,,,,,,2.0,0.0
-2519407903994888306-2609102312-1,7372,,2609102312,,,S,S3,,8000096,Stuttgart Hbf,Baden-Württemberg,Stuttgart,70173,9.183172973,48.78473069,1,,,2609102313,,,,,,,,,,,0.0,1.0
-6309040329427903805-2609102233-15,7273,2609102310,,3,,S,,Schorndorf|Weiler(Rems)|Winterbach(b Schorndorf)|Geradstetten|Grunbach|Beutelsbach|Endersbach|Stetten-Beinstein|Rommelshausen|Waiblingen|Fellbach|Stuttgart-Sommerrain|Stuttgart Nürnberger Str.|Stuttgart-Bad Cannstatt,8000096,Stuttgart Hbf,Baden-Württemberg,Stuttgart,70173,9.183172973,48.78473069,1,2609102311,,,,h,2,Bauarbeiten,,,,,,,1.0,0.0
-7007709070303320005-2609102303-1,19183,,2609102303,,,ARV,MEX16,,8000096,Stuttgart Hbf,Baden-Württemberg,Stuttgart,70173,9.183172973,48.78473069,1,,,,,,,,,,,,,c,0.0,0.0
-8147093115275959137-2609102232-4,19035,2609102325,,6,,ARV,,Karlsruhe Hbf|Karlsruhe-Durlach|Vaihingen(Enz),8000096,Stuttgart Hbf,Baden-Württemberg,Stuttgart,70173,9.183172973,48.78473069,1,2609102325,16,,,,,,,,,,,,0.0,0.0
4235977593412169897-2609102342-1,7374,,2609102342,,,S,S3,,8000096,Stuttgart Hbf,Baden-Württemberg,Stuttgart,70173,9.183172973,48.78473069,1,,,2609102342,,,,,,,,,,,0.0,0.0
-4957905266396441447-2609102311-12,7375,2609102347,,4,,S,,Backnang|Maubach|Nellmersbach|Winnenden|Schwaikheim|Neustadt-Hohenacker|Waiblingen|Fellbach|Stuttgart-Sommerrain|Stuttgart Nürnberger Str.|Stuttgart-Bad Cannstatt,8000096,Stuttgart Hbf,Baden-Württemberg,Stuttgart,70173,9.183172973,48.78473069,1,2609102347,,,,,,,,,,,,,0.0,0.0
-2957667686167959496-2609101717-11,695,2609102311,,5,,ICE,,Berlin Gesundbrunnen|Berlin Hbf|Berlin Südkreuz|Lutherstadt Wittenberg Hbf|Leipzig Hbf|Erfurt Hbf|Eisenach Hbf|Fulda|Frankfurt(Main)Hbf|Mannheim Hbf,8000096,Stuttgart Hbf,Baden-Württemberg,Stuttgart,70173,9.183172973,48.78473069,1,2609102315,9,,,h,2,Information,,,,,,,4.0,0.0
-5892665096062109286-2609102254-8,7673,2609102315,,2,,S,,Ditzingen|Weilimdorf|Korntal|Neuwirtshaus(Porscheplatz)|Stuttgart-Zuffenhausen|Stuttgart-Feuerbach|Stuttgart Nordbahnhof,8000096,Stuttgart Hbf,Baden-Württemberg,Stuttgart,70173,9.183172973,48.78473069,1,2609102315,,,,h,1,Bauarbeiten,,,,,,,0.0,0.0
6710183679405099080-2609102324-8,7675,2609102345,,1,,S,,Ditzingen|Weilimdorf|Korntal|Neuwirtshaus(Porscheplatz)|Stuttgart-Zuffenhausen|Stuttgart-Feuerbach|Stuttgart Nordbahnhof,8000096,Stuttgart Hbf,Baden-Württemberg,Stuttgart,70173,9.183172973,48.78473069,1,2609102345,,,,h,1,Bauarbeiten,,,,,,,0.0,0.0
-2279373399383894760-2609102241-12,7373,2609102317,,4,,S,,Backnang|Maubach|Nellmersbach|Winnenden|Schwaikheim|Neustadt-Hohenacker|Waiblingen|Fellbach|Stuttgart-Sommerrain|Stuttgart Nürnberger Str.|Stuttgart-Bad Cannstatt,8000096,Stuttgart Hbf,Baden-Württemberg,Stuttgart,70173,9.183172973,48.78473069,1,2609102317,,,,,,,,,,,,,0.0,0.0
-6275608324438357522-2609102325-1,7174,,2609102325,,,S,S1,,8000096,Stuttgart Hbf,Baden-Württemberg,Stuttgart,70173,9.183172973,48.78473069,1,,,2609102326,,,,,,,,,,,0.0,1.0
1962327971982131461-2609102303-15,7275,2609102340,,3,,S,,Schorndorf|Weiler(Rems)|Winterbach(b Schorndorf)|Geradstetten|Grunbach|Beutelsbach|Endersbach|Stetten-Beinstein|Rommelshausen|Waiblingen|Fellbach|Stuttgart-Sommerrain|Stuttgart Nürnberger Str.|Stuttgart-Bad Cannstatt,8000096,Stuttgart Hbf,Baden-Württemberg,Stuttgart,70173,9.183172973,48.78473069,1,2609102340,,,,h,2,Bauarbeiten,,,,,,,0.0,0.0
2549669235541620341-2609102246-6,7573,2609102305,,1,,S,,Ludwigsburg|Kornwestheim Pbf|Stuttgart-Zuffenhausen|Stuttgart-Feuerbach|Stuttgart Nordbahnhof,8000096,Stuttgart Hbf,Baden-Württemberg,Stuttgart,70173,9.183172973,48.78473069,1,2609102305,,,,h,1,Bauarbeiten,,,,,,,0.0,0.0
-674299633319716956-2609102327-1,7574,,2609102327,,,S,S5,,8000096,Stuttgart Hbf,Baden-Württemberg,Stuttgart,70173,9.183172973,48.78473069,1,,,2609102327,,h,1,Bauarbeiten,,,,,,,0.0,0.0
-1749959168913802135-2609102325-1,2387,,2609102325,,,IC,,,8000096,Stuttgart Hbf,Baden-Württemberg,Stuttgart,70173,9.183172973,48.78473069,1,,,2609102326,,h,2,Information,,,,,,,0.0,1.0
-793656453369562013-2609102146-22,19180,2609102316,,12,,ARV,,Ulm Hbf|Beimerstetten|Westerstetten|Lonsee|Urspring|Amstetten(Württ)|Geislingen(Steige)|Geislingen(Steige)West|Kuchen|Gingen(Fils)|Süßen|Salach|Eislingen(Fils)|Göppingen|Faurndau|Uhingen|Ebersbach(Fils)|Reichenbach(Fils)|Plochingen|Esslingen(Neckar)|Stuttgart-Bad Cannstatt,8000096,Stuttgart Hbf,Baden-Württemberg,Stuttgart,70173,9.183172973,48.78473069,1,,,,,,,,,,,,c,,0.0,0.0
-4648549312800637119-2609102314-4,19250,2609102332,,12,,RE,,Plochingen|Esslingen(Neckar)|Stuttgart-Bad Cannstatt,8000096,Stuttgart Hbf,Baden-Württemberg,Stuttgart,70173,9.183172973,48.78473069,1,2609102337,13,,,h,2,Störung,,,,,,,5.0,0.0
1545875388134255836-2609102255-10,7473,2609102325,,1,,S,,Marbach(Neckar)|Benningen(Neckar)|Freiberg(Neckar)|Favoritepark|Ludwigsburg|Kornwestheim Pbf|Stuttgart-Zuffenhausen|Stuttgart-Feuerbach|Stuttgart Nordbahnhof,8000096,Stuttgart Hbf,Baden-Württemberg,Stuttgart,70173,9.183172973,48.78473069,1,2609102325,,,,,,,,,,,,,0.0,0.0
-924266248706315035-2609102325-1,52387,,2609102325,,,RE,IC87,,8000096,Stuttgart Hbf,Baden-Württemberg,Stuttgart,70173,9.183172973,48.78473069,1,,,2609102326,,h,2,Information,,,,,,,0.0,1.0
-1565239122700519355-2609102232-11,17568,2609102334,,10,,RB,,Gaildorf West|Fichtenberg|Fornsbach|Murrhardt|Sulzbach(Murr)|Oppenweiler(Württ)|Backnang|Winnenden|Waiblingen|Stuttgart-Bad Cannstatt,8000096,Stuttgart Hbf,Baden-Württemberg,Stuttgart,70173,9.183172973,48.78473069,1,2609102334,14,,,,,,,,,,,,0.0,0.0
6578504014529649907-2609102316-6,7575,2609102335,,2,,S,,Ludwigsburg|Kornwestheim Pbf|Stuttgart-Zuffenhausen|Stuttgart-Feuerbach|Stuttgart Nordbahnhof,8000096,Stuttgart Hbf,Baden-Württemberg,Stuttgart,70173,9.183172973,48.78473069,1,2609102335,,,,h,1,Bauarbeiten,,,,,,,0.0,0.0
-3328654811997120273-2609102317-1,7672,,2609102317,,,S,S6,,8000096,Stuttgart Hbf,Baden-Württemberg,Stuttgart,70173,9.183172973,48.78473069,1,,,2609102317,,h,1,Bauarbeiten,,,,,,,0.0,0.0
-7237297222650599866-2609102347-1,19441,,2609102347,,,ARV,MEX13,,8000096,Stuttgart Hbf,Baden-Württemberg,Stuttgart,70173,9.183172973,48.78473069,1,,,,,h,2,Information,,,,,,c,0.0,0.0
-5842345505256526084-2609102357-1,7576,,2609102357,,,S,S5,,8000096,Stuttgart Hbf,Baden-Württemberg,Stuttgart,70173,9.183172973,48.78473069,1,,,2609102357,,h,1,Bauarbeiten,,,,,,,0.0,0.0
147017097219018543-2609102248-16,19182,2609102350,,13,,ARV,,Geislingen(Steige)|Geislingen(Steige)West|Kuchen|Gingen(Fils)|Süßen|Salach|Eislingen(Fils)|Göppingen|Faurndau|Uhingen|Ebersbach(Fils)|Reichenbach(Fils)|Plochingen|Esslingen(Neckar)|Stuttgart-Bad Cannstatt,8000096,Stuttgart Hbf,Baden-Württemberg,Stuttgart,70173,9.183172973,48.78473069,1,,,,,,,,,,,,c,,0.0,0.0
-5177110216702378413-2609102216-10,19360,2609102306,,12,,RE,,Reutlingen Hbf|Metzingen(Württ)|Bempflingen|Nürtingen|Oberboihingen|Wendlingen(Neckar)|Plochingen|Esslingen(Neckar)|Stuttgart-Bad Cannstatt,8000096,Stuttgart Hbf,Baden-Württemberg,Stuttgart,70173,9.183172973,48.78473069,1,2609102309,,,,h,2,Störung,,,,,,,3.0,0.0
-5753279830124609145-2609102250-13,7175,2609102327,2609102327,1,,S,S1,Kirchheim(Teck)|Kirchheim(Teck)-Ötlingen|Wendlingen(Neckar)|Wernau(Neckar)|Plochingen|Altbach|Esslingen-Zell|Oberesslingen|Esslingen(Neckar)|Esslingen-Mettingen|Stuttgart-Obertürkheim|Stuttgart-Untertürkheim,8006743,Stuttgart Neckarpark,Baden-Württemberg,Stuttgart,70372,9.24106855,48.79194362,4,2609102327,,2609102327,,,,,,,,,,,0.0,0.0
-6275608324438357522-2609102325-3,7174,2609102332,2609102332,2,,S,S1,Stuttgart Hbf|Stuttgart-Bad Cannstatt,8006743,Stuttgart Neckarpark,Baden-Württemberg,Stuttgart,70372,9.24106855,48.79194362,4,2609102332,,2609102333,,,,,,,,,,,0.0,1.0
4705599029793291676-2609102320-13,7177,2609102357,2609102357,1,,S,S1,Kirchheim(Teck)|Kirchheim(Teck)-Ötlingen|Wendlingen(Neckar)|Wernau(Neckar)|Plochingen|Altbach|Esslingen-Zell|Oberesslingen|Esslingen(Neckar)|Esslingen-Mettingen|Stuttgart-Obertürkheim|Stuttgart-Untertürkheim,8006743,Stuttgart Neckarpark,Baden-Württemberg,Stuttgart,70372,9.24106855,48.79194362,4,2609102357,,2609102357,,,,,,,,,,,0.0,0.0
-5197983836264116534-2609102255-3,7172,2609102302,2609102302,2,,S,S1,Stuttgart Hbf|Stuttgart-Bad Cannstatt,8006743,Stuttgart Neckarpark,Baden-Württemberg,Stuttgart,70372,9.24106855,48.79194362,4,2609102307,,2609102307,,,,,,,,,,,5.0,5.0
5844079694201012734-2609102307-2,7470,2609102310,2609102311,3,,S,S4,Stuttgart Hbf,8005767,Stuttgart Nord,Baden-Württemberg,Stuttgard-Nord,70174,9.188061449,48.80374161,5,2609102311,,2609102312,,,,,,,,,,,1.0,1.0
5733563224153092938-2609102303-13,7475,2609102349,2609102351,4,,S,S4,Backnang|Burgstall(Murr)|Kirchberg(Murr)|Erdmannhausen|Marbach(Neckar)|Benningen(Neckar)|Freiberg(Neckar)|Favoritepark|Ludwigsburg|Kornwestheim Pbf|Stuttgart-Zuffenhausen|Stuttgart-Feuerbach,8005767,Stuttgart Nord,Baden-Württemberg,Stuttgard-Nord,70174,9.188061449,48.80374161,5,2609102349,,2609102352,,,,,,,,,,,0.0,1.0
7251830197396160216-2609102347-2,7674,2609102350,2609102352,3,,S,S6,Stuttgart Hbf,8005767,Stuttgart Nord,Baden-Württemberg,Stuttgard-Nord,70174,9.188061449,48.80374161,5,2609102351,,2609102352,,h,1,Bauarbeiten,,,,,,,1.0,0.0
3008894599226717977-2609102337-2,7472,2609102340,2609102341,3,,S,S4,Stuttgart Hbf,8005767,Stuttgart Nord,Baden-Württemberg,Stuttgard-Nord,70174,9.188061449,48.80374161,5,2609102341,,2609102342,,,,,,,,,,,1.0,1.0
-3011188424747458948-2609102257-2,7572,2609102300,2609102301,3,,S,S5,Stuttgart Hbf,8005767,Stuttgart Nord,Baden-Württemberg,Stuttgard-Nord,70174,9.188061449,48.80374161,5,2609102301,,2609102302,,h,1,Bauarbeiten,,,,,,,1.0,1.0
-5892665096062109286-2609102254-7,7673,2609102309,2609102311,4,,S,S6,Ditzingen|Weilimdorf|Korntal|Neuwirtshaus(Porscheplatz)|Stuttgart-Zuffenhausen|Stuttgart-Feuerbach,8005767,Stuttgart Nord,Baden-Württemberg,Stuttgard-Nord,70174,9.188061449,48.80374161,5,2609102309,,2609102311,,h,1,Bauarbeiten,,,,,,,0.0,0.0
6710183679405099080-2609102324-7,7675,2609102339,2609102341,4,,S,S6,Ditzingen|Weilimdorf|Korntal|Neuwirtshaus(Porscheplatz)|Stuttgart-Zuffenhausen|Stuttgart-Feuerbach,8005767,Stuttgart Nord,Baden-Württemberg,Stuttgard-Nord,70174,9.188061449,48.80374161,5,2609102339,,2609102341,,h,1,Bauarbeiten,,,,,,,0.0,0.0
2549669235541620341-2609102246-5,7573,2609102259,2609102301,4,,S,S5,Ludwigsburg|Kornwestheim Pbf|Stuttgart-Zuffenhausen|Stuttgart-Feuerbach,8005767,Stuttgart Nord,Baden-Württemberg,Stuttgard-Nord,70174,9.188061449,48.80374161,5,2609102259,,2609102301,,h,1,Bauarbeiten,,,,,,,0.0,0.0
-674299633319716956-2609102327-2,7574,2609102330,2609102331,3,,S,S5,Stuttgart Hbf,8005767,Stuttgart Nord,Baden-Württemberg,Stuttgard-Nord,70174,9.188061449,48.80374161,5,2609102331,,2609102331,,h,1,Bauarbeiten,,,,,,,1.0,0.0
1185018983986773480-2609102346-5,7577,2609102359,2609110001,4,,S,S5,Ludwigsburg|Kornwestheim Pbf|Stuttgart-Zuffenhausen|Stuttgart-Feuerbach,8005767,Stuttgart Nord,Baden-Württemberg,Stuttgard-Nord,70174,9.188061449,48.80374161,5,2609102359,,2609110002,,h,1,Bauarbeiten,,,,,,,0.0,1.0
1545875388134255836-2609102255-9,7473,2609102319,2609102321,4,,S,S4,Marbach(Neckar)|Benningen(Neckar)|Freiberg(Neckar)|Favoritepark|Ludwigsburg|Kornwestheim Pbf|Stuttgart-Zuffenhausen|Stuttgart-Feuerbach,8005767,Stuttgart Nord,Baden-Württemberg,Stuttgard-Nord,70174,9.188061449,48.80374161,5,2609102319,,2609102321,,,,,,,,,,,0.0,0.0
6578504014529649907-2609102316-5,7575,2609102329,2609102331,4,,S,S5,Ludwigsburg|Kornwestheim Pbf|Stuttgart-Zuffenhausen|Stuttgart-Feuerbach,8005767,Stuttgart Nord,Baden-Württemberg,Stuttgard-Nord,70174,9.188061449,48.80374161,5,2609102329,,2609102331,,h,1,Bauarbeiten,,,,,,,0.0,0.0
-3328654811997120273-2609102317-2,7672,2609102320,2609102322,3,,S,S6,Stuttgart Hbf,8005767,Stuttgart Nord,Baden-Württemberg,Stuttgard-Nord,70174,9.188061449,48.80374161,5,2609102321,,2609102322,,h,1,Bauarbeiten,,,,,,,1.0,0.0
-6617041224126724026-2609102320-3,7272,2609102327,2609102327,4,,S,S2,Stuttgart Hbf|Stuttgart-Bad Cannstatt,8004357,Stuttgart Nürnberger Straße,Baden-Württemberg,Stuttgart,70374,9.234576905,48.80656062,5,2609102328,,2609102329,,h,2,Bauarbeiten,,,,,,,1.0,2.0
-6065798673451795825-2609102350-3,7274,2609102357,2609102357,4,,S,S2,Stuttgart Hbf|Stuttgart-Bad Cannstatt,8004357,Stuttgart Nürnberger Straße,Baden-Württemberg,Stuttgart,70374,9.234576905,48.80656062,5,2609102358,,2609102359,,h,2,Bauarbeiten,,,,,,,1.0,2.0
-2519407903994888306-2609102312-3,7372,2609102322,2609102322,4,,S,S3,Stuttgart Hbf|Stuttgart-Bad Cannstatt,8004357,Stuttgart Nürnberger Straße,Baden-Württemberg,Stuttgart,70374,9.234576905,48.80656062,5,2609102322,,2609102323,,,,,,,,,,,0.0,1.0
-6309040329427903805-2609102233-13,7273,2609102302,2609102303,1,,S,S2,Schorndorf|Weiler(Rems)|Winterbach(b Schorndorf)|Geradstetten|Grunbach|Beutelsbach|Endersbach|Stetten-Beinstein|Rommelshausen|Waiblingen|Fellbach|Stuttgart-Sommerrain,8004357,Stuttgart Nürnberger Straße,Baden-Württemberg,Stuttgart,70374,9.234576905,48.80656062,5,2609102302,,2609102303,,h,2,Bauarbeiten,,,,,,,0.0,0.0
4235977593412169897-2609102342-3,7374,2609102352,2609102352,4,,S,S3,Stuttgart Hbf|Stuttgart-Bad Cannstatt,8004357,Stuttgart Nürnberger Straße,Baden-Württemberg,Stuttgart,70374,9.234576905,48.80656062,5,2609102352,,2609102353,,,,,,,,,,,0.0,1.0
-4957905266396441447-2609102311-10,7375,2609102337,2609102338,1,,S,S3,Backnang|Maubach|Nellmersbach|Winnenden|Schwaikheim|Neustadt-Hohenacker|Waiblingen|Fellbach|Stuttgart-Sommerrain,8004357,Stuttgart Nürnberger Straße,Baden-Württemberg,Stuttgart,70374,9.234576905,48.80656062,5,2609102337,,2609102338,,,,,,,,,,,0.0,0.0
-2279373399383894760-2609102241-10,7373,2609102307,2609102308,1,,S,S3,Backnang|Maubach|Nellmersbach|Winnenden|Schwaikheim|Neustadt-Hohenacker|Waiblingen|Fellbach|Stuttgart-Sommerrain,8004357,Stuttgart Nürnberger Straße,Baden-Württemberg,Stuttgart,70374,9.234576905,48.80656062,5,2609102307,,2609102308,,,,,,,,,,,0.0,0.0
1962327971982131461-2609102303-13,7275,2609102332,2609102333,1,,S,S2,Schorndorf|Weiler(Rems)|Winterbach(b Schorndorf)|Geradstetten|Grunbach|Beutelsbach|Endersbach|Stetten-Beinstein|Rommelshausen|Waiblingen|Fellbach|Stuttgart-Sommerrain,8004357,Stuttgart Nürnberger Straße,Baden-Württemberg,Stuttgart,70374,9.234576905,48.80656062,5,2609102332,,2609102333,,h,2,Bauarbeiten,,,,,,,0.0,0.0
-7917245534189458014-2609102255-2,17561,2609102258,2609102300,4,,RB,MEX90,Stuttgart Hbf,8005769,Stuttgart-Bad Cannstatt,Baden-Württemberg,Stuttgart,70372,9.217468636,48.80127978,3,2609102301,3,2609102301,3,h,2,Störung,,,,,,,3.0,1.0
6181068125164198804-2609102355-2,7176,2609102358,2609102359,3,,S,S1,Stuttgart Hbf,8005769,Stuttgart-Bad Cannstatt,Baden-Württemberg,Stuttgart,70372,9.217468636,48.80127978,3,2609102359,,2609102359,,,,,,,,,,,1.0,0.0
6962993513256562528-2609102342-2,19185,2609102345,2609102346,8,,ARV,MEX16,Stuttgart Hbf,8005769,Stuttgart-Bad Cannstatt,Baden-Württemberg,Stuttgart,70372,9.217468636,48.80127978,3,,,,,,,,,,,,c,c,0.0,0.0
-6617041224126724026-2609102320-2,7272,2609102324,2609102324,3,,S,S2,Stuttgart Hbf,8005769,Stuttgart-Bad Cannstatt,Baden-Württemberg,Stuttgart,70372,9.217468636,48.80127978,3,2609102326,,2609102326,,h,2,Bauarbeiten,,,,,,,2.0,2.0
-6065798673451795825-2609102350-2,7274,2609102354,2609102354,3,,S,S2,Stuttgart Hbf,8005769,Stuttgart-Bad Cannstatt,Baden-Württemberg,Stuttgart,70372,9.217468636,48.80127978,3,2609102354,,2609102356,,h,2,Bauarbeiten,,,,,,,0.0,2.0
-5753279830124609145-2609102250-14,7175,2609102330,2609102331,2,,S,S1,Kirchheim(Teck)|Kirchheim(Teck)-Ötlingen|Wendlingen(Neckar)|Wernau(Neckar)|Plochingen|Altbach|Esslingen-Zell|Oberesslingen|Esslingen(Neckar)|Esslingen-Mettingen|Stuttgart-Obertürkheim|Stuttgart-Untertürkheim|Stuttgart Neckarpark,8005769,Stuttgart-Bad Cannstatt,Baden-Württemberg,Stuttgart,70372,9.217468636,48.80127978,3,2609102330,,2609102331,,,,,,,,,,,0.0,0.0
-3862696523251175756-2609102220-14,7173,2609102300,2609102301,2,,S,S1,Kirchheim(Teck)|Kirchheim(Teck)-Ötlingen|Wendlingen(Neckar)|Wernau(Neckar)|Plochingen|Altbach|Esslingen-Zell|Oberesslingen|Esslingen(Neckar)|Esslingen-Mettingen|Stuttgart-Obertürkheim|Stuttgart-Untertürkheim|Stuttgart Neckarpark,8005769,Stuttgart-Bad Cannstatt,Baden-Württemberg,Stuttgart,70372,9.217468636,48.80127978,3,2609102303,,2609102304,,,,,,,,,,,3.0,3.0
-2519407903994888306-2609102312-2,7372,2609102316,2609102319,3,,S,S3,Stuttgart Hbf,8005769,Stuttgart-Bad Cannstatt,Baden-Württemberg,Stuttgart,70372,9.217468636,48.80127978,3,2609102316,,2609102319,,,,,,,,,,,0.0,0.0
-6309040329427903805-2609102233-14,7273,2609102305,2609102306,2,,S,S2,Schorndorf|Weiler(Rems)|Winterbach(b Schorndorf)|Geradstetten|Grunbach|Beutelsbach|Endersbach|Stetten-Beinstein|Rommelshausen|Waiblingen|Fellbach|Stuttgart-Sommerrain|Stuttgart Nürnberger Str.,8005769,Stuttgart-Bad Cannstatt,Baden-Württemberg,Stuttgart,70372,9.217468636,48.80127978,3,2609102306,,2609102307,,h,2,Bauarbeiten,,,,,,,1.0,1.0
-7007709070303320005-2609102303-2,19183,2609102307,2609102307,8,,ARV,MEX16,Stuttgart Hbf,8005769,Stuttgart-Bad Cannstatt,Baden-Württemberg,Stuttgart,70372,9.217468636,48.80127978,3,,,,,,,,,,,,c,c,0.0,0.0
4235977593412169897-2609102342-2,7374,2609102346,2609102349,3,,S,S3,Stuttgart Hbf,8005769,Stuttgart-Bad Cannstatt,Baden-Württemberg,Stuttgart,70372,9.217468636,48.80127978,3,2609102346,,2609102349,,,,,,,,,,,0.0,0.0
-4957905266396441447-2609102311-11,7375,2609102341,2609102343,2,,S,S3,Backnang|Maubach|Nellmersbach|Winnenden|Schwaikheim|Neustadt-Hohenacker|Waiblingen|Fellbach|Stuttgart-Sommerrain|Stuttgart Nürnberger Str.,8005769,Stuttgart-Bad Cannstatt,Baden-Württemberg,Stuttgart,70372,9.217468636,48.80127978,3,2609102341,,2609102343,,,,,,,,,,,0.0,0.0
-2279373399383894760-2609102241-11,7373,2609102311,2609102313,2,,S,S3,Backnang|Maubach|Nellmersbach|Winnenden|Schwaikheim|Neustadt-Hohenacker|Waiblingen|Fellbach|Stuttgart-Sommerrain|Stuttgart Nürnberger Str.,8005769,Stuttgart-Bad Cannstatt,Baden-Württemberg,Stuttgart,70372,9.217468636,48.80127978,3,2609102311,,2609102313,,,,,,,,,,,0.0,0.0
-6275608324438357522-2609102325-2,7174,2609102328,2609102329,3,,S,S1,Stuttgart Hbf,8005769,Stuttgart-Bad Cannstatt,Baden-Württemberg,Stuttgart,70372,9.217468636,48.80127978,3,2609102329,,2609102330,,,,,,,,,,,1.0,1.0
1962327971982131461-2609102303-14,7275,2609102335,2609102336,2,,S,S2,Schorndorf|Weiler(Rems)|Winterbach(b Schorndorf)|Geradstetten|Grunbach|Beutelsbach|Endersbach|Stetten-Beinstein|Rommelshausen|Waiblingen|Fellbach|Stuttgart-Sommerrain|Stuttgart Nürnberger Str.,8005769,Stuttgart-Bad Cannstatt,Baden-Württemberg,Stuttgart,70372,9.217468636,48.80127978,3,2609102336,,2609102336,,h,2,Bauarbeiten,,,,,,,1.0,0.0
-793656453369562013-2609102146-21,19180,2609102312,2609102312,5,,ARV,MEX16,Ulm Hbf|Beimerstetten|Westerstetten|Lonsee|Urspring|Amstetten(Württ)|Geislingen(Steige)|Geislingen(Steige)West|Kuchen|Gingen(Fils)|Süßen|Salach|Eislingen(Fils)|Göppingen|Faurndau|Uhingen|Ebersbach(Fils)|Reichenbach(Fils)|Plochingen|Esslingen(Neckar),8005769,Stuttgart-Bad Cannstatt,Baden-Württemberg,Stuttgart,70372,9.217468636,48.80127978,3,,,,,,,,,,,,c,c,0.0,0.0
-4648549312800637119-2609102314-3,19250,2609102327,2609102327,5,,RE,MEX18,Plochingen|Esslingen(Neckar),8005769,Stuttgart-Bad Cannstatt,Baden-Württemberg,Stuttgart,70372,9.217468636,48.80127978,3,2609102332,1,2609102333,1,h,2,Störung,,,,,,,5.0,6.0
-1565239122700519355-2609102232-10,17568,2609102328,2609102330,6,,RB,MEX19,Gaildorf West|Fichtenberg|Fornsbach|Murrhardt|Sulzbach(Murr)|Oppenweiler(Württ)|Backnang|Winnenden|Waiblingen,8005769,Stuttgart-Bad Cannstatt,Baden-Württemberg,Stuttgart,70372,9.217468636,48.80127978,3,2609102329,,2609102330,,,,,,,,,,,1.0,0.0
-7237297222650599866-2609102347-2,19441,2609102350,2609102352,7,,ARV,MEX13,Stuttgart Hbf,8005769,Stuttgart-Bad Cannstatt,Baden-Württemberg,Stuttgart,70372,9.217468636,48.80127978,3,,,,,h,2,Information,,,,,c,c,0.0,0.0
147017097219018543-2609102248-15,19182,2609102346,2609102347,5,,ARV,MEX16,Geislingen(Steige)|Geislingen(Steige)West|Kuchen|Gingen(Fils)|Süßen|Salach|Eislingen(Fils)|Göppingen|Faurndau|Uhingen|Ebersbach(Fils)|Reichenbach(Fils)|Plochingen|Esslingen(Neckar),8005769,Stuttgart-Bad Cannstatt,Baden-Württemberg,Stuttgart,70372,9.217468636,48.80127978,3,,,,,,,,,,,,c,c,0.0,0.0
-5177110216702378413-2609102216-9,19360,2609102302,2609102302,5,,RE,MEX12,Reutlingen Hbf|Metzingen(Württ)|Bempflingen|Nürtingen|Oberboihingen|Wendlingen(Neckar)|Plochingen|Esslingen(Neckar),8005769,Stuttgart-Bad Cannstatt,Baden-Württemberg,Stuttgart,70372,9.217468636,48.80127978,3,2609102304,,2609102305,,h,2,Störung,,,,,,,2.0,3.0
5844079694201012734-2609102307-3,7470,2609102313,2609102314,2,,S,S4,Stuttgart Hbf|Stuttgart Nordbahnhof,8005770,Stuttgart-Feuerbach,Baden-Württemberg,Feuerbach,70469,9.169186287,48.81363554,3,2609102313,,2609102314,,,,,,,,,,,0.0,0.0
5733563224153092938-2609102303-12,7475,2609102346,2609102347,1,,S,S4,Backnang|Burgstall(Murr)|Kirchberg(Murr)|Erdmannhausen|Marbach(Neckar)|Benningen(Neckar)|Freiberg(Neckar)|Favoritepark|Ludwigsburg|Kornwestheim Pbf|Stuttgart-Zuffenhausen,8005770,Stuttgart-Feuerbach,Baden-Württemberg,Feuerbach,70469,9.169186287,48.81363554,3,2609102346,,2609102347,,,,,,,,,,,0.0,0.0
7251830197396160216-2609102347-3,7674,2609102354,2609102354,2,,S,S6,Stuttgart Hbf|Stuttgart Nordbahnhof,8005770,Stuttgart-Feuerbach,Baden-Württemberg,Feuerbach,70469,9.169186287,48.81363554,3,2609102354,,2609102354,,h,1,Bauarbeiten,,,,,,,0.0,0.0
3008894599226717977-2609102337-3,7472,2609102343,2609102344,2,,S,S4,Stuttgart Hbf|Stuttgart Nordbahnhof,8005770,Stuttgart-Feuerbach,Baden-Württemberg,Feuerbach,70469,9.169186287,48.81363554,3,2609102344,,2609102344,,,,,,,,,,,1.0,0.0
-3011188424747458948-2609102257-3,7572,2609102303,2609102304,2,,S,S5,Stuttgart Hbf|Stuttgart Nordbahnhof,8005770,Stuttgart-Feuerbach,Baden-Württemberg,Feuerbach,70469,9.169186287,48.81363554,3,2609102303,,2609102304,,h,1,Bauarbeiten,,,,,,,0.0,0.0
-5892665096062109286-2609102254-6,7673,2609102306,2609102306,1,,S,S6,Ditzingen|Weilimdorf|Korntal|Neuwirtshaus(Porscheplatz)|Stuttgart-Zuffenhausen,8005770,Stuttgart-Feuerbach,Baden-Württemberg,Feuerbach,70469,9.169186287,48.81363554,3,2609102306,,2609102306,,h,1,Bauarbeiten,,,,,,,0.0,0.0
6710183679405099080-2609102324-6,7675,2609102336,2609102336,1,,S,S6,Ditzingen|Weilimdorf|Korntal|Neuwirtshaus(Porscheplatz)|Stuttgart-Zuffenhausen,8005770,Stuttgart-Feuerbach,Baden-Württemberg,Feuerbach,70469,9.169186287,48.81363554,3,2609102336,,2609102337,,h,1,Bauarbeiten,,,,,,,0.0,1.0
-674299633319716956-2609102327-3,7574,2609102333,2609102334,2,,S,S5,Stuttgart Hbf|Stuttgart Nordbahnhof,8005770,Stuttgart-Feuerbach,Baden-Württemberg,Feuerbach,70469,9.169186287,48.81363554,3,2609102333,,2609102334,,h,1,Bauarbeiten,,,,,,,0.0,0.0
1185018983986773480-2609102346-4,7577,2609102356,2609102356,1,,S,S5,Ludwigsburg|Kornwestheim Pbf|Stuttgart-Zuffenhausen,8005770,Stuttgart-Feuerbach,Baden-Württemberg,Feuerbach,70469,9.169186287,48.81363554,3,2609102356,,2609102356,,h,1,Bauarbeiten,,,,,,,0.0,0.0
1545875388134255836-2609102255-8,7473,2609102316,2609102317,1,,S,S4,Marbach(Neckar)|Benningen(Neckar)|Freiberg(Neckar)|Favoritepark|Ludwigsburg|Kornwestheim Pbf|Stuttgart-Zuffenhausen,8005770,Stuttgart-Feuerbach,Baden-Württemberg,Feuerbach,70469,9.169186287,48.81363554,3,2609102316,,2609102317,,,,,,,,,,,0.0,0.0
6578504014529649907-2609102316-4,7575,2609102326,2609102326,1,,S,S5,Ludwigsburg|Kornwestheim Pbf|Stuttgart-Zuffenhausen,8005770,Stuttgart-Feuerbach,Baden-Württemberg,Feuerbach,70469,9.169186287,48.81363554,3,2609102326,,2609102326,,h,1,Bauarbeiten,,,,,,,0.0,0.0
-3328654811997120273-2609102317-3,7672,2609102324,2609102324,2,,S,S6,Stuttgart Hbf|Stuttgart Nordbahnhof,8005770,Stuttgart-Feuerbach,Baden-Württemberg,Feuerbach,70469,9.169186287,48.81363554,3,2609102324,,2609102324,,h,1,Bauarbeiten,,,,,,,0.0,0.0
-5753279830124609145-2609102250-11,7175,2609102322,2609102322,5,,S,S1,Kirchheim(Teck)|Kirchheim(Teck)-Ötlingen|Wendlingen(Neckar)|Wernau(Neckar)|Plochingen|Altbach|Esslingen-Zell|Oberesslingen|Esslingen(Neckar)|Esslingen-Mettingen,8005772,Stuttgart-Obertürkheim,Baden-Württemberg,Stuttgart,70329,9.268167932,48.76175015,4,2609102322,,2609102322,,,,,,,,,,,0.0,0.0
-6275608324438357522-2609102325-5,7174,2609102337,2609102337,6,,S,S1,Stuttgart Hbf|Stuttgart-Bad Cannstatt|Stuttgart Neckarpark|Stuttgart-Untertürkheim,8005772,Stuttgart-Obertürkheim,Baden-Württemberg,Stuttgart,70329,9.268167932,48.76175015,4,2609102337,,2609102338,,,,,,,,,,,0.0,1.0
4705599029793291676-2609102320-11,7177,2609102352,2609102352,5,,S,S1,Kirchheim(Teck)|Kirchheim(Teck)-Ötlingen|Wendlingen(Neckar)|Wernau(Neckar)|Plochingen|Altbach|Esslingen-Zell|Oberesslingen|Esslingen(Neckar)|Esslingen-Mettingen,8005772,Stuttgart-Obertürkheim,Baden-Württemberg,Stuttgart,70329,9.268167932,48.76175015,4,2609102352,,2609102352,,,,,,,,,,,0.0,0.0
-5197983836264116534-2609102255-5,7172,2609102307,2609102307,6,,S,S1,Stuttgart Hbf|Stuttgart-Bad Cannstatt|Stuttgart Neckarpark|Stuttgart-Untertürkheim,8005772,Stuttgart-Obertürkheim,Baden-Württemberg,Stuttgart,70329,9.268167932,48.76175015,4,2609102311,,2609102312,,,,,,,,,,,4.0,5.0
2629905197525077527-2609102316-2,7773,2609102317,2609102323,2,,S,S1,Stuttgart-Vaihingen,8005773,Stuttgart-Rohr,Baden-Württemberg,Stuttgart,70565,9.108158025,48.71799427,4,2609102317,,2609102323,,,,,,,,,,,0.0,0.0
-4449289664459012618-2609102303-6,7972,2609102318,2609102319,3,,S,S2,Filderstadt|Stuttgart Flughafen/Messe|Echterdingen|Leinfelden|Oberaichen,8005773,Stuttgart-Rohr,Baden-Württemberg,Stuttgart,70565,9.108158025,48.71799427,4,2609102318,,2609102319,,,,,,,,,,,0.0,0.0
-2935564319618747934-2609102305-2,7973,2609102306,2609102312,2,,S,S2,Stuttgart-Vaihingen,8005773,Stuttgart-Rohr,Baden-Württemberg,Stuttgart,70565,9.108158025,48.71799427,4,2609102307,,2609102312,,,,,,,,,,,1.0,0.0
-7552157599667806188-2609102246-8,7774,2609102307,2609102308,3,,S,S1,Herrenberg|Nufringen|Gärtringen|Ehningen(b Böblingen)|Hulb|Böblingen|Goldberg(Württ),8005773,Stuttgart-Rohr,Baden-Württemberg,Stuttgart,70565,9.108158025,48.71799427,4,2609102309,,2609102310,,,,,,,,,,,2.0,2.0
-5662900889334396771-2609102316-8,7776,2609102337,2609102338,3,,S,S1,Herrenberg|Nufringen|Gärtringen|Ehningen(b Böblingen)|Hulb|Böblingen|Goldberg(Württ),8005773,Stuttgart-Rohr,Baden-Württemberg,Stuttgart,70565,9.108158025,48.71799427,4,2609102338,,2609102338,,,,,,,,,,,1.0,0.0
1870656160504428642-2609102333-6,7974,2609102348,2609102349,3,,S,S2,Filderstadt|Stuttgart Flughafen/Messe|Echterdingen|Leinfelden|Oberaichen,8005773,Stuttgart-Rohr,Baden-Württemberg,Stuttgart,70565,9.108158025,48.71799427,4,2609102348,,2609102349,,,,,,,,,,,0.0,0.0
3254218711381615406-2609102346-2,7775,2609102347,2609102353,2,,S,S1,Stuttgart-Vaihingen,8005773,Stuttgart-Rohr,Baden-Württemberg,Stuttgart,70565,9.108158025,48.71799427,4,2609102347,,2609102353,,,,,,,,,,,0.0,0.0
2043069556628672575-2609102335-2,7975,2609102336,2609102342,2,,S,S2,Stuttgart-Vaihingen,8005773,Stuttgart-Rohr,Baden-Württemberg,Stuttgart,70565,9.108158025,48.71799427,4,2609102337,,2609102342,,,,,,,,,,,1.0,0.0
-6617041224126724026-2609102320-4,7272,2609102329,2609102329,4,,S,S2,Stuttgart Hbf|Stuttgart-Bad Cannstatt|Stuttgart Nürnberger Str.,8005774,Stuttgart-Sommerrain,Baden-Württemberg,Stuttgart,70374,9.248369749,48.81521824,5,2609102330,,2609102331,,h,2,Bauarbeiten,,,,,,,1.0,2.0
-6065798673451795825-2609102350-4,7274,2609102359,2609102359,4,,S,S2,Stuttgart Hbf|Stuttgart-Bad Cannstatt|Stuttgart Nürnberger Str.,8005774,Stuttgart-Sommerrain,Baden-Württemberg,Stuttgart,70374,9.248369749,48.81521824,5,2609110001,,2609110001,,h,2,Bauarbeiten,,,,,,,2.0,2.0
-2519407903994888306-2609102312-4,7372,2609102324,2609102324,4,,S,S3,Stuttgart Hbf|Stuttgart-Bad Cannstatt|Stuttgart Nürnberger Str.,8005774,Stuttgart-Sommerrain,Baden-Württemberg,Stuttgart,70374,9.248369749,48.81521824,5,2609102325,,2609102325,,,,,,,,,,,1.0,1.0
-6309040329427903805-2609102233-12,7273,2609102300,2609102300,1,,S,S2,Schorndorf|Weiler(Rems)|Winterbach(b Schorndorf)|Geradstetten|Grunbach|Beutelsbach|Endersbach|Stetten-Beinstein|Rommelshausen|Waiblingen|Fellbach,8005774,Stuttgart-Sommerrain,Baden-Württemberg,Stuttgart,70374,9.248369749,48.81521824,5,2609102300,,2609102301,,h,2,Bauarbeiten,,,,,,,0.0,1.0
4235977593412169897-2609102342-4,7374,2609102354,2609102354,4,,S,S3,Stuttgart Hbf|Stuttgart-Bad Cannstatt|Stuttgart Nürnberger Str.,8005774,Stuttgart-Sommerrain,Baden-Württemberg,Stuttgart,70374,9.248369749,48.81521824,5,2609102354,,2609102355,,,,,,,,,,,0.0,1.0
-4957905266396441447-2609102311-9,7375,2609102335,2609102335,1,,S,S3,Backnang|Maubach|Nellmersbach|Winnenden|Schwaikheim|Neustadt-Hohenacker|Waiblingen|Fellbach,8005774,Stuttgart-Sommerrain,Baden-Württemberg,Stuttgart,70374,9.248369749,48.81521824,5,2609102335,,2609102335,,,,,,,,,,,0.0,0.0
-2279373399383894760-2609102241-9,7373,2609102305,2609102305,1,,S,S3,Backnang|Maubach|Nellmersbach|Winnenden|Schwaikheim|Neustadt-Hohenacker|Waiblingen|Fellbach,8005774,Stuttgart-Sommerrain,Baden-Württemberg,Stuttgart,70374,9.248369749,48.81521824,5,2609102305,,2609102305,,,,,,,,,,,0.0,0.0
1962327971982131461-2609102303-12,7275,2609102330,2609102330,1,,S,S2,Schorndorf|Weiler(Rems)|Winterbach(b Schorndorf)|Geradstetten|Grunbach|Beutelsbach|Endersbach|Stetten-Beinstein|Rommelshausen|Waiblingen|Fellbach,8005774,Stuttgart-Sommerrain,Baden-Württemberg,Stuttgart,70374,9.248369749,48.81521824,5,2609102330,,2609102330,,h,2,Bauarbeiten,,,,,,,0.0,0.0
-5753279830124609145-2609102250-12,7175,2609102325,2609102325,5,,S,S1,Kirchheim(Teck)|Kirchheim(Teck)-Ötlingen|Wendlingen(Neckar)|Wernau(Neckar)|Plochingen|Altbach|Esslingen-Zell|Oberesslingen|Esslingen(Neckar)|Esslingen-Mettingen|Stuttgart-Obertürkheim,8005775,Stuttgart-Untertürkheim Pbf,Baden-Württemberg,Stuttgart,70327,9.250467074,48.77984679,3,2609102325,,2609102325,,,,,,,,,,,0.0,0.0
-6275608324438357522-2609102325-4,7174,2609102334,2609102334,6,,S,S1,Stuttgart Hbf|Stuttgart-Bad Cannstatt|Stuttgart Neckarpark,8005775,Stuttgart-Untertürkheim Pbf,Baden-Württemberg,Stuttgart,70327,9.250467074,48.77984679,3,2609102334,,2609102335,,,,,,,,,,,0.0,1.0
4705599029793291676-2609102320-12,7177,2609102355,2609102355,5,,S,S1,Kirchheim(Teck)|Kirchheim(Teck)-Ötlingen|Wendlingen(Neckar)|Wernau(Neckar)|Plochingen|Altbach|Esslingen-Zell|Oberesslingen|Esslingen(Neckar)|Esslingen-Mettingen|Stuttgart-Obertürkheim,8005775,Stuttgart-Untertürkheim Pbf,Baden-Württemberg,Stuttgart,70327,9.250467074,48.77984679,3,2609102355,,2609102355,,,,,,,,,,,0.0,0.0
-5197983836264116534-2609102255-4,7172,2609102304,2609102304,6,,S,S1,Stuttgart Hbf|Stuttgart-Bad Cannstatt|Stuttgart Neckarpark,8005775,Stuttgart-Untertürkheim Pbf,Baden-Württemberg,Stuttgart,70327,9.250467074,48.77984679,3,2609102308,,2609102309,,,,,,,,,,,4.0,5.0
2629905197525077527-2609102316-1,7773,,2609102316,,,S,S1,,8005776,Stuttgart-Vaihingen,Baden-Württemberg,Stuttgart,70563,9.113913368,48.72698116,3,,,2609102316,,,,,,,,,,,0.0,0.0
-4449289664459012618-2609102303-7,7972,2609102320,,2,,S,,Filderstadt|Stuttgart Flughafen/Messe|Echterdingen|Leinfelden|Oberaichen|Stuttgart-Rohr,8005776,Stuttgart-Vaihingen,Baden-Württemberg,Stuttgart,70563,9.113913368,48.72698116,3,2609102320,,,,,,,,,,,,,0.0,0.0
-2935564319618747934-2609102305-1,7973,,2609102305,,,S,S2,,8005776,Stuttgart-Vaihingen,Baden-Württemberg,Stuttgart,70563,9.113913368,48.72698116,3,,,2609102305,,,,,,,,,,,0.0,0.0
-7552157599667806188-2609102246-9,7774,2609102310,,3,,S,,Herrenberg|Nufringen|Gärtringen|Ehningen(b Böblingen)|Hulb|Böblingen|Goldberg(Württ)|Stuttgart-Rohr,8005776,Stuttgart-Vaihingen,Baden-Württemberg,Stuttgart,70563,9.113913368,48.72698116,3,2609102312,,,,,,,,,,,,,2.0,0.0
-5662900889334396771-2609102316-9,7776,2609102340,,3,,S,,Herrenberg|Nufringen|Gärtringen|Ehningen(b Böblingen)|Hulb|Böblingen|Goldberg(Württ)|Stuttgart-Rohr,8005776,Stuttgart-Vaihingen,Baden-Württemberg,Stuttgart,70563,9.113913368,48.72698116,3,2609102340,,,,,,,,,,,,,0.0,0.0
1870656160504428642-2609102333-7,7974,2609102350,,2,,S,,Filderstadt|Stuttgart Flughafen/Messe|Echterdingen|Leinfelden|Oberaichen|Stuttgart-Rohr,8005776,Stuttgart-Vaihingen,Baden-Württemberg,Stuttgart,70563,9.113913368,48.72698116,3,2609102351,,,,,,,,,,,,,1.0,0.0
3254218711381615406-2609102346-1,7775,,2609102346,,,S,S1,,8005776,Stuttgart-Vaihingen,Baden-Württemberg,Stuttgart,70563,9.113913368,48.72698116,3,,,2609102346,,,,,,,,,,,0.0,0.0
2043069556628672575-2609102335-1,7975,,2609102335,,,S,S2,,8005776,Stuttgart-Vaihingen,Baden-Württemberg,Stuttgart,70563,9.113913368,48.72698116,3,,,2609102335,,,,,,,,,,,0.0,0.0
848495705669194349-2609102354-2,7677,2609102356,2609102356,2,,S,S6,Ditzingen,8006268,Stuttgart-Weilimdorf,Baden-Württemberg,Stuttgart,70499,9.094370086,48.82208429,5,2609102356,,2609102357,,h,1,Bauarbeiten,,,,,,,0.0,1.0
6710183679405099080-2609102324-2,7675,2609102326,2609102326,2,,S,S6,Ditzingen,8006268,Stuttgart-Weilimdorf,Baden-Württemberg,Stuttgart,70499,9.094370086,48.82208429,5,2609102326,,2609102327,,h,1,Bauarbeiten,,,,,,,0.0,1.0
-3328654811997120273-2609102317-7,7672,2609102333,2609102334,1,,S,S6,Stuttgart Hbf|Stuttgart Nordbahnhof|Stuttgart-Feuerbach|Stuttgart-Zuffenhausen|Neuwirtshaus(Porscheplatz)|Korntal,8006268,Stuttgart-Weilimdorf,Baden-Württemberg,Stuttgart,70499,9.094370086,48.82208429,5,2609102333,,2609102334,,h,1,Bauarbeiten,,,,,,,0.0,0.0
5891323909249949515-2609102247-7,7670,2609102303,2609102304,1,,S,S6,Stuttgart Hbf|Stuttgart Nordbahnhof|Stuttgart-Feuerbach|Stuttgart-Zuffenhausen|Neuwirtshaus(Porscheplatz)|Korntal,8006268,Stuttgart-Weilimdorf,Baden-Württemberg,Stuttgart,70499,9.094370086,48.82208429,5,2609102304,,2609102305,,h,1,Bauarbeiten,,,,,,,1.0,1.0
5844079694201012734-2609102307-4,7470,2609102316,2609102317,4,,S,S4,Stuttgart Hbf|Stuttgart Nordbahnhof|Stuttgart-Feuerbach,8005778,Stuttgart-Zuffenhausen,Baden-Württemberg,Stuttgart,70435,9.167156375,48.82960884,3,2609102316,,2609102317,,,,,,,,,,,0.0,0.0
5733563224153092938-2609102303-11,7475,2609102343,2609102344,2,,S,S4,Backnang|Burgstall(Murr)|Kirchberg(Murr)|Erdmannhausen|Marbach(Neckar)|Benningen(Neckar)|Freiberg(Neckar)|Favoritepark|Ludwigsburg|Kornwestheim Pbf,8005778,Stuttgart-Zuffenhausen,Baden-Württemberg,Stuttgart,70435,9.167156375,48.82960884,3,2609102344,,2609102345,,,,,,,,,,,1.0,1.0
7251830197396160216-2609102347-4,7674,2609102356,2609102357,11,,S,S6,Stuttgart Hbf|Stuttgart Nordbahnhof|Stuttgart-Feuerbach,8005778,Stuttgart-Zuffenhausen,Baden-Württemberg,Stuttgart,70435,9.167156375,48.82960884,3,2609102356,,2609102357,,h,1,Bauarbeiten,,,,,,,0.0,0.0
3008894599226717977-2609102337-4,7472,2609102346,2609102347,4,,S,S4,Stuttgart Hbf|Stuttgart Nordbahnhof|Stuttgart-Feuerbach,8005778,Stuttgart-Zuffenhausen,Baden-Württemberg,Stuttgart,70435,9.167156375,48.82960884,3,2609102346,,2609102347,,,,,,,,,,,0.0,0.0
-3011188424747458948-2609102257-4,7572,2609102306,2609102307,4,,S,S5,Stuttgart Hbf|Stuttgart Nordbahnhof|Stuttgart-Feuerbach,8005778,Stuttgart-Zuffenhausen,Baden-Württemberg,Stuttgart,70435,9.167156375,48.82960884,3,2609102306,,2609102307,,h,1,Bauarbeiten,,,,,,,0.0,0.0
-5892665096062109286-2609102254-5,7673,2609102303,2609102304,12,,S,S6,Ditzingen|Weilimdorf|Korntal|Neuwirtshaus(Porscheplatz),8005778,Stuttgart-Zuffenhausen,Baden-Württemberg,Stuttgart,70435,9.167156375,48.82960884,3,2609102303,,2609102304,,h,1,Bauarbeiten,,,,,,,0.0,0.0
6710183679405099080-2609102324-5,7675,2609102333,2609102334,12,,S,S6,Ditzingen|Weilimdorf|Korntal|Neuwirtshaus(Porscheplatz),8005778,Stuttgart-Zuffenhausen,Baden-Württemberg,Stuttgart,70435,9.167156375,48.82960884,3,2609102334,,2609102334,,h,1,Bauarbeiten,,,,,,,1.0,0.0
-674299633319716956-2609102327-4,7574,2609102336,2609102337,4,,S,S5,Stuttgart Hbf|Stuttgart Nordbahnhof|Stuttgart-Feuerbach,8005778,Stuttgart-Zuffenhausen,Baden-Württemberg,Stuttgart,70435,9.167156375,48.82960884,3,2609102336,,2609102337,,h,1,Bauarbeiten,,,,,,,0.0,0.0
1185018983986773480-2609102346-3,7577,2609102353,2609102354,2,,S,S5,Ludwigsburg|Kornwestheim Pbf,8005778,Stuttgart-Zuffenhausen,Baden-Württemberg,Stuttgart,70435,9.167156375,48.82960884,3,2609102353,,2609102354,,h,1,Bauarbeiten,,,,,,,0.0,0.0
1545875388134255836-2609102255-7,7473,2609102313,2609102314,2,,S,S4,Marbach(Neckar)|Benningen(Neckar)|Freiberg(Neckar)|Favoritepark|Ludwigsburg|Kornwestheim Pbf,8005778,Stuttgart-Zuffenhausen,Baden-Württemberg,Stuttgart,70435,9.167156375,48.82960884,3,2609102314,,2609102314,,,,,,,,,,,1.0,0.0
6578504014529649907-2609102316-3,7575,2609102323,2609102324,2,,S,S5,Ludwigsburg|Kornwestheim Pbf,8005778,Stuttgart-Zuffenhausen,Baden-Württemberg,Stuttgart,70435,9.167156375,48.82960884,3,2609102323,,2609102324,,h,1,Bauarbeiten,,,,,,,0.0,0.0
-3328654811997120273-2609102317-4,7672,2609102326,2609102327,11,,S,S6,Stuttgart Hbf|Stuttgart Nordbahnhof|Stuttgart-Feuerbach,8005778,Stuttgart-Zuffenhausen,Baden-Württemberg,Stuttgart,70435,9.167156375,48.82960884,3,2609102326,,2609102327,,h,1,Bauarbeiten,,,,,,,0.0,0.0
-7917245534189458014-2609102255-3,17561,2609102306,2609102307,3,,RB,MEX90,Stuttgart Hbf|Stuttgart-Bad Cannstatt,8000180,Waiblingen,Baden-Württemberg,Waiblingen,71332,9.300476874,48.8262444,3,2609102307,,2609102308,,h,2,Störung,,,,,,,1.0,1.0
-6617041224126724026-2609102320-6,7272,2609102334,2609102335,7,,S,S2,Stuttgart Hbf|Stuttgart-Bad Cannstatt|Stuttgart Nürnberger Str.|Stuttgart-Sommerrain|Fellbach,8000180,Waiblingen,Baden-Württemberg,Waiblingen,71332,9.300476874,48.8262444,3,2609102335,,2609102336,,h,2,Bauarbeiten,,,,,,,1.0,1.0
-2519407903994888306-2609102312-6,7372,2609102329,2609102330,3,,S,S3,Stuttgart Hbf|Stuttgart-Bad Cannstatt|Stuttgart Nürnberger Str.|Stuttgart-Sommerrain|Fellbach,8000180,Waiblingen,Baden-Württemberg,Waiblingen,71332,9.300476874,48.8262444,3,2609102330,,2609102331,,,,,,,,,,,1.0,1.0
4235977593412169897-2609102342-6,7374,2609102359,2609110000,3,,S,S3,Stuttgart Hbf|Stuttgart-Bad Cannstatt|Stuttgart Nürnberger Str.|Stuttgart-Sommerrain|Fellbach,8000180,Waiblingen,Baden-Württemberg,Waiblingen,71332,9.300476874,48.8262444,3,2609110000,,2609110001,,,,,,,,,,,1.0,1.0
840026004368016537-2609102307-10,19444,2609102358,2609102358,6,,ARV,MEX13,Aalen Hbf|Mögglingen(Gmünd)|Böbingen(Rems)|Schwäbisch Gmünd|Lorch(Württ)|Waldhausen(b Schorndorf)|Plüderhausen|Urbach(b Schorndorf)|Schorndorf,8000180,Waiblingen,Baden-Württemberg,Waiblingen,71332,9.300476874,48.8262444,3,2609110028,,2609110029,,h,2,Information,,,Aalen Hbf|Mögglingen(Gmünd)|Böbingen(Rems)|Schwäbisch Gmünd|Lorch(Württ)|Waldhausen(b Schorndorf)|Plüderhausen|Urbach(b Schorndorf)|Schorndorf,Stuttgart-Bad Cannstatt|Stuttgart Hbf,,,30.0,31.0
-2344980071254063452-2609102250-6,7270,2609102304,2609102305,7,,S,S2,Stuttgart Hbf|Stuttgart-Bad Cannstatt|Stuttgart Nürnberger Str.|Stuttgart-Sommerrain|Fellbach,8000180,Waiblingen,Baden-Württemberg,Waiblingen,71332,9.300476874,48.8262444,3,2609102305,,2609102305,,h,2,Bauarbeiten,,,,,,,1.0,0.0
-4957905266396441447-2609102311-7,7375,2609102329,2609102330,1,,S,S3,Backnang|Maubach|Nellmersbach|Winnenden|Schwaikheim|Neustadt-Hohenacker,8000180,Waiblingen,Baden-Württemberg,Waiblingen,71332,9.300476874,48.8262444,3,2609102329,,2609102330,,,,,,,,,,,0.0,0.0
-2279373399383894760-2609102241-7,7373,2609102259,2609102300,1,,S,S3,Backnang|Maubach|Nellmersbach|Winnenden|Schwaikheim|Neustadt-Hohenacker,8000180,Waiblingen,Baden-Württemberg,Waiblingen,71332,9.300476874,48.8262444,3,2609102259,,2609102300,,,,,,,,,,,0.0,0.0
1962327971982131461-2609102303-10,7275,2609102324,2609102325,5,,S,S2,Schorndorf|Weiler(Rems)|Winterbach(b Schorndorf)|Geradstetten|Grunbach|Beutelsbach|Endersbach|Stetten-Beinstein|Rommelshausen,8000180,Waiblingen,Baden-Württemberg,Waiblingen,71332,9.300476874,48.8262444,3,2609102324,,2609102325,,h,2,Bauarbeiten,,,,,,,0.0,0.0
-1263112065111090114-2609102328-10,7277,2609102354,2609102355,5,,S,S2,Schorndorf|Weiler(Rems)|Winterbach(b Schorndorf)|Geradstetten|Grunbach|Beutelsbach|Endersbach|Stetten-Beinstein|Rommelshausen,8000180,Waiblingen,Baden-Württemberg,Waiblingen,71332,9.300476874,48.8262444,3,2609102354,,2609102355,,h,2,Bauarbeiten,,,,,,,0.0,0.0
-7120372043677331542-2609102341-7,7377,2609102359,2609110000,1,,S,S3,Backnang|Maubach|Nellmersbach|Winnenden|Schwaikheim|Neustadt-Hohenacker,8000180,Waiblingen,Baden-Württemberg,Waiblingen,71332,9.300476874,48.8262444,3,2609110001,,2609110001,,,,,,,,,,,2.0,1.0
-1565239122700519355-2609102232-9,17568,2609102320,2609102321,1,,RB,MEX19,Gaildorf West|Fichtenberg|Fornsbach|Murrhardt|Sulzbach(Murr)|Oppenweiler(Württ)|Backnang|Winnenden,8000180,Waiblingen,Baden-Württemberg,Waiblingen,71332,9.300476874,48.8262444,3,2609102322,,2609102322,,,,,,,,,,,2.0,1.0
-547796110281084784-2609102242-6,7370,2609102259,2609102300,3,,S,S3,Stuttgart Hbf|Stuttgart-Bad Cannstatt|Stuttgart Nürnberger Str.|Stuttgart-Sommerrain|Fellbach,8000180,Waiblingen,Baden-Württemberg,Waiblingen,71332,9.300476874,48.8262444,3,2609102300,,2609102301,,,,,,,,,,,1.0,1.0
-434956897040815447-2609102326-5,26191,2609102344,2609102344,141,,SWE,RB76,Calw|Calw-Heumaden|Althengstett|Ostelsheim,8006271,Weil der Stadt,Baden-Württemberg,Weil der Stadt,71263,8.873189074,48.7557357,4,2609102345,,2609102346,,,,,,,,,,,1.0,2.0
1229142185322415263-2609102303-1,55943,,2609102303,,,S,S6,,8006271,Weil der Stadt,Baden-Württemberg,Weil der Stadt,71263,8.873189074,48.7557357,4,,,2609102304,2,,,,,,,,,,0.0,1.0
-1495880751383989105-2609102343-5,55942,2609102357,,,,S,,Leonberg|Rutesheim|Renningen|Malmsheim,8006271,Weil der Stadt,Baden-Württemberg,Weil der Stadt,71263,8.873189074,48.7557357,4,2609102358,2,,,,,,,,,,,,1.0,0.0
1436192093606522902-2609102313-5,55940,2609102327,,,,S,,Leonberg|Rutesheim|Renningen|Malmsheim,8006271,Weil der Stadt,Baden-Württemberg,Weil der Stadt,71263,8.873189074,48.7557357,4,2609102328,2,,,,,,,,,,,,1.0,0.0
-2611412375440839660-2609102258-2,26188,2609102301,2609102303,141,,SWE,RB76,Renningen,8006271,Weil der Stadt,Baden-Württemberg,Weil der Stadt,71263,8.873189074,48.7557357,4,2609102302,,2609102303,,,,,,,,,,,1.0,0.0
-4841912846237533524-2609102333-1,55945,,2609102333,,,S,S6,,8006271,Weil der Stadt,Baden-Württemberg,Weil der Stadt,71263,8.873189074,48.7557357,4,,,2609102333,1,,,,,,,,,,0.0,0.0
-6617041224126724026-2609102320-14,7272,2609102352,2609102352,1,,S,S2,Stuttgart Hbf|Stuttgart-Bad Cannstatt|Stuttgart Nürnberger Str.|Stuttgart-Sommerrain|Fellbach|Waiblingen|Rommelshausen|Stetten-Beinstein|Endersbach|Beutelsbach|Grunbach|Geradstetten|Winterbach(b Schorndorf),8006277,Weiler (Rems),Baden-Württemberg,Schorndorf,76314,9.501891172,48.80034585,5,2609102352,,2609102353,,h,2,Bauarbeiten,,,,,,,0.0,1.0
-2344980071254063452-2609102250-14,7270,2609102322,2609102322,1,,S,S2,Stuttgart Hbf|Stuttgart-Bad Cannstatt|Stuttgart Nürnberger Str.|Stuttgart-Sommerrain|Fellbach|Waiblingen|Rommelshausen|Stetten-Beinstein|Endersbach|Beutelsbach|Grunbach|Geradstetten|Winterbach(b Schorndorf),8006277,Weiler (Rems),Baden-Württemberg,Schorndorf,76314,9.501891172,48.80034585,5,2609102322,,2609102323,,h,2,Bauarbeiten,,,,,,,0.0,1.0
1962327971982131461-2609102303-2,7275,2609102306,2609102306,2,,S,S2,Schorndorf,8006277,Weiler (Rems),Baden-Württemberg,Schorndorf,76314,9.501891172,48.80034585,5,2609102306,,2609102306,,h,2,Bauarbeiten,,,,,,,0.0,0.0
-1263112065111090114-2609102328-2,7277,2609102331,2609102331,2,,S,S2,Schorndorf,8006277,Weiler (Rems),Baden-Württemberg,Schorndorf,76314,9.501891172,48.80034585,5,2609102336,,2609102336,,h,2,Bauarbeiten,,,,,,,5.0,5.0
1333668860778654429-2609102157-12,19367,2609102318,2609102318,2,,RE,MEX12,Heilbronn Hbf|Nordheim(Württ)|Lauffen(Neckar)|Kirchheim(Neckar)|Walheim(Württ)|Besigheim|Bietigheim-Bissingen|Ludwigsburg|Stuttgart Hbf|Esslingen(Neckar)|Plochingen,8006331,Wendlingen (Neckar),Baden-Württemberg,Wendlingen am Neckar,73240,9.373662098,48.67368917,3,2609102318,,2609102318,,h,2,Störung,,,,,,,0.0,0.0
-975220339809458292-2609102324-1,16077,,2609102324,,,RE,RE200,,8006331,Wendlingen (Neckar),Baden-Württemberg,Wendlingen am Neckar,73240,9.373662098,48.67368917,3,,,2609102324,,h,2,Störung,,,,,,,0.0,0.0
4705599029793291676-2609102320-3,7177,2609102327,2609102328,12,,S,S1,Kirchheim(Teck)|Kirchheim(Teck)-Ötlingen,8006331,Wendlingen (Neckar),Baden-Württemberg,Wendlingen am Neckar,73240,9.373662098,48.67368917,3,2609102327,,2609102328,,,,,,,,,,,0.0,0.0
-4165700884382640783-2609102316-6,19364,2609102340,2609102341,1,,RE,MEX12,Reutlingen Hbf|Metzingen(Württ)|Bempflingen|Nürtingen|Oberboihingen,8006331,Wendlingen (Neckar),Baden-Württemberg,Wendlingen am Neckar,73240,9.373662098,48.67368917,3,2609102339,,2609102341,,h,2,Störung,,,,,,,-1.0,0.0
-8289701104022316843-2609102225-13,7170,2609102302,2609102303,11,,S,S1,Stuttgart Hbf|Stuttgart-Bad Cannstatt|Stuttgart Neckarpark|Stuttgart-Untertürkheim|Stuttgart-Obertürkheim|Esslingen-Mettingen|Esslingen(Neckar)|Oberesslingen|Esslingen-Zell|Altbach|Plochingen|Wernau(Neckar),8006331,Wendlingen (Neckar),Baden-Württemberg,Wendlingen am Neckar,73240,9.373662098,48.67368917,3,2609102302,,2609102303,,,,,,,,,,,0.0,0.0
8092363418274949423-2609102350-3,7179,2609102357,2609102358,12,,S,S1,Kirchheim(Teck)|Kirchheim(Teck)-Ötlingen,8006331,Wendlingen (Neckar),Baden-Württemberg,Wendlingen am Neckar,73240,9.373662098,48.67368917,3,2609102357,,2609102359,,,,,,,,,,,0.0,1.0
-3211534586442104777-2609102230-11,19339,2609102350,2609102351,2,,RE,MEX18,Heilbronn Hbf|Nordheim(Württ)|Lauffen(Neckar)|Kirchheim(Neckar)|Walheim(Württ)|Besigheim|Bietigheim-Bissingen|Ludwigsburg|Esslingen(Neckar)|Plochingen,8006331,Wendlingen (Neckar),Baden-Württemberg,Wendlingen am Neckar,73240,9.373662098,48.67368917,3,2609110005,,2609110005,,h,2,Störung,,,,,,,15.0,14.0
-5197983836264116534-2609102255-13,7172,2609102333,2609102333,11,,S,S1,Stuttgart Hbf|Stuttgart-Bad Cannstatt|Stuttgart Neckarpark|Stuttgart-Untertürkheim|Stuttgart-Obertürkheim|Esslingen-Mettingen|Esslingen(Neckar)|Oberesslingen|Esslingen-Zell|Altbach|Plochingen|Wernau(Neckar),8006331,Wendlingen (Neckar),Baden-Württemberg,Wendlingen am Neckar,73240,9.373662098,48.67368917,3,2609102335,,2609102335,,,,,,,,,,,2.0,2.0
-5753279830124609145-2609102250-4,7175,2609102301,2609102301,1,,S,S1,Kirchheim(Teck)|Kirchheim(Teck)-Ötlingen|Wendlingen(Neckar),8006346,Wernau (Neckar),Baden-Württemberg,Wernau (Neckar),73249,9.413654423,48.69417221,4,2609102302,,2609102303,,,,,,,,,,,1.0,2.0
-6275608324438357522-2609102325-12,7174,2609102358,2609102359,2,,S,S1,Stuttgart Hbf|Stuttgart-Bad Cannstatt|Stuttgart Neckarpark|Stuttgart-Untertürkheim|Stuttgart-Obertürkheim|Esslingen-Mettingen|Esslingen(Neckar)|Oberesslingen|Esslingen-Zell|Altbach|Plochingen,8006346,Wernau (Neckar),Baden-Württemberg,Wernau (Neckar),73249,9.413654423,48.69417221,4,2609102358,,2609102359,,,,,,,,,,,0.0,0.0
4705599029793291676-2609102320-4,7177,2609102331,2609102331,1,,S,S1,Kirchheim(Teck)|Kirchheim(Teck)-Ötlingen|Wendlingen(Neckar),8006346,Wernau (Neckar),Baden-Württemberg,Wernau (Neckar),73249,9.413654423,48.69417221,4,2609102331,,2609102332,,,,,,,,,,,0.0,1.0
-5197983836264116534-2609102255-12,7172,2609102329,2609102329,2,,S,S1,Stuttgart Hbf|Stuttgart-Bad Cannstatt|Stuttgart Neckarpark|Stuttgart-Untertürkheim|Stuttgart-Obertürkheim|Esslingen-Mettingen|Esslingen(Neckar)|Oberesslingen|Esslingen-Zell|Altbach|Plochingen,8006346,Wernau (Neckar),Baden-Württemberg,Wernau (Neckar),73249,9.413654423,48.69417221,4,2609102330,,2609102331,,,,,,,,,,,1.0,2.0
-7917245534189458014-2609102255-4,17561,2609102313,2609102314,2,,RB,MEX90,Stuttgart Hbf|Stuttgart-Bad Cannstatt|Waiblingen,8006479,Winnenden,Baden-Württemberg,Winnenden,71364,9.392155928,48.8795625,3,2609102316,,2609102317,,h,2,Störung,,,,,,,3.0,3.0
-2519407903994888306-2609102312-9,7372,2609102339,2609102339,2,,S,S3,Stuttgart Hbf|Stuttgart-Bad Cannstatt|Stuttgart Nürnberger Str.|Stuttgart-Sommerrain|Fellbach|Waiblingen|Neustadt-Hohenacker|Schwaikheim,8006479,Winnenden,Baden-Württemberg,Winnenden,71364,9.392155928,48.8795625,3,2609102339,,2609102340,,,,,,,,,,,0.0,1.0
-4957905266396441447-2609102311-4,7375,2609102319,2609102320,3,,S,S3,Backnang|Maubach|Nellmersbach,8006479,Winnenden,Baden-Württemberg,Winnenden,71364,9.392155928,48.8795625,3,2609102319,,2609102320,,,,,,,,,,,0.0,0.0
-7120372043677331542-2609102341-4,7377,2609102349,2609102350,3,,S,S3,Backnang|Maubach|Nellmersbach,8006479,Winnenden,Baden-Württemberg,Winnenden,71364,9.392155928,48.8795625,3,2609102351,,2609102351,,,,,,,,,,,2.0,1.0
-1565239122700519355-2609102232-8,17568,2609102313,2609102314,3,,RB,MEX19,Gaildorf West|Fichtenberg|Fornsbach|Murrhardt|Sulzbach(Murr)|Oppenweiler(Württ)|Backnang,8006479,Winnenden,Baden-Württemberg,Winnenden,71364,9.392155928,48.8795625,3,2609102314,,2609102315,,,,,,,,,,,1.0,1.0
-547796110281084784-2609102242-9,7370,2609102309,2609102309,2,,S,S3,Stuttgart Hbf|Stuttgart-Bad Cannstatt|Stuttgart Nürnberger Str.|Stuttgart-Sommerrain|Fellbach|Waiblingen|Neustadt-Hohenacker|Schwaikheim,8006479,Winnenden,Baden-Württemberg,Winnenden,71364,9.392155928,48.8795625,3,2609102310,,2609102310,,,,,,,,,,,1.0,1.0
-6617041224126724026-2609102320-13,7272,2609102350,2609102350,2,,S,S2,Stuttgart Hbf|Stuttgart-Bad Cannstatt|Stuttgart Nürnberger Str.|Stuttgart-Sommerrain|Fellbach|Waiblingen|Rommelshausen|Stetten-Beinstein|Endersbach|Beutelsbach|Grunbach|Geradstetten,8006485,Winterbach (b Schorndorf),Baden-Württemberg,Winterbach,73650,9.481549751,48.79842743,4,2609102350,,2609102351,,h,2,Bauarbeiten,,,,,,,0.0,1.0
-2344980071254063452-2609102250-13,7270,2609102320,2609102320,2,,S,S2,Stuttgart Hbf|Stuttgart-Bad Cannstatt|Stuttgart Nürnberger Str.|Stuttgart-Sommerrain|Fellbach|Waiblingen|Rommelshausen|Stetten-Beinstein|Endersbach|Beutelsbach|Grunbach|Geradstetten,8006485,Winterbach (b Schorndorf),Baden-Württemberg,Winterbach,73650,9.481549751,48.79842743,4,2609102320,,2609102321,,h,2,Bauarbeiten,,,,,,,0.0,1.0
1962327971982131461-2609102303-3,7275,2609102308,2609102308,1,,S,S2,Schorndorf|Weiler(Rems),8006485,Winterbach (b Schorndorf),Baden-Württemberg,Winterbach,73650,9.481549751,48.79842743,4,2609102308,,2609102308,,h,2,Bauarbeiten,,,,,,,0.0,0.0
-1263112065111090114-2609102328-3,7277,2609102333,2609102333,1,,S,S2,Schorndorf|Weiler(Rems),8006485,Winterbach (b Schorndorf),Baden-Württemberg,Winterbach,73650,9.481549751,48.79842743,4,2609102338,,2609102338,,h,2,Bauarbeiten,,,,,,,5.0,5.0
1851201085371332579-2609102339-3,7076,2609102345,2609102345,2,,S,S60,Renningen|Renningen Süd,8003807,Magstadt,Baden-Württemberg,Magstadt,71106,8.965315746,48.73616033,6,2609102346,,2609102347,,h,1,Bauarbeiten,,,,,,,1.0,2.0
7722730552485304498-2609102309-3,7074,2609102315,2609102315,2,,S,S60,Renningen|Renningen Süd,8003807,Magstadt,Baden-Württemberg,Magstadt,71106,8.965315746,48.73616033,6,2609102316,,2609102316,,h,1,Bauarbeiten,,,,,,,1.0,1.0
3150370635624129361-2609102304-5,7073,2609102313,2609102314,1,,S,S60,Böblingen|Sindelfingen|Maichingen|Maichingen Nord,8003807,Magstadt,Baden-Württemberg,Magstadt,71106,8.965315746,48.73616033,6,2609102314,,2609102314,,h,1,Bauarbeiten,,,,,,,1.0,0.0
3929535977463866299-2609102334-5,7075,2609102343,2609102344,1,,S,S60,Böblingen|Sindelfingen|Maichingen|Maichingen Nord,8003807,Magstadt,Baden-Württemberg,Magstadt,71106,8.965315746,48.73616033,6,2609102344,,2609102345,,h,1,Bauarbeiten,,,,,,,1.0,1.0
1851201085371332579-2609102339-4,7076,2609102347,2609102347,2,,S,S60,Renningen|Renningen Süd|Magstadt,8003834,Maichingen Nord,Baden-Württemberg,Sindelfingen,71069,8.979416996,48.72750392,5,2609102348,,2609102348,,h,1,Bauarbeiten,,,,,,,1.0,1.0
7722730552485304498-2609102309-4,7074,2609102317,2609102317,2,,S,S60,Renningen|Renningen Süd|Magstadt,8003834,Maichingen Nord,Baden-Württemberg,Sindelfingen,71069,8.979416996,48.72750392,5,2609102318,,2609102319,,h,1,Bauarbeiten,,,,,,,1.0,2.0
3150370635624129361-2609102304-4,7073,2609102311,2609102311,1,,S,S60,Böblingen|Sindelfingen|Maichingen,8003834,Maichingen Nord,Baden-Württemberg,Sindelfingen,71069,8.979416996,48.72750392,5,2609102312,,2609102312,,h,1,Bauarbeiten,,,,,,,1.0,1.0
3929535977463866299-2609102334-4,7075,2609102341,2609102341,1,,S,S60,Böblingen|Sindelfingen|Maichingen,8003834,Maichingen Nord,Baden-Württemberg,Sindelfingen,71069,8.979416996,48.72750392,5,2609102342,,2609102342,,h,1,Bauarbeiten,,,,,,,1.0,1.0
1851201085371332579-2609102339-5,7076,2609102349,2609102349,1,,S,S60,Renningen|Renningen Süd|Magstadt|Maichingen Nord,8003808,Maichingen,Baden-Württemberg,Sindelfingen,71069,8.969606704,48.72162074,6,2609102350,,2609102350,,h,1,Bauarbeiten,,,,,,,1.0,1.0
7722730552485304498-2609102309-5,7074,2609102319,2609102319,1,,S,S60,Renningen|Renningen Süd|Magstadt|Maichingen Nord,8003808,Maichingen,Baden-Württemberg,Sindelfingen,71069,8.969606704,48.72162074,6,2609102320,,2609102320,,h,1,Bauarbeiten,,,,,,,1.0,1.0
3150370635624129361-2609102304-3,7073,2609102309,2609102310,1,,S,S60,Böblingen|Sindelfingen,8003808,Maichingen,Baden-Württemberg,Sindelfingen,71069,8.969606704,48.72162074,6,2609102310,,2609102311,,h,1,Bauarbeiten,,,,,,,1.0,1.0
3929535977463866299-2609102334-3,7075,2609102339,2609102340,1,,S,S60,Böblingen|Sindelfingen,8003808,Maichingen,Baden-Württemberg,Sindelfingen,71069,8.969606704,48.72162074,6,2609102340,,2609102341,,h,1,Bauarbeiten,,,,,,,1.0,1.0
1851201085371332579-2609102339-2,7076,2609102341,2609102341,2,,S,S60,Renningen,8005001,Renningen Süd,Baden-Württemberg,Renningen,71272,8.932068278,48.76261937,6,2609102342,,2609102343,,h,1,Bauarbeiten,,,,,,,1.0,2.0
7722730552485304498-2609102309-2,7074,2609102311,2609102311,2,,S,S60,Renningen,8005001,Renningen Süd,Baden-Württemberg,Renningen,71272,8.932068278,48.76261937,6,2609102312,,2609102313,,h,1,Bauarbeiten,,,,,,,1.0,2.0
3150370635624129361-2609102304-6,7073,2609102317,2609102318,1,,S,S60,Böblingen|Sindelfingen|Maichingen|Maichingen Nord|Magstadt,8005001,Renningen Süd,Baden-Württemberg,Renningen,71272,8.932068278,48.76261937,6,2609102318,,2609102318,,h,1,Bauarbeiten,,,,,,,1.0,0.0
3929535977463866299-2609102334-6,7075,2609102347,2609102348,1,,S,S60,Böblingen|Sindelfingen|Maichingen|Maichingen Nord|Magstadt,8005001,Renningen Süd,Baden-Württemberg,Renningen,71272,8.932068278,48.76261937,6,2609102348,,2609102349,,h,1,Bauarbeiten,,,,,,,1.0,1.0
