ID,train_number,planned_arrival,planned_departure,planned_platform,planned_status,category_train,train,path,eva_nr,station_name,station_state,station_city,station_zipcode,station_long,station_lat,station_category,changed_arrival,changed_platform_arrival,changed_departure,changed_platform_departure,message_status,priority,info,arrival_hidden,departure_hidden,arrival_path,departure_path,arrival_status,departure_status,arrival_delay_m,departure_delay_m
2988814004659936288-2609070820-6,7117,2609070839,2609070840,3,,S,S1,Kirchheim(Teck)|Kirchheim(Teck)-Ötlingen|Wendlingen(Neckar)|Wernau(Neckar)|Plochingen,8000508,Altbach,Baden-Württemberg,Altbach,73776,9.382434033,48.72031354,3,2609070839,,2609070840,,,,,,,,,,,0.0,0.0
7462677850950360621-2609070825-10,7114,2609070850,2609070850,4,,S,S1,Stuttgart Hbf|Stuttgart-Bad Cannstatt|Stuttgart Neckarpark|Stuttgart-Untertürkheim|Stuttgart-Obertürkheim|Esslingen-Mettingen|Esslingen(Neckar)|Oberesslingen|Esslingen-Zell,8000508,Altbach,Baden-Württemberg,Altbach,73776,9.382434033,48.72031354,3,2609070850,,2609070850,,,,,,,,,,,0.0,0.0
-6750459440429737938-2609070755-10,7112,2609070820,2609070820,4,,S,S1,Stuttgart Hbf|Stuttgart-Bad Cannstatt|Stuttgart Neckarpark|Stuttgart-Untertürkheim|Stuttgart-Obertürkheim|Esslingen-Mettingen|Esslingen(Neckar)|Oberesslingen|Esslingen-Zell,8000508,Altbach,Baden-Württemberg,Altbach,73776,9.382434033,48.72031354,3,2609070820,,2609070821,,,,,,,,,,,0.0,1.0
-7908498233924216314-2609070750-6,7115,2609070809,2609070810,3,,S,S1,Kirchheim(Teck)|Kirchheim(Teck)-Ötlingen|Wendlingen(Neckar)|Wernau(Neckar)|Plochingen,8000508,Altbach,Baden-Württemberg,Altbach,73776,9.382434033,48.72031354,3,2609070812,,2609070812,,,,,,,,,,,3.0,2.0
-3998053100664762308-2609070807-3,7515,2609070812,2609070813,3,,S,S5,Bietigheim-Bissingen|Tamm(Württ),8000630,Asperg,Baden-Württemberg,Asperg,71679,9.147977466,48.90725609,4,2609070812,,2609070813,,,,,,,,,,,0.0,0.0
-8163811491625378496-2609070827-7,7514,2609070847,2609070847,4,,S,S5,Stuttgart Hbf|Stuttgart Nordbahnhof|Stuttgart-Feuerbach|Stuttgart-Zuffenhausen|Kornwestheim Pbf|Ludwigsburg,8000630,Asperg,Baden-Württemberg,Asperg,71679,9.147977466,48.90725609,4,2609070848,,2609070849,,,,,,,,,,,1.0,2.0
-4928326504801899421-2609070757-7,7512,2609070817,2609070817,4,,S,S5,Stuttgart Hbf|Stuttgart Nordbahnhof|Stuttgart-Feuerbach|Stuttgart-Zuffenhausen|Kornwestheim Pbf|Ludwigsburg,8000630,Asperg,Baden-Württemberg,Asperg,71679,9.147977466,48.90725609,4,2609070818,,2609070819,,,,,,,,,,,1.0,2.0
-1072643669346294455-2609070837-3,7517,2609070842,2609070843,3,,S,S5,Bietigheim-Bissingen|Tamm(Württ),8000630,Asperg,Baden-Württemberg,Asperg,71679,9.147977466,48.90725609,4,2609070842,,2609070843,,,,,,,,,,,0.0,0.0
-8714228285082007604-2609070742-12,7310,2609070818,,5,,S,,Stuttgart Hbf|Stuttgart-Bad Cannstatt|Stuttgart Nürnberger Str.|Stuttgart-Sommerrain|Fellbach|Waiblingen|Neustadt-Hohenacker|Schwaikheim|Winnenden|Nellmersbach|Maubach,8000016,Backnang,Baden-Württemberg,Backnang,71522,9.425986107,48.94264844,3,2609070821,,,,,,,,,,,,,3.0,0.0
1080395120727352298-2609070754-5,17511,2609070820,2609070821,4,,RB,MEX90,Stuttgart Hbf|Stuttgart-Bad Cannstatt|Waiblingen|Winnenden,8000016,Backnang,Baden-Württemberg,Backnang,71522,9.425986107,48.94264844,3,2609070824,,2609070825,,h,2,Störung,,,,,,,4.0,4.0
2609828090178333250-2609070826-5,17515,2609070851,2609070852,4,,RB,MEX19,Stuttgart Hbf|Stuttgart-Bad Cannstatt|Waiblingen|Winnenden,8000016,Backnang,Baden-Württemberg,Backnang,71522,9.425986107,48.94264844,3,2609070851,,2609070852,,,,,,,,,,,0.0,0.0
4239966119888045037-2609070737-14,7408,2609070822,,1,,S,,Stuttgart Hbf|Stuttgart Nordbahnhof|Stuttgart-Feuerbach|Stuttgart-Zuffenhausen|Kornwestheim Pbf|Ludwigsburg|Favoritepark|Freiberg(Neckar)|Benningen(Neckar)|Marbach(Neckar)|Erdmannhausen|Kirchberg(Murr)|Burgstall(Murr),8000016,Backnang,Baden-Württemberg,Backnang,71522,9.425986107,48.94264844,3,2609070822,,,,,,,,,,,,,0.0,0.0
-3992047670892155392-2609070807-14,7410,2609070852,,1,,S,,Stuttgart Hbf|Stuttgart Nordbahnhof|Stuttgart-Feuerbach|Stuttgart-Zuffenhausen|Kornwestheim Pbf|Ludwigsburg|Favoritepark|Freiberg(Neckar)|Benningen(Neckar)|Marbach(Neckar)|Erdmannhausen|Kirchberg(Murr)|Burgstall(Murr),8000016,Backnang,Baden-Württemberg,Backnang,71522,9.425986107,48.94264844,3,2609070855,,,,,,,,,,,,,3.0,0.0
-3592468245100533836-2609070812-12,7312,2609070848,,5,,S,,Stuttgart Hbf|Stuttgart-Bad Cannstatt|Stuttgart Nürnberger Str.|Stuttgart-Sommerrain|Fellbach|Waiblingen|Neustadt-Hohenacker|Schwaikheim|Winnenden|Nellmersbach|Maubach,8000016,Backnang,Baden-Württemberg,Backnang,71522,9.425986107,48.94264844,3,2609070848,,,,,,,,,,,,,0.0,0.0
-6137963727532018215-2609070720-8,17512,2609070806,2609070807,4,,RB,MEX90,Schwäbisch Hall-Hessental|Gaildorf West|Fichtenberg|Fornsbach|Murrhardt|Sulzbach(Murr)|Oppenweiler(Württ),8000016,Backnang,Baden-Württemberg,Backnang,71522,9.425986107,48.94264844,3,2609070806,,2609070807,,h,2,Störung,,,,,,,0.0,0.0
-1396515843662350065-2609070803-1,7415,,2609070803,,,S,S4,,8000016,Backnang,Baden-Württemberg,Backnang,71522,9.425986107,48.94264844,3,,,2609070803,,,,,,,,,,,0.0,0.0
7107141703960527681-2609070833-1,7417,,2609070833,,,S,S4,,8000016,Backnang,Baden-Württemberg,Backnang,71522,9.425986107,48.94264844,3,,,2609070834,,,,,,,,,,,0.0,1.0
-6826708456044057474-2609070811-1,7315,,2609070811,,,S,S3,,8000016,Backnang,Baden-Württemberg,Backnang,71522,9.425986107,48.94264844,3,,,2609070811,,,,,,,,,,,0.0,0.0
8832461638795716901-2609070841-1,7317,,2609070841,,,S,S3,,8000016,Backnang,Baden-Württemberg,Backnang,71522,9.425986107,48.94264844,3,,,2609070842,,,,,,,,,,,0.0,1.0
-7629876309056008994-2609070637-16,88610,2609070836,2609070838,4,,ARV,RE90,Nürnberg Hbf|Roßtal|Heilsbronn|Wicklesgreuth|Ansbach|Leutershausen-Wiedersbach|Dombühl|Schnelldorf|Crailsheim|Eckartshausen-Ilshofen|Schwäbisch Hall-Hessental|Gaildorf West|Murrhardt|Sulzbach(Murr)|Oppenweiler(Württ),8000016,Backnang,Baden-Württemberg,Backnang,71522,9.425986107,48.94264844,3,2609070838,,2609070839,,,,,,,,,p,p,2.0,1.0
4239966119888045037-2609070737-9,7408,2609070802,2609070803,1,,S,S4,Stuttgart Hbf|Stuttgart Nordbahnhof|Stuttgart-Feuerbach|Stuttgart-Zuffenhausen|Kornwestheim Pbf|Ludwigsburg|Favoritepark|Freiberg(Neckar),8000873,Benningen (Neckar),Baden-Württemberg,Benningen am Neckar,71726,9.244299075,48.94379773,5,2609070804,,2609070805,,,,,,,,,,,2.0,2.0
-3992047670892155392-2609070807-9,7410,2609070832,2609070833,1,,S,S4,Stuttgart Hbf|Stuttgart Nordbahnhof|Stuttgart-Feuerbach|Stuttgart-Zuffenhausen|Kornwestheim Pbf|Ludwigsburg|Favoritepark|Freiberg(Neckar),8000873,Benningen (Neckar),Baden-Württemberg,Benningen am Neckar,71726,9.244299075,48.94379773,5,2609070836,,2609070837,,,,,,,,,,,4.0,4.0
-1396515843662350065-2609070803-6,7415,2609070827,2609070827,2,,S,S4,Backnang|Burgstall(Murr)|Kirchberg(Murr)|Erdmannhausen|Marbach(Neckar),8000873,Benningen (Neckar),Baden-Württemberg,Benningen am Neckar,71726,9.244299075,48.94379773,5,2609070827,,2609070828,,,,,,,,,,,0.0,1.0
7107141703960527681-2609070833-6,7417,2609070857,2609070857,2,,S,S4,Backnang|Burgstall(Murr)|Kirchberg(Murr)|Erdmannhausen|Marbach(Neckar),8000873,Benningen (Neckar),Baden-Württemberg,Benningen am Neckar,71726,9.244299075,48.94379773,5,2609070859,,2609070900,,,,,,,,,,,2.0,3.0
-6187813548789768480-2609070750-10,7210,2609070813,2609070813,1,,S,S2,Stuttgart Hbf|Stuttgart-Bad Cannstatt|Stuttgart Nürnberger Str.|Stuttgart-Sommerrain|Fellbach|Waiblingen|Rommelshausen|Stetten-Beinstein|Endersbach,8000934,Beutelsbach,Baden-Württemberg,Weinstadt,71384,9.38551589,48.81038925,5,2609070816,,2609070817,,h,2,Bauarbeiten,,,,,,,3.0,4.0
4710214702648447253-2609070820-10,7212,2609070843,2609070843,1,,S,S2,Stuttgart Hbf|Stuttgart-Bad Cannstatt|Stuttgart Nürnberger Str.|Stuttgart-Sommerrain|Fellbach|Waiblingen|Rommelshausen|Stetten-Beinstein|Endersbach,8000934,Beutelsbach,Baden-Württemberg,Weinstadt,71384,9.38551589,48.81038925,5,2609070843,,2609070843,,h,2,Bauarbeiten,,,,,,,0.0,0.0
-5804237943130712983-2609070803-6,7215,2609070815,2609070815,2,,S,S2,Schorndorf|Weiler(Rems)|Winterbach(b Schorndorf)|Geradstetten|Grunbach,8000934,Beutelsbach,Baden-Württemberg,Weinstadt,71384,9.38551589,48.81038925,5,2609070820,,2609070820,,h,2,Bauarbeiten,,,,,,,5.0,5.0
-5128631246468454871-2609070833-6,7217,2609070845,2609070845,2,,S,S2,Schorndorf|Weiler(Rems)|Winterbach(b Schorndorf)|Geradstetten|Grunbach,8000934,Beutelsbach,Baden-Württemberg,Weinstadt,71384,9.38551589,48.81038925,5,2609070847,,2609070847,,h,2,Bauarbeiten,,,,,,,2.0,2.0
-3866662720466624496-2609070808-3,74752,2609070828,2609070829,,,ARV,RE8,Stuttgart Hbf|Ludwigsburg,8000038,Bietigheim-Bissingen,Baden-Württemberg,Bietigheim-Bissingen,74321,9.137217396,48.94794988,2,2609070828,10,2609070829,10,,,,,,,,,,0.0,0.0
-1598214583654938580-2609070832-1,19554,,2609070832,,,RE,MEX17,,8000038,Bietigheim-Bissingen,Baden-Württemberg,Bietigheim-Bissingen,74321,9.137217396,48.94794988,2,,,2609070832,,h,2,Störung,,,,,,,0.0,0.0
5752082848521759462-2609070717-12,19220,2609070835,2609070836,10,,RE,MEX12,Reutlingen Hbf|Metzingen(Württ)|Bempflingen|Nürtingen|Oberboihingen|Wendlingen(Neckar)|Plochingen|Esslingen(Neckar)|Stuttgart-Bad Cannstatt|Stuttgart Hbf|Ludwigsburg,8000038,Bietigheim-Bissingen,Baden-Württemberg,Bietigheim-Bissingen,74321,9.137217396,48.94794988,2,2609070839,,2609070840,,h,2,Störung,,,,,,,4.0,4.0
7199693552389534213-2609070830-7,19357,2609070854,2609070856,8,,RE,MEX12,Heilbronn Hbf|Nordheim(Württ)|Lauffen(Neckar)|Kirchheim(Neckar)|Walheim(Württ)|Besigheim,8000038,Bietigheim-Bissingen,Baden-Württemberg,Bietigheim-Bissingen,74321,9.137217396,48.94794988,2,2609070901,,2609070903,,h,2,Störung,,,,,,,7.0,7.0
-3998053100664762308-2609070807-1,7515,,2609070807,,,S,S5,,8000038,Bietigheim-Bissingen,Baden-Württemberg,Bietigheim-Bissingen,74321,9.137217396,48.94794988,2,,,2609070807,6,,,,,,,,,,0.0,0.0
-1886871274879829774-2609070804-1,19504,,2609070804,,,RE,MEX17,,8000038,Bietigheim-Bissingen,Baden-Württemberg,Bietigheim-Bissingen,74321,9.137217396,48.94794988,2,,,2609070805,,h,2,Störung,,,,,,,0.0,1.0
-8163811491625378496-2609070827-9,7514,2609070854,,,,S,,Stuttgart Hbf|Stuttgart Nordbahnhof|Stuttgart-Feuerbach|Stuttgart-Zuffenhausen|Kornwestheim Pbf|Ludwigsburg|Asperg|Tamm(Württ),8000038,Bietigheim-Bissingen,Baden-Württemberg,Bietigheim-Bissingen,74321,9.137217396,48.94794988,2,2609070856,6,,,,,,,,,,,,2.0,0.0
-4928326504801899421-2609070757-9,7512,2609070824,,,,S,,Stuttgart Hbf|Stuttgart Nordbahnhof|Stuttgart-Feuerbach|Stuttgart-Zuffenhausen|Kornwestheim Pbf|Ludwigsburg|Asperg|Tamm(Württ),8000038,Bietigheim-Bissingen,Baden-Württemberg,Bietigheim-Bissingen,74321,9.137217396,48.94794988,2,2609070825,5,,,,,,,,,,,,1.0,0.0
-1072643669346294455-2609070837-1,7517,,2609070837,,,S,S5,,8000038,Bietigheim-Bissingen,Baden-Württemberg,Bietigheim-Bissingen,74321,9.137217396,48.94794988,2,,,2609070837,,,,,,,,,,,0.0,0.0
9055336859689506063-2609070744-12,19547,2609070824,,7,,RE,,Pforzheim Hbf|Eutingen(Baden)|Niefern|Enzberg|Mühlacker|Mühlacker Rößlesweg|Illingen(Württ)|Vaihingen(Enz)|Sersheim|Sachsenheim|Ellental,8000038,Bietigheim-Bissingen,Baden-Württemberg,Bietigheim-Bissingen,74321,9.137217396,48.94794988,2,2609070826,,,,h,2,Störung,,,,,,,2.0,0.0
-7754500899398300260-2609070814-12,19509,2609070850,,,,RE,,Pforzheim Hbf|Eutingen(Baden)|Niefern|Enzberg|Mühlacker|Mühlacker Rößlesweg|Illingen(Württ)|Vaihingen(Enz)|Sersheim|Sachsenheim|Ellental,8000038,Bietigheim-Bissingen,Baden-Württemberg,Bietigheim-Bissingen,74321,9.137217396,48.94794988,2,2609070852,3,,,h,2,Störung,,,,,,,2.0,0.0
6806492799498595716-2609070817-3,17627,2609070838,2609070839,5,,RE,RE14b,Stuttgart Hbf|Stuttgart-Vaihingen,8001055,Böblingen,Baden-Württemberg,Böblingen,71034,9.004531864,48.68784871,3,2609070846,,2609070848,,,,,,,,,,,8.0,9.0
-4292995912708809220-2609070758-9,7014,2609070826,,5,,S,,Leonberg|Rutesheim|Renningen|Renningen Süd|Magstadt|Maichingen Nord|Maichingen|Sindelfingen,8001055,Böblingen,Baden-Württemberg,Böblingen,71034,9.004531864,48.68784871,3,2609070829,,,,h,1,Bauarbeiten,,,,,,,3.0,0.0
-4571819690859273870-2609070820-1,8248,,2609070820,,,WEG,RB46,,8001055,Böblingen,Baden-Württemberg,Böblingen,71034,9.004531864,48.68784871,3,,,2609070820,,,,,,,,,,,0.0,0.0
4511850831622972454-2609070802-12,8065,2609070825,,1,,WEG,,Dettenhausen|Weil im Schönbuch Untere Halde|Weil im Schönbuch Röte|Weil im Schönbuch Troppel|Holzgerlingen Buch|Holzgerlingen Bf|Holzgerlingen Hülben|Böblingen Zimmerschlag|Böblingen Heusteigstr|Böblingen Südbf|Böblingen Danziger Str,8001055,Böblingen,Baden-Württemberg,Böblingen,71034,9.004531864,48.68784871,3,2609070825,,,,,,,,,,,,,0.0,0.0
7558420737718355302-2609070804-1,7013,,2609070804,,,S,S60,,8001055,Böblingen,Baden-Württemberg,Böblingen,71034,9.004531864,48.68784871,3,,,2609070807,,h,1,Bauarbeiten,,,,,,,0.0,3.0
-5708930330401814442-2609070832-12,8069,2609070855,,1,,WEG,,Dettenhausen|Weil im Schönbuch Untere Halde|Weil im Schönbuch Röte|Weil im Schönbuch Troppel|Holzgerlingen Buch|Holzgerlingen Bf|Holzgerlingen Hülben|Böblingen Zimmerschlag|Böblingen Heusteigstr|Böblingen Südbf|Böblingen Danziger Str,8001055,Böblingen,Baden-Württemberg,Böblingen,71034,9.004531864,48.68784871,3,2609070855,,,,,,,,,,,,,0.0,0.0
4428035523306694897-2609070816-4,7713,2609070830,2609070830,4,,S,S1,Stuttgart-Vaihingen|Stuttgart-Rohr|Goldberg(Württ),8001055,Böblingen,Baden-Württemberg,Böblingen,71034,9.004531864,48.68784871,3,2609070830,,2609070831,,,,,,,,,,,0.0,1.0
-1444193866381249599-2609070802-3,28473,2609070826,,2,,RE,,Stuttgart Hbf|Stuttgart-Vaihingen,8001055,Böblingen,Baden-Württemberg,Böblingen,71034,9.004531864,48.68784871,3,2609070836,,,,,,,,,,,c,,10.0,0.0
-1939940434765765785-2609070816-6,7716,2609070830,2609070830,3,,S,S1,Herrenberg|Nufringen|Gärtringen|Ehningen(b Böblingen)|Hulb,8001055,Böblingen,Baden-Württemberg,Böblingen,71034,9.004531864,48.68784871,3,2609070831,,2609070832,,,,,,,,,,,1.0,2.0
5405057395916935106-2609070817-3,17629,2609070838,2609070839,5,,RE,RE14a,Stuttgart Hbf|Stuttgart-Vaihingen,8001055,Böblingen,Baden-Württemberg,Böblingen,71034,9.004531864,48.68784871,3,2609070846,,2609070848,,,,,,,,,,,8.0,9.0
7180009832480979228-2609070835-1,8068,,2609070835,,,WEG,RB46,,8001055,Böblingen,Baden-Württemberg,Böblingen,71034,9.004531864,48.68784871,3,,,2609070835,,,,,,,,,,,0.0,0.0
-5575008195378983566-2609070805-1,8064,,2609070805,,,WEG,RB46,,8001055,Böblingen,Baden-Württemberg,Böblingen,71034,9.004531864,48.68784871,3,,,2609070805,,,,,,,,,,,0.0,0.0
907210475036566979-2609070827-7,8251,2609070840,,1,,WEG,,Holzgerlingen Bf|Holzgerlingen Hülben|Böblingen Zimmerschlag|Böblingen Heusteigstr|Böblingen Südbf|Böblingen Danziger Str,8001055,Böblingen,Baden-Württemberg,Böblingen,71034,9.004531864,48.68784871,3,2609070840,,,,,,,,,,,,,0.0,0.0
7703218303646440626-2609070746-6,7714,2609070800,2609070800,3,,S,S1,Herrenberg|Nufringen|Gärtringen|Ehningen(b Böblingen)|Hulb,8001055,Böblingen,Baden-Württemberg,Böblingen,71034,9.004531864,48.68784871,3,2609070800,,2609070802,,,,,,,,,,,0.0,2.0
-3878797200366538218-2609070833-1,28472,,2609070833,,,RE,RESB,,8001055,Böblingen,Baden-Württemberg,Böblingen,71034,9.004531864,48.68784871,3,,,2609070838,,,,,,,,,,c,0.0,5.0
3583397989492953732-2609070828-9,7016,2609070856,,5,,S,,Leonberg|Rutesheim|Renningen|Renningen Süd|Magstadt|Maichingen Nord|Maichingen|Sindelfingen,8001055,Böblingen,Baden-Württemberg,Böblingen,71034,9.004531864,48.68784871,3,2609070858,,,,h,1,Bauarbeiten,,,,,,,2.0,0.0
3303772125527124508-2609070746-4,7711,2609070800,2609070800,4,,S,S1,Stuttgart-Vaihingen|Stuttgart-Rohr|Goldberg(Württ),8001055,Böblingen,Baden-Württemberg,Böblingen,71034,9.004531864,48.68784871,3,2609070801,,2609070801,,,,,,,,,,,1.0,1.0
-9113967299832665429-2609070757-7,8247,2609070810,,1,,WEG,,Holzgerlingen Bf|Holzgerlingen Hülben|Böblingen Zimmerschlag|Böblingen Heusteigstr|Böblingen Südbf|Böblingen Danziger Str,8001055,Böblingen,Baden-Württemberg,Böblingen,71034,9.004531864,48.68784871,3,2609070810,,,,,,,,,,,,,0.0,0.0
9174048015743328640-2609070834-1,7015,,2609070834,,,S,S60,,8001055,Böblingen,Baden-Württemberg,Böblingen,71034,9.004531864,48.68784871,3,,,2609070835,,h,1,Bauarbeiten,,,,,,,0.0,1.0
4239966119888045037-2609070737-13,7408,2609070817,2609070817,1,,S,S4,Stuttgart Hbf|Stuttgart Nordbahnhof|Stuttgart-Feuerbach|Stuttgart-Zuffenhausen|Kornwestheim Pbf|Ludwigsburg|Favoritepark|Freiberg(Neckar)|Benningen(Neckar)|Marbach(Neckar)|Erdmannhausen|Kirchberg(Murr),8001296,Burgstall (Murr),Baden-Württemberg,Burgstetten,71576,9.36973562,48.92851826,6,2609070818,,2609070818,,,,,,,,,,,1.0,1.0
-3992047670892155392-2609070807-13,7410,2609070847,2609070847,1,,S,S4,Stuttgart Hbf|Stuttgart Nordbahnhof|Stuttgart-Feuerbach|Stuttgart-Zuffenhausen|Kornwestheim Pbf|Ludwigsburg|Favoritepark|Freiberg(Neckar)|Benningen(Neckar)|Marbach(Neckar)|Erdmannhausen|Kirchberg(Murr),8001296,Burgstall (Murr),Baden-Württemberg,Burgstetten,71576,9.36973562,48.92851826,6,2609070851,,2609070851,,,,,,,,,,,4.0,4.0
-1396515843662350065-2609070803-2,7415,2609070807,2609070808,1,,S,S4,Backnang,8001296,Burgstall (Murr),Baden-Württemberg,Burgstetten,71576,9.36973562,48.92851826,6,2609070807,,2609070808,,,,,,,,,,,0.0,0.0
7107141703960527681-2609070833-2,7417,2609070837,2609070838,1,,S,S4,Backnang,8001296,Burgstall (Murr),Baden-Württemberg,Burgstetten,71576,9.36973562,48.92851826,6,2609070838,,2609070839,,,,,,,,,,,1.0,1.0
-7539482099245388014-2609070854-1,7617,,2609070854,,,S,S6,,8001476,Ditzingen,Baden-Württemberg,Ditzingen,71254,9.067095186,48.82358726,4,,,2609070854,3,h,1,Bauarbeiten,,,,,,,0.0,0.0
6922079602389085921-2609070747-8,7610,2609070806,,2,,S,,Stuttgart Hbf|Stuttgart Nordbahnhof|Stuttgart-Feuerbach|Stuttgart-Zuffenhausen|Neuwirtshaus(Porscheplatz)|Korntal|Weilimdorf,8001476,Ditzingen,Baden-Württemberg,Ditzingen,71254,9.067095186,48.82358726,4,2609070806,3,,,h,1,Bauarbeiten,,,,,,,0.0,0.0
8022546424643450692-2609070817-8,7612,2609070836,,2,,S,,Stuttgart Hbf|Stuttgart Nordbahnhof|Stuttgart-Feuerbach|Stuttgart-Zuffenhausen|Neuwirtshaus(Porscheplatz)|Korntal|Weilimdorf,8001476,Ditzingen,Baden-Württemberg,Ditzingen,71254,9.067095186,48.82358726,4,2609070837,3,,,h,1,Bauarbeiten,,,,,,,1.0,0.0
-2194076077432022456-2609070824-1,7615,,2609070824,,,S,S6,,8001476,Ditzingen,Baden-Württemberg,Ditzingen,71254,9.067095186,48.82358726,4,,,2609070824,3,h,1,Bauarbeiten,,,,,,,0.0,0.0
4580394534230796773-2609070805-5,7913,2609070819,2609070820,1,,S,S2,Stuttgart-Vaihingen|Stuttgart-Rohr|Oberaichen|Leinfelden,8001650,Echterdingen,Baden-Württemberg,Echterdingen,70771,9.169307175,48.69214787,4,2609070819,,2609070820,,,,,,,,,,,0.0,0.0
-6417774412386429047-2609070833-3,7914,2609070840,2609070840,2,,S,S2,Filderstadt|Stuttgart Flughafen/Messe,8001650,Echterdingen,Baden-Württemberg,Echterdingen,70771,9.169307175,48.69214787,4,2609070840,,2609070840,,,,,,,,,,,0.0,0.0
-5955935305381349706-2609070835-5,7915,2609070849,2609070850,1,,S,S2,Stuttgart-Vaihingen|Stuttgart-Rohr|Oberaichen|Leinfelden,8001650,Echterdingen,Baden-Württemberg,Echterdingen,70771,9.169307175,48.69214787,4,2609070849,,2609070850,,,,,,,,,,,0.0,0.0
7974787834467566145-2609070803-3,7912,2609070810,2609070810,2,,S,S2,Filderstadt|Stuttgart Flughafen/Messe,8001650,Echterdingen,Baden-Württemberg,Echterdingen,70771,9.169307175,48.69214787,4,2609070810,,2609070810,,,,,,,,,,,0.0,0.0
4428035523306694897-2609070816-6,7713,2609070835,2609070835,2,,S,S1,Stuttgart-Vaihingen|Stuttgart-Rohr|Goldberg(Württ)|Böblingen|Hulb,8001689,Ehningen (b Böblingen),Baden-Württemberg,Ehningen,71139,8.944310368,48.66275549,4,2609070835,,2609070836,,,,,,,,,,,0.0,1.0
6586635698842149002-2609070846-4,7718,2609070855,2609070855,1,,S,S1,Herrenberg|Nufringen|Gärtringen,8001689,Ehningen (b Böblingen),Baden-Württemberg,Ehningen,71139,8.944310368,48.66275549,4,2609070855,,2609070856,,,,,,,,,,,0.0,1.0
-1939940434765765785-2609070816-4,7716,2609070825,2609070825,1,,S,S1,Herrenberg|Nufringen|Gärtringen,8001689,Ehningen (b Böblingen),Baden-Württemberg,Ehningen,71139,8.944310368,48.66275549,4,2609070825,,2609070826,,,,,,,,,,,0.0,1.0
3303772125527124508-2609070746-6,7711,2609070805,2609070805,2,,S,S1,Stuttgart-Vaihingen|Stuttgart-Rohr|Goldberg(Württ)|Böblingen|Hulb,8001689,Ehningen (b Böblingen),Baden-Württemberg,Ehningen,71139,8.944310368,48.66275549,4,2609070806,,2609070807,,,,,,,,,,,1.0,2.0
-6187813548789768480-2609070750-9,7210,2609070811,2609070811,2,,S,S2,Stuttgart Hbf|Stuttgart-Bad Cannstatt|Stuttgart Nürnberger Str.|Stuttgart-Sommerrain|Fellbach|Waiblingen|Rommelshausen|Stetten-Beinstein,8001785,Endersbach,Baden-Württemberg,Weinstadt,71384,9.370192421,48.81317323,4,2609070814,,2609070815,,h,2,Bauarbeiten,,,,,,,3.0,4.0
4710214702648447253-2609070820-9,7212,2609070841,2609070841,2,,S,S2,Stuttgart Hbf|Stuttgart-Bad Cannstatt|Stuttgart Nürnberger Str.|Stuttgart-Sommerrain|Fellbach|Waiblingen|Rommelshausen|Stetten-Beinstein,8001785,Endersbach,Baden-Württemberg,Weinstadt,71384,9.370192421,48.81317323,4,2609070841,,2609070841,,h,2,Bauarbeiten,,,,,,,0.0,0.0
-5804237943130712983-2609070803-7,7215,2609070817,2609070817,3,,S,S2,Schorndorf|Weiler(Rems)|Winterbach(b Schorndorf)|Geradstetten|Grunbach|Beutelsbach,8001785,Endersbach,Baden-Württemberg,Weinstadt,71384,9.370192421,48.81317323,4,2609070822,,2609070822,,h,2,Bauarbeiten,,,,,,,5.0,5.0
-5128631246468454871-2609070833-7,7217,2609070847,2609070847,3,,S,S2,Schorndorf|Weiler(Rems)|Winterbach(b Schorndorf)|Geradstetten|Grunbach|Beutelsbach,8001785,Endersbach,Baden-Württemberg,Weinstadt,71384,9.370192421,48.81317323,4,2609070849,,2609070849,,h,2,Bauarbeiten,,,,,,,2.0,2.0
4239966119888045037-2609070737-11,7408,2609070810,2609070810,1,,S,S4,Stuttgart Hbf|Stuttgart Nordbahnhof|Stuttgart-Feuerbach|Stuttgart-Zuffenhausen|Kornwestheim Pbf|Ludwigsburg|Favoritepark|Freiberg(Neckar)|Benningen(Neckar)|Marbach(Neckar),8001827,Erdmannhausen,Baden-Württemberg,Erdmannhausen,71729,9.298930848,48.9483447,6,2609070811,,2609070812,,,,,,,,,,,1.0,2.0
-3992047670892155392-2609070807-11,7410,2609070840,2609070840,1,,S,S4,Stuttgart Hbf|Stuttgart Nordbahnhof|Stuttgart-Feuerbach|Stuttgart-Zuffenhausen|Kornwestheim Pbf|Ludwigsburg|Favoritepark|Freiberg(Neckar)|Benningen(Neckar)|Marbach(Neckar),8001827,Erdmannhausen,Baden-Württemberg,Erdmannhausen,71729,9.298930848,48.9483447,6,2609070844,,2609070845,,,,,,,,,,,4.0,5.0
-1396515843662350065-2609070803-4,7415,2609070817,2609070818,1,,S,S4,Backnang|Burgstall(Murr)|Kirchberg(Murr),8001827,Erdmannhausen,Baden-Württemberg,Erdmannhausen,71729,9.298930848,48.9483447,6,2609070817,,2609070818,,,,,,,,,,,0.0,0.0
7107141703960527681-2609070833-4,7417,2609070847,2609070848,1,,S,S4,Backnang|Burgstall(Murr)|Kirchberg(Murr),8001827,Erdmannhausen,Baden-Württemberg,Erdmannhausen,71729,9.298930848,48.9483447,6,2609070850,,2609070851,,,,,,,,,,,3.0,3.0
2034711048828426076-2609070536-8,1091,2609070758,2609070800,5,,ICE,,Saarbrücken Hbf|Homburg(Saar)Hbf|Landstuhl|Kaiserslautern Hbf|Neustadt(Weinstr)Hbf|Ludwigshafen(Rh)Hbf|Mannheim Hbf,8001920,Esslingen (Neckar),Baden-Württemberg,Esslingen am Neckar,73728,9.300578149,48.73854148,3,2609070832,6,2609070835,6,h,2,Störung,,,Saarbrücken Hbf|Homburg(Saar)Hbf|Landstuhl|Kaiserslautern Hbf|Neustadt(Weinstr)Hbf|Ludwigshafen(Rh)Hbf|Mannheim Hbf,Ulm Hbf|Günzburg|Augsburg Hbf|München Hbf,,,34.0,35.0
-5473194171738225736-2609070842-3,19125,2609070853,2609070854,5,,ARV,MEX16,Stuttgart Hbf|Stuttgart-Bad Cannstatt,8001920,Esslingen (Neckar),Baden-Württemberg,Esslingen am Neckar,73728,9.300578149,48.73854148,3,2609070855,,2609070855,,,,,,,,,,,2.0,1.0
-5005532278471111418-2609070707-20,19122,2609070841,2609070841,3,,ARV,MEX16,Ulm Hbf|Beimerstetten|Westerstetten|Lonsee|Urspring|Amstetten(Württ)|Geislingen(Steige)|Geislingen(Steige)West|Kuchen|Gingen(Fils)|Süßen|Salach|Eislingen(Fils)|Göppingen|Faurndau|Uhingen|Ebersbach(Fils)|Reichenbach(Fils)|Plochingen,8001920,Esslingen (Neckar),Baden-Württemberg,Esslingen am Neckar,73728,9.300578149,48.73854148,3,2609070844,,2609070845,,,,,,,,,,,3.0,4.0
2988814004659936288-2609070820-9,7117,2609070847,2609070847,7,,S,S1,Kirchheim(Teck)|Kirchheim(Teck)-Ötlingen|Wendlingen(Neckar)|Wernau(Neckar)|Plochingen|Altbach|Esslingen-Zell|Oberesslingen,8001920,Esslingen (Neckar),Baden-Württemberg,Esslingen am Neckar,73728,9.300578149,48.73854148,3,2609070847,,2609070848,,,,,,,,,,,0.0,1.0
8422975765169747480-2609070752-3,19351,2609070802,2609070803,6,,RE,MEX12,Stuttgart Hbf|Stuttgart-Bad Cannstatt,8001920,Esslingen (Neckar),Baden-Württemberg,Esslingen am Neckar,73728,9.300578149,48.73854148,3,2609070803,5,2609070804,5,h,2,Störung,,,,,,,1.0,1.0
-1152152025292238787-2609070839-2,4209,2609070848,2609070849,5,,RE,RE5,Stuttgart Hbf,8001920,Esslingen (Neckar),Baden-Württemberg,Esslingen am Neckar,73728,9.300578149,48.73854148,3,2609070849,,2609070851,,h,2,Information,,,,,,,1.0,2.0
7462677850950360621-2609070825-7,7114,2609070842,2609070843,8,,S,S1,Stuttgart Hbf|Stuttgart-Bad Cannstatt|Stuttgart Neckarpark|Stuttgart-Untertürkheim|Stuttgart-Obertürkheim|Esslingen-Mettingen,8001920,Esslingen (Neckar),Baden-Württemberg,Esslingen am Neckar,73728,9.300578149,48.73854148,3,2609070842,,2609070842,,,,,,,,,,,0.0,-1.0
7364365756035854020-2609070636-20,19120,2609070801,2609070802,3,,ARV,MEX16,Ulm Hbf|Beimerstetten|Westerstetten|Lonsee|Urspring|Amstetten(Württ)|Geislingen(Steige)|Geislingen(Steige)West|Kuchen|Gingen(Fils)|Süßen|Salach|Eislingen(Fils)|Göppingen|Faurndau|Uhingen|Ebersbach(Fils)|Reichenbach(Fils)|Plochingen,8001920,Esslingen (Neckar),Baden-Württemberg,Esslingen am Neckar,73728,9.300578149,48.73854148,3,2609070804,,2609070804,,,,,,,,,,,3.0,2.0
-3045461427841764391-2609070632-15,19353,2609070834,2609070835,6,,RE,MEX18,Öhringen-Cappel|Öhringen Hbf|Bretzfeld|Willsbach|Weinsberg|Heilbronn Hbf|Nordheim(Württ)|Lauffen(Neckar)|Kirchheim(Neckar)|Walheim(Württ)|Besigheim|Bietigheim-Bissingen|Ludwigsburg|Kornwestheim Pbf,8001920,Esslingen (Neckar),Baden-Württemberg,Esslingen am Neckar,73728,9.300578149,48.73854148,3,2609070840,5,2609070841,5,h,2,Störung,,,,,,,6.0,6.0
-705341486458257230-2609070805-3,19123,2609070815,2609070815,5,,ARV,MEX16,Stuttgart Hbf|Stuttgart-Bad Cannstatt,8001920,Esslingen (Neckar),Baden-Württemberg,Esslingen am Neckar,73728,9.300578149,48.73854148,3,2609070817,,2609070818,,,,,,,,,,,2.0,3.0
-6750459440429737938-2609070755-7,7112,2609070812,2609070813,8,,S,S1,Stuttgart Hbf|Stuttgart-Bad Cannstatt|Stuttgart Neckarpark|Stuttgart-Untertürkheim|Stuttgart-Obertürkheim|Esslingen-Mettingen,8001920,Esslingen (Neckar),Baden-Württemberg,Esslingen am Neckar,73728,9.300578149,48.73854148,3,2609070812,,2609070813,,,,,,,,,,,0.0,0.0
6413309914048916248-2609070813-2,19308,2609070822,2609070823,3,,RE,MEX18,Plochingen,8001920,Esslingen (Neckar),Baden-Württemberg,Esslingen am Neckar,73728,9.300578149,48.73854148,3,2609070821,2,2609070823,2,h,2,Störung,,,,,,,-1.0,0.0
-6324333303227400345-2609070620-4,1012,2609070807,2609070809,5,,ICE,,München Hbf|Augsburg Hbf|Ulm Hbf,8001920,Esslingen (Neckar),Baden-Württemberg,Esslingen am Neckar,73728,9.300578149,48.73854148,3,2609070810,6,2609070812,6,,,,,,,,,,3.0,3.0
2706780419589409599-2609070535-19,4204,2609070812,2609070813,3,,RE,RE5,Enzisweiler|Wasserburg(Bodensee)|Nonnenhorn|Kressbronn|Langenargen|Eriskirch|Friedrichshafen Stadt|Meckenbeuren|Ravensburg|Aulendorf|Bad Schussenried|Biberach(Riß)|Schemmerberg|Laupheim West|Ulm Hbf|Geislingen(Steige)|Göppingen|Plochingen,8001920,Esslingen (Neckar),Baden-Württemberg,Esslingen am Neckar,73728,9.300578149,48.73854148,3,2609070816,,2609070817,,h,2,Information,,,,,,,4.0,4.0
2381293164445342384-2609070847-2,19222,2609070853,2609070854,3,,RE,MEX12,Plochingen,8001920,Esslingen (Neckar),Baden-Württemberg,Esslingen am Neckar,73728,9.300578149,48.73854148,3,2609070854,7,2609070854,7,h,2,Störung,,,,,,,1.0,0.0
-7908498233924216314-2609070750-9,7115,2609070817,2609070817,7,,S,S1,Kirchheim(Teck)|Kirchheim(Teck)-Ötlingen|Wendlingen(Neckar)|Wernau(Neckar)|Plochingen|Altbach|Esslingen-Zell|Oberesslingen,8001920,Esslingen (Neckar),Baden-Württemberg,Esslingen am Neckar,73728,9.300578149,48.73854148,3,2609070819,,2609070820,,,,,,,,,,,2.0,3.0
2988814004659936288-2609070820-10,7117,2609070849,2609070850,3,,S,S1,Kirchheim(Teck)|Kirchheim(Teck)-Ötlingen|Wendlingen(Neckar)|Wernau(Neckar)|Plochingen|Altbach|Esslingen-Zell|Oberesslingen|Esslingen(Neckar),8001921,Esslingen-Mettingen,Baden-Württemberg,Esslingen am Neckar,73733,9.275799007,48.74696655,3,2609070850,,2609070851,,,,,,,,,,,1.0,1.0
7462677850950360621-2609070825-6,7114,2609070839,2609070839,4,,S,S1,Stuttgart Hbf|Stuttgart-Bad Cannstatt|Stuttgart Neckarpark|Stuttgart-Untertürkheim|Stuttgart-Obertürkheim,8001921,Esslingen-Mettingen,Baden-Württemberg,Esslingen am Neckar,73733,9.275799007,48.74696655,3,2609070839,,2609070839,,,,,,,,,,,0.0,0.0
-6750459440429737938-2609070755-6,7112,2609070809,2609070809,4,,S,S1,Stuttgart Hbf|Stuttgart-Bad Cannstatt|Stuttgart Neckarpark|Stuttgart-Untertürkheim|Stuttgart-Obertürkheim,8001921,Esslingen-Mettingen,Baden-Württemberg,Esslingen am Neckar,73733,9.275799007,48.74696655,3,2609070809,,2609070809,,,,,,,,,,,0.0,0.0
-7908498233924216314-2609070750-10,7115,2609070819,2609070820,3,,S,S1,Kirchheim(Teck)|Kirchheim(Teck)-Ötlingen|Wendlingen(Neckar)|Wernau(Neckar)|Plochingen|Altbach|Esslingen-Zell|Oberesslingen|Esslingen(Neckar),8001921,Esslingen-Mettingen,Baden-Württemberg,Esslingen am Neckar,73733,9.275799007,48.74696655,3,2609070822,,2609070822,,,,,,,,,,,3.0,2.0
2988814004659936288-2609070820-7,7117,2609070842,2609070842,3,,S,S1,Kirchheim(Teck)|Kirchheim(Teck)-Ötlingen|Wendlingen(Neckar)|Wernau(Neckar)|Plochingen|Altbach,8006642,Esslingen-Zell,Baden-Württemberg,Esslingen am Neckar,73730,9.359739507,48.72436142,3,2609070842,,2609070843,,,,,,,,,,,0.0,1.0
7462677850950360621-2609070825-9,7114,2609070847,2609070848,4,,S,S1,Stuttgart Hbf|Stuttgart-Bad Cannstatt|Stuttgart Neckarpark|Stuttgart-Untertürkheim|Stuttgart-Obertürkheim|Esslingen-Mettingen|Esslingen(Neckar)|Oberesslingen,8006642,Esslingen-Zell,Baden-Württemberg,Esslingen am Neckar,73730,9.359739507,48.72436142,3,2609070847,,2609070848,,,,,,,,,,,0.0,0.0
-6750459440429737938-2609070755-9,7112,2609070817,2609070818,4,,S,S1,Stuttgart Hbf|Stuttgart-Bad Cannstatt|Stuttgart Neckarpark|Stuttgart-Untertürkheim|Stuttgart-Obertürkheim|Esslingen-Mettingen|Esslingen(Neckar)|Oberesslingen,8006642,Esslingen-Zell,Baden-Württemberg,Esslingen am Neckar,73730,9.359739507,48.72436142,3,2609070818,,2609070818,,,,,,,,,,,1.0,0.0
-7908498233924216314-2609070750-7,7115,2609070812,2609070812,3,,S,S1,Kirchheim(Teck)|Kirchheim(Teck)-Ötlingen|Wendlingen(Neckar)|Wernau(Neckar)|Plochingen|Altbach,8006642,Esslingen-Zell,Baden-Württemberg,Esslingen am Neckar,73730,9.359739507,48.72436142,3,2609070814,,2609070814,,,,,,,,,,,2.0,2.0
-812051319324174666-2609070837-7,7412,2609070856,2609070856,1,,S,S4,Stuttgart Hbf|Stuttgart Nordbahnhof|Stuttgart-Feuerbach|Stuttgart-Zuffenhausen|Kornwestheim Pbf|Ludwigsburg,8001967,Favoritepark,Baden-Württemberg,Ludwigsburg,71634,9.180574277,48.90948451,5,2609070856,,2609070857,,,,,,,,,,,0.0,1.0
8970610329466681156-2609070733-8,7413,2609070803,2609070804,2,,S,S4,Backnang|Burgstall(Murr)|Kirchberg(Murr)|Erdmannhausen|Marbach(Neckar)|Benningen(Neckar)|Freiberg(Neckar),8001967,Favoritepark,Baden-Württemberg,Ludwigsburg,71634,9.180574277,48.90948451,5,2609070806,,2609070806,,,,,,,,,,,3.0,2.0
-3992047670892155392-2609070807-7,7410,2609070826,2609070826,1,,S,S4,Stuttgart Hbf|Stuttgart Nordbahnhof|Stuttgart-Feuerbach|Stuttgart-Zuffenhausen|Kornwestheim Pbf|Ludwigsburg,8001967,Favoritepark,Baden-Württemberg,Ludwigsburg,71634,9.180574277,48.90948451,5,2609070829,,2609070830,,,,,,,,,,,3.0,4.0
-1396515843662350065-2609070803-8,7415,2609070833,2609070834,2,,S,S4,Backnang|Burgstall(Murr)|Kirchberg(Murr)|Erdmannhausen|Marbach(Neckar)|Benningen(Neckar)|Freiberg(Neckar),8001967,Favoritepark,Baden-Württemberg,Ludwigsburg,71634,9.180574277,48.90948451,5,2609070834,,2609070835,,,,,,,,,,,1.0,1.0
-3592468245100533836-2609070812-5,7312,2609070826,2609070827,1,,S,S3,Stuttgart Hbf|Stuttgart-Bad Cannstatt|Stuttgart Nürnberger Str.|Stuttgart-Sommerrain,8001974,Fellbach,Baden-Württemberg,Fellbach,70736,9.270645988,48.8202936,3,2609070826,,2609070827,,,,,,,,,,,0.0,0.0
-6187813548789768480-2609070750-5,7210,2609070801,2609070802,1,,S,S2,Stuttgart Hbf|Stuttgart-Bad Cannstatt|Stuttgart Nürnberger Str.|Stuttgart-Sommerrain,8001974,Fellbach,Baden-Württemberg,Fellbach,70736,9.270645988,48.8202936,3,2609070803,,2609070804,,h,2,Bauarbeiten,,,,,,,2.0,2.0
4710214702648447253-2609070820-5,7212,2609070831,2609070832,1,,S,S2,Stuttgart Hbf|Stuttgart-Bad Cannstatt|Stuttgart Nürnberger Str.|Stuttgart-Sommerrain,8001974,Fellbach,Baden-Württemberg,Fellbach,70736,9.270645988,48.8202936,3,2609070831,,2609070832,,h,2,Bauarbeiten,,,,,,,0.0,0.0
-5804237943130712983-2609070803-11,7215,2609070827,2609070828,4,,S,S2,Schorndorf|Weiler(Rems)|Winterbach(b Schorndorf)|Geradstetten|Grunbach|Beutelsbach|Endersbach|Stetten-Beinstein|Rommelshausen|Waiblingen,8001974,Fellbach,Baden-Württemberg,Fellbach,70736,9.270645988,48.8202936,3,2609070831,,2609070831,,h,2,Bauarbeiten,,,,,,,4.0,3.0
-5128631246468454871-2609070833-11,7217,2609070857,2609070858,4,,S,S2,Schorndorf|Weiler(Rems)|Winterbach(b Schorndorf)|Geradstetten|Grunbach|Beutelsbach|Endersbach|Stetten-Beinstein|Rommelshausen|Waiblingen,8001974,Fellbach,Baden-Württemberg,Fellbach,70736,9.270645988,48.8202936,3,2609070859,,2609070900,,h,2,Bauarbeiten,,,,,,,2.0,2.0
-6826708456044057474-2609070811-8,7315,2609070832,2609070833,4,,S,S3,Backnang|Maubach|Nellmersbach|Winnenden|Schwaikheim|Neustadt-Hohenacker|Waiblingen,8001974,Fellbach,Baden-Württemberg,Fellbach,70736,9.270645988,48.8202936,3,2609070834,,2609070835,,,,,,,,,,,2.0,2.0
-6338002183585841713-2609070842-5,7314,2609070856,2609070857,1,,S,S3,Stuttgart Hbf|Stuttgart-Bad Cannstatt|Stuttgart Nürnberger Str.|Stuttgart-Sommerrain,8001974,Fellbach,Baden-Württemberg,Fellbach,70736,9.270645988,48.8202936,3,2609070857,,2609070858,,,,,,,,,,,1.0,1.0
1183603668671718907-2609070741-8,7313,2609070802,2609070803,4,,S,S3,Backnang|Maubach|Nellmersbach|Winnenden|Schwaikheim|Neustadt-Hohenacker|Waiblingen,8001974,Fellbach,Baden-Württemberg,Fellbach,70736,9.270645988,48.8202936,3,2609070802,,2609070803,,,,,,,,,,,0.0,0.0
4580394534230796773-2609070805-6,7913,2609070822,2609070823,1,,S,S2,Stuttgart-Vaihingen|Stuttgart-Rohr|Oberaichen|Leinfelden|Echterdingen,8005768,Stuttgart Flughafen/Messe,Baden-Württemberg,Leinfelden-Echterdingen,70629,9.193411574,48.69075193,4,2609070822,,2609070823,,,,,,,,,,,0.0,0.0
-6417774412386429047-2609070833-2,7914,2609070837,2609070838,2,,S,S2,Filderstadt,8005768,Stuttgart Flughafen/Messe,Baden-Württemberg,Leinfelden-Echterdingen,70629,9.193411574,48.69075193,4,2609070837,,2609070838,,,,,,,,,,,0.0,0.0
-5955935305381349706-2609070835-6,7915,2609070852,2609070853,1,,S,S2,Stuttgart-Vaihingen|Stuttgart-Rohr|Oberaichen|Leinfelden|Echterdingen,8005768,Stuttgart Flughafen/Messe,Baden-Württemberg,Leinfelden-Echterdingen,70629,9.193411574,48.69075193,4,2609070853,,2609070853,,,,,,,,,,,1.0,0.0
7974787834467566145-2609070803-2,7912,2609070807,2609070808,2,,S,S2,Filderstadt,8005768,Stuttgart Flughafen/Messe,Baden-Württemberg,Leinfelden-Echterdingen,70629,9.193411574,48.69075193,4,2609070807,,2609070808,,,,,,,,,,,0.0,0.0
-812051319324174666-2609070837-8,7412,2609070859,2609070859,3,,S,S4,Stuttgart Hbf|Stuttgart Nordbahnhof|Stuttgart-Feuerbach|Stuttgart-Zuffenhausen|Kornwestheim Pbf|Ludwigsburg|Favoritepark,8002065,Freiberg (Neckar),Baden-Württemberg,Freiberg am Neckar,71691,9.197530085,48.92994974,5,2609070859,,2609070900,,,,,,,,,,,0.0,1.0
8970610329466681156-2609070733-7,7413,2609070800,2609070801,2,,S,S4,Backnang|Burgstall(Murr)|Kirchberg(Murr)|Erdmannhausen|Marbach(Neckar)|Benningen(Neckar),8002065,Freiberg (Neckar),Baden-Württemberg,Freiberg am Neckar,71691,9.197530085,48.92994974,5,2609070803,,2609070804,,,,,,,,,,,3.0,3.0
-3992047670892155392-2609070807-8,7410,2609070829,2609070829,3,,S,S4,Stuttgart Hbf|Stuttgart Nordbahnhof|Stuttgart-Feuerbach|Stuttgart-Zuffenhausen|Kornwestheim Pbf|Ludwigsburg|Favoritepark,8002065,Freiberg (Neckar),Baden-Württemberg,Freiberg am Neckar,71691,9.197530085,48.92994974,5,2609070832,,2609070833,,,,,,,,,,,3.0,4.0
-1396515843662350065-2609070803-7,7415,2609070830,2609070831,2,,S,S4,Backnang|Burgstall(Murr)|Kirchberg(Murr)|Erdmannhausen|Marbach(Neckar)|Benningen(Neckar),8002065,Freiberg (Neckar),Baden-Württemberg,Freiberg am Neckar,71691,9.197530085,48.92994974,5,2609070831,,2609070832,,,,,,,,,,,1.0,1.0
4428035523306694897-2609070816-7,7713,2609070838,2609070838,1,,S,S1,Stuttgart-Vaihingen|Stuttgart-Rohr|Goldberg(Württ)|Böblingen|Hulb|Ehningen(b Böblingen),8002165,Gärtringen,Baden-Württemberg,Gärtringen,71116,8.908864487,48.64080021,5,2609070839,,2609070840,,,,,,,,,,,1.0,2.0
6586635698842149002-2609070846-3,7718,2609070852,2609070852,2,,S,S1,Herrenberg|Nufringen,8002165,Gärtringen,Baden-Württemberg,Gärtringen,71116,8.908864487,48.64080021,5,2609070852,,2609070852,,,,,,,,,,,0.0,0.0
-1939940434765765785-2609070816-3,7716,2609070822,2609070822,2,,S,S1,Herrenberg|Nufringen,8002165,Gärtringen,Baden-Württemberg,Gärtringen,71116,8.908864487,48.64080021,5,2609070822,,2609070823,,,,,,,,,,,0.0,1.0
3303772125527124508-2609070746-7,7711,2609070808,2609070808,1,,S,S1,Stuttgart-Vaihingen|Stuttgart-Rohr|Goldberg(Württ)|Böblingen|Hulb|Ehningen(b Böblingen),8002165,Gärtringen,Baden-Württemberg,Gärtringen,71116,8.908864487,48.64080021,5,2609070809,,2609070810,,,,,,,,,,,1.0,2.0
-6187813548789768480-2609070750-12,7210,2609070817,2609070817,2,,S,S2,Stuttgart Hbf|Stuttgart-Bad Cannstatt|Stuttgart Nürnberger Str.|Stuttgart-Sommerrain|Fellbach|Waiblingen|Rommelshausen|Stetten-Beinstein|Endersbach|Beutelsbach|Grunbach,8002240,Geradstetten,Baden-Württemberg,Remshalden,73630,9.439522346,48.80527689,5,2609070821,,2609070821,,h,2,Bauarbeiten,,,,,,,4.0,4.0
4710214702648447253-2609070820-12,7212,2609070847,2609070847,2,,S,S2,Stuttgart Hbf|Stuttgart-Bad Cannstatt|Stuttgart Nürnberger Str.|Stuttgart-Sommerrain|Fellbach|Waiblingen|Rommelshausen|Stetten-Beinstein|Endersbach|Beutelsbach|Grunbach,8002240,Geradstetten,Baden-Württemberg,Remshalden,73630,9.439522346,48.80527689,5,2609070847,,2609070847,,h,2,Bauarbeiten,,,,,,,0.0,0.0
-5804237943130712983-2609070803-4,7215,2609070810,2609070811,1,,S,S2,Schorndorf|Weiler(Rems)|Winterbach(b Schorndorf),8002240,Geradstetten,Baden-Württemberg,Remshalden,73630,9.439522346,48.80527689,5,2609070815,,2609070816,,h,2,Bauarbeiten,,,,,,,5.0,5.0
-5128631246468454871-2609070833-4,7217,2609070840,2609070841,1,,S,S2,Schorndorf|Weiler(Rems)|Winterbach(b Schorndorf),8002240,Geradstetten,Baden-Württemberg,Remshalden,73630,9.439522346,48.80527689,5,2609070842,,2609070843,,h,2,Bauarbeiten,,,,,,,2.0,2.0
4428035523306694897-2609070816-3,7713,2609070828,2609070828,1,,S,S1,Stuttgart-Vaihingen|Stuttgart-Rohr,8005201,Goldberg,Baden-Württemberg,Böblingen,71032,9.019733387,48.69651581,5,2609070828,,2609070829,,,,,,,,,,,0.0,1.0
-1939940434765765785-2609070816-7,7716,2609070832,2609070832,2,,S,S1,Herrenberg|Nufringen|Gärtringen|Ehningen(b Böblingen)|Hulb|Böblingen,8005201,Goldberg,Baden-Württemberg,Böblingen,71032,9.019733387,48.69651581,5,2609070834,,2609070835,,,,,,,,,,,2.0,3.0
7703218303646440626-2609070746-7,7714,2609070802,2609070802,2,,S,S1,Herrenberg|Nufringen|Gärtringen|Ehningen(b Böblingen)|Hulb|Böblingen,8005201,Goldberg,Baden-Württemberg,Böblingen,71032,9.019733387,48.69651581,5,2609070803,,2609070804,,,,,,,,,,,1.0,2.0
-1294247402093517647-2609070846-3,7715,2609070858,2609070858,1,,S,S1,Stuttgart-Vaihingen|Stuttgart-Rohr,8005201,Goldberg,Baden-Württemberg,Böblingen,71032,9.019733387,48.69651581,5,2609070858,,2609070859,,,,,,,,,,,0.0,1.0
-6187813548789768480-2609070750-11,7210,2609070815,2609070815,3,,S,S2,Stuttgart Hbf|Stuttgart-Bad Cannstatt|Stuttgart Nürnberger Str.|Stuttgart-Sommerrain|Fellbach|Waiblingen|Rommelshausen|Stetten-Beinstein|Endersbach|Beutelsbach,8002448,Grunbach,Baden-Württemberg,Remshalden,73630,9.419580601,48.810414,4,2609070819,,2609070819,,h,2,Bauarbeiten,,,,,,,4.0,4.0
4710214702648447253-2609070820-11,7212,2609070845,2609070845,3,,S,S2,Stuttgart Hbf|Stuttgart-Bad Cannstatt|Stuttgart Nürnberger Str.|Stuttgart-Sommerrain|Fellbach|Waiblingen|Rommelshausen|Stetten-Beinstein|Endersbach|Beutelsbach,8002448,Grunbach,Baden-Württemberg,Remshalden,73630,9.419580601,48.810414,4,2609070845,,2609070845,,h,2,Bauarbeiten,,,,,,,0.0,0.0
-5804237943130712983-2609070803-5,7215,2609070812,2609070813,2,,S,S2,Schorndorf|Weiler(Rems)|Winterbach(b Schorndorf)|Geradstetten,8002448,Grunbach,Baden-Württemberg,Remshalden,73630,9.419580601,48.810414,4,2609070817,,2609070818,,h,2,Bauarbeiten,,,,,,,5.0,5.0
-5128631246468454871-2609070833-5,7217,2609070842,2609070843,2,,S,S2,Schorndorf|Weiler(Rems)|Winterbach(b Schorndorf)|Geradstetten,8002448,Grunbach,Baden-Württemberg,Remshalden,73630,9.419580601,48.810414,4,2609070844,,2609070845,,h,2,Bauarbeiten,,,,,,,2.0,2.0
6806492799498595716-2609070817-4,17627,2609070848,2609070849,4,,RE,RE14b,Stuttgart Hbf|Stuttgart-Vaihingen|Böblingen,8002785,Herrenberg,Baden-Württemberg,Herrenberg,71083,8.862625253,48.59395697,3,2609070857,2,2609070904,2,,,,,,,,,,9.0,15.0
-2492451187275796911-2609070805-1,17621,,2609070805,,,RB,RB14a,,8002785,Herrenberg,Baden-Württemberg,Herrenberg,71083,8.862625253,48.59395697,3,,,2609070805,,,,,,,,,,,0.0,0.0
4428035523306694897-2609070816-9,7713,2609070845,,3,,S,,Stuttgart-Vaihingen|Stuttgart-Rohr|Goldberg(Württ)|Böblingen|Hulb|Ehningen(b Böblingen)|Gärtringen|Nufringen,8002785,Herrenberg,Baden-Württemberg,Herrenberg,71083,8.862625253,48.59395697,3,2609070845,,,,,,,,,,,,,0.0,0.0
6586635698842149002-2609070846-1,7718,,2609070846,,,S,S1,,8002785,Herrenberg,Baden-Württemberg,Herrenberg,71083,8.862625253,48.59395697,3,,,2609070846,,,,,,,,,,,0.0,0.0
-1939940434765765785-2609070816-1,7716,,2609070816,,,S,S1,,8002785,Herrenberg,Baden-Württemberg,Herrenberg,71083,8.862625253,48.59395697,3,,,2609070816,,,,,,,,,,,0.0,0.0
5405057395916935106-2609070817-4,17629,2609070848,2609070849,4,,RE,RE14a,Stuttgart Hbf|Stuttgart-Vaihingen|Böblingen,8002785,Herrenberg,Baden-Württemberg,Herrenberg,71083,8.862625253,48.59395697,3,2609070857,2,2609070904,2,,,,,,,,,,9.0,15.0
-7141236726970390436-2609070811-10,22743,2609070841,,102,,RB,,Tübingen Hbf|Tübingen West|Unterjesingen Sandäcker|Unterjesingen Mitte|Pfäffingen|Entringen|Altingen(Württ)|Gültstein|Herrenberg Zwerchweg,8002785,Herrenberg,Baden-Württemberg,Herrenberg,71083,8.862625253,48.59395697,3,2609070841,,,,h,2,Bauarbeiten,,,,,,,0.0,0.0
-4073662896083257621-2609070741-10,22737,2609070811,,102,,RB,,Tübingen Hbf|Tübingen West|Unterjesingen Sandäcker|Unterjesingen Mitte|Pfäffingen|Entringen|Altingen(Württ)|Gültstein|Herrenberg Zwerchweg,8002785,Herrenberg,Baden-Württemberg,Herrenberg,71083,8.862625253,48.59395697,3,2609070811,,,,h,2,Bauarbeiten,,,,,,,0.0,0.0
2731609608764190811-2609070604-13,2386,2609070810,2609070811,1,,IC,,Konstanz|Radolfzell|Singen(Hohentwiel)|Engen|Tuttlingen|Spaichingen|Rottweil|Oberndorf(Neckar)|Sulz(Neckar)|Horb|Bondorf(b Herrenberg)|Gäufelden,8002785,Herrenberg,Baden-Württemberg,Herrenberg,71083,8.862625253,48.59395697,3,2609070812,,2609070813,,h,2,Information,,,,,,,2.0,2.0
-1894659457855522388-2609070849-1,22744,,2609070849,,,RB,RB63,,8002785,Herrenberg,Baden-Württemberg,Herrenberg,71083,8.862625253,48.59395697,3,,,2609070849,,h,2,Bauarbeiten,,,,,,,0.0,0.0
349961107221448788-2609070604-13,52386,2609070810,2609070811,1,,RE,IC87,Konstanz|Radolfzell|Singen(Hohentwiel)|Engen|Tuttlingen|Spaichingen|Rottweil|Oberndorf(Neckar)|Sulz(Neckar)|Horb|Bondorf(b Herrenberg)|Gäufelden,8002785,Herrenberg,Baden-Württemberg,Herrenberg,71083,8.862625253,48.59395697,3,2609070812,,2609070813,,h,2,Information,,,,,,,2.0,2.0
-1293211337437829021-2609070825-5,17634,2609070841,,101,,RB,,Eutingen im Gäu|Ergenzingen|Bondorf(b Herrenberg)|Gäufelden,8002785,Herrenberg,Baden-Württemberg,Herrenberg,71083,8.862625253,48.59395697,3,,,,,,,,,,,,c,,0.0,0.0
3303772125527124508-2609070746-9,7711,2609070815,,3,,S,,Stuttgart-Vaihingen|Stuttgart-Rohr|Goldberg(Württ)|Böblingen|Hulb|Ehningen(b Böblingen)|Gärtringen|Nufringen,8002785,Herrenberg,Baden-Württemberg,Herrenberg,71083,8.862625253,48.59395697,3,2609070817,,,,,,,,,,,,,2.0,0.0
8961996564700954198-2609070819-1,22738,,2609070819,,,RB,RB63,,8002785,Herrenberg,Baden-Württemberg,Herrenberg,71083,8.862625253,48.59395697,3,,,2609070820,,h,2,Bauarbeiten,,,,,,,0.0,1.0
4428035523306694897-2609070816-5,7713,2609070832,2609070832,1,,S,S1,Stuttgart-Vaihingen|Stuttgart-Rohr|Goldberg(Württ)|Böblingen,8003022,Hulb,Baden-Württemberg,Böblingen-Hulb,71032,8.982396429,48.67924173,5,2609070833,,2609070833,,,,,,,,,,,1.0,1.0
6586635698842149002-2609070846-5,7718,2609070858,2609070858,2,,S,S1,Herrenberg|Nufringen|Gärtringen|Ehningen(b Böblingen),8003022,Hulb,Baden-Württemberg,Böblingen-Hulb,71032,8.982396429,48.67924173,5,2609070858,,2609070859,,,,,,,,,,,0.0,1.0
-1939940434765765785-2609070816-5,7716,2609070828,2609070828,2,,S,S1,Herrenberg|Nufringen|Gärtringen|Ehningen(b Böblingen),8003022,Hulb,Baden-Württemberg,Böblingen-Hulb,71032,8.982396429,48.67924173,5,2609070828,,2609070829,,,,,,,,,,,0.0,1.0
3303772125527124508-2609070746-5,7711,2609070802,2609070802,1,,S,S1,Stuttgart-Vaihingen|Stuttgart-Rohr|Goldberg(Württ)|Böblingen,8003022,Hulb,Baden-Württemberg,Böblingen-Hulb,71032,8.982396429,48.67924173,5,2609070803,,2609070804,,,,,,,,,,,1.0,2.0
4580394534230796773-2609070805-7,7913,2609070827,,1,,S,,Stuttgart-Vaihingen|Stuttgart-Rohr|Oberaichen|Leinfelden|Echterdingen|Stuttgart Flughafen/Messe,8001984,Filderstadt,Baden-Württemberg,Filderstadt,70794,9.217581315,48.67649151,5,2609070827,,,,,,,,,,,,,0.0,0.0
-6417774412386429047-2609070833-1,7914,,2609070833,,,S,S2,,8001984,Filderstadt,Baden-Württemberg,Filderstadt,70794,9.217581315,48.67649151,5,,,2609070833,,,,,,,,,,,0.0,0.0
-5955935305381349706-2609070835-7,7915,2609070857,,1,,S,,Stuttgart-Vaihingen|Stuttgart-Rohr|Oberaichen|Leinfelden|Echterdingen|Stuttgart Flughafen/Messe,8001984,Filderstadt,Baden-Württemberg,Filderstadt,70794,9.217581315,48.67649151,5,2609070857,,,,,,,,,,,,,0.0,0.0
7974787834467566145-2609070803-1,7912,,2609070803,,,S,S2,,8001984,Filderstadt,Baden-Württemberg,Filderstadt,70794,9.217581315,48.67649151,5,,,2609070803,,,,,,,,,,,0.0,0.0
4239966119888045037-2609070737-12,7408,2609070813,2609070813,2,,S,S4,Stuttgart Hbf|Stuttgart Nordbahnhof|Stuttgart-Feuerbach|Stuttgart-Zuffenhausen|Kornwestheim Pbf|Ludwigsburg|Favoritepark|Freiberg(Neckar)|Benningen(Neckar)|Marbach(Neckar)|Erdmannhausen,8003266,Kirchberg (Murr),Baden-Württemberg,Kirchberg an der Murr,71737,9.328210283,48.93928182,6,2609070814,,2609070814,,,,,,,,,,,1.0,1.0
-3992047670892155392-2609070807-12,7410,2609070843,2609070843,2,,S,S4,Stuttgart Hbf|Stuttgart Nordbahnhof|Stuttgart-Feuerbach|Stuttgart-Zuffenhausen|Kornwestheim Pbf|Ludwigsburg|Favoritepark|Freiberg(Neckar)|Benningen(Neckar)|Marbach(Neckar)|Erdmannhausen,8003266,Kirchberg (Murr),Baden-Württemberg,Kirchberg an der Murr,71737,9.328210283,48.93928182,6,2609070847,,2609070847,,,,,,,,,,,4.0,4.0
-1396515843662350065-2609070803-3,7415,2609070812,2609070815,1,,S,S4,Backnang|Burgstall(Murr),8003266,Kirchberg (Murr),Baden-Württemberg,Kirchberg an der Murr,71737,9.328210283,48.93928182,6,2609070812,,2609070815,,,,,,,,,,,0.0,0.0
7107141703960527681-2609070833-3,7417,2609070842,2609070845,1,,S,S4,Backnang|Burgstall(Murr),8003266,Kirchberg (Murr),Baden-Württemberg,Kirchberg an der Murr,71737,9.328210283,48.93928182,6,2609070842,,2609070847,,,,,,,,,,,0.0,2.0
2988814004659936288-2609070820-1,7117,,2609070820,,,S,S1,,8003280,Kirchheim (Teck),Baden-Württemberg,Kirchheim unter Teck,73230,9.443872422,48.64415981,4,,,2609070821,,,,,,,,,,,0.0,1.0
2394736871359748075-2609070725-15,7110,2609070809,,2,,S,,Stuttgart Hbf|Stuttgart-Bad Cannstatt|Stuttgart Neckarpark|Stuttgart-Untertürkheim|Stuttgart-Obertürkheim|Esslingen-Mettingen|Esslingen(Neckar)|Oberesslingen|Esslingen-Zell|Altbach|Plochingen|Wernau(Neckar)|Wendlingen(Neckar)|Kirchheim(Teck)-Ötlingen,8003280,Kirchheim (Teck),Baden-Württemberg,Kirchheim unter Teck,73230,9.443872422,48.64415981,4,2609070809,,,,,,,,,,,,,0.0,0.0
808445071586521810-2609070754-7,37956,2609070812,,1,,RB,,Oberlenningen|Unterlenningen|Brucken|Owen(Teck)|Dettingen(Teck)|Kirchheim(Teck)Süd,8003280,Kirchheim (Teck),Baden-Württemberg,Kirchheim unter Teck,73230,9.443872422,48.64415981,4,2609070812,,,,,,,,,,,,,0.0,0.0
-3441789533908263347-2609070850-1,7119,,2609070850,,,S,S1,,8003280,Kirchheim (Teck),Baden-Württemberg,Kirchheim unter Teck,73230,9.443872422,48.64415981,4,,,2609070851,,,,,,,,,,,0.0,1.0
-6750459440429737938-2609070755-15,7112,2609070839,,2,,S,,Stuttgart Hbf|Stuttgart-Bad Cannstatt|Stuttgart Neckarpark|Stuttgart-Untertürkheim|Stuttgart-Obertürkheim|Esslingen-Mettingen|Esslingen(Neckar)|Oberesslingen|Esslingen-Zell|Altbach|Plochingen|Wernau(Neckar)|Wendlingen(Neckar)|Kirchheim(Teck)-Ötlingen,8003280,Kirchheim (Teck),Baden-Württemberg,Kirchheim unter Teck,73230,9.443872422,48.64415981,4,2609070811,,,,,,,,,,,,,-28.0,0.0
4774866984530666923-2609070817-1,37957,,2609070817,,,RB,RB64,,8003280,Kirchheim (Teck),Baden-Württemberg,Kirchheim unter Teck,73230,9.443872422,48.64415981,4,,,2609070817,,,,,,,,,,,0.0,0.0
2988814004659936288-2609070820-2,7117,2609070823,2609070823,1,,S,S1,Kirchheim(Teck),8003282,Kirchheim (Teck)-Ötlingen,Baden-Württemberg,Kirchheim unter Teck,73230,9.416261302,48.65782388,5,2609070823,,2609070824,,,,,,,,,,,0.0,1.0
2394736871359748075-2609070725-14,7110,2609070806,2609070807,1,,S,S1,Stuttgart Hbf|Stuttgart-Bad Cannstatt|Stuttgart Neckarpark|Stuttgart-Untertürkheim|Stuttgart-Obertürkheim|Esslingen-Mettingen|Esslingen(Neckar)|Oberesslingen|Esslingen-Zell|Altbach|Plochingen|Wernau(Neckar)|Wendlingen(Neckar),8003282,Kirchheim (Teck)-Ötlingen,Baden-Württemberg,Kirchheim unter Teck,73230,9.416261302,48.65782388,5,2609070806,,2609070807,,,,,,,,,,,0.0,0.0
-3441789533908263347-2609070850-2,7119,2609070853,2609070853,1,,S,S1,Kirchheim(Teck),8003282,Kirchheim (Teck)-Ötlingen,Baden-Württemberg,Kirchheim unter Teck,73230,9.416261302,48.65782388,5,2609070853,,2609070855,,,,,,,,,,,0.0,2.0
-6750459440429737938-2609070755-14,7112,2609070836,2609070837,1,,S,S1,Stuttgart Hbf|Stuttgart-Bad Cannstatt|Stuttgart Neckarpark|Stuttgart-Untertürkheim|Stuttgart-Obertürkheim|Esslingen-Mettingen|Esslingen(Neckar)|Oberesslingen|Esslingen-Zell|Altbach|Plochingen|Wernau(Neckar)|Wendlingen(Neckar),8003282,Kirchheim (Teck)-Ötlingen,Baden-Württemberg,Kirchheim unter Teck,73230,9.416261302,48.65782388,5,2609070837,,2609070837,,,,,,,,,,,1.0,0.0
7390137587146650746-2609070831-7,1103,2609070854,,7,,WEG,,Heimerdingen|Hemmingen|Schwieberdingen|Münchingen|Münchingen Rührberg|Korntal Gymnasium,8003409,Korntal,Baden-Württemberg,Korntal,70825,9.121099128,48.82640246,4,2609070855,,,,,,,,,,,,,1.0,0.0
-7539482099245388014-2609070854-3,7617,2609070858,2609070859,3,,S,S6,Ditzingen|Weilimdorf,8003409,Korntal,Baden-Württemberg,Korntal,70825,9.121099128,48.82640246,4,2609070858,,2609070859,,h,1,Bauarbeiten,,,,,,,0.0,0.0
1872058608445090990-2609070801-7,1097,2609070824,,7,,WEG,,Heimerdingen|Hemmingen|Schwieberdingen|Münchingen|Münchingen Rührberg|Korntal Gymnasium,8003409,Korntal,Baden-Württemberg,Korntal,70825,9.121099128,48.82640246,4,2609070824,,,,,,,,,,,,,0.0,0.0
6922079602389085921-2609070747-6,7610,2609070801,2609070801,1,,S,S6,Stuttgart Hbf|Stuttgart Nordbahnhof|Stuttgart-Feuerbach|Stuttgart-Zuffenhausen|Neuwirtshaus(Porscheplatz),8003409,Korntal,Baden-Württemberg,Korntal,70825,9.121099128,48.82640246,4,2609070801,,2609070802,,h,1,Bauarbeiten,,,,,,,0.0,1.0
-6251720950212682471-2609070835-1,1102,,2609070835,,,WEG,RB47,,8003409,Korntal,Baden-Württemberg,Korntal,70825,9.121099128,48.82640246,4,,,2609070835,,,,,,,,,,,0.0,0.0
8022546424643450692-2609070817-6,7612,2609070831,2609070831,1,,S,S6,Stuttgart Hbf|Stuttgart Nordbahnhof|Stuttgart-Feuerbach|Stuttgart-Zuffenhausen|Neuwirtshaus(Porscheplatz),8003409,Korntal,Baden-Württemberg,Korntal,70825,9.121099128,48.82640246,4,2609070831,,2609070832,,h,1,Bauarbeiten,,,,,,,0.0,1.0
1483634093748704360-2609070805-1,1096,,2609070805,,,WEG,RB47,,8003409,Korntal,Baden-Württemberg,Korntal,70825,9.121099128,48.82640246,4,,,2609070806,,,,,,,,,,,0.0,1.0
-2194076077432022456-2609070824-3,7615,2609070828,2609070829,3,,S,S6,Ditzingen|Weilimdorf,8003409,Korntal,Baden-Württemberg,Korntal,70825,9.121099128,48.82640246,4,2609070828,,2609070829,,h,1,Bauarbeiten,,,,,,,0.0,0.0
-812051319324174666-2609070837-5,7412,2609070850,2609070850,4,,S,S4,Stuttgart Hbf|Stuttgart Nordbahnhof|Stuttgart-Feuerbach|Stuttgart-Zuffenhausen,8003411,Kornwestheim Pbf,Baden-Württemberg,Kornwestheim,70806,9.179967278,48.86215948,3,2609070850,,2609070850,,,,,,,,,,,0.0,0.0
-1464658579295982364-2609070834-1,19307,,2609070834,,,RE,MEX18,,8003411,Kornwestheim Pbf,Baden-Württemberg,Kornwestheim,70806,9.179967278,48.86215948,3,,,2609070834,6,h,2,Störung,,,,,,,0.0,0.0
8970610329466681156-2609070733-10,7413,2609070810,2609070810,3,,S,S4,Backnang|Burgstall(Murr)|Kirchberg(Murr)|Erdmannhausen|Marbach(Neckar)|Benningen(Neckar)|Freiberg(Neckar)|Favoritepark|Ludwigsburg,8003411,Kornwestheim Pbf,Baden-Württemberg,Kornwestheim,70806,9.179967278,48.86215948,3,2609070813,,2609070813,,,,,,,,,,,3.0,3.0
-3992047670892155392-2609070807-5,7410,2609070820,2609070820,4,,S,S4,Stuttgart Hbf|Stuttgart Nordbahnhof|Stuttgart-Feuerbach|Stuttgart-Zuffenhausen,8003411,Kornwestheim Pbf,Baden-Württemberg,Kornwestheim,70806,9.179967278,48.86215948,3,2609070823,,2609070824,,,,,,,,,,,3.0,4.0
-1396515843662350065-2609070803-10,7415,2609070840,2609070840,3,,S,S4,Backnang|Burgstall(Murr)|Kirchberg(Murr)|Erdmannhausen|Marbach(Neckar)|Benningen(Neckar)|Freiberg(Neckar)|Favoritepark|Ludwigsburg,8003411,Kornwestheim Pbf,Baden-Württemberg,Kornwestheim,70806,9.179967278,48.86215948,3,2609070840,,2609070841,,,,,,,,,,,0.0,1.0
-3998053100664762308-2609070807-5,7515,2609070819,2609070820,3,,S,S5,Bietigheim-Bissingen|Tamm(Württ)|Asperg|Ludwigsburg,8003411,Kornwestheim Pbf,Baden-Württemberg,Kornwestheim,70806,9.179967278,48.86215948,3,2609070820,,2609070821,,,,,,,,,,,1.0,1.0
-8163811491625378496-2609070827-5,7514,2609070840,2609070840,4,,S,S5,Stuttgart Hbf|Stuttgart Nordbahnhof|Stuttgart-Feuerbach|Stuttgart-Zuffenhausen,8003411,Kornwestheim Pbf,Baden-Württemberg,Kornwestheim,70806,9.179967278,48.86215948,3,2609070840,,2609070841,,,,,,,,,,,0.0,1.0
-4928326504801899421-2609070757-5,7512,2609070810,2609070810,4,,S,S5,Stuttgart Hbf|Stuttgart Nordbahnhof|Stuttgart-Feuerbach|Stuttgart-Zuffenhausen,8003411,Kornwestheim Pbf,Baden-Württemberg,Kornwestheim,70806,9.179967278,48.86215948,3,2609070811,,2609070811,,,,,,,,,,,1.0,1.0
-3045461427841764391-2609070632-14,19353,2609070812,2609070820,7,,RE,MEX18,Öhringen-Cappel|Öhringen Hbf|Bretzfeld|Willsbach|Weinsberg|Heilbronn Hbf|Nordheim(Württ)|Lauffen(Neckar)|Kirchheim(Neckar)|Walheim(Württ)|Besigheim|Bietigheim-Bissingen|Ludwigsburg,8003411,Kornwestheim Pbf,Baden-Württemberg,Kornwestheim,70806,9.179967278,48.86215948,3,2609070814,,2609070824,,h,2,Störung,,,,,,,2.0,4.0
6413309914048916248-2609070813-3,19308,2609070842,,5,,RE,,Plochingen|Esslingen(Neckar),8003411,Kornwestheim Pbf,Baden-Württemberg,Kornwestheim,70806,9.179967278,48.86215948,3,2609070840,,,,h,2,Störung,,,,,,,-2.0,0.0
-1072643669346294455-2609070837-5,7517,2609070849,2609070850,3,,S,S5,Bietigheim-Bissingen|Tamm(Württ)|Asperg|Ludwigsburg,8003411,Kornwestheim Pbf,Baden-Württemberg,Kornwestheim,70806,9.179967278,48.86215948,3,2609070850,,2609070851,,,,,,,,,,,1.0,1.0
4580394534230796773-2609070805-4,7913,2609070816,2609070817,1,,S,S2,Stuttgart-Vaihingen|Stuttgart-Rohr|Oberaichen,8003622,Leinfelden,Baden-Württemberg,Leinfelden-Echterdingen,70771,9.142859698,48.6964193,4,2609070816,,2609070817,,,,,,,,,,,0.0,0.0
-6417774412386429047-2609070833-4,7914,2609070842,2609070843,2,,S,S2,Filderstadt|Stuttgart Flughafen/Messe|Echterdingen,8003622,Leinfelden,Baden-Württemberg,Leinfelden-Echterdingen,70771,9.142859698,48.6964193,4,2609070842,,2609070843,,,,,,,,,,,0.0,0.0
-5955935305381349706-2609070835-4,7915,2609070846,2609070847,1,,S,S2,Stuttgart-Vaihingen|Stuttgart-Rohr|Oberaichen,8003622,Leinfelden,Baden-Württemberg,Leinfelden-Echterdingen,70771,9.142859698,48.6964193,4,2609070846,,2609070847,,,,,,,,,,,0.0,0.0
7974787834467566145-2609070803-4,7912,2609070812,2609070813,2,,S,S2,Filderstadt|Stuttgart Flughafen/Messe|Echterdingen,8003622,Leinfelden,Baden-Württemberg,Leinfelden-Echterdingen,70771,9.142859698,48.6964193,4,2609070812,,2609070813,,,,,,,,,,,0.0,0.0
348904338587999379-2609070803-5,33863,2609070817,,1,,S,,Weil der Stadt|Malmsheim|Renningen|Rutesheim,8003652,Leonberg,Baden-Württemberg,Leonberg,71229,9.004025993,48.79970547,3,2609070819,3,,,,,,,,,,,,2.0,0.0
7558420737718355302-2609070804-9,7013,2609070832,,1,,S,,Böblingen|Sindelfingen|Maichingen|Maichingen Nord|Magstadt|Renningen Süd|Renningen|Rutesheim,8003652,Leonberg,Baden-Württemberg,Leonberg,71229,9.004025993,48.79970547,3,2609070833,3,,,h,1,Bauarbeiten,,,,,,,1.0,0.0
3592955462745051107-2609070734-9,7011,2609070802,,1,,S,,Böblingen|Sindelfingen|Maichingen|Maichingen Nord|Magstadt|Renningen Süd|Renningen|Rutesheim,8003652,Leonberg,Baden-Württemberg,Leonberg,71229,9.004025993,48.79970547,3,2609070803,3,,,h,1,Bauarbeiten,,,,,,,1.0,0.0
-1364121198893423502-2609070843-1,33862,,2609070843,,,S,S6,,8003652,Leonberg,Baden-Württemberg,Leonberg,71229,9.004025993,48.79970547,3,,,2609070843,3,,,,,,,,,,0.0,0.0
1407874279199726563-2609070813-1,33860,,2609070813,,,S,S6,,8003652,Leonberg,Baden-Württemberg,Leonberg,71229,9.004025993,48.79970547,3,,,2609070813,3,,,,,,,,,,0.0,0.0
-7998218630531091009-2609070858-1,7018,,2609070858,,,S,S60,,8003652,Leonberg,Baden-Württemberg,Leonberg,71229,9.004025993,48.79970547,3,,,2609070858,3,h,1,Bauarbeiten,,,,,,,0.0,0.0
-874440361791152587-2609070833-5,33865,2609070847,,1,,S,,Weil der Stadt|Malmsheim|Renningen|Rutesheim,8003652,Leonberg,Baden-Württemberg,Leonberg,71229,9.004025993,48.79970547,3,2609070849,3,,,,,,,,,,,,2.0,0.0
3583397989492953732-2609070828-1,7016,,2609070828,,,S,S60,,8003652,Leonberg,Baden-Württemberg,Leonberg,71229,9.004025993,48.79970547,3,,,2609070828,3,h,1,Bauarbeiten,,,,,,,0.0,0.0
-3866662720466624496-2609070808-2,74752,2609070820,2609070821,,,ARV,RE8,Stuttgart Hbf,8000235,Ludwigsburg,Baden-Württemberg,Ludwigsburg,71638,9.185229823,48.89208622,3,2609070820,1,2609070821,1,,,,,,,,,,0.0,0.0
-812051319324174666-2609070837-6,7412,2609070853,2609070854,2,,S,S4,Stuttgart Hbf|Stuttgart Nordbahnhof|Stuttgart-Feuerbach|Stuttgart-Zuffenhausen|Kornwestheim Pbf,8000235,Ludwigsburg,Baden-Württemberg,Ludwigsburg,71638,9.185229823,48.89208622,3,2609070853,,2609070854,,,,,,,,,,,0.0,0.0
8970610329466681156-2609070733-9,7413,2609070806,2609070807,3,,S,S4,Backnang|Burgstall(Murr)|Kirchberg(Murr)|Erdmannhausen|Marbach(Neckar)|Benningen(Neckar)|Freiberg(Neckar)|Favoritepark,8000235,Ludwigsburg,Baden-Württemberg,Ludwigsburg,71638,9.185229823,48.89208622,3,2609070809,,2609070810,,,,,,,,,,,3.0,3.0
-3992047670892155392-2609070807-6,7410,2609070823,2609070824,2,,S,S4,Stuttgart Hbf|Stuttgart Nordbahnhof|Stuttgart-Feuerbach|Stuttgart-Zuffenhausen|Kornwestheim Pbf,8000235,Ludwigsburg,Baden-Württemberg,Ludwigsburg,71638,9.185229823,48.89208622,3,2609070826,,2609070827,,,,,,,,,,,3.0,3.0
5752082848521759462-2609070717-11,19220,2609070828,2609070829,1,,RE,MEX12,Reutlingen Hbf|Metzingen(Württ)|Bempflingen|Nürtingen|Oberboihingen|Wendlingen(Neckar)|Plochingen|Esslingen(Neckar)|Stuttgart-Bad Cannstatt|Stuttgart Hbf,8000235,Ludwigsburg,Baden-Württemberg,Ludwigsburg,71638,9.185229823,48.89208622,3,2609070832,,2609070833,,h,2,Störung,,,,,,,4.0,4.0
-1396515843662350065-2609070803-9,7415,2609070836,2609070837,3,,S,S4,Backnang|Burgstall(Murr)|Kirchberg(Murr)|Erdmannhausen|Marbach(Neckar)|Benningen(Neckar)|Freiberg(Neckar)|Favoritepark,8000235,Ludwigsburg,Baden-Württemberg,Ludwigsburg,71638,9.185229823,48.89208622,3,2609070836,,2609070837,,,,,,,,,,,0.0,0.0
-3998053100664762308-2609070807-4,7515,2609070816,2609070816,3,,S,S5,Bietigheim-Bissingen|Tamm(Württ)|Asperg,8000235,Ludwigsburg,Baden-Württemberg,Ludwigsburg,71638,9.185229823,48.89208622,3,2609070816,,2609070817,,,,,,,,,,,0.0,1.0
-8163811491625378496-2609070827-6,7514,2609070843,2609070844,2,,S,S5,Stuttgart Hbf|Stuttgart Nordbahnhof|Stuttgart-Feuerbach|Stuttgart-Zuffenhausen|Kornwestheim Pbf,8000235,Ludwigsburg,Baden-Württemberg,Ludwigsburg,71638,9.185229823,48.89208622,3,2609070844,,2609070845,,,,,,,,,,,1.0,1.0
-4928326504801899421-2609070757-6,7512,2609070813,2609070814,2,,S,S5,Stuttgart Hbf|Stuttgart Nordbahnhof|Stuttgart-Feuerbach|Stuttgart-Zuffenhausen|Kornwestheim Pbf,8000235,Ludwigsburg,Baden-Württemberg,Ludwigsburg,71638,9.185229823,48.89208622,3,2609070814,,2609070815,,,,,,,,,,,1.0,1.0
-3045461427841764391-2609070632-13,19353,2609070804,2609070807,4,,RE,MEX18,Öhringen-Cappel|Öhringen Hbf|Bretzfeld|Willsbach|Weinsberg|Heilbronn Hbf|Nordheim(Württ)|Lauffen(Neckar)|Kirchheim(Neckar)|Walheim(Württ)|Besigheim|Bietigheim-Bissingen,8000235,Ludwigsburg,Baden-Württemberg,Ludwigsburg,71638,9.185229823,48.89208622,3,2609070806,,2609070808,,h,2,Störung,,,,,,,2.0,1.0
-1072643669346294455-2609070837-4,7517,2609070846,2609070846,3,,S,S5,Bietigheim-Bissingen|Tamm(Württ)|Asperg,8000235,Ludwigsburg,Baden-Württemberg,Ludwigsburg,71638,9.185229823,48.89208622,3,2609070846,,2609070847,,,,,,,,,,,0.0,1.0
348904338587999379-2609070803-2,33863,2609070805,2609070805,2,,S,S6,Weil der Stadt,8003831,Malmsheim,Baden-Württemberg,Renningen,71272,8.905105557,48.77183564,5,2609070808,,2609070809,,,,,,,,,,,3.0,4.0
-1364121198893423502-2609070843-4,33862,2609070854,2609070854,1,,S,S6,Leonberg|Rutesheim|Renningen,8003831,Malmsheim,Baden-Württemberg,Renningen,71272,8.905105557,48.77183564,5,2609070854,,2609070854,,,,,,,,,,,0.0,0.0
1407874279199726563-2609070813-4,33860,2609070824,2609070824,1,,S,S6,Leonberg|Rutesheim|Renningen,8003831,Malmsheim,Baden-Württemberg,Renningen,71272,8.905105557,48.77183564,5,2609070825,,2609070826,,,,,,,,,,,1.0,2.0
-874440361791152587-2609070833-2,33865,2609070835,2609070835,2,,S,S6,Weil der Stadt,8003831,Malmsheim,Baden-Württemberg,Renningen,71272,8.905105557,48.77183564,5,2609070836,,2609070837,,,,,,,,,,,1.0,2.0
4239966119888045037-2609070737-10,7408,2609070805,2609070808,1,,S,S4,Stuttgart Hbf|Stuttgart Nordbahnhof|Stuttgart-Feuerbach|Stuttgart-Zuffenhausen|Kornwestheim Pbf|Ludwigsburg|Favoritepark|Freiberg(Neckar)|Benningen(Neckar),8003853,Marbach (Neckar),Baden-Württemberg,Marbach am Neckar,71672,9.264611825,48.9437708,3,2609070806,,2609070809,,,,,,,,,,,1.0,1.0
-3992047670892155392-2609070807-10,7410,2609070835,2609070838,1,,S,S4,Stuttgart Hbf|Stuttgart Nordbahnhof|Stuttgart-Feuerbach|Stuttgart-Zuffenhausen|Kornwestheim Pbf|Ludwigsburg|Favoritepark|Freiberg(Neckar)|Benningen(Neckar),8003853,Marbach (Neckar),Baden-Württemberg,Marbach am Neckar,71672,9.264611825,48.9437708,3,2609070838,,2609070842,,,,,,,,,,,3.0,4.0
-1396515843662350065-2609070803-5,7415,2609070821,2609070825,,,S,S4,Backnang|Burgstall(Murr)|Kirchberg(Murr)|Erdmannhausen,8003853,Marbach (Neckar),Baden-Württemberg,Marbach am Neckar,71672,9.264611825,48.9437708,3,2609070821,1,2609070825,1,,,,,,,,,,0.0,0.0
7107141703960527681-2609070833-5,7417,2609070851,2609070855,,,S,S4,Backnang|Burgstall(Murr)|Kirchberg(Murr)|Erdmannhausen,8003853,Marbach (Neckar),Baden-Württemberg,Marbach am Neckar,71672,9.264611825,48.9437708,3,2609070853,1,2609070857,1,,,,,,,,,,2.0,2.0
-8714228285082007604-2609070742-11,7310,2609070814,2609070815,2,,S,S3,Stuttgart Hbf|Stuttgart-Bad Cannstatt|Stuttgart Nürnberger Str.|Stuttgart-Sommerrain|Fellbach|Waiblingen|Neustadt-Hohenacker|Schwaikheim|Winnenden|Nellmersbach,8003913,Maubach,Baden-Württemberg,Backnang,71522,9.419487062,48.92623463,4,2609070818,,2609070818,,,,,,,,,,,4.0,3.0
-3592468245100533836-2609070812-11,7312,2609070844,2609070845,2,,S,S3,Stuttgart Hbf|Stuttgart-Bad Cannstatt|Stuttgart Nürnberger Str.|Stuttgart-Sommerrain|Fellbach|Waiblingen|Neustadt-Hohenacker|Schwaikheim|Winnenden|Nellmersbach,8003913,Maubach,Baden-Württemberg,Backnang,71522,9.419487062,48.92623463,4,2609070844,,2609070845,,,,,,,,,,,0.0,0.0
-6826708456044057474-2609070811-2,7315,2609070813,2609070814,1,,S,S3,Backnang,8003913,Maubach,Baden-Württemberg,Backnang,71522,9.419487062,48.92623463,4,2609070813,,2609070814,,,,,,,,,,,0.0,0.0
8832461638795716901-2609070841-2,7317,2609070843,2609070844,1,,S,S3,Backnang,8003913,Maubach,Baden-Württemberg,Backnang,71522,9.419487062,48.92623463,4,2609070845,,2609070846,,,,,,,,,,,2.0,2.0
-8714228285082007604-2609070742-10,7310,2609070811,2609070812,2,,S,S3,Stuttgart Hbf|Stuttgart-Bad Cannstatt|Stuttgart Nürnberger Str.|Stuttgart-Sommerrain|Fellbach|Waiblingen|Neustadt-Hohenacker|Schwaikheim|Winnenden,8004233,Nellmersbach,Baden-Württemberg,Leutenbach,71397,9.415421538,48.90336425,5,2609070814,,2609070815,,,,,,,,,,,3.0,3.0
-3592468245100533836-2609070812-10,7312,2609070841,2609070842,2,,S,S3,Stuttgart Hbf|Stuttgart-Bad Cannstatt|Stuttgart Nürnberger Str.|Stuttgart-Sommerrain|Fellbach|Waiblingen|Neustadt-Hohenacker|Schwaikheim|Winnenden,8004233,Nellmersbach,Baden-Württemberg,Leutenbach,71397,9.415421538,48.90336425,5,2609070841,,2609070842,,,,,,,,,,,0.0,0.0
-6826708456044057474-2609070811-3,7315,2609070816,2609070816,1,,S,S3,Backnang|Maubach,8004233,Nellmersbach,Baden-Württemberg,Leutenbach,71397,9.415421538,48.90336425,5,2609070816,,2609070817,,,,,,,,,,,0.0,1.0
8832461638795716901-2609070841-3,7317,2609070846,2609070846,1,,S,S3,Backnang|Maubach,8004233,Nellmersbach,Baden-Württemberg,Leutenbach,71397,9.415421538,48.90336425,5,2609070848,,2609070849,,,,,,,,,,,2.0,3.0
-8714228285082007604-2609070742-7,7310,2609070803,2609070803,1,,S,S3,Stuttgart Hbf|Stuttgart-Bad Cannstatt|Stuttgart Nürnberger Str.|Stuttgart-Sommerrain|Fellbach|Waiblingen,8004333,Neustadt-Hohenacker,Baden-Württemberg,Waiblingen,71336,9.32455106,48.85921668,5,2609070806,,2609070806,,,,,,,,,,,3.0,3.0
-3592468245100533836-2609070812-7,7312,2609070833,2609070833,1,,S,S3,Stuttgart Hbf|Stuttgart-Bad Cannstatt|Stuttgart Nürnberger Str.|Stuttgart-Sommerrain|Fellbach|Waiblingen,8004333,Neustadt-Hohenacker,Baden-Württemberg,Waiblingen,71336,9.32455106,48.85921668,5,2609070833,,2609070833,,,,,,,,,,,0.0,0.0
-6826708456044057474-2609070811-6,7315,2609070825,2609070825,2,,S,S3,Backnang|Maubach|Nellmersbach|Winnenden|Schwaikheim,8004333,Neustadt-Hohenacker,Baden-Württemberg,Waiblingen,71336,9.32455106,48.85921668,5,2609070826,,2609070826,,,,,,,,,,,1.0,1.0
8832461638795716901-2609070841-6,7317,2609070855,2609070855,2,,S,S3,Backnang|Maubach|Nellmersbach|Winnenden|Schwaikheim,8004333,Neustadt-Hohenacker,Baden-Württemberg,Waiblingen,71336,9.32455106,48.85921668,5,2609070857,,2609070857,,,,,,,,,,,2.0,2.0
4812840936901474420-2609070754-4,7613,2609070801,2609070801,2,,S,S6,Ditzingen|Weilimdorf|Korntal,8004338,Neuwirtshaus (Porscheplatz),Baden-Württemberg,Stuttgart,70435,9.151955614,48.83384734,4,2609070801,,2609070802,,h,1,Bauarbeiten,,,,,,,0.0,1.0
8022546424643450692-2609070817-5,7612,2609070828,2609070829,1,,S,S6,Stuttgart Hbf|Stuttgart Nordbahnhof|Stuttgart-Feuerbach|Stuttgart-Zuffenhausen,8004338,Neuwirtshaus (Porscheplatz),Baden-Württemberg,Stuttgart,70435,9.151955614,48.83384734,4,2609070829,,2609070829,,h,1,Bauarbeiten,,,,,,,1.0,0.0
-2194076077432022456-2609070824-4,7615,2609070831,2609070831,2,,S,S6,Ditzingen|Weilimdorf|Korntal,8004338,Neuwirtshaus (Porscheplatz),Baden-Württemberg,Stuttgart,70435,9.151955614,48.83384734,4,2609070831,,2609070832,,h,1,Bauarbeiten,,,,,,,0.0,1.0
8931019133261020093-2609070847-5,7614,2609070858,2609070859,1,,S,S6,Stuttgart Hbf|Stuttgart Nordbahnhof|Stuttgart-Feuerbach|Stuttgart-Zuffenhausen,8004338,Neuwirtshaus (Porscheplatz),Baden-Württemberg,Stuttgart,70435,9.151955614,48.83384734,4,2609070858,,2609070859,,h,1,Bauarbeiten,,,,,,,0.0,0.0
4428035523306694897-2609070816-8,7713,2609070841,2609070841,1,,S,S1,Stuttgart-Vaihingen|Stuttgart-Rohr|Goldberg(Württ)|Böblingen|Hulb|Ehningen(b Böblingen)|Gärtringen,8004490,Nufringen,Baden-Württemberg,Nufringen,71154,8.889817485,48.62010967,5,2609070842,,2609070842,,,,,,,,,,,1.0,1.0
6586635698842149002-2609070846-2,7718,2609070849,2609070849,2,,S,S1,Herrenberg,8004490,Nufringen,Baden-Württemberg,Nufringen,71154,8.889817485,48.62010967,5,2609070849,,2609070850,,,,,,,,,,,0.0,1.0
-1939940434765765785-2609070816-2,7716,2609070819,2609070819,2,,S,S1,Herrenberg,8004490,Nufringen,Baden-Württemberg,Nufringen,71154,8.889817485,48.62010967,5,2609070819,,2609070820,,,,,,,,,,,0.0,1.0
3303772125527124508-2609070746-8,7711,2609070811,2609070811,1,,S,S1,Stuttgart-Vaihingen|Stuttgart-Rohr|Goldberg(Württ)|Böblingen|Hulb|Ehningen(b Böblingen)|Gärtringen,8004490,Nufringen,Baden-Württemberg,Nufringen,71154,8.889817485,48.62010967,5,2609070812,,2609070813,,,,,,,,,,,1.0,2.0
4580394534230796773-2609070805-3,7913,2609070814,2609070814,1,,S,S2,Stuttgart-Vaihingen|Stuttgart-Rohr,8004496,Oberaichen,Baden-Württemberg,Leinfelden-Echterdingen,70771,9.12743664,48.70512422,5,2609070814,,2609070815,,,,,,,,,,,0.0,1.0
-6417774412386429047-2609070833-5,7914,2609070845,2609070845,2,,S,S2,Filderstadt|Stuttgart Flughafen/Messe|Echterdingen|Leinfelden,8004496,Oberaichen,Baden-Württemberg,Leinfelden-Echterdingen,70771,9.12743664,48.70512422,5,2609070845,,2609070846,,,,,,,,,,,0.0,1.0
-5955935305381349706-2609070835-3,7915,2609070844,2609070844,1,,S,S2,Stuttgart-Vaihingen|Stuttgart-Rohr,8004496,Oberaichen,Baden-Württemberg,Leinfelden-Echterdingen,70771,9.12743664,48.70512422,5,2609070844,,2609070845,,,,,,,,,,,0.0,1.0
7974787834467566145-2609070803-5,7912,2609070815,2609070815,2,,S,S2,Filderstadt|Stuttgart Flughafen/Messe|Echterdingen|Leinfelden,8004496,Oberaichen,Baden-Württemberg,Leinfelden-Echterdingen,70771,9.12743664,48.70512422,5,2609070815,,2609070815,,,,,,,,,,,0.0,0.0
2988814004659936288-2609070820-8,7117,2609070844,2609070845,3,,S,S1,Kirchheim(Teck)|Kirchheim(Teck)-Ötlingen|Wendlingen(Neckar)|Wernau(Neckar)|Plochingen|Altbach|Esslingen-Zell,8004528,Oberesslingen,Baden-Württemberg,Esslingen am Neckar,73730,9.327277435,48.72983585,3,2609070844,,2609070845,,,,,,,,,,,0.0,0.0
7462677850950360621-2609070825-8,7114,2609070845,2609070845,4,,S,S1,Stuttgart Hbf|Stuttgart-Bad Cannstatt|Stuttgart Neckarpark|Stuttgart-Untertürkheim|Stuttgart-Obertürkheim|Esslingen-Mettingen|Esslingen(Neckar),8004528,Oberesslingen,Baden-Württemberg,Esslingen am Neckar,73730,9.327277435,48.72983585,3,2609070844,,2609070845,,,,,,,,,,,-1.0,0.0
-6750459440429737938-2609070755-8,7112,2609070815,2609070815,4,,S,S1,Stuttgart Hbf|Stuttgart-Bad Cannstatt|Stuttgart Neckarpark|Stuttgart-Untertürkheim|Stuttgart-Obertürkheim|Esslingen-Mettingen|Esslingen(Neckar),8004528,Oberesslingen,Baden-Württemberg,Esslingen am Neckar,73730,9.327277435,48.72983585,3,2609070815,,2609070815,,,,,,,,,,,0.0,0.0
-7908498233924216314-2609070750-8,7115,2609070814,2609070815,3,,S,S1,Kirchheim(Teck)|Kirchheim(Teck)-Ötlingen|Wendlingen(Neckar)|Wernau(Neckar)|Plochingen|Altbach|Esslingen-Zell,8004528,Oberesslingen,Baden-Württemberg,Esslingen am Neckar,73730,9.327277435,48.72983585,3,2609070816,,2609070817,,,,,,,,,,,2.0,2.0
-5005532278471111418-2609070707-19,19122,2609070834,2609070835,1,,ARV,MEX16,Ulm Hbf|Beimerstetten|Westerstetten|Lonsee|Urspring|Amstetten(Württ)|Geislingen(Steige)|Geislingen(Steige)West|Kuchen|Gingen(Fils)|Süßen|Salach|Eislingen(Fils)|Göppingen|Faurndau|Uhingen|Ebersbach(Fils)|Reichenbach(Fils),8000302,Plochingen,Baden-Württemberg,Plochingen,73207,9.411294578,48.71293906,2,2609070838,,2609070839,,,,,,,,,,,4.0,4.0
2988814004659936288-2609070820-5,7117,2609070835,2609070837,9,,S,S1,Kirchheim(Teck)|Kirchheim(Teck)-Ötlingen|Wendlingen(Neckar)|Wernau(Neckar),8000302,Plochingen,Baden-Württemberg,Plochingen,73207,9.411294578,48.71293906,2,2609070836,,2609070837,,,,,,,,,,,1.0,0.0
8422975765169747480-2609070752-4,19351,2609070811,,9,,RE,,Stuttgart Hbf|Stuttgart-Bad Cannstatt|Esslingen(Neckar),8000302,Plochingen,Baden-Württemberg,Plochingen,73207,9.411294578,48.71293906,2,2609070811,6,,,h,2,Störung,,,,,,,0.0,0.0
-1152152025292238787-2609070839-3,4209,2609070855,2609070856,4,,RE,RE5,Stuttgart Hbf|Esslingen(Neckar),8000302,Plochingen,Baden-Württemberg,Plochingen,73207,9.411294578,48.71293906,2,2609070857,,2609070858,,h,2,Information,,,,,,,2.0,2.0
7462677850950360621-2609070825-11,7114,2609070853,2609070855,9,,S,S1,Stuttgart Hbf|Stuttgart-Bad Cannstatt|Stuttgart Neckarpark|Stuttgart-Untertürkheim|Stuttgart-Obertürkheim|Esslingen-Mettingen|Esslingen(Neckar)|Oberesslingen|Esslingen-Zell|Altbach,8000302,Plochingen,Baden-Württemberg,Plochingen,73207,9.411294578,48.71293906,2,2609070853,,2609070855,,,,,,,,,,,0.0,0.0
-3045461427841764391-2609070632-16,19353,2609070842,,9,,RE,,Öhringen-Cappel|Öhringen Hbf|Bretzfeld|Willsbach|Weinsberg|Heilbronn Hbf|Nordheim(Württ)|Lauffen(Neckar)|Kirchheim(Neckar)|Walheim(Württ)|Besigheim|Bietigheim-Bissingen|Ludwigsburg|Kornwestheim Pbf|Esslingen(Neckar),8000302,Plochingen,Baden-Württemberg,Plochingen,73207,9.411294578,48.71293906,2,2609070847,7,,,h,2,Störung,,,,,,,5.0,0.0
-705341486458257230-2609070805-4,19123,2609070823,2609070833,6,,ARV,MEX16,Stuttgart Hbf|Stuttgart-Bad Cannstatt|Esslingen(Neckar),8000302,Plochingen,Baden-Württemberg,Plochingen,73207,9.411294578,48.71293906,2,2609070824,4,2609070834,4,,,,,,,,,,1.0,1.0
-6750459440429737938-2609070755-11,7112,2609070823,2609070825,9,,S,S1,Stuttgart Hbf|Stuttgart-Bad Cannstatt|Stuttgart Neckarpark|Stuttgart-Untertürkheim|Stuttgart-Obertürkheim|Esslingen-Mettingen|Esslingen(Neckar)|Oberesslingen|Esslingen-Zell|Altbach,8000302,Plochingen,Baden-Württemberg,Plochingen,73207,9.411294578,48.71293906,2,2609070823,,2609070826,,,,,,,,,,,0.0,1.0
6413309914048916248-2609070813-1,19308,,2609070813,,,RE,MEX18,,8000302,Plochingen,Baden-Württemberg,Plochingen,73207,9.411294578,48.71293906,2,,,2609070813,3,h,2,Störung,,,,,,,0.0,0.0
2706780419589409599-2609070535-18,4204,2609070802,2609070806,1,,RE,RE5,Enzisweiler|Wasserburg(Bodensee)|Nonnenhorn|Kressbronn|Langenargen|Eriskirch|Friedrichshafen Stadt|Meckenbeuren|Ravensburg|Aulendorf|Bad Schussenried|Biberach(Riß)|Schemmerberg|Laupheim West|Ulm Hbf|Geislingen(Steige)|Göppingen,8000302,Plochingen,Baden-Württemberg,Plochingen,73207,9.411294578,48.71293906,2,2609070809,,2609070810,,h,2,Information,,,,,,,7.0,4.0
2381293164445342384-2609070847-1,19222,,2609070847,,,RE,MEX12,,8000302,Plochingen,Baden-Württemberg,Plochingen,73207,9.411294578,48.71293906,2,,,2609070847,6,h,2,Störung,,,,,,,0.0,0.0
-7908498233924216314-2609070750-5,7115,2609070805,2609070807,9,,S,S1,Kirchheim(Teck)|Kirchheim(Teck)-Ötlingen|Wendlingen(Neckar)|Wernau(Neckar),8000302,Plochingen,Baden-Württemberg,Plochingen,73207,9.411294578,48.71293906,2,2609070809,,2609070810,,,,,,,,,,,4.0,3.0
2197115266233525359-2609070745-19,19124,2609070858,2609070858,3,,ARV,MEX16,Ulm Hbf|Beimerstetten|Westerstetten|Lonsee|Urspring|Amstetten(Württ)|Geislingen(Steige)|Geislingen(Steige)West|Kuchen|Gingen(Fils)|Süßen|Salach|Eislingen(Fils)|Göppingen|Faurndau|Uhingen|Ebersbach(Fils)|Reichenbach(Fils),8000302,Plochingen,Baden-Württemberg,Plochingen,73207,9.411294578,48.71293906,2,2609070858,,2609070858,,,,,,,,,,,0.0,0.0
-4292995912708809220-2609070758-3,7014,2609070804,2609070809,3,,S,S60,Leonberg|Rutesheim,8000313,Renningen,Baden-Württemberg,Renningen,71272,8.932650148,48.77515509,3,2609070804,,2609070812,,h,1,Bauarbeiten,,,,,,,0.0,3.0
348904338587999379-2609070803-3,33863,2609070807,2609070811,2,,S,S6,Weil der Stadt|Malmsheim,8000313,Renningen,Baden-Württemberg,Renningen,71272,8.932650148,48.77515509,3,2609070811,,2609070812,,,,,,,,,,,4.0,1.0
7558420737718355302-2609070804-7,7013,2609070820,2609070826,2,,S,S60,Böblingen|Sindelfingen|Maichingen|Maichingen Nord|Magstadt|Renningen Süd,8000313,Renningen,Baden-Württemberg,Renningen,71272,8.932650148,48.77515509,3,2609070823,,2609070826,,h,1,Bauarbeiten,,,,,,,3.0,0.0
-1364121198893423502-2609070843-3,33862,2609070849,2609070852,3,,S,S6,Leonberg|Rutesheim,8000313,Renningen,Baden-Württemberg,Renningen,71272,8.932650148,48.77515509,3,2609070849,,2609070852,,,,,,,,,,,0.0,0.0
1407874279199726563-2609070813-3,33860,2609070819,2609070822,3,,S,S6,Leonberg|Rutesheim,8000313,Renningen,Baden-Württemberg,Renningen,71272,8.932650148,48.77515509,3,2609070819,,2609070823,,,,,,,,,,,0.0,1.0
-874440361791152587-2609070833-3,33865,2609070837,2609070841,2,,S,S6,Weil der Stadt|Malmsheim,8000313,Renningen,Baden-Württemberg,Renningen,71272,8.932650148,48.77515509,3,2609070838,,2609070841,,,,,,,,,,,1.0,0.0
-7570451707251115799-2609070842-1,26136,,2609070842,,,SWE,RB76,,8000313,Renningen,Baden-Württemberg,Renningen,71272,8.932650148,48.77515509,3,,,,,,,,,,,,,c,0.0,0.0
-7167865627529423559-2609070810-6,26135,2609070832,,4,,SWE,,Calw|Calw-Heumaden|Althengstett|Ostelsheim|Weil der Stadt,8000313,Renningen,Baden-Württemberg,Renningen,71272,8.932650148,48.77515509,3,,,,,,,,,,,,c,,0.0,0.0
3583397989492953732-2609070828-3,7016,2609070834,2609070839,3,,S,S60,Leonberg|Rutesheim,8000313,Renningen,Baden-Württemberg,Renningen,71272,8.932650148,48.77515509,3,2609070835,,2609070839,,h,1,Bauarbeiten,,,,,,,1.0,0.0
9174048015743328640-2609070834-7,7015,2609070850,2609070856,2,,S,S60,Böblingen|Sindelfingen|Maichingen|Maichingen Nord|Magstadt|Renningen Süd,8000313,Renningen,Baden-Württemberg,Renningen,71272,8.932650148,48.77515509,3,2609070852,,2609070856,,h,1,Bauarbeiten,,,,,,,2.0,0.0
-6187813548789768480-2609070750-7,7210,2609070807,2609070807,1,,S,S2,Stuttgart Hbf|Stuttgart-Bad Cannstatt|Stuttgart Nürnberger Str.|Stuttgart-Sommerrain|Fellbach|Waiblingen,8005157,Rommelshausen,Baden-Württemberg,Kernen,71394,9.319175885,48.81552017,4,2609070810,,2609070810,,h,2,Bauarbeiten,,,,,,,3.0,3.0
4710214702648447253-2609070820-7,7212,2609070837,2609070837,1,,S,S2,Stuttgart Hbf|Stuttgart-Bad Cannstatt|Stuttgart Nürnberger Str.|Stuttgart-Sommerrain|Fellbach|Waiblingen,8005157,Rommelshausen,Baden-Württemberg,Kernen,71394,9.319175885,48.81552017,4,2609070837,,2609070837,,h,2,Bauarbeiten,,,,,,,0.0,0.0
-5804237943130712983-2609070803-9,7215,2609070821,2609070822,2,,S,S2,Schorndorf|Weiler(Rems)|Winterbach(b Schorndorf)|Geradstetten|Grunbach|Beutelsbach|Endersbach|Stetten-Beinstein,8005157,Rommelshausen,Baden-Württemberg,Kernen,71394,9.319175885,48.81552017,4,2609070826,,2609070827,,h,2,Bauarbeiten,,,,,,,5.0,5.0
-5128631246468454871-2609070833-9,7217,2609070851,2609070852,2,,S,S2,Schorndorf|Weiler(Rems)|Winterbach(b Schorndorf)|Geradstetten|Grunbach|Beutelsbach|Endersbach|Stetten-Beinstein,8005157,Rommelshausen,Baden-Württemberg,Kernen,71394,9.319175885,48.81552017,4,2609070853,,2609070855,,h,2,Bauarbeiten,,,,,,,2.0,3.0
-4292995912708809220-2609070758-2,7014,2609070801,2609070801,2,,S,S60,Leonberg,8005236,Rutesheim,Baden-Württemberg,Leonberg,71229,8.960325242,48.79031093,5,2609070801,,2609070802,,h,1,Bauarbeiten,,,,,,,0.0,1.0
348904338587999379-2609070803-4,33863,2609070813,2609070814,1,,S,S6,Weil der Stadt|Malmsheim|Renningen,8005236,Rutesheim,Baden-Württemberg,Leonberg,71229,8.960325242,48.79031093,5,2609070814,,2609070815,,,,,,,,,,,1.0,1.0
7558420737718355302-2609070804-8,7013,2609070828,2609070829,1,,S,S60,Böblingen|Sindelfingen|Maichingen|Maichingen Nord|Magstadt|Renningen Süd|Renningen,8005236,Rutesheim,Baden-Württemberg,Leonberg,71229,8.960325242,48.79031093,5,2609070828,,2609070829,,h,1,Bauarbeiten,,,,,,,0.0,0.0
-1364121198893423502-2609070843-2,33862,2609070846,2609070846,2,,S,S6,Leonberg,8005236,Rutesheim,Baden-Württemberg,Leonberg,71229,8.960325242,48.79031093,5,2609070846,,2609070847,,,,,,,,,,,0.0,1.0
1407874279199726563-2609070813-2,33860,2609070816,2609070816,2,,S,S6,Leonberg,8005236,Rutesheim,Baden-Württemberg,Leonberg,71229,8.960325242,48.79031093,5,2609070816,,2609070817,,,,,,,,,,,0.0,1.0
-874440361791152587-2609070833-4,33865,2609070843,2609070844,1,,S,S6,Weil der Stadt|Malmsheim|Renningen,8005236,Rutesheim,Baden-Württemberg,Leonberg,71229,8.960325242,48.79031093,5,2609070844,,2609070844,,,,,,,,,,,1.0,0.0
3583397989492953732-2609070828-2,7016,2609070831,2609070831,2,,S,S60,Leonberg,8005236,Rutesheim,Baden-Württemberg,Leonberg,71229,8.960325242,48.79031093,5,2609070832,,2609070833,,h,1,Bauarbeiten,,,,,,,1.0,2.0
9174048015743328640-2609070834-8,7015,2609070858,2609070859,1,,S,S60,Böblingen|Sindelfingen|Maichingen|Maichingen Nord|Magstadt|Renningen Süd|Renningen,8005236,Rutesheim,Baden-Württemberg,Leonberg,71229,8.960325242,48.79031093,5,2609070858,,2609070859,,h,1,Bauarbeiten,,,,,,,0.0,0.0
3922141405883606321-2609070808-2,2065,2609070827,2609070828,2,,IC,,Stuttgart Hbf,8005424,Schorndorf,Baden-Württemberg,Schorndorf,73614,9.525686251,48.80693898,3,2609070842,,2609070844,,h,2,Information,,,,,,,15.0,16.0
-6187813548789768480-2609070750-15,7210,2609070825,,14,,S,,Stuttgart Hbf|Stuttgart-Bad Cannstatt|Stuttgart Nürnberger Str.|Stuttgart-Sommerrain|Fellbach|Waiblingen|Rommelshausen|Stetten-Beinstein|Endersbach|Beutelsbach|Grunbach|Geradstetten|Winterbach(b Schorndorf)|Weiler(Rems),8005424,Schorndorf,Baden-Württemberg,Schorndorf,73614,9.525686251,48.80693898,3,2609070827,,,,h,2,Bauarbeiten,,,,,,,2.0,0.0
4710214702648447253-2609070820-15,7212,2609070855,,1,,S,,Stuttgart Hbf|Stuttgart-Bad Cannstatt|Stuttgart Nürnberger Str.|Stuttgart-Sommerrain|Fellbach|Waiblingen|Rommelshausen|Stetten-Beinstein|Endersbach|Beutelsbach|Grunbach|Geradstetten|Winterbach(b Schorndorf)|Weiler(Rems),8005424,Schorndorf,Baden-Württemberg,Schorndorf,73614,9.525686251,48.80693898,3,2609070854,,,,h,2,Bauarbeiten,,,,,,,-1.0,0.0
527392898867093092-2609070802-3,19672,2609070828,2609070829,3,,ARV,RE1,Aalen Hbf|Schwäbisch Gmünd,8005424,Schorndorf,Baden-Württemberg,Schorndorf,73614,9.525686251,48.80693898,3,2609070830,,2609070831,,h,2,Information,,,,,,,2.0,2.0
6561689536681711014-2609070806-9,19412,2609070843,2609070843,3,,ARV,MEX13,Aalen Hbf|Mögglingen(Gmünd)|Böbingen(Rems)|Schwäbisch Gmünd|Lorch(Württ)|Waldhausen(b Schorndorf)|Plüderhausen|Urbach(b Schorndorf),8005424,Schorndorf,Baden-Württemberg,Schorndorf,73614,9.525686251,48.80693898,3,2609070843,,2609070844,,h,2,Information,,,,,,,0.0,1.0
-5804237943130712983-2609070803-1,7215,,2609070803,,,S,S2,,8005424,Schorndorf,Baden-Württemberg,Schorndorf,73614,9.525686251,48.80693898,3,,,2609070808,,h,2,Bauarbeiten,,,,,,,0.0,5.0
-5128631246468454871-2609070833-1,7217,,2609070833,,,S,S2,,8005424,Schorndorf,Baden-Württemberg,Schorndorf,73614,9.525686251,48.80693898,3,,,2609070834,,h,2,Bauarbeiten,,,,,,,0.0,1.0
-6563980521276274745-2609070747-4,19407,2609070813,2609070814,2,,ARV,MEX13,Stuttgart Hbf|Stuttgart-Bad Cannstatt|Waiblingen,8005424,Schorndorf,Baden-Württemberg,Schorndorf,73614,9.525686251,48.80693898,3,2609070813,,2609070815,,h,2,Information,,,,,,,0.0,1.0
8714151503779075708-2609070648-17,19454,2609070813,2609070814,3,,ARV,MEX13,Crailsheim|Jagstzell|Ellwangen|Schrezheim|Schwabsberg|Goldshöfe|Hofen(b Aalen)|Wasseralfingen|Aalen Hbf|Mögglingen(Gmünd)|Böbingen(Rems)|Schwäbisch Gmünd|Lorch(Württ)|Waldhausen(b Schorndorf)|Plüderhausen|Urbach(b Schorndorf),8005424,Schorndorf,Baden-Württemberg,Schorndorf,73614,9.525686251,48.80693898,3,2609070819,,2609070819,,h,2,Störung,,,,,,,6.0,5.0
1921412709986473032-2609070820-4,19459,2609070843,2609070844,2,,ARV,MEX13,Stuttgart Hbf|Stuttgart-Bad Cannstatt|Waiblingen,8005424,Schorndorf,Baden-Württemberg,Schorndorf,73614,9.525686251,48.80693898,3,2609070907,,2609070908,,h,2,Störung,,,,,,,24.0,24.0
-8714228285082007604-2609070742-8,7310,2609070806,2609070806,2,,S,S3,Stuttgart Hbf|Stuttgart-Bad Cannstatt|Stuttgart Nürnberger Str.|Stuttgart-Sommerrain|Fellbach|Waiblingen|Neustadt-Hohenacker,8005454,Schwaikheim,Baden-Württemberg,Schwaikheim,71409,9.354747358,48.86832665,4,2609070809,,2609070809,,,,,,,,,,,3.0,3.0
-3592468245100533836-2609070812-8,7312,2609070836,2609070836,2,,S,S3,Stuttgart Hbf|Stuttgart-Bad Cannstatt|Stuttgart Nürnberger Str.|Stuttgart-Sommerrain|Fellbach|Waiblingen|Neustadt-Hohenacker,8005454,Schwaikheim,Baden-Württemberg,Schwaikheim,71409,9.354747358,48.86832665,4,2609070836,,2609070837,,,,,,,,,,,0.0,1.0
-6826708456044057474-2609070811-5,7315,2609070822,2609070823,1,,S,S3,Backnang|Maubach|Nellmersbach|Winnenden,8005454,Schwaikheim,Baden-Württemberg,Schwaikheim,71409,9.354747358,48.86832665,4,2609070822,,2609070824,,,,,,,,,,,0.0,1.0
8832461638795716901-2609070841-5,7317,2609070852,2609070853,1,,S,S3,Backnang|Maubach|Nellmersbach|Winnenden,8005454,Schwaikheim,Baden-Württemberg,Schwaikheim,71409,9.354747358,48.86832665,4,2609070854,,2609070855,,,,,,,,,,,2.0,2.0
-4292995912708809220-2609070758-8,7014,2609070822,2609070823,1,,S,S60,Leonberg|Rutesheim|Renningen|Renningen Süd|Magstadt|Maichingen Nord|Maichingen,8005574,Sindelfingen,Baden-Württemberg,Sindelfingen,71063,8.999262079,48.70387346,6,2609070826,,2609070827,,h,1,Bauarbeiten,,,,,,,4.0,4.0
7558420737718355302-2609070804-2,7013,2609070806,2609070807,1,,S,S60,Böblingen,8005574,Sindelfingen,Baden-Württemberg,Sindelfingen,71063,8.999262079,48.70387346,6,2609070809,,2609070810,,h,1,Bauarbeiten,,,,,,,3.0,3.0
3583397989492953732-2609070828-8,7016,2609070852,2609070853,1,,S,S60,Leonberg|Rutesheim|Renningen|Renningen Süd|Magstadt|Maichingen Nord|Maichingen,8005574,Sindelfingen,Baden-Württemberg,Sindelfingen,71063,8.999262079,48.70387346,6,2609070854,,2609070855,,h,1,Bauarbeiten,,,,,,,2.0,2.0
9174048015743328640-2609070834-2,7015,2609070836,2609070837,1,,S,S60,Böblingen,8005574,Sindelfingen,Baden-Württemberg,Sindelfingen,71063,8.999262079,48.70387346,6,2609070837,,2609070838,,h,1,Bauarbeiten,,,,,,,1.0,1.0
-6187813548789768480-2609070750-8,7210,2609070809,2609070809,1,,S,S2,Stuttgart Hbf|Stuttgart-Bad Cannstatt|Stuttgart Nürnberger Str.|Stuttgart-Sommerrain|Fellbach|Waiblingen|Rommelshausen,8005726,Stetten-Beinstein,Baden-Württemberg,Weinstadt,71384,9.352769725,48.81199601,5,2609070812,,2609070813,,h,2,Bauarbeiten,,,,,,,3.0,4.0
4710214702648447253-2609070820-8,7212,2609070839,2609070839,1,,S,S2,Stuttgart Hbf|Stuttgart-Bad Cannstatt|Stuttgart Nürnberger Str.|Stuttgart-Sommerrain|Fellbach|Waiblingen|Rommelshausen,8005726,Stetten-Beinstein,Baden-Württemberg,Weinstadt,71384,9.352769725,48.81199601,5,2609070839,,2609070839,,h,2,Bauarbeiten,,,,,,,0.0,0.0
-5804237943130712983-2609070803-8,7215,2609070819,2609070819,2,,S,S2,Schorndorf|Weiler(Rems)|Winterbach(b Schorndorf)|Geradstetten|Grunbach|Beutelsbach|Endersbach,8005726,Stetten-Beinstein,Baden-Württemberg,Weinstadt,71384,9.352769725,48.81199601,5,2609070823,,2609070824,,h,2,Bauarbeiten,,,,,,,4.0,5.0
-5128631246468454871-2609070833-8,7217,2609070849,2609070849,2,,S,S2,Schorndorf|Weiler(Rems)|Winterbach(b Schorndorf)|Geradstetten|Grunbach|Beutelsbach|Endersbach,8005726,Stetten-Beinstein,Baden-Württemberg,Weinstadt,71384,9.352769725,48.81199601,5,2609070851,,2609070851,,h,2,Bauarbeiten,,,,,,,2.0,2.0
6806492799498595716-2609070817-1,17627,,2609070817,,,RE,RE14b,,8000096,Stuttgart Hbf,Baden-Württemberg,Stuttgart,70173,9.183172973,48.78473069,1,,,2609070821,8,,,,,,,,,,0.0,4.0
-3866662720466624496-2609070808-1,74752,,2609070808,,,ARV,RE8,,8000096,Stuttgart Hbf,Baden-Württemberg,Stuttgart,70173,9.183172973,48.78473069,1,,,2609070808,,,,,,,,,,,0.0,0.0
-812051319324174666-2609070837-1,7412,,2609070837,,,S,S4,,8000096,Stuttgart Hbf,Baden-Württemberg,Stuttgart,70173,9.183172973,48.78473069,1,,,2609070838,,,,,,,,,,,0.0,1.0
2609828090178333250-2609070826-1,17515,,2609070826,,,RB,MEX19,,8000096,Stuttgart Hbf,Baden-Württemberg,Stuttgart,70173,9.183172973,48.78473069,1,,,2609070826,,,,,,,,,,,0.0,0.0
-1464658579295982364-2609070834-2,19307,2609070842,2609070851,14,,RE,MEX18,Kornwestheim Pbf,8000096,Stuttgart Hbf,Baden-Württemberg,Stuttgart,70173,9.183172973,48.78473069,1,2609070845,15,2609070855,15,h,2,Störung,,,,,,,3.0,4.0
8970610329466681156-2609070733-14,7413,2609070825,,1,,S,,Backnang|Burgstall(Murr)|Kirchberg(Murr)|Erdmannhausen|Marbach(Neckar)|Benningen(Neckar)|Freiberg(Neckar)|Favoritepark|Ludwigsburg|Kornwestheim Pbf|Stuttgart-Zuffenhausen|Stuttgart-Feuerbach|Stuttgart Nordbahnhof,8000096,Stuttgart Hbf,Baden-Württemberg,Stuttgart,70173,9.183172973,48.78473069,1,2609070826,,,,,,,,,,,,,1.0,0.0
-5473194171738225736-2609070842-1,19125,,2609070842,,,ARV,MEX16,,8000096,Stuttgart Hbf,Baden-Württemberg,Stuttgart,70173,9.183172973,48.78473069,1,,,2609070842,,,,,,,,,,,0.0,0.0
188880501459188996-2609070828-1,183,,2609070828,,,IC,,,8000096,Stuttgart Hbf,Baden-Württemberg,Stuttgart,70173,9.183172973,48.78473069,1,,,2609070828,,h,3,Information,,,,,,,0.0,0.0
-5824944838156887596-2609070732-8,19005,2609070825,,7,,ARV,,Karlsruhe Hbf|Karlsruhe-Durlach|Weingarten(Baden)|Untergrombach|Bruchsal Bildungszentrum|Bruchsal|Vaihingen(Enz),8000096,Stuttgart Hbf,Baden-Württemberg,Stuttgart,70173,9.183172973,48.78473069,1,2609070853,8,,,,,,,,,,,,28.0,0.0
-3992047670892155392-2609070807-1,7410,,2609070807,,,S,S4,,8000096,Stuttgart Hbf,Baden-Württemberg,Stuttgart,70173,9.183172973,48.78473069,1,,,2609070811,,,,,,,,,,,0.0,4.0
-3592468245100533836-2609070812-1,7312,,2609070812,,,S,S3,,8000096,Stuttgart Hbf,Baden-Württemberg,Stuttgart,70173,9.183172973,48.78473069,1,,,2609070813,,,,,,,,,,,0.0,1.0
5752082848521759462-2609070717-10,19220,2609070808,2609070819,10,,RE,MEX12,Reutlingen Hbf|Metzingen(Württ)|Bempflingen|Nürtingen|Oberboihingen|Wendlingen(Neckar)|Plochingen|Esslingen(Neckar)|Stuttgart-Bad Cannstatt,8000096,Stuttgart Hbf,Baden-Württemberg,Stuttgart,70173,9.183172973,48.78473069,1,2609070810,,2609070823,,h,2,Störung,,,,,,,2.0,4.0
3922141405883606321-2609070808-1,2065,,2609070808,,,IC,,,8000096,Stuttgart Hbf,Baden-Württemberg,Stuttgart,70173,9.183172973,48.78473069,1,,,2609070823,15,h,2,Information,,,,,,,0.0,15.0
-5005532278471111418-2609070707-22,19122,2609070853,,12,,ARV,,Ulm Hbf|Beimerstetten|Westerstetten|Lonsee|Urspring|Amstetten(Württ)|Geislingen(Steige)|Geislingen(Steige)West|Kuchen|Gingen(Fils)|Süßen|Salach|Eislingen(Fils)|Göppingen|Faurndau|Uhingen|Ebersbach(Fils)|Reichenbach(Fils)|Plochingen|Esslingen(Neckar)|Stuttgart-Bad Cannstatt,8000096,Stuttgart Hbf,Baden-Württemberg,Stuttgart,70173,9.183172973,48.78473069,1,2609070855,,,,,,,,,,,,,2.0,0.0
-7709757529463307534-2609070720-15,7113,2609070805,,4,,S,,Kirchheim(Teck)|Kirchheim(Teck)-Ötlingen|Wendlingen(Neckar)|Wernau(Neckar)|Plochingen|Altbach|Esslingen-Zell|Oberesslingen|Esslingen(Neckar)|Esslingen-Mettingen|Stuttgart-Obertürkheim|Stuttgart-Untertürkheim|Stuttgart Neckarpark|Stuttgart-Bad Cannstatt,8000096,Stuttgart Hbf,Baden-Württemberg,Stuttgart,70173,9.183172973,48.78473069,1,2609070805,,,,,,,,,,,,,0.0,0.0
-1152152025292238787-2609070839-1,4209,,2609070839,,,RE,RE5,,8000096,Stuttgart Hbf,Baden-Württemberg,Stuttgart,70173,9.183172973,48.78473069,1,,,2609070840,,h,2,Information,,,,,,,0.0,1.0
-775244220373788191-2609070530-12,1184,2609070801,,6,,IC,,Schaffhausen|Singen(Hohentwiel)|Engen|Tuttlingen|Spaichingen|Rottweil|Oberndorf(Neckar)|Sulz(Neckar)|Horb|Herrenberg|Stuttgart-Vaihingen,8000096,Stuttgart Hbf,Baden-Württemberg,Stuttgart,70173,9.183172973,48.78473069,1,2609070804,,,,h,2,Information,,,,,,,3.0,0.0
6406586649286876666-2609061939-21,414,2609070847,,9,,EN,,Zagreb Glavni kolodvor|Zapresic|Dobova|Sevnica|Zidani Most|Ljubljana|Kranj|Lesce-Bled|Jesenice(SLO)|Villach Hbf|Spittal-Millstätter See|Mallnitz-Obervellach|Bad Gastein|Schwarzach-St.Veit|Salzburg Hbf|Rosenheim|München Ost|Augsburg Hbf|Ulm Hbf|Göppingen,8000096,Stuttgart Hbf,Baden-Württemberg,Stuttgart,70173,9.183172973,48.78473069,1,2609070847,,,,,,,,,,,,,0.0,0.0
7462677850950360621-2609070825-1,7114,,2609070825,,,S,S1,,8000096,Stuttgart Hbf,Baden-Württemberg,Stuttgart,70173,9.183172973,48.78473069,1,,,2609070825,,,,,,,,,,,0.0,0.0
-6137963727532018215-2609070720-12,17512,2609070834,,12,,RB,,Schwäbisch Hall-Hessental|Gaildorf West|Fichtenberg|Fornsbach|Murrhardt|Sulzbach(Murr)|Oppenweiler(Württ)|Backnang|Winnenden|Waiblingen|Stuttgart-Bad Cannstatt,8000096,Stuttgart Hbf,Baden-Württemberg,Stuttgart,70173,9.183172973,48.78473069,1,2609070837,,,,h,2,Störung,,,,,,,3.0,0.0
4812840936901474420-2609070754-8,7613,2609070815,,2,,S,,Ditzingen|Weilimdorf|Korntal|Neuwirtshaus(Porscheplatz)|Stuttgart-Zuffenhausen|Stuttgart-Feuerbach|Stuttgart Nordbahnhof,8000096,Stuttgart Hbf,Baden-Württemberg,Stuttgart,70173,9.183172973,48.78473069,1,2609070817,,,,h,1,Bauarbeiten,,,,,,,2.0,0.0
-378981337411286882-2609070847-1,19409,,2609070847,,,ARV,MEX13,,8000096,Stuttgart Hbf,Baden-Württemberg,Stuttgart,70173,9.183172973,48.78473069,1,,,2609070849,14,h,2,Information,,,,,,,0.0,2.0
-4522322066632757038-2609070832-1,19006,,2609070832,,,ARV,RE1,,8000096,Stuttgart Hbf,Baden-Württemberg,Stuttgart,70173,9.183172973,48.78473069,1,,,2609070832,7,,,,,,,,,,0.0,0.0
-6500385343729473865-2609070855-1,7116,,2609070855,,,S,S1,,8000096,Stuttgart Hbf,Baden-Württemberg,Stuttgart,70173,9.183172973,48.78473069,1,,,2609070855,,,,,,,,,,,0.0,0.0
4710214702648447253-2609070820-1,7212,,2609070820,,,S,S2,,8000096,Stuttgart Hbf,Baden-Württemberg,Stuttgart,70173,9.183172973,48.78473069,1,,,2609070820,,h,2,Bauarbeiten,,,,,,,0.0,0.0
4919409081459587886-2609062030-17,50462,2609070847,,9,,EN,,Budapest-Keleti|Budapest-Kelenföld|Tatabanya|Györ|Mosonmagyarovar|Hegyeshalom|Wien Hbf|Wien Meidling|St.Pölten Hbf|Linz/Donau Hbf|Salzburg Hbf|Rosenheim|München Ost|Augsburg Hbf|Ulm Hbf|Göppingen,8000096,Stuttgart Hbf,Baden-Württemberg,Stuttgart,70173,9.183172973,48.78473069,1,2609070847,,,,,,,,,,,,,0.0,0.0
527392898867093092-2609070802-4,19672,2609070850,2609070900,11,,ARV,RE1,Aalen Hbf|Schwäbisch Gmünd|Schorndorf,8000096,Stuttgart Hbf,Baden-Württemberg,Stuttgart,70173,9.183172973,48.78473069,1,2609070853,,2609070900,,h,2,Information,,,,,,,3.0,0.0
-1444193866381249599-2609070802-1,28473,,2609070802,,,RE,RESB,,8000096,Stuttgart Hbf,Baden-Württemberg,Stuttgart,70173,9.183172973,48.78473069,1,,,2609070816,5,,,,,,,,,,0.0,14.0
5405057395916935106-2609070817-1,17629,,2609070817,,,RE,RE14a,,8000096,Stuttgart Hbf,Baden-Württemberg,Stuttgart,70173,9.183172973,48.78473069,1,,,2609070821,8,,,,,,,,,,0.0,4.0
-1396515843662350065-2609070803-14,7415,2609070855,,2,,S,,Backnang|Burgstall(Murr)|Kirchberg(Murr)|Erdmannhausen|Marbach(Neckar)|Benningen(Neckar)|Freiberg(Neckar)|Favoritepark|Ludwigsburg|Kornwestheim Pbf|Stuttgart-Zuffenhausen|Stuttgart-Feuerbach|Stuttgart Nordbahnhof,8000096,Stuttgart Hbf,Baden-Württemberg,Stuttgart,70173,9.183172973,48.78473069,1,2609070855,,,,,,,,,,,,,0.0,0.0
4230433869735770140-2609070548-5,511,2609070811,2609070817,15,,ICE,,Köln Hbf|Siegburg/Bonn|Frankfurt(M) Flughafen Fernbf|Mannheim Hbf,8000096,Stuttgart Hbf,Baden-Württemberg,Stuttgart,70173,9.183172973,48.78473069,1,2609071021,,2609071026,,h,2,Information,,,Köln Hbf|Siegburg/Bonn|Frankfurt(M) Flughafen Fernbf|Mannheim Hbf,Ulm Hbf|Augsburg Hbf|München-Pasing|München Hbf,,,130.0,129.0
-5465477625088129487-2609070636-18,19452,2609070811,,13,,ARV,,Ellwangen|Schrezheim|Schwabsberg|Goldshöfe|Hofen(b Aalen)|Wasseralfingen|Aalen Hbf|Mögglingen(Gmünd)|Böbingen(Rems)|Schwäbisch Gmünd|Lorch(Württ)|Waldhausen(b Schorndorf)|Plüderhausen|Urbach(b Schorndorf)|Schorndorf|Waiblingen|Stuttgart-Bad Cannstatt,8000096,Stuttgart Hbf,Baden-Württemberg,Stuttgart,70173,9.183172973,48.78473069,1,2609070833,,,,h,2,Information,,,,,,,22.0,0.0
7364365756035854020-2609070636-22,19120,2609070816,,12,,ARV,,Ulm Hbf|Beimerstetten|Westerstetten|Lonsee|Urspring|Amstetten(Württ)|Geislingen(Steige)|Geislingen(Steige)West|Kuchen|Gingen(Fils)|Süßen|Salach|Eislingen(Fils)|Göppingen|Faurndau|Uhingen|Ebersbach(Fils)|Reichenbach(Fils)|Plochingen|Esslingen(Neckar)|Stuttgart-Bad Cannstatt,8000096,Stuttgart Hbf,Baden-Württemberg,Stuttgart,70173,9.183172973,48.78473069,1,2609070820,9,,,,,,,,,,,,4.0,0.0
-5856161558368495320-2609070737-9,7513,2609070805,,1,,S,,Bietigheim-Bissingen|Tamm(Württ)|Asperg|Ludwigsburg|Kornwestheim Pbf|Stuttgart-Zuffenhausen|Stuttgart-Feuerbach|Stuttgart Nordbahnhof,8000096,Stuttgart Hbf,Baden-Württemberg,Stuttgart,70173,9.183172973,48.78473069,1,2609070807,,,,,,,,,,,,,2.0,0.0
8022546424643450692-2609070817-1,7612,,2609070817,,,S,S6,,8000096,Stuttgart Hbf,Baden-Württemberg,Stuttgart,70173,9.183172973,48.78473069,1,,,2609070818,,h,1,Bauarbeiten,,,,,,,0.0,1.0
4279563932246179799-2609070857-1,89685,,2609070857,,,ARV,RE90,,8000096,Stuttgart Hbf,Baden-Württemberg,Stuttgart,70173,9.183172973,48.78473069,1,,,2609070859,,h,2,Information,,,,,,,0.0,2.0
-3998053100664762308-2609070807-9,7515,2609070835,,2,,S,,Bietigheim-Bissingen|Tamm(Württ)|Asperg|Ludwigsburg|Kornwestheim Pbf|Stuttgart-Zuffenhausen|Stuttgart-Feuerbach|Stuttgart Nordbahnhof,8000096,Stuttgart Hbf,Baden-Württemberg,Stuttgart,70173,9.183172973,48.78473069,1,2609070835,,,,,,,,,,,,,0.0,0.0
-5804237943130712983-2609070803-15,7215,2609070840,,3,,S,,Schorndorf|Weiler(Rems)|Winterbach(b Schorndorf)|Geradstetten|Grunbach|Beutelsbach|Endersbach|Stetten-Beinstein|Rommelshausen|Waiblingen|Fellbach|Stuttgart-Sommerrain|Stuttgart Nürnberger Str.|Stuttgart-Bad Cannstatt,8000096,Stuttgart Hbf,Baden-Württemberg,Stuttgart,70173,9.183172973,48.78473069,1,2609070842,,,,h,2,Bauarbeiten,,,,,,,2.0,0.0
-2194076077432022456-2609070824-8,7615,2609070845,,1,,S,,Ditzingen|Weilimdorf|Korntal|Neuwirtshaus(Porscheplatz)|Stuttgart-Zuffenhausen|Stuttgart-Feuerbach|Stuttgart Nordbahnhof,8000096,Stuttgart Hbf,Baden-Württemberg,Stuttgart,70173,9.183172973,48.78473069,1,2609070845,,,,h,1,Bauarbeiten,,,,,,,0.0,0.0
-8163811491625378496-2609070827-1,7514,,2609070827,,,S,S5,,8000096,Stuttgart Hbf,Baden-Württemberg,Stuttgart,70173,9.183172973,48.78473069,1,,,2609070828,,,,,,,,,,,0.0,1.0
2628872899840681757-2609070857-1,7516,,2609070857,,,S,S5,,8000096,Stuttgart Hbf,Baden-Württemberg,Stuttgart,70173,9.183172973,48.78473069,1,,,2609070858,,,,,,,,,,,0.0,1.0
2731609608764190811-2609070604-14,2386,2609070843,,7,,IC,,Konstanz|Radolfzell|Singen(Hohentwiel)|Engen|Tuttlingen|Spaichingen|Rottweil|Oberndorf(Neckar)|Sulz(Neckar)|Horb|Bondorf(b Herrenberg)|Gäufelden|Herrenberg,8000096,Stuttgart Hbf,Baden-Württemberg,Stuttgart,70173,9.183172973,48.78473069,1,2609070843,,,,h,2,Information,,,,,,,0.0,0.0
8931019133261020093-2609070847-1,7614,,2609070847,,,S,S6,,8000096,Stuttgart Hbf,Baden-Württemberg,Stuttgart,70173,9.183172973,48.78473069,1,,,2609070847,,h,1,Bauarbeiten,,,,,,,0.0,0.0
-705341486458257230-2609070805-1,19123,,2609070805,,,ARV,MEX16,,8000096,Stuttgart Hbf,Baden-Württemberg,Stuttgart,70173,9.183172973,48.78473069,1,,,2609070806,,,,,,,,,,,0.0,1.0
8258495970941561047-2609061835-13,236,2609070847,,9,,NJ,,Venezia Santa Lucia|Venezia Mestre|Padova|Vicenza|Verona Porta Nuova|Bolzano/Bozen|Salzburg Hbf|Rosenheim|München Ost|Augsburg Hbf|Ulm Hbf|Göppingen,8000096,Stuttgart Hbf,Baden-Württemberg,Stuttgart,70173,9.183172973,48.78473069,1,2609070847,,,,h,1,Information,,,,,,,0.0,0.0
1552305657484636498-2609070732-6,17628,2609070811,,5,,RE,,Bondorf(b Herrenberg)|Gäufelden|Herrenberg|Böblingen|Stuttgart-Vaihingen,8000096,Stuttgart Hbf,Baden-Württemberg,Stuttgart,70173,9.183172973,48.78473069,1,2609070815,8,,,,,,,,,,,,4.0,0.0
-5330316903894753270-2609070814-1,1238,,2609070814,,,FLX,10,,8000096,Stuttgart Hbf,Baden-Württemberg,Stuttgart,70173,9.183172973,48.78473069,1,,,2609070816,,,,,,,,,,,0.0,2.0
349961107221448788-2609070604-14,52386,2609070843,,7,,RE,,Konstanz|Radolfzell|Singen(Hohentwiel)|Engen|Tuttlingen|Spaichingen|Rottweil|Oberndorf(Neckar)|Sulz(Neckar)|Horb|Bondorf(b Herrenberg)|Gäufelden|Herrenberg,8000096,Stuttgart Hbf,Baden-Württemberg,Stuttgart,70173,9.183172973,48.78473069,1,2609070843,,,,h,2,Information,,,,,,,0.0,0.0
-4972936005944876090-2609070828-4,19673,2609070859,2609070906,15,,ARV,RE1,Pforzheim Hbf|Mühlacker|Vaihingen(Enz),8000096,Stuttgart Hbf,Baden-Württemberg,Stuttgart,70173,9.183172973,48.78473069,1,2609070902,,2609070907,,h,2,Störung,,,,,,,3.0,1.0
-3878797200366538218-2609070833-3,28472,2609070855,,6,,RE,,Böblingen|Stuttgart-Vaihingen,8000096,Stuttgart Hbf,Baden-Württemberg,Stuttgart,70173,9.183172973,48.78473069,1,2609070857,,,,,,,,,,,,,2.0,0.0
-6826708456044057474-2609070811-12,7315,2609070847,,4,,S,,Backnang|Maubach|Nellmersbach|Winnenden|Schwaikheim|Neustadt-Hohenacker|Waiblingen|Fellbach|Stuttgart-Sommerrain|Stuttgart Nürnberger Str.|Stuttgart-Bad Cannstatt,8000096,Stuttgart Hbf,Baden-Württemberg,Stuttgart,70173,9.183172973,48.78473069,1,2609070848,,,,,,,,,,,,,1.0,0.0
8714151503779075708-2609070648-20,19454,2609070840,,13,,ARV,,Crailsheim|Jagstzell|Ellwangen|Schrezheim|Schwabsberg|Goldshöfe|Hofen(b Aalen)|Wasseralfingen|Aalen Hbf|Mögglingen(Gmünd)|Böbingen(Rems)|Schwäbisch Gmünd|Lorch(Württ)|Waldhausen(b Schorndorf)|Plüderhausen|Urbach(b Schorndorf)|Schorndorf|Waiblingen|Stuttgart-Bad Cannstatt,8000096,Stuttgart Hbf,Baden-Württemberg,Stuttgart,70173,9.183172973,48.78473069,1,2609070843,14,,,h,2,Störung,,,,,,,3.0,0.0
3901567496528963753-2609070715-3,571,2609070838,,5,,ICE,,Frankfurt(Main)Hbf|Mannheim Hbf,8000096,Stuttgart Hbf,Baden-Württemberg,Stuttgart,70173,9.183172973,48.78473069,1,2609070839,,,,h,2,Information,,,,,,,1.0,0.0
-2041887165868781083-2609070850-1,7214,,2609070850,,,S,S2,,8000096,Stuttgart Hbf,Baden-Württemberg,Stuttgart,70173,9.183172973,48.78473069,1,,,2609070851,,h,2,Bauarbeiten,,,,,,,0.0,1.0
-7300822635158528158-2609070635-14,89684,2609070804,,11,,ARV,,Crailsheim|Eckartshausen-Ilshofen|Schwäbisch Hall-Hessental|Gaildorf West|Fichtenberg|Fornsbach|Murrhardt|Sulzbach(Murr)|Oppenweiler(Württ)|Backnang|Winnenden|Waiblingen|Stuttgart-Bad Cannstatt,8000096,Stuttgart Hbf,Baden-Württemberg,Stuttgart,70173,9.183172973,48.78473069,1,2609070815,12,,,h,2,Information,,,,,,,11.0,0.0
-690776802853422910-2609070642-5,692,2609070843,2609070849,10,,ICE,,München Hbf|München-Pasing|Augsburg Hbf|Ulm Hbf,8000096,Stuttgart Hbf,Baden-Württemberg,Stuttgart,70173,9.183172973,48.78473069,1,2609070905,,2609070912,,c,,,,,,,,,22.0,23.0
6787092299889453682-2609070550-11,51184,2609070801,,6,,RE,,Singen(Hohentwiel)|Engen|Tuttlingen|Spaichingen|Rottweil|Oberndorf(Neckar)|Sulz(Neckar)|Horb|Herrenberg|Stuttgart-Vaihingen,8000096,Stuttgart Hbf,Baden-Württemberg,Stuttgart,70173,9.183172973,48.78473069,1,2609070804,,,,h,2,Information,,,,,,,3.0,0.0
-6338002183585841713-2609070842-1,7314,,2609070842,,,S,S3,,8000096,Stuttgart Hbf,Baden-Württemberg,Stuttgart,70173,9.183172973,48.78473069,1,,,2609070844,,,,,,,,,,,0.0,2.0
5639153144113744381-2609070828-1,50183,,2609070828,,,RE,IC87,,8000096,Stuttgart Hbf,Baden-Württemberg,Stuttgart,70173,9.183172973,48.78473069,1,,,2609070828,,h,2,Information,,,,,,,0.0,0.0
2706780419589409599-2609070535-20,4204,2609070822,,11,,RE,,Enzisweiler|Wasserburg(Bodensee)|Nonnenhorn|Kressbronn|Langenargen|Eriskirch|Friedrichshafen Stadt|Meckenbeuren|Ravensburg|Aulendorf|Bad Schussenried|Biberach(Riß)|Schemmerberg|Laupheim West|Ulm Hbf|Geislingen(Steige)|Göppingen|Plochingen|Esslingen(Neckar),8000096,Stuttgart Hbf,Baden-Württemberg,Stuttgart,70173,9.183172973,48.78473069,1,2609070828,8,,,h,2,Information,,,,,,,6.0,0.0
1921412709986473032-2609070820-1,19459,,2609070820,,,ARV,MEX13,,8000096,Stuttgart Hbf,Baden-Württemberg,Stuttgart,70173,9.183172973,48.78473069,1,,,2609070845,,h,2,Störung,,,,,,,0.0,25.0
3888224273021493436-2609070733-15,7213,2609070810,,3,,S,,Schorndorf|Weiler(Rems)|Winterbach(b Schorndorf)|Geradstetten|Grunbach|Beutelsbach|Endersbach|Stetten-Beinstein|Rommelshausen|Waiblingen|Fellbach|Stuttgart-Sommerrain|Stuttgart Nürnberger Str.|Stuttgart-Bad Cannstatt,8000096,Stuttgart Hbf,Baden-Württemberg,Stuttgart,70173,9.183172973,48.78473069,1,2609070811,,,,h,2,Bauarbeiten,,,,,,,1.0,0.0
-7908498233924216314-2609070750-15,7115,2609070835,,4,,S,,Kirchheim(Teck)|Kirchheim(Teck)-Ötlingen|Wendlingen(Neckar)|Wernau(Neckar)|Plochingen|Altbach|Esslingen-Zell|Oberesslingen|Esslingen(Neckar)|Esslingen-Mettingen|Stuttgart-Obertürkheim|Stuttgart-Untertürkheim|Stuttgart Neckarpark|Stuttgart-Bad Cannstatt,8000096,Stuttgart Hbf,Baden-Württemberg,Stuttgart,70173,9.183172973,48.78473069,1,2609070836,,,,,,,,,,,,,1.0,0.0
1183603668671718907-2609070741-12,7313,2609070817,,4,,S,,Backnang|Maubach|Nellmersbach|Winnenden|Schwaikheim|Neustadt-Hohenacker|Waiblingen|Fellbach|Stuttgart-Sommerrain|Stuttgart Nürnberger Str.|Stuttgart-Bad Cannstatt,8000096,Stuttgart Hbf,Baden-Württemberg,Stuttgart,70173,9.183172973,48.78473069,1,2609070817,,,,,,,,,,,,,0.0,0.0
2988814004659936288-2609070820-13,7117,2609070857,2609070857,1,,S,S1,Kirchheim(Teck)|Kirchheim(Teck)-Ötlingen|Wendlingen(Neckar)|Wernau(Neckar)|Plochingen|Altbach|Esslingen-Zell|Oberesslingen|Esslingen(Neckar)|Esslingen-Mettingen|Stuttgart-Obertürkheim|Stuttgart-Untertürkheim,8006743,Stuttgart Neckarpark,Baden-Württemberg,Stuttgart,70372,9.24106855,48.79194362,4,2609070857,,2609070857,,,,,,,,,,,0.0,0.0
7462677850950360621-2609070825-3,7114,2609070832,2609070832,2,,S,S1,Stuttgart Hbf|Stuttgart-Bad Cannstatt,8006743,Stuttgart Neckarpark,Baden-Württemberg,Stuttgart,70372,9.24106855,48.79194362,4,2609070832,,2609070832,,,,,,,,,,,0.0,0.0
-6750459440429737938-2609070755-3,7112,2609070802,2609070802,2,,S,S1,Stuttgart Hbf|Stuttgart-Bad Cannstatt,8006743,Stuttgart Neckarpark,Baden-Württemberg,Stuttgart,70372,9.24106855,48.79194362,4,2609070802,,2609070802,,,,,,,,,,,0.0,0.0
-7908498233924216314-2609070750-13,7115,2609070827,2609070827,1,,S,S1,Kirchheim(Teck)|Kirchheim(Teck)-Ötlingen|Wendlingen(Neckar)|Wernau(Neckar)|Plochingen|Altbach|Esslingen-Zell|Oberesslingen|Esslingen(Neckar)|Esslingen-Mettingen|Stuttgart-Obertürkheim|Stuttgart-Untertürkheim,8006743,Stuttgart Neckarpark,Baden-Württemberg,Stuttgart,70372,9.24106855,48.79194362,4,2609070829,,2609070829,,,,,,,,,,,2.0,2.0
-812051319324174666-2609070837-2,7412,2609070840,2609070841,3,,S,S4,Stuttgart Hbf,8005767,Stuttgart Nord,Baden-Württemberg,Stuttgard-Nord,70174,9.188061449,48.80374161,5,2609070841,,2609070842,,,,,,,,,,,1.0,1.0
8970610329466681156-2609070733-13,7413,2609070819,2609070821,4,,S,S4,Backnang|Burgstall(Murr)|Kirchberg(Murr)|Erdmannhausen|Marbach(Neckar)|Benningen(Neckar)|Freiberg(Neckar)|Favoritepark|Ludwigsburg|Kornwestheim Pbf|Stuttgart-Zuffenhausen|Stuttgart-Feuerbach,8005767,Stuttgart Nord,Baden-Württemberg,Stuttgard-Nord,70174,9.188061449,48.80374161,5,2609070821,,2609070823,,,,,,,,,,,2.0,2.0
-3992047670892155392-2609070807-2,7410,2609070810,2609070811,3,,S,S4,Stuttgart Hbf,8005767,Stuttgart Nord,Baden-Württemberg,Stuttgard-Nord,70174,9.188061449,48.80374161,5,2609070815,,2609070815,,,,,,,,,,,5.0,4.0
4812840936901474420-2609070754-7,7613,2609070809,2609070811,4,,S,S6,Ditzingen|Weilimdorf|Korntal|Neuwirtshaus(Porscheplatz)|Stuttgart-Zuffenhausen|Stuttgart-Feuerbach,8005767,Stuttgart Nord,Baden-Württemberg,Stuttgard-Nord,70174,9.188061449,48.80374161,5,2609070809,,2609070812,,h,1,Bauarbeiten,,,,,,,0.0,1.0
-1396515843662350065-2609070803-13,7415,2609070849,2609070851,4,,S,S4,Backnang|Burgstall(Murr)|Kirchberg(Murr)|Erdmannhausen|Marbach(Neckar)|Benningen(Neckar)|Freiberg(Neckar)|Favoritepark|Ludwigsburg|Kornwestheim Pbf|Stuttgart-Zuffenhausen|Stuttgart-Feuerbach,8005767,Stuttgart Nord,Baden-Württemberg,Stuttgard-Nord,70174,9.188061449,48.80374161,5,2609070849,,2609070852,,,,,,,,,,,0.0,1.0
-5856161558368495320-2609070737-8,7513,2609070759,2609070801,4,,S,S5,Bietigheim-Bissingen|Tamm(Württ)|Asperg|Ludwigsburg|Kornwestheim Pbf|Stuttgart-Zuffenhausen|Stuttgart-Feuerbach,8005767,Stuttgart Nord,Baden-Württemberg,Stuttgard-Nord,70174,9.188061449,48.80374161,5,2609070759,,2609070803,,,,,,,,,,,0.0,2.0
8022546424643450692-2609070817-2,7612,2609070820,2609070822,3,,S,S6,Stuttgart Hbf,8005767,Stuttgart Nord,Baden-Württemberg,Stuttgard-Nord,70174,9.188061449,48.80374161,5,2609070822,,2609070823,,h,1,Bauarbeiten,,,,,,,2.0,1.0
-3998053100664762308-2609070807-8,7515,2609070829,2609070831,4,,S,S5,Bietigheim-Bissingen|Tamm(Württ)|Asperg|Ludwigsburg|Kornwestheim Pbf|Stuttgart-Zuffenhausen|Stuttgart-Feuerbach,8005767,Stuttgart Nord,Baden-Württemberg,Stuttgard-Nord,70174,9.188061449,48.80374161,5,2609070829,,2609070832,,,,,,,,,,,0.0,1.0
-2194076077432022456-2609070824-7,7615,2609070839,2609070841,4,,S,S6,Ditzingen|Weilimdorf|Korntal|Neuwirtshaus(Porscheplatz)|Stuttgart-Zuffenhausen|Stuttgart-Feuerbach,8005767,Stuttgart Nord,Baden-Württemberg,Stuttgard-Nord,70174,9.188061449,48.80374161,5,2609070839,,2609070841,,h,1,Bauarbeiten,,,,,,,0.0,0.0
-8163811491625378496-2609070827-2,7514,2609070830,2609070831,3,,S,S5,Stuttgart Hbf,8005767,Stuttgart Nord,Baden-Württemberg,Stuttgard-Nord,70174,9.188061449,48.80374161,5,2609070832,,2609070833,,,,,,,,,,,2.0,2.0
-4928326504801899421-2609070757-2,7512,2609070800,2609070801,3,,S,S5,Stuttgart Hbf,8005767,Stuttgart Nord,Baden-Württemberg,Stuttgard-Nord,70174,9.188061449,48.80374161,5,2609070803,,2609070804,,,,,,,,,,,3.0,3.0
8931019133261020093-2609070847-2,7614,2609070850,2609070852,3,,S,S6,Stuttgart Hbf,8005767,Stuttgart Nord,Baden-Württemberg,Stuttgard-Nord,70174,9.188061449,48.80374161,5,2609070851,,2609070852,,h,1,Bauarbeiten,,,,,,,1.0,0.0
-1072643669346294455-2609070837-8,7517,2609070859,2609070901,4,,S,S5,Bietigheim-Bissingen|Tamm(Württ)|Asperg|Ludwigsburg|Kornwestheim Pbf|Stuttgart-Zuffenhausen|Stuttgart-Feuerbach,8005767,Stuttgart Nord,Baden-Württemberg,Stuttgard-Nord,70174,9.188061449,48.80374161,5,2609070903,,2609070905,,,,,,,,,,,4.0,4.0
-3592468245100533836-2609070812-3,7312,2609070822,2609070822,4,,S,S3,Stuttgart Hbf|Stuttgart-Bad Cannstatt,8004357,Stuttgart Nürnberger Straße,Baden-Württemberg,Stuttgart,70374,9.234576905,48.80656062,5,2609070822,,2609070822,,,,,,,,,,,0.0,0.0
4710214702648447253-2609070820-3,7212,2609070827,2609070827,4,,S,S2,Stuttgart Hbf|Stuttgart-Bad Cannstatt,8004357,Stuttgart Nürnberger Straße,Baden-Württemberg,Stuttgart,70374,9.234576905,48.80656062,5,2609070827,,2609070827,,h,2,Bauarbeiten,,,,,,,0.0,0.0
-5804237943130712983-2609070803-13,7215,2609070832,2609070833,1,,S,S2,Schorndorf|Weiler(Rems)|Winterbach(b Schorndorf)|Geradstetten|Grunbach|Beutelsbach|Endersbach|Stetten-Beinstein|Rommelshausen|Waiblingen|Fellbach|Stuttgart-Sommerrain,8004357,Stuttgart Nürnberger Straße,Baden-Württemberg,Stuttgart,70374,9.234576905,48.80656062,5,2609070835,,2609070836,,h,2,Bauarbeiten,,,,,,,3.0,3.0
-6826708456044057474-2609070811-10,7315,2609070837,2609070838,1,,S,S3,Backnang|Maubach|Nellmersbach|Winnenden|Schwaikheim|Neustadt-Hohenacker|Waiblingen|Fellbach|Stuttgart-Sommerrain,8004357,Stuttgart Nürnberger Straße,Baden-Württemberg,Stuttgart,70374,9.234576905,48.80656062,5,2609070839,,2609070840,,,,,,,,,,,2.0,2.0
-2041887165868781083-2609070850-3,7214,2609070857,2609070857,4,,S,S2,Stuttgart Hbf|Stuttgart-Bad Cannstatt,8004357,Stuttgart Nürnberger Straße,Baden-Württemberg,Stuttgart,70374,9.234576905,48.80656062,5,2609070858,,2609070858,,h,2,Bauarbeiten,,,,,,,1.0,1.0
-6338002183585841713-2609070842-3,7314,2609070852,2609070852,4,,S,S3,Stuttgart Hbf|Stuttgart-Bad Cannstatt,8004357,Stuttgart Nürnberger Straße,Baden-Württemberg,Stuttgart,70374,9.234576905,48.80656062,5,2609070852,,2609070853,,,,,,,,,,,0.0,1.0
3888224273021493436-2609070733-13,7213,2609070802,2609070803,1,,S,S2,Schorndorf|Weiler(Rems)|Winterbach(b Schorndorf)|Geradstetten|Grunbach|Beutelsbach|Endersbach|Stetten-Beinstein|Rommelshausen|Waiblingen|Fellbach|Stuttgart-Sommerrain,8004357,Stuttgart Nürnberger Straße,Baden-Württemberg,Stuttgart,70374,9.234576905,48.80656062,5,2609070802,,2609070803,,h,2,Bauarbeiten,,,,,,,0.0,0.0
1183603668671718907-2609070741-10,7313,2609070807,2609070808,1,,S,S3,Backnang|Maubach|Nellmersbach|Winnenden|Schwaikheim|Neustadt-Hohenacker|Waiblingen|Fellbach|Stuttgart-Sommerrain,8004357,Stuttgart Nürnberger Straße,Baden-Württemberg,Stuttgart,70374,9.234576905,48.80656062,5,2609070807,,2609070808,,,,,,,,,,,0.0,0.0
2609828090178333250-2609070826-2,17515,2609070829,2609070830,7,,RB,MEX19,Stuttgart Hbf,8005769,Stuttgart-Bad Cannstatt,Baden-Württemberg,Stuttgart,70372,9.217468636,48.80127978,3,2609070829,,2609070830,,,,,,,,,,,0.0,0.0
-1464658579295982364-2609070834-3,19307,2609070855,2609070855,8,,RE,MEX18,Kornwestheim Pbf|Stuttgart Hbf,8005769,Stuttgart-Bad Cannstatt,Baden-Württemberg,Stuttgart,70372,9.217468636,48.80127978,3,2609070859,,2609070900,,h,2,Störung,,,,,,,4.0,5.0
-5473194171738225736-2609070842-2,19125,2609070845,2609070846,8,,ARV,MEX16,Stuttgart Hbf,8005769,Stuttgart-Bad Cannstatt,Baden-Württemberg,Stuttgart,70372,9.217468636,48.80127978,3,2609070846,,2609070846,,,,,,,,,,,1.0,0.0
-3592468245100533836-2609070812-2,7312,2609070816,2609070819,3,,S,S3,Stuttgart Hbf,8005769,Stuttgart-Bad Cannstatt,Baden-Württemberg,Stuttgart,70372,9.217468636,48.80127978,3,2609070816,,2609070819,,,,,,,,,,,0.0,0.0
5752082848521759462-2609070717-9,19220,2609070803,2609070804,5,,RE,MEX12,Reutlingen Hbf|Metzingen(Württ)|Bempflingen|Nürtingen|Oberboihingen|Wendlingen(Neckar)|Plochingen|Esslingen(Neckar),8005769,Stuttgart-Bad Cannstatt,Baden-Württemberg,Stuttgart,70372,9.217468636,48.80127978,3,2609070804,1,2609070807,1,h,2,Störung,,,,,,,1.0,3.0
-5005532278471111418-2609070707-21,19122,2609070849,2609070849,5,,ARV,MEX16,Ulm Hbf|Beimerstetten|Westerstetten|Lonsee|Urspring|Amstetten(Württ)|Geislingen(Steige)|Geislingen(Steige)West|Kuchen|Gingen(Fils)|Süßen|Salach|Eislingen(Fils)|Göppingen|Faurndau|Uhingen|Ebersbach(Fils)|Reichenbach(Fils)|Plochingen|Esslingen(Neckar),8005769,Stuttgart-Bad Cannstatt,Baden-Württemberg,Stuttgart,70372,9.217468636,48.80127978,3,2609070851,,2609070851,,,,,,,,,,,2.0,2.0
-7709757529463307534-2609070720-14,7113,2609070800,2609070801,2,,S,S1,Kirchheim(Teck)|Kirchheim(Teck)-Ötlingen|Wendlingen(Neckar)|Wernau(Neckar)|Plochingen|Altbach|Esslingen-Zell|Oberesslingen|Esslingen(Neckar)|Esslingen-Mettingen|Stuttgart-Obertürkheim|Stuttgart-Untertürkheim|Stuttgart Neckarpark,8005769,Stuttgart-Bad Cannstatt,Baden-Württemberg,Stuttgart,70372,9.217468636,48.80127978,3,2609070800,,2609070801,,,,,,,,,,,0.0,0.0
7462677850950360621-2609070825-2,7114,2609070828,2609070829,3,,S,S1,Stuttgart Hbf,8005769,Stuttgart-Bad Cannstatt,Baden-Württemberg,Stuttgart,70372,9.217468636,48.80127978,3,2609070828,,2609070829,,,,,,,,,,,0.0,0.0
-6137963727532018215-2609070720-11,17512,2609070828,2609070831,6,,RB,MEX90,Schwäbisch Hall-Hessental|Gaildorf West|Fichtenberg|Fornsbach|Murrhardt|Sulzbach(Murr)|Oppenweiler(Württ)|Backnang|Winnenden|Waiblingen,8005769,Stuttgart-Bad Cannstatt,Baden-Württemberg,Stuttgart,70372,9.217468636,48.80127978,3,2609070832,,2609070833,,h,2,Störung,,,,,,,4.0,2.0
-378981337411286882-2609070847-2,19409,2609070852,2609070852,7,,ARV,MEX13,Stuttgart Hbf,8005769,Stuttgart-Bad Cannstatt,Baden-Württemberg,Stuttgart,70372,9.217468636,48.80127978,3,2609070853,,2609070854,,h,2,Information,,,,,,,1.0,2.0
-6500385343729473865-2609070855-2,7116,2609070858,2609070859,3,,S,S1,Stuttgart Hbf,8005769,Stuttgart-Bad Cannstatt,Baden-Württemberg,Stuttgart,70372,9.217468636,48.80127978,3,2609070859,,2609070859,,,,,,,,,,,1.0,0.0
4710214702648447253-2609070820-2,7212,2609070824,2609070824,3,,S,S2,Stuttgart Hbf,8005769,Stuttgart-Bad Cannstatt,Baden-Württemberg,Stuttgart,70372,9.217468636,48.80127978,3,2609070824,,2609070824,,h,2,Bauarbeiten,,,,,,,0.0,0.0
-5465477625088129487-2609070636-17,19452,2609070806,2609070807,6,,ARV,MEX13,Ellwangen|Schrezheim|Schwabsberg|Goldshöfe|Hofen(b Aalen)|Wasseralfingen|Aalen Hbf|Mögglingen(Gmünd)|Böbingen(Rems)|Schwäbisch Gmünd|Lorch(Württ)|Waldhausen(b Schorndorf)|Plüderhausen|Urbach(b Schorndorf)|Schorndorf|Waiblingen,8005769,Stuttgart-Bad Cannstatt,Baden-Württemberg,Stuttgart,70372,9.217468636,48.80127978,3,2609070827,,2609070828,,h,2,Information,,,,,,,21.0,21.0
7364365756035854020-2609070636-21,19120,2609070811,2609070812,5,,ARV,MEX16,Ulm Hbf|Beimerstetten|Westerstetten|Lonsee|Urspring|Amstetten(Württ)|Geislingen(Steige)|Geislingen(Steige)West|Kuchen|Gingen(Fils)|Süßen|Salach|Eislingen(Fils)|Göppingen|Faurndau|Uhingen|Ebersbach(Fils)|Reichenbach(Fils)|Plochingen|Esslingen(Neckar),8005769,Stuttgart-Bad Cannstatt,Baden-Württemberg,Stuttgart,70372,9.217468636,48.80127978,3,2609070811,,2609070813,,,,,,,,,,,0.0,1.0
-5804237943130712983-2609070803-14,7215,2609070835,2609070836,2,,S,S2,Schorndorf|Weiler(Rems)|Winterbach(b Schorndorf)|Geradstetten|Grunbach|Beutelsbach|Endersbach|Stetten-Beinstein|Rommelshausen|Waiblingen|Fellbach|Stuttgart-Sommerrain|Stuttgart Nürnberger Str.,8005769,Stuttgart-Bad Cannstatt,Baden-Württemberg,Stuttgart,70372,9.217468636,48.80127978,3,2609070838,,2609070839,,h,2,Bauarbeiten,,,,,,,3.0,3.0
-705341486458257230-2609070805-2,19123,2609070808,2609070808,8,,ARV,MEX16,Stuttgart Hbf,8005769,Stuttgart-Bad Cannstatt,Baden-Württemberg,Stuttgart,70372,9.217468636,48.80127978,3,2609070809,,2609070810,,,,,,,,,,,1.0,2.0
-6826708456044057474-2609070811-11,7315,2609070841,2609070843,2,,S,S3,Backnang|Maubach|Nellmersbach|Winnenden|Schwaikheim|Neustadt-Hohenacker|Waiblingen|Fellbach|Stuttgart-Sommerrain|Stuttgart Nürnberger Str.,8005769,Stuttgart-Bad Cannstatt,Baden-Württemberg,Stuttgart,70372,9.217468636,48.80127978,3,2609070843,,2609070843,,,,,,,,,,,2.0,0.0
8714151503779075708-2609070648-19,19454,2609070835,2609070836,6,,ARV,MEX13,Crailsheim|Jagstzell|Ellwangen|Schrezheim|Schwabsberg|Goldshöfe|Hofen(b Aalen)|Wasseralfingen|Aalen Hbf|Mögglingen(Gmünd)|Böbingen(Rems)|Schwäbisch Gmünd|Lorch(Württ)|Waldhausen(b Schorndorf)|Plüderhausen|Urbach(b Schorndorf)|Schorndorf|Waiblingen,8005769,Stuttgart-Bad Cannstatt,Baden-Württemberg,Stuttgart,70372,9.217468636,48.80127978,3,2609070839,,2609070839,,h,2,Störung,,,,,,,4.0,3.0
-2041887165868781083-2609070850-2,7214,2609070854,2609070854,3,,S,S2,Stuttgart Hbf,8005769,Stuttgart-Bad Cannstatt,Baden-Württemberg,Stuttgart,70372,9.217468636,48.80127978,3,2609070855,,2609070855,,h,2,Bauarbeiten,,,,,,,1.0,1.0
-7300822635158528158-2609070635-13,89684,2609070759,2609070800,6,,ARV,RE90,Crailsheim|Eckartshausen-Ilshofen|Schwäbisch Hall-Hessental|Gaildorf West|Fichtenberg|Fornsbach|Murrhardt|Sulzbach(Murr)|Oppenweiler(Württ)|Backnang|Winnenden|Waiblingen,8005769,Stuttgart-Bad Cannstatt,Baden-Württemberg,Stuttgart,70372,9.217468636,48.80127978,3,2609070810,,2609070811,,h,2,Information,,,,,,,11.0,11.0
-6338002183585841713-2609070842-2,7314,2609070846,2609070849,3,,S,S3,Stuttgart Hbf,8005769,Stuttgart-Bad Cannstatt,Baden-Württemberg,Stuttgart,70372,9.217468636,48.80127978,3,2609070847,,2609070849,,,,,,,,,,,1.0,0.0
1921412709986473032-2609070820-2,19459,2609070824,2609070825,7,,ARV,MEX13,Stuttgart Hbf,8005769,Stuttgart-Bad Cannstatt,Baden-Württemberg,Stuttgart,70372,9.217468636,48.80127978,3,2609070849,,2609070850,,h,2,Störung,,,,,,,25.0,25.0
3888224273021493436-2609070733-14,7213,2609070805,2609070806,2,,S,S2,Schorndorf|Weiler(Rems)|Winterbach(b Schorndorf)|Geradstetten|Grunbach|Beutelsbach|Endersbach|Stetten-Beinstein|Rommelshausen|Waiblingen|Fellbach|Stuttgart-Sommerrain|Stuttgart Nürnberger Str.,8005769,Stuttgart-Bad Cannstatt,Baden-Württemberg,Stuttgart,70372,9.217468636,48.80127978,3,2609070806,,2609070808,,h,2,Bauarbeiten,,,,,,,1.0,2.0
-7908498233924216314-2609070750-14,7115,2609070830,2609070831,2,,S,S1,Kirchheim(Teck)|Kirchheim(Teck)-Ötlingen|Wendlingen(Neckar)|Wernau(Neckar)|Plochingen|Altbach|Esslingen-Zell|Oberesslingen|Esslingen(Neckar)|Esslingen-Mettingen|Stuttgart-Obertürkheim|Stuttgart-Untertürkheim|Stuttgart Neckarpark,8005769,Stuttgart-Bad Cannstatt,Baden-Württemberg,Stuttgart,70372,9.217468636,48.80127978,3,2609070832,,2609070832,,,,,,,,,,,2.0,1.0
1183603668671718907-2609070741-11,7313,2609070811,2609070813,2,,S,S3,Backnang|Maubach|Nellmersbach|Winnenden|Schwaikheim|Neustadt-Hohenacker|Waiblingen|Fellbach|Stuttgart-Sommerrain|Stuttgart Nürnberger Str.,8005769,Stuttgart-Bad Cannstatt,Baden-Württemberg,Stuttgart,70372,9.217468636,48.80127978,3,2609070811,,2609070813,,,,,,,,,,,0.0,0.0
-812051319324174666-2609070837-3,7412,2609070843,2609070844,2,,S,S4,Stuttgart Hbf|Stuttgart Nordbahnhof,8005770,Stuttgart-Feuerbach,Baden-Württemberg,Feuerbach,70469,9.169186287,48.81363554,3,2609070843,,2609070844,,,,,,,,,,,0.0,0.0
8970610329466681156-2609070733-12,7413,2609070816,2609070817,1,,S,S4,Backnang|Burgstall(Murr)|Kirchberg(Murr)|Erdmannhausen|Marbach(Neckar)|Benningen(Neckar)|Freiberg(Neckar)|Favoritepark|Ludwigsburg|Kornwestheim Pbf|Stuttgart-Zuffenhausen,8005770,Stuttgart-Feuerbach,Baden-Württemberg,Feuerbach,70469,9.169186287,48.81363554,3,2609070819,,2609070820,,,,,,,,,,,3.0,3.0
-3992047670892155392-2609070807-3,7410,2609070813,2609070814,2,,S,S4,Stuttgart Hbf|Stuttgart Nordbahnhof,8005770,Stuttgart-Feuerbach,Baden-Württemberg,Feuerbach,70469,9.169186287,48.81363554,3,2609070817,,2609070818,,,,,,,,,,,4.0,4.0
4812840936901474420-2609070754-6,7613,2609070806,2609070806,1,,S,S6,Ditzingen|Weilimdorf|Korntal|Neuwirtshaus(Porscheplatz)|Stuttgart-Zuffenhausen,8005770,Stuttgart-Feuerbach,Baden-Württemberg,Feuerbach,70469,9.169186287,48.81363554,3,2609070806,,2609070807,,h,1,Bauarbeiten,,,,,,,0.0,1.0
-1396515843662350065-2609070803-12,7415,2609070846,2609070847,1,,S,S4,Backnang|Burgstall(Murr)|Kirchberg(Murr)|Erdmannhausen|Marbach(Neckar)|Benningen(Neckar)|Freiberg(Neckar)|Favoritepark|Ludwigsburg|Kornwestheim Pbf|Stuttgart-Zuffenhausen,8005770,Stuttgart-Feuerbach,Baden-Württemberg,Feuerbach,70469,9.169186287,48.81363554,3,2609070847,,2609070847,,,,,,,,,,,1.0,0.0
8022546424643450692-2609070817-3,7612,2609070824,2609070824,2,,S,S6,Stuttgart Hbf|Stuttgart Nordbahnhof,8005770,Stuttgart-Feuerbach,Baden-Württemberg,Feuerbach,70469,9.169186287,48.81363554,3,2609070825,,2609070825,,h,1,Bauarbeiten,,,,,,,1.0,1.0
-3998053100664762308-2609070807-7,7515,2609070826,2609070826,1,,S,S5,Bietigheim-Bissingen|Tamm(Württ)|Asperg|Ludwigsburg|Kornwestheim Pbf|Stuttgart-Zuffenhausen,8005770,Stuttgart-Feuerbach,Baden-Württemberg,Feuerbach,70469,9.169186287,48.81363554,3,2609070827,,2609070828,,,,,,,,,,,1.0,2.0
-2194076077432022456-2609070824-6,7615,2609070836,2609070836,1,,S,S6,Ditzingen|Weilimdorf|Korntal|Neuwirtshaus(Porscheplatz)|Stuttgart-Zuffenhausen,8005770,Stuttgart-Feuerbach,Baden-Württemberg,Feuerbach,70469,9.169186287,48.81363554,3,2609070836,,2609070836,,h,1,Bauarbeiten,,,,,,,0.0,0.0
-8163811491625378496-2609070827-3,7514,2609070833,2609070834,2,,S,S5,Stuttgart Hbf|Stuttgart Nordbahnhof,8005770,Stuttgart-Feuerbach,Baden-Württemberg,Feuerbach,70469,9.169186287,48.81363554,3,2609070834,,2609070835,,,,,,,,,,,1.0,1.0
-4928326504801899421-2609070757-3,7512,2609070803,2609070804,2,,S,S5,Stuttgart Hbf|Stuttgart Nordbahnhof,8005770,Stuttgart-Feuerbach,Baden-Württemberg,Feuerbach,70469,9.169186287,48.81363554,3,2609070805,,2609070806,,,,,,,,,,,2.0,2.0
8931019133261020093-2609070847-3,7614,2609070854,2609070854,2,,S,S6,Stuttgart Hbf|Stuttgart Nordbahnhof,8005770,Stuttgart-Feuerbach,Baden-Württemberg,Feuerbach,70469,9.169186287,48.81363554,3,2609070854,,2609070854,,h,1,Bauarbeiten,,,,,,,0.0,0.0
-1072643669346294455-2609070837-7,7517,2609070856,2609070856,1,,S,S5,Bietigheim-Bissingen|Tamm(Württ)|Asperg|Ludwigsburg|Kornwestheim Pbf|Stuttgart-Zuffenhausen,8005770,Stuttgart-Feuerbach,Baden-Württemberg,Feuerbach,70469,9.169186287,48.81363554,3,2609070859,,2609070901,,,,,,,,,,,3.0,5.0
2988814004659936288-2609070820-11,7117,2609070852,2609070852,5,,S,S1,Kirchheim(Teck)|Kirchheim(Teck)-Ötlingen|Wendlingen(Neckar)|Wernau(Neckar)|Plochingen|Altbach|Esslingen-Zell|Oberesslingen|Esslingen(Neckar)|Esslingen-Mettingen,8005772,Stuttgart-Obertürkheim,Baden-Württemberg,Stuttgart,70329,9.268167932,48.76175015,4,2609070852,,2609070853,,,,,,,,,,,0.0,1.0
7462677850950360621-2609070825-5,7114,2609070837,2609070837,6,,S,S1,Stuttgart Hbf|Stuttgart-Bad Cannstatt|Stuttgart Neckarpark|Stuttgart-Untertürkheim,8005772,Stuttgart-Obertürkheim,Baden-Württemberg,Stuttgart,70329,9.268167932,48.76175015,4,2609070837,,2609070837,,,,,,,,,,,0.0,0.0
-6750459440429737938-2609070755-5,7112,2609070807,2609070807,6,,S,S1,Stuttgart Hbf|Stuttgart-Bad Cannstatt|Stuttgart Neckarpark|Stuttgart-Untertürkheim,8005772,Stuttgart-Obertürkheim,Baden-Württemberg,Stuttgart,70329,9.268167932,48.76175015,4,2609070807,,2609070807,,,,,,,,,,,0.0,0.0
-7908498233924216314-2609070750-11,7115,2609070822,2609070822,5,,S,S1,Kirchheim(Teck)|Kirchheim(Teck)-Ötlingen|Wendlingen(Neckar)|Wernau(Neckar)|Plochingen|Altbach|Esslingen-Zell|Oberesslingen|Esslingen(Neckar)|Esslingen-Mettingen,8005772,Stuttgart-Obertürkheim,Baden-Württemberg,Stuttgart,70329,9.268167932,48.76175015,4,2609070824,,2609070824,,,,,,,,,,,2.0,2.0
4428035523306694897-2609070816-2,7713,2609070817,2609070823,2,,S,S1,Stuttgart-Vaihingen,8005773,Stuttgart-Rohr,Baden-Württemberg,Stuttgart,70565,9.108158025,48.71799427,4,2609070818,,2609070823,,,,,,,,,,,1.0,0.0
-1939940434765765785-2609070816-8,7716,2609070837,2609070838,3,,S,S1,Herrenberg|Nufringen|Gärtringen|Ehningen(b Böblingen)|Hulb|Böblingen|Goldberg(Württ),8005773,Stuttgart-Rohr,Baden-Württemberg,Stuttgart,70565,9.108158025,48.71799427,4,2609070840,,2609070841,,,,,,,,,,,3.0,3.0
4580394534230796773-2609070805-2,7913,2609070806,2609070812,2,,S,S2,Stuttgart-Vaihingen,8005773,Stuttgart-Rohr,Baden-Württemberg,Stuttgart,70565,9.108158025,48.71799427,4,2609070807,,2609070812,,,,,,,,,,,1.0,0.0
-6417774412386429047-2609070833-6,7914,2609070848,2609070849,3,,S,S2,Filderstadt|Stuttgart Flughafen/Messe|Echterdingen|Leinfelden|Oberaichen,8005773,Stuttgart-Rohr,Baden-Württemberg,Stuttgart,70565,9.108158025,48.71799427,4,2609070848,,2609070849,,,,,,,,,,,0.0,0.0
7703218303646440626-2609070746-8,7714,2609070807,2609070808,3,,S,S1,Herrenberg|Nufringen|Gärtringen|Ehningen(b Böblingen)|Hulb|Böblingen|Goldberg(Württ),8005773,Stuttgart-Rohr,Baden-Württemberg,Stuttgart,70565,9.108158025,48.71799427,4,2609070809,,2609070810,,,,,,,,,,,2.0,2.0
-5955935305381349706-2609070835-2,7915,2609070836,2609070842,2,,S,S2,Stuttgart-Vaihingen,8005773,Stuttgart-Rohr,Baden-Württemberg,Stuttgart,70565,9.108158025,48.71799427,4,2609070837,,2609070842,,,,,,,,,,,1.0,0.0
7974787834467566145-2609070803-6,7912,2609070818,2609070819,3,,S,S2,Filderstadt|Stuttgart Flughafen/Messe|Echterdingen|Leinfelden|Oberaichen,8005773,Stuttgart-Rohr,Baden-Württemberg,Stuttgart,70565,9.108158025,48.71799427,4,2609070818,,2609070819,,,,,,,,,,,0.0,0.0
-1294247402093517647-2609070846-2,7715,2609070847,2609070853,2,,S,S1,Stuttgart-Vaihingen,8005773,Stuttgart-Rohr,Baden-Württemberg,Stuttgart,70565,9.108158025,48.71799427,4,2609070848,,2609070853,,,,,,,,,,,1.0,0.0
-3592468245100533836-2609070812-4,7312,2609070824,2609070824,4,,S,S3,Stuttgart Hbf|Stuttgart-Bad Cannstatt|Stuttgart Nürnberger Str.,8005774,Stuttgart-Sommerrain,Baden-Württemberg,Stuttgart,70374,9.248369749,48.81521824,5,2609070824,,2609070824,,,,,,,,,,,0.0,0.0
4710214702648447253-2609070820-4,7212,2609070829,2609070829,4,,S,S2,Stuttgart Hbf|Stuttgart-Bad Cannstatt|Stuttgart Nürnberger Str.,8005774,Stuttgart-Sommerrain,Baden-Württemberg,Stuttgart,70374,9.248369749,48.81521824,5,2609070829,,2609070830,,h,2,Bauarbeiten,,,,,,,0.0,1.0
-5804237943130712983-2609070803-12,7215,2609070830,2609070830,1,,S,S2,Schorndorf|Weiler(Rems)|Winterbach(b Schorndorf)|Geradstetten|Grunbach|Beutelsbach|Endersbach|Stetten-Beinstein|Rommelshausen|Waiblingen|Fellbach,8005774,Stuttgart-Sommerrain,Baden-Württemberg,Stuttgart,70374,9.248369749,48.81521824,5,2609070833,,2609070834,,h,2,Bauarbeiten,,,,,,,3.0,4.0
-6826708456044057474-2609070811-9,7315,2609070835,2609070835,1,,S,S3,Backnang|Maubach|Nellmersbach|Winnenden|Schwaikheim|Neustadt-Hohenacker|Waiblingen|Fellbach,8005774,Stuttgart-Sommerrain,Baden-Württemberg,Stuttgart,70374,9.248369749,48.81521824,5,2609070837,,2609070838,,,,,,,,,,,2.0,3.0
-2041887165868781083-2609070850-4,7214,2609070859,2609070859,4,,S,S2,Stuttgart Hbf|Stuttgart-Bad Cannstatt|Stuttgart Nürnberger Str.,8005774,Stuttgart-Sommerrain,Baden-Württemberg,Stuttgart,70374,9.248369749,48.81521824,5,2609070900,,2609070900,,h,2,Bauarbeiten,,,,,,,1.0,1.0
-6338002183585841713-2609070842-4,7314,2609070854,2609070854,4,,S,S3,Stuttgart Hbf|Stuttgart-Bad Cannstatt|Stuttgart Nürnberger Str.,8005774,Stuttgart-Sommerrain,Baden-Württemberg,Stuttgart,70374,9.248369749,48.81521824,5,2609070854,,2609070855,,,,,,,,,,,0.0,1.0
3888224273021493436-2609070733-12,7213,2609070800,2609070800,1,,S,S2,Schorndorf|Weiler(Rems)|Winterbach(b Schorndorf)|Geradstetten|Grunbach|Beutelsbach|Endersbach|Stetten-Beinstein|Rommelshausen|Waiblingen|Fellbach,8005774,Stuttgart-Sommerrain,Baden-Württemberg,Stuttgart,70374,9.248369749,48.81521824,5,2609070800,,2609070801,,h,2,Bauarbeiten,,,,,,,0.0,1.0
1183603668671718907-2609070741-9,7313,2609070805,2609070805,1,,S,S3,Backnang|Maubach|Nellmersbach|Winnenden|Schwaikheim|Neustadt-Hohenacker|Waiblingen|Fellbach,8005774,Stuttgart-Sommerrain,Baden-Württemberg,Stuttgart,70374,9.248369749,48.81521824,5,2609070805,,2609070805,,,,,,,,,,,0.0,0.0
2988814004659936288-2609070820-12,7117,2609070855,2609070855,5,,S,S1,Kirchheim(Teck)|Kirchheim(Teck)-Ötlingen|Wendlingen(Neckar)|Wernau(Neckar)|Plochingen|Altbach|Esslingen-Zell|Oberesslingen|Esslingen(Neckar)|Esslingen-Mettingen|Stuttgart-Obertürkheim,8005775,Stuttgart-Untertürkheim Pbf,Baden-Württemberg,Stuttgart,70327,9.250467074,48.77984679,3,2609070855,,2609070855,,,,,,,,,,,0.0,0.0
7462677850950360621-2609070825-4,7114,2609070834,2609070834,6,,S,S1,Stuttgart Hbf|Stuttgart-Bad Cannstatt|Stuttgart Neckarpark,8005775,Stuttgart-Untertürkheim Pbf,Baden-Württemberg,Stuttgart,70327,9.250467074,48.77984679,3,2609070834,,2609070834,,,,,,,,,,,0.0,0.0
-6750459440429737938-2609070755-4,7112,2609070804,2609070804,6,,S,S1,Stuttgart Hbf|Stuttgart-Bad Cannstatt|Stuttgart Neckarpark,8005775,Stuttgart-Untertürkheim Pbf,Baden-Württemberg,Stuttgart,70327,9.250467074,48.77984679,3,2609070804,,2609070804,,,,,,,,,,,0.0,0.0
-7908498233924216314-2609070750-12,7115,2609070825,2609070825,5,,S,S1,Kirchheim(Teck)|Kirchheim(Teck)-Ötlingen|Wendlingen(Neckar)|Wernau(Neckar)|Plochingen|Altbach|Esslingen-Zell|Oberesslingen|Esslingen(Neckar)|Esslingen-Mettingen|Stuttgart-Obertürkheim,8005775,Stuttgart-Untertürkheim Pbf,Baden-Württemberg,Stuttgart,70327,9.250467074,48.77984679,3,2609070826,,2609070827,,,,,,,,,,,1.0,2.0
6806492799498595716-2609070817-2,17627,2609070830,2609070830,1,,RE,RE14b,Stuttgart Hbf,8005776,Stuttgart-Vaihingen,Baden-Württemberg,Stuttgart,70563,9.113913368,48.72698116,3,2609070838,,2609070839,,,,,,,,,,,8.0,9.0
4428035523306694897-2609070816-1,7713,,2609070816,,,S,S1,,8005776,Stuttgart-Vaihingen,Baden-Württemberg,Stuttgart,70563,9.113913368,48.72698116,3,,,2609070816,,,,,,,,,,,0.0,0.0
-1444193866381249599-2609070802-2,28473,2609070818,2609070818,4,,RE,RESB,Stuttgart Hbf,8005776,Stuttgart-Vaihingen,Baden-Württemberg,Stuttgart,70563,9.113913368,48.72698116,3,2609070834,,2609070828,,,,,,,,,,c,16.0,10.0
-1939940434765765785-2609070816-9,7716,2609070840,,3,,S,,Herrenberg|Nufringen|Gärtringen|Ehningen(b Böblingen)|Hulb|Böblingen|Goldberg(Württ)|Stuttgart-Rohr,8005776,Stuttgart-Vaihingen,Baden-Württemberg,Stuttgart,70563,9.113913368,48.72698116,3,2609070842,,,,,,,,,,,,,2.0,0.0
5405057395916935106-2609070817-2,17629,2609070830,2609070830,1,,RE,RE14a,Stuttgart Hbf,8005776,Stuttgart-Vaihingen,Baden-Württemberg,Stuttgart,70563,9.113913368,48.72698116,3,2609070838,,2609070839,,,,,,,,,,,8.0,9.0
4580394534230796773-2609070805-1,7913,,2609070805,,,S,S2,,8005776,Stuttgart-Vaihingen,Baden-Württemberg,Stuttgart,70563,9.113913368,48.72698116,3,,,2609070805,,,,,,,,,,,0.0,0.0
-6417774412386429047-2609070833-7,7914,2609070850,,2,,S,,Filderstadt|Stuttgart Flughafen/Messe|Echterdingen|Leinfelden|Oberaichen|Stuttgart-Rohr,8005776,Stuttgart-Vaihingen,Baden-Württemberg,Stuttgart,70563,9.113913368,48.72698116,3,2609070851,1,,,,,,,,,,,,1.0,0.0
7703218303646440626-2609070746-9,7714,2609070810,,3,,S,,Herrenberg|Nufringen|Gärtringen|Ehningen(b Böblingen)|Hulb|Böblingen|Goldberg(Württ)|Stuttgart-Rohr,8005776,Stuttgart-Vaihingen,Baden-Württemberg,Stuttgart,70563,9.113913368,48.72698116,3,2609070811,,,,,,,,,,,,,1.0,0.0
-5955935305381349706-2609070835-1,7915,,2609070835,,,S,S2,,8005776,Stuttgart-Vaihingen,Baden-Württemberg,Stuttgart,70563,9.113913368,48.72698116,3,,,2609070835,,,,,,,,,,,0.0,0.0
7974787834467566145-2609070803-7,7912,2609070820,,2,,S,,Filderstadt|Stuttgart Flughafen/Messe|Echterdingen|Leinfelden|Oberaichen|Stuttgart-Rohr,8005776,Stuttgart-Vaihingen,Baden-Württemberg,Stuttgart,70563,9.113913368,48.72698116,3,2609070821,6,,,,,,,,,,,,1.0,0.0
-3878797200366538218-2609070833-2,28472,2609070841,2609070841,4,,RE,RESB,Böblingen,8005776,Stuttgart-Vaihingen,Baden-Württemberg,Stuttgart,70563,9.113913368,48.72698116,3,2609070845,,2609070842,,,,,,,,,c,,4.0,1.0
-1294247402093517647-2609070846-1,7715,,2609070846,,,S,S1,,8005776,Stuttgart-Vaihingen,Baden-Württemberg,Stuttgart,70563,9.113913368,48.72698116,3,,,2609070847,6,,,,,,,,,,0.0,1.0
-7539482099245388014-2609070854-2,7617,2609070856,2609070856,2,,S,S6,Ditzingen,8006268,Stuttgart-Weilimdorf,Baden-Württemberg,Stuttgart,70499,9.094370086,48.82208429,5,2609070856,,2609070856,,h,1,Bauarbeiten,,,,,,,0.0,0.0
6922079602389085921-2609070747-7,7610,2609070803,2609070804,1,,S,S6,Stuttgart Hbf|Stuttgart Nordbahnhof|Stuttgart-Feuerbach|Stuttgart-Zuffenhausen|Neuwirtshaus(Porscheplatz)|Korntal,8006268,Stuttgart-Weilimdorf,Baden-Württemberg,Stuttgart,70499,9.094370086,48.82208429,5,2609070803,,2609070804,,h,1,Bauarbeiten,,,,,,,0.0,0.0
8022546424643450692-2609070817-7,7612,2609070833,2609070834,1,,S,S6,Stuttgart Hbf|Stuttgart Nordbahnhof|Stuttgart-Feuerbach|Stuttgart-Zuffenhausen|Neuwirtshaus(Porscheplatz)|Korntal,8006268,Stuttgart-Weilimdorf,Baden-Württemberg,Stuttgart,70499,9.094370086,48.82208429,5,2609070834,,2609070834,,h,1,Bauarbeiten,,,,,,,1.0,0.0
-2194076077432022456-2609070824-2,7615,2609070826,2609070826,2,,S,S6,Ditzingen,8006268,Stuttgart-Weilimdorf,Baden-Württemberg,Stuttgart,70499,9.094370086,48.82208429,5,2609070826,,2609070826,,h,1,Bauarbeiten,,,,,,,0.0,0.0
-812051319324174666-2609070837-4,7412,2609070846,2609070847,4,,S,S4,Stuttgart Hbf|Stuttgart Nordbahnhof|Stuttgart-Feuerbach,8005778,Stuttgart-Zuffenhausen,Baden-Württemberg,Stuttgart,70435,9.167156375,48.82960884,3,2609070846,,2609070847,,,,,,,,,,,0.0,0.0
8970610329466681156-2609070733-11,7413,2609070813,2609070814,2,,S,S4,Backnang|Burgstall(Murr)|Kirchberg(Murr)|Erdmannhausen|Marbach(Neckar)|Benningen(Neckar)|Freiberg(Neckar)|Favoritepark|Ludwigsburg|Kornwestheim Pbf,8005778,Stuttgart-Zuffenhausen,Baden-Württemberg,Stuttgart,70435,9.167156375,48.82960884,3,2609070816,,2609070817,,,,,,,,,,,3.0,3.0
-3992047670892155392-2609070807-4,7410,2609070816,2609070817,4,,S,S4,Stuttgart Hbf|Stuttgart Nordbahnhof|Stuttgart-Feuerbach,8005778,Stuttgart-Zuffenhausen,Baden-Württemberg,Stuttgart,70435,9.167156375,48.82960884,3,2609070819,,2609070821,,,,,,,,,,,3.0,4.0
4812840936901474420-2609070754-5,7613,2609070803,2609070804,12,,S,S6,Ditzingen|Weilimdorf|Korntal|Neuwirtshaus(Porscheplatz),8005778,Stuttgart-Zuffenhausen,Baden-Württemberg,Stuttgart,70435,9.167156375,48.82960884,3,2609070803,,2609070804,,h,1,Bauarbeiten,,,,,,,0.0,0.0
-1396515843662350065-2609070803-11,7415,2609070843,2609070844,2,,S,S4,Backnang|Burgstall(Murr)|Kirchberg(Murr)|Erdmannhausen|Marbach(Neckar)|Benningen(Neckar)|Freiberg(Neckar)|Favoritepark|Ludwigsburg|Kornwestheim Pbf,8005778,Stuttgart-Zuffenhausen,Baden-Württemberg,Stuttgart,70435,9.167156375,48.82960884,3,2609070844,,2609070845,,,,,,,,,,,1.0,1.0
8022546424643450692-2609070817-4,7612,2609070826,2609070827,11,,S,S6,Stuttgart Hbf|Stuttgart Nordbahnhof|Stuttgart-Feuerbach,8005778,Stuttgart-Zuffenhausen,Baden-Württemberg,Stuttgart,70435,9.167156375,48.82960884,3,2609070827,,2609070827,,h,1,Bauarbeiten,,,,,,,1.0,0.0
-3998053100664762308-2609070807-6,7515,2609070823,2609070824,2,,S,S5,Bietigheim-Bissingen|Tamm(Württ)|Asperg|Ludwigsburg|Kornwestheim Pbf,8005778,Stuttgart-Zuffenhausen,Baden-Württemberg,Stuttgart,70435,9.167156375,48.82960884,3,2609070823,,2609070825,,,,,,,,,,,0.0,1.0
-2194076077432022456-2609070824-5,7615,2609070833,2609070834,12,,S,S6,Ditzingen|Weilimdorf|Korntal|Neuwirtshaus(Porscheplatz),8005778,Stuttgart-Zuffenhausen,Baden-Württemberg,Stuttgart,70435,9.167156375,48.82960884,3,2609070833,,2609070834,,h,1,Bauarbeiten,,,,,,,0.0,0.0
-8163811491625378496-2609070827-4,7514,2609070836,2609070837,4,,S,S5,Stuttgart Hbf|Stuttgart Nordbahnhof|Stuttgart-Feuerbach,8005778,Stuttgart-Zuffenhausen,Baden-Württemberg,Stuttgart,70435,9.167156375,48.82960884,3,2609070837,,2609070838,,,,,,,,,,,1.0,1.0
-4928326504801899421-2609070757-4,7512,2609070806,2609070807,4,,S,S5,Stuttgart Hbf|Stuttgart Nordbahnhof|Stuttgart-Feuerbach,8005778,Stuttgart-Zuffenhausen,Baden-Württemberg,Stuttgart,70435,9.167156375,48.82960884,3,2609070807,,2609070808,,,,,,,,,,,1.0,1.0
8931019133261020093-2609070847-4,7614,2609070856,2609070857,11,,S,S6,Stuttgart Hbf|Stuttgart Nordbahnhof|Stuttgart-Feuerbach,8005778,Stuttgart-Zuffenhausen,Baden-Württemberg,Stuttgart,70435,9.167156375,48.82960884,3,2609070856,,2609070857,,h,1,Bauarbeiten,,,,,,,0.0,0.0
-1072643669346294455-2609070837-6,7517,2609070853,2609070854,2,,S,S5,Bietigheim-Bissingen|Tamm(Württ)|Asperg|Ludwigsburg|Kornwestheim Pbf,8005778,Stuttgart-Zuffenhausen,Baden-Württemberg,Stuttgart,70435,9.167156375,48.82960884,3,2609070853,,2609070854,,,,,,,,,,,0.0,0.0
-3998053100664762308-2609070807-2,7515,2609070810,2609070810,2,,S,S5,Bietigheim-Bissingen,8005820,Tamm (Württ),Baden-Württemberg,Tamm,71732,9.125288012,48.92187736,4,2609070810,,2609070810,,,,,,,,,,,0.0,0.0
-8163811491625378496-2609070827-8,7514,2609070850,2609070850,3,,S,S5,Stuttgart Hbf|Stuttgart Nordbahnhof|Stuttgart-Feuerbach|Stuttgart-Zuffenhausen|Kornwestheim Pbf|Ludwigsburg|Asperg,8005820,Tamm (Württ),Baden-Württemberg,Tamm,71732,9.125288012,48.92187736,4,2609070851,,2609070852,,,,,,,,,,,1.0,2.0
-4928326504801899421-2609070757-8,7512,2609070820,2609070820,3,,S,S5,Stuttgart Hbf|Stuttgart Nordbahnhof|Stuttgart-Feuerbach|Stuttgart-Zuffenhausen|Kornwestheim Pbf|Ludwigsburg|Asperg,8005820,Tamm (Württ),Baden-Württemberg,Tamm,71732,9.125288012,48.92187736,4,2609070821,,2609070821,,,,,,,,,,,1.0,1.0
-1072643669346294455-2609070837-2,7517,2609070840,2609070840,2,,S,S5,Bietigheim-Bissingen,8005820,Tamm (Württ),Baden-Württemberg,Tamm,71732,9.125288012,48.92187736,4,2609070840,,2609070840,,,,,,,,,,,0.0,0.0
-8714228285082007604-2609070742-6,7310,2609070759,2609070800,3,,S,S3,Stuttgart Hbf|Stuttgart-Bad Cannstatt|Stuttgart Nürnberger Str.|Stuttgart-Sommerrain|Fellbach,8000180,Waiblingen,Baden-Württemberg,Waiblingen,71332,9.300476874,48.8262444,3,2609070801,,2609070803,,,,,,,,,,,2.0,3.0
1080395120727352298-2609070754-3,17511,2609070806,2609070807,3,,RB,MEX90,Stuttgart Hbf|Stuttgart-Bad Cannstatt,8000180,Waiblingen,Baden-Württemberg,Waiblingen,71332,9.300476874,48.8262444,3,2609070807,,2609070808,,h,2,Störung,,,,,,,1.0,1.0
2609828090178333250-2609070826-3,17515,2609070837,2609070838,3,,RB,MEX19,Stuttgart Hbf|Stuttgart-Bad Cannstatt,8000180,Waiblingen,Baden-Württemberg,Waiblingen,71332,9.300476874,48.8262444,3,2609070837,,2609070838,,,,,,,,,,,0.0,0.0
-3592468245100533836-2609070812-6,7312,2609070829,2609070830,3,,S,S3,Stuttgart Hbf|Stuttgart-Bad Cannstatt|Stuttgart Nürnberger Str.|Stuttgart-Sommerrain|Fellbach,8000180,Waiblingen,Baden-Württemberg,Waiblingen,71332,9.300476874,48.8262444,3,2609070829,,2609070830,,,,,,,,,,,0.0,0.0
-6137963727532018215-2609070720-10,17512,2609070820,2609070821,1,,RB,MEX90,Schwäbisch Hall-Hessental|Gaildorf West|Fichtenberg|Fornsbach|Murrhardt|Sulzbach(Murr)|Oppenweiler(Württ)|Backnang|Winnenden,8000180,Waiblingen,Baden-Württemberg,Waiblingen,71332,9.300476874,48.8262444,3,2609070821,,2609070822,,h,2,Störung,,,,,,,1.0,1.0
-6187813548789768480-2609070750-6,7210,2609070804,2609070805,7,,S,S2,Stuttgart Hbf|Stuttgart-Bad Cannstatt|Stuttgart Nürnberger Str.|Stuttgart-Sommerrain|Fellbach,8000180,Waiblingen,Baden-Württemberg,Waiblingen,71332,9.300476874,48.8262444,3,2609070807,,2609070808,,h,2,Bauarbeiten,,,,,,,3.0,3.0
4710214702648447253-2609070820-6,7212,2609070834,2609070835,7,,S,S2,Stuttgart Hbf|Stuttgart-Bad Cannstatt|Stuttgart Nürnberger Str.|Stuttgart-Sommerrain|Fellbach,8000180,Waiblingen,Baden-Württemberg,Waiblingen,71332,9.300476874,48.8262444,3,2609070834,,2609070835,,h,2,Bauarbeiten,,,,,,,0.0,0.0
6561689536681711014-2609070806-10,19412,2609070858,2609070858,6,,ARV,MEX13,Aalen Hbf|Mögglingen(Gmünd)|Böbingen(Rems)|Schwäbisch Gmünd|Lorch(Württ)|Waldhausen(b Schorndorf)|Plüderhausen|Urbach(b Schorndorf)|Schorndorf,8000180,Waiblingen,Baden-Württemberg,Waiblingen,71332,9.300476874,48.8262444,3,2609070900,,2609070900,,h,2,Information,,,,,,,2.0,2.0
-5804237943130712983-2609070803-10,7215,2609070824,2609070825,5,,S,S2,Schorndorf|Weiler(Rems)|Winterbach(b Schorndorf)|Geradstetten|Grunbach|Beutelsbach|Endersbach|Stetten-Beinstein|Rommelshausen,8000180,Waiblingen,Baden-Württemberg,Waiblingen,71332,9.300476874,48.8262444,3,2609070828,,2609070829,,h,2,Bauarbeiten,,,,,,,4.0,4.0
-5128631246468454871-2609070833-10,7217,2609070854,2609070855,5,,S,S2,Schorndorf|Weiler(Rems)|Winterbach(b Schorndorf)|Geradstetten|Grunbach|Beutelsbach|Endersbach|Stetten-Beinstein|Rommelshausen,8000180,Waiblingen,Baden-Württemberg,Waiblingen,71332,9.300476874,48.8262444,3,2609070856,,2609070857,,h,2,Bauarbeiten,,,,,,,2.0,2.0
-6563980521276274745-2609070747-3,19407,2609070802,2609070802,6,,ARV,MEX13,Stuttgart Hbf|Stuttgart-Bad Cannstatt,8000180,Waiblingen,Baden-Württemberg,Waiblingen,71332,9.300476874,48.8262444,3,2609070803,7,2609070803,7,h,2,Information,,,,,,,1.0,1.0
-6826708456044057474-2609070811-7,7315,2609070829,2609070830,1,,S,S3,Backnang|Maubach|Nellmersbach|Winnenden|Schwaikheim|Neustadt-Hohenacker,8000180,Waiblingen,Baden-Württemberg,Waiblingen,71332,9.300476874,48.8262444,3,2609070830,,2609070831,,,,,,,,,,,1.0,1.0
8714151503779075708-2609070648-18,19454,2609070828,2609070828,6,,ARV,MEX13,Crailsheim|Jagstzell|Ellwangen|Schrezheim|Schwabsberg|Goldshöfe|Hofen(b Aalen)|Wasseralfingen|Aalen Hbf|Mögglingen(Gmünd)|Böbingen(Rems)|Schwäbisch Gmünd|Lorch(Württ)|Waldhausen(b Schorndorf)|Plüderhausen|Urbach(b Schorndorf)|Schorndorf,8000180,Waiblingen,Baden-Württemberg,Waiblingen,71332,9.300476874,48.8262444,3,2609070833,,2609070833,,h,2,Störung,,,,,,,5.0,5.0
8832461638795716901-2609070841-7,7317,2609070859,2609070900,1,,S,S3,Backnang|Maubach|Nellmersbach|Winnenden|Schwaikheim|Neustadt-Hohenacker,8000180,Waiblingen,Baden-Württemberg,Waiblingen,71332,9.300476874,48.8262444,3,2609070901,,2609070901,,,,,,,,,,,2.0,1.0
-6338002183585841713-2609070842-6,7314,2609070859,2609070900,3,,S,S3,Stuttgart Hbf|Stuttgart-Bad Cannstatt|Stuttgart Nürnberger Str.|Stuttgart-Sommerrain|Fellbach,8000180,Waiblingen,Baden-Württemberg,Waiblingen,71332,9.300476874,48.8262444,3,2609070900,,2609070901,,,,,,,,,,,1.0,1.0
-7629876309056008994-2609070637-18,88610,2609070851,2609070852,1,,ARV,RE90,Nürnberg Hbf|Roßtal|Heilsbronn|Wicklesgreuth|Ansbach|Leutershausen-Wiedersbach|Dombühl|Schnelldorf|Crailsheim|Eckartshausen-Ilshofen|Schwäbisch Hall-Hessental|Gaildorf West|Murrhardt|Sulzbach(Murr)|Oppenweiler(Württ)|Backnang|Winnenden,8000180,Waiblingen,Baden-Württemberg,Waiblingen,71332,9.300476874,48.8262444,3,2609070852,,2609070853,,,,,,,,,p,p,1.0,1.0
1921412709986473032-2609070820-3,19459,2609070832,2609070832,6,,ARV,MEX13,Stuttgart Hbf|Stuttgart-Bad Cannstatt,8000180,Waiblingen,Baden-Württemberg,Waiblingen,71332,9.300476874,48.8262444,3,2609070856,7,2609070856,7,h,2,Störung,,,,,,,24.0,24.0
1183603668671718907-2609070741-7,7313,2609070759,2609070800,1,,S,S3,Backnang|Maubach|Nellmersbach|Winnenden|Schwaikheim|Neustadt-Hohenacker,8000180,Waiblingen,Baden-Württemberg,Waiblingen,71332,9.300476874,48.8262444,3,2609070759,,2609070800,,,,,,,,,,,0.0,0.0
8187013246930390889-2609070840-5,26137,2609070858,,141,,SWE,,Calw|Calw-Heumaden|Althengstett|Ostelsheim,8006271,Weil der Stadt,Baden-Württemberg,Weil der Stadt,71263,8.873189074,48.7557357,4,2609070859,,,,,,,,,,,,,1.0,0.0
348904338587999379-2609070803-1,33863,,2609070803,,,S,S6,,8006271,Weil der Stadt,Baden-Württemberg,Weil der Stadt,71263,8.873189074,48.7557357,4,,,2609070806,2,,,,,,,,,,0.0,3.0
-4903775298624183802-2609070817-1,26134,,2609070817,,,SWE,RB76,,8006271,Weil der Stadt,Baden-Württemberg,Weil der Stadt,71263,8.873189074,48.7557357,4,,,2609070818,,,,,,,,,,,0.0,1.0
-1364121198893423502-2609070843-5,33862,2609070857,,,,S,,Leonberg|Rutesheim|Renningen|Malmsheim,8006271,Weil der Stadt,Baden-Württemberg,Weil der Stadt,71263,8.873189074,48.7557357,4,2609070857,2,,,,,,,,,,,,0.0,0.0
1407874279199726563-2609070813-5,33860,2609070827,,,,S,,Leonberg|Rutesheim|Renningen|Malmsheim,8006271,Weil der Stadt,Baden-Württemberg,Weil der Stadt,71263,8.873189074,48.7557357,4,2609070829,2,,,,,,,,,,,,2.0,0.0
-874440361791152587-2609070833-1,33865,,2609070833,,,S,S6,,8006271,Weil der Stadt,Baden-Württemberg,Weil der Stadt,71263,8.873189074,48.7557357,4,,,2609070833,2,,,,,,,,,,0.0,0.0
-7570451707251115799-2609070842-2,26136,2609070845,2609070847,141,,SWE,RB76,Renningen,8006271,Weil der Stadt,Baden-Württemberg,Weil der Stadt,71263,8.873189074,48.7557357,4,,,,,,,,,,,,c,c,0.0,0.0
-7167865627529423559-2609070810-5,26135,2609070828,2609070828,141,,SWE,RB76,Calw|Calw-Heumaden|Althengstett|Ostelsheim,8006271,Weil der Stadt,Baden-Württemberg,Weil der Stadt,71263,8.873189074,48.7557357,4,2609070828,,,,,,,,,,,,c,0.0,0.0
-6187813548789768480-2609070750-14,7210,2609070822,2609070822,1,,S,S2,Stuttgart Hbf|Stuttgart-Bad Cannstatt|Stuttgart Nürnberger Str.|Stuttgart-Sommerrain|Fellbach|Waiblingen|Rommelshausen|Stetten-Beinstein|Endersbach|Beutelsbach|Grunbach|Geradstetten|Winterbach(b Schorndorf),8006277,Weiler (Rems),Baden-Württemberg,Schorndorf,76314,9.501891172,48.80034585,5,2609070826,,2609070826,,h,2,Bauarbeiten,,,,,,,4.0,4.0
4710214702648447253-2609070820-14,7212,2609070852,2609070852,1,,S,S2,Stuttgart Hbf|Stuttgart-Bad Cannstatt|Stuttgart Nürnberger Str.|Stuttgart-Sommerrain|Fellbach|Waiblingen|Rommelshausen|Stetten-Beinstein|Endersbach|Beutelsbach|Grunbach|Geradstetten|Winterbach(b Schorndorf),8006277,Weiler (Rems),Baden-Württemberg,Schorndorf,76314,9.501891172,48.80034585,5,2609070852,,2609070852,,h,2,Bauarbeiten,,,,,,,0.0,0.0
-5804237943130712983-2609070803-2,7215,2609070806,2609070806,2,,S,S2,Schorndorf,8006277,Weiler (Rems),Baden-Württemberg,Schorndorf,76314,9.501891172,48.80034585,5,2609070811,,2609070811,,h,2,Bauarbeiten,,,,,,,5.0,5.0
-5128631246468454871-2609070833-2,7217,2609070836,2609070836,2,,S,S2,Schorndorf,8006277,Weiler (Rems),Baden-Württemberg,Schorndorf,76314,9.501891172,48.80034585,5,2609070837,,2609070838,,h,2,Bauarbeiten,,,,,,,1.0,2.0
2988814004659936288-2609070820-3,7117,2609070827,2609070828,12,,S,S1,Kirchheim(Teck)|Kirchheim(Teck)-Ötlingen,8006331,Wendlingen (Neckar),Baden-Württemberg,Wendlingen am Neckar,73240,9.373662098,48.67368917,3,2609070827,,2609070828,,,,,,,,,,,0.0,0.0
2394736871359748075-2609070725-13,7110,2609070802,2609070803,11,,S,S1,Stuttgart Hbf|Stuttgart-Bad Cannstatt|Stuttgart Neckarpark|Stuttgart-Untertürkheim|Stuttgart-Obertürkheim|Esslingen-Mettingen|Esslingen(Neckar)|Oberesslingen|Esslingen-Zell|Altbach|Plochingen|Wernau(Neckar),8006331,Wendlingen (Neckar),Baden-Württemberg,Wendlingen am Neckar,73240,9.373662098,48.67368917,3,2609070802,,2609070803,,,,,,,,,,,0.0,0.0
-3441789533908263347-2609070850-3,7119,2609070857,2609070858,12,,S,S1,Kirchheim(Teck)|Kirchheim(Teck)-Ötlingen,8006331,Wendlingen (Neckar),Baden-Württemberg,Wendlingen am Neckar,73240,9.373662098,48.67368917,3,2609070858,,2609070859,,,,,,,,,,,1.0,1.0
-3454291194238340076-2609070829-3,16048,2609070859,,3,,RE,,Ulm Hbf|Merklingen - Schwäbische Alb,8006331,Wendlingen (Neckar),Baden-Württemberg,Wendlingen am Neckar,73240,9.373662098,48.67368917,3,2609070858,,,,h,2,Störung,,,,,,,-1.0,0.0
-6750459440429737938-2609070755-13,7112,2609070832,2609070833,11,,S,S1,Stuttgart Hbf|Stuttgart-Bad Cannstatt|Stuttgart Neckarpark|Stuttgart-Untertürkheim|Stuttgart-Obertürkheim|Esslingen-Mettingen|Esslingen(Neckar)|Oberesslingen|Esslingen-Zell|Altbach|Plochingen|Wernau(Neckar),8006331,Wendlingen (Neckar),Baden-Württemberg,Wendlingen am Neckar,73240,9.373662098,48.67368917,3,2609070833,,2609070834,,,,,,,,,,,1.0,1.0
-8463276081222832610-2609070824-1,16047,,2609070824,,,RE,RE200,,8006331,Wendlingen (Neckar),Baden-Württemberg,Wendlingen am Neckar,73240,9.373662098,48.67368917,3,,,2609070824,,h,2,Störung,,,,,,,0.0,0.0
2988814004659936288-2609070820-4,7117,2609070831,2609070831,1,,S,S1,Kirchheim(Teck)|Kirchheim(Teck)-Ötlingen|Wendlingen(Neckar),8006346,Wernau (Neckar),Baden-Württemberg,Wernau (Neckar),73249,9.413654423,48.69417221,4,2609070831,,2609070832,,,,,,,,,,,0.0,1.0
7462677850950360621-2609070825-12,7114,2609070858,2609070859,2,,S,S1,Stuttgart Hbf|Stuttgart-Bad Cannstatt|Stuttgart Neckarpark|Stuttgart-Untertürkheim|Stuttgart-Obertürkheim|Esslingen-Mettingen|Esslingen(Neckar)|Oberesslingen|Esslingen-Zell|Altbach|Plochingen,8006346,Wernau (Neckar),Baden-Württemberg,Wernau (Neckar),73249,9.413654423,48.69417221,4,2609070858,,2609070859,,,,,,,,,,,0.0,0.0
-6750459440429737938-2609070755-12,7112,2609070828,2609070829,2,,S,S1,Stuttgart Hbf|Stuttgart-Bad Cannstatt|Stuttgart Neckarpark|Stuttgart-Untertürkheim|Stuttgart-Obertürkheim|Esslingen-Mettingen|Esslingen(Neckar)|Oberesslingen|Esslingen-Zell|Altbach|Plochingen,8006346,Wernau (Neckar),Baden-Württemberg,Wernau (Neckar),73249,9.413654423,48.69417221,4,2609070828,,2609070829,,,,,,,,,,,0.0,0.0
-7908498233924216314-2609070750-4,7115,2609070801,2609070801,1,,S,S1,Kirchheim(Teck)|Kirchheim(Teck)-Ötlingen|Wendlingen(Neckar),8006346,Wernau (Neckar),Baden-Württemberg,Wernau (Neckar),73249,9.413654423,48.69417221,4,2609070805,,2609070805,,,,,,,,,,,4.0,4.0
-8714228285082007604-2609070742-9,7310,2609070809,2609070809,2,,S,S3,Stuttgart Hbf|Stuttgart-Bad Cannstatt|Stuttgart Nürnberger Str.|Stuttgart-Sommerrain|Fellbach|Waiblingen|Neustadt-Hohenacker|Schwaikheim,8006479,Winnenden,Baden-Württemberg,Winnenden,71364,9.392155928,48.8795625,3,2609070811,,2609070812,,,,,,,,,,,2.0,3.0
1080395120727352298-2609070754-4,17511,2609070813,2609070814,2,,RB,MEX90,Stuttgart Hbf|Stuttgart-Bad Cannstatt|Waiblingen,8006479,Winnenden,Baden-Württemberg,Winnenden,71364,9.392155928,48.8795625,3,2609070815,,2609070816,,h,2,Störung,,,,,,,2.0,2.0
2609828090178333250-2609070826-4,17515,2609070844,2609070845,2,,RB,MEX19,Stuttgart Hbf|Stuttgart-Bad Cannstatt|Waiblingen,8006479,Winnenden,Baden-Württemberg,Winnenden,71364,9.392155928,48.8795625,3,2609070845,,2609070845,,,,,,,,,,,1.0,0.0
-3592468245100533836-2609070812-9,7312,2609070839,2609070839,2,,S,S3,Stuttgart Hbf|Stuttgart-Bad Cannstatt|Stuttgart Nürnberger Str.|Stuttgart-Sommerrain|Fellbach|Waiblingen|Neustadt-Hohenacker|Schwaikheim,8006479,Winnenden,Baden-Württemberg,Winnenden,71364,9.392155928,48.8795625,3,2609070839,,2609070839,,,,,,,,,,,0.0,0.0
-6137963727532018215-2609070720-9,17512,2609070813,2609070814,3,,RB,MEX90,Schwäbisch Hall-Hessental|Gaildorf West|Fichtenberg|Fornsbach|Murrhardt|Sulzbach(Murr)|Oppenweiler(Württ)|Backnang,8006479,Winnenden,Baden-Württemberg,Winnenden,71364,9.392155928,48.8795625,3,2609070813,,2609070814,,h,2,Störung,,,,,,,0.0,0.0
-6826708456044057474-2609070811-4,7315,2609070819,2609070820,3,,S,S3,Backnang|Maubach|Nellmersbach,8006479,Winnenden,Baden-Württemberg,Winnenden,71364,9.392155928,48.8795625,3,2609070819,,2609070820,,,,,,,,,,,0.0,0.0
8832461638795716901-2609070841-4,7317,2609070849,2609070850,3,,S,S3,Backnang|Maubach|Nellmersbach,8006479,Winnenden,Baden-Württemberg,Winnenden,71364,9.392155928,48.8795625,3,2609070851,,2609070851,,,,,,,,,,,2.0,1.0
-7629876309056008994-2609070637-17,88610,2609070844,2609070845,3,,ARV,RE90,Nürnberg Hbf|Roßtal|Heilsbronn|Wicklesgreuth|Ansbach|Leutershausen-Wiedersbach|Dombühl|Schnelldorf|Crailsheim|Eckartshausen-Ilshofen|Schwäbisch Hall-Hessental|Gaildorf West|Murrhardt|Sulzbach(Murr)|Oppenweiler(Württ)|Backnang,8006479,Winnenden,Baden-Württemberg,Winnenden,71364,9.392155928,48.8795625,3,2609070845,,2609070846,,,,,,,,,p,p,1.0,1.0
-6187813548789768480-2609070750-13,7210,2609070820,2609070820,2,,S,S2,Stuttgart Hbf|Stuttgart-Bad Cannstatt|Stuttgart Nürnberger Str.|Stuttgart-Sommerrain|Fellbach|Waiblingen|Rommelshausen|Stetten-Beinstein|Endersbach|Beutelsbach|Grunbach|Geradstetten,8006485,Winterbach (b Schorndorf),Baden-Württemberg,Winterbach,73650,9.481549751,48.79842743,4,2609070824,,2609070824,,h,2,Bauarbeiten,,,,,,,4.0,4.0
4710214702648447253-2609070820-13,7212,2609070850,2609070850,2,,S,S2,Stuttgart Hbf|Stuttgart-Bad Cannstatt|Stuttgart Nürnberger Str.|Stuttgart-Sommerrain|Fellbach|Waiblingen|Rommelshausen|Stetten-Beinstein|Endersbach|Beutelsbach|Grunbach|Geradstetten,8006485,Winterbach (b Schorndorf),Baden-Württemberg,Winterbach,73650,9.481549751,48.79842743,4,2609070850,,2609070850,,h,2,Bauarbeiten,,,,,,,0.0,0.0
-5804237943130712983-2609070803-3,7215,2609070808,2609070808,1,,S,S2,Schorndorf|Weiler(Rems),8006485,Winterbach (b Schorndorf),Baden-Württemberg,Winterbach,73650,9.481549751,48.79842743,4,2609070813,,2609070813,,h,2,Bauarbeiten,,,,,,,5.0,5.0
-5128631246468454871-2609070833-3,7217,2609070838,2609070838,1,,S,S2,Schorndorf|Weiler(Rems),8006485,Winterbach (b Schorndorf),Baden-Württemberg,Winterbach,73650,9.481549751,48.79842743,4,2609070839,,2609070840,,h,2,Bauarbeiten,,,,,,,1.0,2.0
-4292995912708809220-2609070758-5,7014,2609070815,2609070815,2,,S,S60,Leonberg|Rutesheim|Renningen|Renningen Süd,8003807,Magstadt,Baden-Württemberg,Magstadt,71106,8.965315746,48.73616033,6,2609070818,,2609070819,,h,1,Bauarbeiten,,,,,,,3.0,4.0
7558420737718355302-2609070804-5,7013,2609070813,2609070814,1,,S,S60,Böblingen|Sindelfingen|Maichingen|Maichingen Nord,8003807,Magstadt,Baden-Württemberg,Magstadt,71106,8.965315746,48.73616033,6,2609070816,,2609070817,,h,1,Bauarbeiten,,,,,,,3.0,3.0
3583397989492953732-2609070828-5,7016,2609070845,2609070845,2,,S,S60,Leonberg|Rutesheim|Renningen|Renningen Süd,8003807,Magstadt,Baden-Württemberg,Magstadt,71106,8.965315746,48.73616033,6,2609070846,,2609070847,,h,1,Bauarbeiten,,,,,,,1.0,2.0
9174048015743328640-2609070834-5,7015,2609070843,2609070844,1,,S,S60,Böblingen|Sindelfingen|Maichingen|Maichingen Nord,8003807,Magstadt,Baden-Württemberg,Magstadt,71106,8.965315746,48.73616033,6,2609070845,,2609070846,,h,1,Bauarbeiten,,,,,,,2.0,2.0
-4292995912708809220-2609070758-6,7014,2609070817,2609070817,2,,S,S60,Leonberg|Rutesheim|Renningen|Renningen Süd|Magstadt,8003834,Maichingen Nord,Baden-Württemberg,Sindelfingen,71069,8.979416996,48.72750392,5,2609070820,,2609070821,,h,1,Bauarbeiten,,,,,,,3.0,4.0
7558420737718355302-2609070804-4,7013,2609070811,2609070811,1,,S,S60,Böblingen|Sindelfingen|Maichingen,8003834,Maichingen Nord,Baden-Württemberg,Sindelfingen,71069,8.979416996,48.72750392,5,2609070814,,2609070814,,h,1,Bauarbeiten,,,,,,,3.0,3.0
3583397989492953732-2609070828-6,7016,2609070847,2609070847,2,,S,S60,Leonberg|Rutesheim|Renningen|Renningen Süd|Magstadt,8003834,Maichingen Nord,Baden-Württemberg,Sindelfingen,71069,8.979416996,48.72750392,5,2609070849,,2609070849,,h,1,Bauarbeiten,,,,,,,2.0,2.0
9174048015743328640-2609070834-4,7015,2609070841,2609070841,1,,S,S60,Böblingen|Sindelfingen|Maichingen,8003834,Maichingen Nord,Baden-Württemberg,Sindelfingen,71069,8.979416996,48.72750392,5,2609070843,,2609070843,,h,1,Bauarbeiten,,,,,,,2.0,2.0
-4292995912708809220-2609070758-7,7014,2609070819,2609070819,1,,S,S60,Leonberg|Rutesheim|Renningen|Renningen Süd|Magstadt|Maichingen Nord,8003808,Maichingen,Baden-Württemberg,Sindelfingen,71069,8.969606704,48.72162074,6,2609070822,,2609070823,,h,1,Bauarbeiten,,,,,,,3.0,4.0
7558420737718355302-2609070804-3,7013,2609070809,2609070810,1,,S,S60,Böblingen|Sindelfingen,8003808,Maichingen,Baden-Württemberg,Sindelfingen,71069,8.969606704,48.72162074,6,2609070812,,2609070813,,h,1,Bauarbeiten,,,,,,,3.0,3.0
3583397989492953732-2609070828-7,7016,2609070849,2609070849,1,,S,S60,Leonberg|Rutesheim|Renningen|Renningen Süd|Magstadt|Maichingen Nord,8003808,Maichingen,Baden-Württemberg,Sindelfingen,71069,8.969606704,48.72162074,6,2609070851,,2609070852,,h,1,Bauarbeiten,,,,,,,2.0,3.0
9174048015743328640-2609070834-3,7015,2609070839,2609070840,1,,S,S60,Böblingen|Sindelfingen,8003808,Maichingen,Baden-Württemberg,Sindelfingen,71069,8.969606704,48.72162074,6,2609070840,,2609070841,,h,1,Bauarbeiten,,,,,,,1.0,1.0
-4292995912708809220-2609070758-4,7014,2609070811,2609070811,2,,S,S60,Leonberg|Rutesheim|Renningen,8005001,Renningen Süd,Baden-Württemberg,Renningen,71272,8.932068278,48.76261937,6,2609070814,,2609070815,,h,1,Bauarbeiten,,,,,,,3.0,4.0
7558420737718355302-2609070804-6,7013,2609070817,2609070818,1,,S,S60,Böblingen|Sindelfingen|Maichingen|Maichingen Nord|Magstadt,8005001,Renningen Süd,Baden-Württemberg,Renningen,71272,8.932068278,48.76261937,6,2609070820,,2609070821,,h,1,Bauarbeiten,,,,,,,3.0,3.0
3583397989492953732-2609070828-4,7016,2609070841,2609070841,2,,S,S60,Leonberg|Rutesheim|Renningen,8005001,Renningen Süd,Baden-Württemberg,Renningen,71272,8.932068278,48.76261937,6,2609070842,,2609070843,,h,1,Bauarbeiten,,,,,,,1.0,2.0
9174048015743328640-2609070834-6,7015,2609070847,2609070848,1,,S,S60,Böblingen|Sindelfingen|Maichingen|Maichingen Nord|Magstadt,8005001,Renningen Süd,Baden-Württemberg,Renningen,71272,8.932068278,48.76261937,6,2609070849,,2609070850,,h,1,Bauarbeiten,,,,,,,2.0,2.0
