ID,train_number,planned_arrival,planned_departure,planned_platform,planned_status,category_train,train,path,eva_nr,station_name,station_state,station_city,station_zipcode,station_long,station_lat,station_category,changed_arrival,changed_platform_arrival,changed_departure,changed_platform_departure,message_status,priority,info,arrival_hidden,departure_hidden,arrival_path,departure_path,arrival_status,departure_status,arrival_delay_m,departure_delay_m
-5197983836264116534-2609112255-10,7172,2609112320,2609112320,4,,S,S1,Stuttgart Hbf|Stuttgart-Bad Cannstatt|Stuttgart Neckarpark|Stuttgart-Untertürkheim|Stuttgart-Obertürkheim|Esslingen-Mettingen|Esslingen(Neckar)|Oberesslingen|Esslingen-Zell,8000508,Altbach,Baden-Württemberg,Altbach,73776,9.382434033,48.72031354,3,2609112320,,2609112321,,,,,,,,,,,0.0,1.0
-5753279830124609145-2609112250-6,7175,2609112309,2609112310,3,,S,S1,Kirchheim(Teck)|Kirchheim(Teck)-Ötlingen|Wendlingen(Neckar)|Wernau(Neckar)|Plochingen,8000508,Altbach,Baden-Württemberg,Altbach,73776,9.382434033,48.72031354,3,2609112309,,2609112310,,,,,,,,,,,0.0,0.0
4705599029793291676-2609112320-6,7177,2609112339,2609112340,3,,S,S1,Kirchheim(Teck)|Kirchheim(Teck)-Ötlingen|Wendlingen(Neckar)|Wernau(Neckar)|Plochingen,8000508,Altbach,Baden-Württemberg,Altbach,73776,9.382434033,48.72031354,3,2609112339,,2609112340,,,,,,,,,,,0.0,0.0
-6275608324438357522-2609112325-10,7174,2609112350,2609112350,4,,S,S1,Stuttgart Hbf|Stuttgart-Bad Cannstatt|Stuttgart Neckarpark|Stuttgart-Untertürkheim|Stuttgart-Obertürkheim|Esslingen-Mettingen|Esslingen(Neckar)|Oberesslingen|Esslingen-Zell,8000508,Altbach,Baden-Württemberg,Altbach,73776,9.382434033,48.72031354,3,2609112350,,2609112350,,,,,,,,,,,0.0,0.0
6588190298506647860-2609112337-3,7577,2609112342,2609112343,3,,S,S5,Bietigheim-Bissingen|Tamm(Württ),8000630,Asperg,Baden-Württemberg,Asperg,71679,9.147977466,48.90725609,4,2609112343,,2609112344,,,,,,,,,,,1.0,1.0
2106169304135961277-2609112307-3,7575,2609112312,2609112313,3,,S,S5,Bietigheim-Bissingen|Tamm(Württ),8000630,Asperg,Baden-Württemberg,Asperg,71679,9.147977466,48.90725609,4,2609112313,,2609112315,,,,,,,,,,,1.0,2.0
-674299633319716956-2609112327-7,7574,2609112347,2609112347,4,,S,S5,Stuttgart Hbf|Stuttgart Nordbahnhof|Stuttgart-Feuerbach|Stuttgart-Zuffenhausen|Kornwestheim Pbf|Ludwigsburg,8000630,Asperg,Baden-Württemberg,Asperg,71679,9.147977466,48.90725609,4,2609112347,,2609112348,,,,,,,,,,,0.0,1.0
-3011188424747458948-2609112257-7,7572,2609112317,2609112317,4,,S,S5,Stuttgart Hbf|Stuttgart Nordbahnhof|Stuttgart-Feuerbach|Stuttgart-Zuffenhausen|Kornwestheim Pbf|Ludwigsburg,8000630,Asperg,Baden-Württemberg,Asperg,71679,9.147977466,48.90725609,4,2609112317,,2609112318,,,,,,,,,,,0.0,1.0
5844079694201012734-2609112307-14,7470,2609112352,,1,,S,,Stuttgart Hbf|Stuttgart Nordbahnhof|Stuttgart-Feuerbach|Stuttgart-Zuffenhausen|Kornwestheim Pbf|Ludwigsburg|Favoritepark|Freiberg(Neckar)|Benningen(Neckar)|Marbach(Neckar)|Erdmannhausen|Kirchberg(Murr)|Burgstall(Murr),8000016,Backnang,Baden-Württemberg,Backnang,71522,9.425986107,48.94264844,3,2609112356,,,,,,,,,,,,,4.0,0.0
-3024751796155966495-2609112327-5,88651,2609112351,2609112351,4,,ARV,RE90,Stuttgart Hbf|Stuttgart-Bad Cannstatt|Waiblingen|Winnenden,8000016,Backnang,Baden-Württemberg,Backnang,71522,9.425986107,48.94264844,3,2609112351,,2609112356,,,,,,,,,,,0.0,5.0
-2519407903994888306-2609112312-12,7372,2609112348,,5,,S,,Stuttgart Hbf|Stuttgart-Bad Cannstatt|Stuttgart Nürnberger Str.|Stuttgart-Sommerrain|Fellbach|Waiblingen|Neustadt-Hohenacker|Schwaikheim|Winnenden|Nellmersbach|Maubach,8000016,Backnang,Baden-Württemberg,Backnang,71522,9.425986107,48.94264844,3,2609112348,,,,,,,,,,,,,0.0,0.0
-4957905266396441447-2609112311-1,7375,,2609112311,,,S,S3,,8000016,Backnang,Baden-Württemberg,Backnang,71522,9.425986107,48.94264844,3,,,2609112316,,,,,,,,,,,0.0,5.0
-1565239122700519355-2609112232-7,17568,2609112306,2609112307,4,,RB,MEX19,Gaildorf West|Fichtenberg|Fornsbach|Murrhardt|Sulzbach(Murr)|Oppenweiler(Württ),8000016,Backnang,Baden-Württemberg,Backnang,71522,9.425986107,48.94264844,3,2609112317,3,2609112320,3,,,,,,,,,,11.0,13.0
5733563224153092938-2609112303-1,7475,,2609112303,,,S,S4,,8000016,Backnang,Baden-Württemberg,Backnang,71522,9.425986107,48.94264844,3,,,2609112307,,,,,,,,,,,0.0,4.0
-7120372043677331542-2609112341-1,7377,,2609112341,,,S,S3,,8000016,Backnang,Baden-Württemberg,Backnang,71522,9.425986107,48.94264844,3,,,2609112342,,,,,,,,,,,0.0,1.0
-1663225643001113593-2609112312-6,88650,2609112350,2609112353,3,,ARV,RE90,Schwäbisch Hall-Hessental|Gaildorf West|Murrhardt|Sulzbach(Murr)|Oppenweiler(Württ),8000016,Backnang,Baden-Württemberg,Backnang,71522,9.425986107,48.94264844,3,2609112355,,2609112356,,,,,,,,,,,5.0,3.0
-547796110281084784-2609112242-12,7370,2609112318,,5,,S,,Stuttgart Hbf|Stuttgart-Bad Cannstatt|Stuttgart Nürnberger Str.|Stuttgart-Sommerrain|Fellbach|Waiblingen|Neustadt-Hohenacker|Schwaikheim|Winnenden|Nellmersbach|Maubach,8000016,Backnang,Baden-Württemberg,Backnang,71522,9.425986107,48.94264844,3,2609112319,,,,,,,,,,,,,1.0,0.0
-7917245534189458014-2609112255-5,17561,2609112320,2609112323,4,,RB,MEX90,Stuttgart Hbf|Stuttgart-Bad Cannstatt|Waiblingen|Winnenden,8000016,Backnang,Baden-Württemberg,Backnang,71522,9.425986107,48.94264844,3,2609112322,,2609112323,,,,,,,,,,,2.0,0.0
2977099434128495599-2609112355-2,7477,2609112357,2609112357,2,,S,S4,Marbach(Neckar),8000873,Benningen (Neckar),Baden-Württemberg,Benningen am Neckar,71726,9.244299075,48.94379773,5,2609112357,,2609112357,,,,,,,,,,,0.0,0.0
5844079694201012734-2609112307-9,7470,2609112332,2609112333,1,,S,S4,Stuttgart Hbf|Stuttgart Nordbahnhof|Stuttgart-Feuerbach|Stuttgart-Zuffenhausen|Kornwestheim Pbf|Ludwigsburg|Favoritepark|Freiberg(Neckar),8000873,Benningen (Neckar),Baden-Württemberg,Benningen am Neckar,71726,9.244299075,48.94379773,5,2609112334,,2609112335,,,,,,,,,,,2.0,2.0
-9133197457517218638-2609112237-9,7468,2609112302,2609112303,1,,S,S4,Stuttgart Hbf|Stuttgart Nordbahnhof|Stuttgart-Feuerbach|Stuttgart-Zuffenhausen|Kornwestheim Pbf|Ludwigsburg|Favoritepark|Freiberg(Neckar),8000873,Benningen (Neckar),Baden-Württemberg,Benningen am Neckar,71726,9.244299075,48.94379773,5,2609112308,,2609112308,,,,,,,,,,,6.0,5.0
5733563224153092938-2609112303-6,7475,2609112327,2609112327,2,,S,S4,Backnang|Burgstall(Murr)|Kirchberg(Murr)|Erdmannhausen|Marbach(Neckar),8000873,Benningen (Neckar),Baden-Württemberg,Benningen am Neckar,71726,9.244299075,48.94379773,5,2609112330,,2609112331,,,,,,,,,,,3.0,4.0
786034673520317015-2609112214-12,19577,2609112303,2609112304,4,,RE,MEX17,Pforzheim Hbf|Eutingen(Baden)|Niefern|Enzberg|Mühlacker|Mühlacker Rößlesweg|Illingen(Württ)|Vaihingen(Enz)|Sersheim|Sachsenheim|Ellental,8000038,Bietigheim-Bissingen,Baden-Württemberg,Bietigheim-Bissingen,74321,9.137217396,48.94794988,2,2609112304,,2609112304,,h,2,Störung,,,,,,,1.0,0.0
8748450814953985117-2609112137-8,19087,2609112330,2609112332,8,,ARV,RE8,Würzburg Hbf|Lauda|Osterburken|Möckmühl|Bad Friedrichshall Hbf|Neckarsulm|Heilbronn Hbf,8000038,Bietigheim-Bissingen,Baden-Württemberg,Bietigheim-Bissingen,74321,9.137217396,48.94794988,2,2609112332,,2609112333,,,,,,,,,,,2.0,1.0
-4778313904626616007-2609112321-2,19090,2609112328,2609112329,10,,ARV,RB8,Ludwigsburg,8000038,Bietigheim-Bissingen,Baden-Württemberg,Bietigheim-Bissingen,74321,9.137217396,48.94794988,2,2609112335,,2609112336,,,,,,,,,,,7.0,7.0
-2524886537496923871-2609112246-3,19582,2609112303,2609112304,7,,RE,MEX17,Stuttgart Hbf|Ludwigsburg,8000038,Bietigheim-Bissingen,Baden-Württemberg,Bietigheim-Bissingen,74321,9.137217396,48.94794988,2,2609112309,,2609112311,,h,2,Störung,,,,,,,6.0,7.0
6588190298506647860-2609112337-1,7577,,2609112337,,,S,S5,,8000038,Bietigheim-Bissingen,Baden-Württemberg,Bietigheim-Bissingen,74321,9.137217396,48.94794988,2,,,2609112338,,,,,,,,,,,0.0,1.0
2106169304135961277-2609112307-1,7575,,2609112307,,,S,S5,,8000038,Bietigheim-Bissingen,Baden-Württemberg,Bietigheim-Bissingen,74321,9.137217396,48.94794988,2,,,2609112308,,,,,,,,,,,0.0,1.0
-5840372336411977769-2609112307-1,19339,,2609112307,,,RE,MEX18,,8000038,Bietigheim-Bissingen,Baden-Württemberg,Bietigheim-Bissingen,74321,9.137217396,48.94794988,2,,,2609112310,,h,1,Störung,,,,,,,0.0,3.0
-2130476128285931754-2609112133-9,19338,2609112301,,10,,RE,,Tübingen Hbf|Reutlingen Hbf|Metzingen(Württ)|Nürtingen|Wendlingen(Neckar)|Plochingen|Esslingen(Neckar)|Ludwigsburg,8000038,Bietigheim-Bissingen,Baden-Württemberg,Bietigheim-Bissingen,74321,9.137217396,48.94794988,2,2609112301,8,,,h,1,Störung,,,,,,,0.0,0.0
-1702444323451852327-2609112313-2,19686,2609112332,2609112332,,,ARV,RE1,Stuttgart Hbf,8000038,Bietigheim-Bissingen,Baden-Württemberg,Bietigheim-Bissingen,74321,9.137217396,48.94794988,2,2609112332,,2609112332,,,,,,,,,c,c,0.0,0.0
-674299633319716956-2609112327-9,7574,2609112354,,5,,S,,Stuttgart Hbf|Stuttgart Nordbahnhof|Stuttgart-Feuerbach|Stuttgart-Zuffenhausen|Kornwestheim Pbf|Ludwigsburg|Asperg|Tamm(Württ),8000038,Bietigheim-Bissingen,Baden-Württemberg,Bietigheim-Bissingen,74321,9.137217396,48.94794988,2,2609112354,,,,,,,,,,,,,0.0,0.0
-3011188424747458948-2609112257-9,7572,2609112324,,5,,S,,Stuttgart Hbf|Stuttgart Nordbahnhof|Stuttgart-Feuerbach|Stuttgart-Zuffenhausen|Kornwestheim Pbf|Ludwigsburg|Asperg|Tamm(Württ),8000038,Bietigheim-Bissingen,Baden-Württemberg,Bietigheim-Bissingen,74321,9.137217396,48.94794988,2,2609112325,,,,,,,,,,,,,1.0,0.0
7102936800576072855-2609112323-12,19579,2609112359,,3,,RE,,Pforzheim Hbf|Eutingen(Baden)|Niefern|Enzberg|Mühlacker|Mühlacker Rößlesweg|Illingen(Württ)|Vaihingen(Enz)|Sersheim|Sachsenheim|Ellental,8000038,Bietigheim-Bissingen,Baden-Württemberg,Bietigheim-Bissingen,74321,9.137217396,48.94794988,2,2609120007,,,,h,2,Störung,,,,,,,8.0,0.0
8459489212017907950-2609112332-12,8189,2609112355,,1,,WEG,,Dettenhausen|Weil im Schönbuch Untere Halde|Weil im Schönbuch Röte|Weil im Schönbuch Troppel|Holzgerlingen Buch|Holzgerlingen Bf|Holzgerlingen Hülben|Böblingen Zimmerschlag|Böblingen Heusteigstr|Böblingen Südbf|Böblingen Danziger Str,8001055,Böblingen,Baden-Württemberg,Böblingen,71034,9.004531864,48.68784871,3,2609112356,,,,,,,,,,,,,1.0,0.0
3150370635624129361-2609112304-1,7073,,2609112304,,,S,S60,,8001055,Böblingen,Baden-Württemberg,Böblingen,71034,9.004531864,48.68784871,3,,,2609112304,,,,,,,,,,,0.0,0.0
3929535977463866299-2609112334-1,7075,,2609112334,,,S,S60,,8001055,Böblingen,Baden-Württemberg,Böblingen,71034,9.004531864,48.68784871,3,,,2609112334,,,,,,,,,,,0.0,0.0
-541451069032077300-2609112326-3,17685,2609112346,2609112347,5,,RE,RE14a,Stuttgart Hbf|Stuttgart-Vaihingen,8001055,Böblingen,Baden-Württemberg,Böblingen,71034,9.004531864,48.68784871,3,2609112350,,2609112351,,,,,,,,,,,4.0,4.0
-5662900889334396771-2609112316-6,7776,2609112330,2609112330,3,,S,S1,Herrenberg|Nufringen|Gärtringen|Ehningen(b Böblingen)|Hulb,8001055,Böblingen,Baden-Württemberg,Böblingen,71034,9.004531864,48.68784871,3,2609112330,,2609112331,,,,,,,,,,,0.0,1.0
7722730552485304498-2609112309-7,7074,2609112326,,5,,S,,Renningen|Renningen Süd|Magstadt|Maichingen Nord|Maichingen|Sindelfingen,8001055,Böblingen,Baden-Württemberg,Böblingen,71034,9.004531864,48.68784871,3,2609112327,,,,,,,,,,,,,1.0,0.0
2387949285937243483-2609112302-12,8185,2609112325,,1,,WEG,,Dettenhausen|Weil im Schönbuch Untere Halde|Weil im Schönbuch Röte|Weil im Schönbuch Troppel|Holzgerlingen Buch|Holzgerlingen Bf|Holzgerlingen Hülben|Böblingen Zimmerschlag|Böblingen Heusteigstr|Böblingen Südbf|Böblingen Danziger Str,8001055,Böblingen,Baden-Württemberg,Böblingen,71034,9.004531864,48.68784871,3,2609112325,,,,,,,,,,,,,0.0,0.0
-7733693542395404737-2609112217-8,17676,2609112321,2609112322,2,,RB,RB14a,Rottweil|Horb|Eutingen im Gäu|Ergenzingen|Bondorf(b Herrenberg)|Gäufelden|Herrenberg,8001055,Böblingen,Baden-Württemberg,Böblingen,71034,9.004531864,48.68784871,3,2609112348,,2609112350,,,,,,,,,c,c,27.0,28.0
2382757692606580950-2609112246-4,7771,2609112300,2609112300,4,,S,S1,Stuttgart-Vaihingen|Stuttgart-Rohr|Goldberg(Württ),8001055,Böblingen,Baden-Württemberg,Böblingen,71034,9.004531864,48.68784871,3,2609112300,,2609112300,,,,,,,,,,,0.0,0.0
-7552157599667806188-2609112246-6,7774,2609112300,2609112300,3,,S,S1,Herrenberg|Nufringen|Gärtringen|Ehningen(b Böblingen)|Hulb,8001055,Böblingen,Baden-Württemberg,Böblingen,71034,9.004531864,48.68784871,3,2609112300,,2609112301,,,,,,,,,,,0.0,1.0
3760657859860719731-2609112305-1,8184,,2609112305,,,WEG,RB46,,8001055,Böblingen,Baden-Württemberg,Böblingen,71034,9.004531864,48.68784871,3,,,2609112305,,,,,,,,,,,0.0,0.0
2629905197525077527-2609112316-4,7773,2609112330,2609112330,4,,S,S1,Stuttgart-Vaihingen|Stuttgart-Rohr|Goldberg(Württ),8001055,Böblingen,Baden-Württemberg,Böblingen,71034,9.004531864,48.68784871,3,2609112330,,2609112330,,,,,,,,,,,0.0,0.0
935362855559139176-2609112335-1,8188,,2609112335,,,WEG,RB46,,8001055,Böblingen,Baden-Württemberg,Böblingen,71034,9.004531864,48.68784871,3,,,2609112335,,,,,,,,,,,0.0,0.0
1851201085371332579-2609112339-7,7076,2609112356,,5,,S,,Renningen|Renningen Süd|Magstadt|Maichingen Nord|Maichingen|Sindelfingen,8001055,Böblingen,Baden-Württemberg,Böblingen,71034,9.004531864,48.68784871,3,2609112357,,,,,,,,,,,,,1.0,0.0
5844079694201012734-2609112307-13,7470,2609112347,2609112347,1,,S,S4,Stuttgart Hbf|Stuttgart Nordbahnhof|Stuttgart-Feuerbach|Stuttgart-Zuffenhausen|Kornwestheim Pbf|Ludwigsburg|Favoritepark|Freiberg(Neckar)|Benningen(Neckar)|Marbach(Neckar)|Erdmannhausen|Kirchberg(Murr),8001296,Burgstall (Murr),Baden-Württemberg,Burgstetten,71576,9.36973562,48.92851826,6,2609112351,,2609112352,,,,,,,,,,,4.0,5.0
5733563224153092938-2609112303-2,7475,2609112307,2609112308,1,,S,S4,Backnang,8001296,Burgstall (Murr),Baden-Württemberg,Burgstetten,71576,9.36973562,48.92851826,6,2609112311,,2609112313,,,,,,,,,,,4.0,5.0
-6526775162747392382-2609112333-7,7677,2609112354,2609112354,3,,S,S6,Weil der Stadt|Malmsheim|Renningen|Rutesheim|Leonberg|Höfingen,8001476,Ditzingen,Baden-Württemberg,Ditzingen,71254,9.067095186,48.82358726,4,2609112354,,2609112354,,,,,,,,,,,0.0,0.0
-4547114169407799378-2609112303-7,7675,2609112324,2609112324,3,,S,S6,Weil der Stadt|Malmsheim|Renningen|Rutesheim|Leonberg|Höfingen,8001476,Ditzingen,Baden-Württemberg,Ditzingen,71254,9.067095186,48.82358726,4,2609112324,,2609112325,,,,,,,,,,,0.0,1.0
-3328654811997120273-2609112317-8,7672,2609112336,2609112336,2,,S,S6,Stuttgart Hbf|Stuttgart Nordbahnhof|Stuttgart-Feuerbach|Stuttgart-Zuffenhausen|Neuwirtshaus(Porscheplatz)|Korntal|Weilimdorf,8001476,Ditzingen,Baden-Württemberg,Ditzingen,71254,9.067095186,48.82358726,4,2609112336,,2609112336,,,,,,,,,,,0.0,0.0
5891323909249949515-2609112247-8,7670,2609112306,2609112306,2,,S,S6,Stuttgart Hbf|Stuttgart Nordbahnhof|Stuttgart-Feuerbach|Stuttgart-Zuffenhausen|Neuwirtshaus(Porscheplatz)|Korntal|Weilimdorf,8001476,Ditzingen,Baden-Württemberg,Ditzingen,71254,9.067095186,48.82358726,4,2609112310,,2609112311,,,,,,,,,,,4.0,5.0
-2935564319618747934-2609112305-5,7973,2609112319,2609112320,1,,S,S2,Stuttgart-Vaihingen|Stuttgart-Rohr|Oberaichen|Leinfelden,8001650,Echterdingen,Baden-Württemberg,Echterdingen,70771,9.169307175,48.69214787,4,2609112319,,2609112320,,h,2,Bauarbeiten,,,,,,,0.0,0.0
2043069556628672575-2609112335-5,7975,2609112349,2609112350,1,,S,S2,Stuttgart-Vaihingen|Stuttgart-Rohr|Oberaichen|Leinfelden,8001650,Echterdingen,Baden-Württemberg,Echterdingen,70771,9.169307175,48.69214787,4,2609112349,,2609112350,,h,2,Bauarbeiten,,,,,,,0.0,0.0
1870656160504428642-2609112333-3,7974,2609112340,2609112340,2,,S,S2,Filderstadt|Stuttgart Flughafen/Messe,8001650,Echterdingen,Baden-Württemberg,Echterdingen,70771,9.169307175,48.69214787,4,2609112340,,2609112341,,h,2,Bauarbeiten,,,,,,,0.0,1.0
-4449289664459012618-2609112303-3,7972,2609112310,2609112310,2,,S,S2,Filderstadt|Stuttgart Flughafen/Messe,8001650,Echterdingen,Baden-Württemberg,Echterdingen,70771,9.169307175,48.69214787,4,2609112310,,2609112311,,h,2,Bauarbeiten,,,,,,,0.0,1.0
-5662900889334396771-2609112316-4,7776,2609112325,2609112325,1,,S,S1,Herrenberg|Nufringen|Gärtringen,8001689,Ehningen (b Böblingen),Baden-Württemberg,Ehningen,71139,8.944310368,48.66275549,4,2609112325,,2609112325,,,,,,,,,,,0.0,0.0
4991213592121918551-2609112346-4,7778,2609112355,2609112355,1,,S,S1,Herrenberg|Nufringen|Gärtringen,8001689,Ehningen (b Böblingen),Baden-Württemberg,Ehningen,71139,8.944310368,48.66275549,4,2609112355,,2609112355,,,,,,,,,,,0.0,0.0
2382757692606580950-2609112246-6,7771,2609112305,2609112305,2,,S,S1,Stuttgart-Vaihingen|Stuttgart-Rohr|Goldberg(Württ)|Böblingen|Hulb,8001689,Ehningen (b Böblingen),Baden-Württemberg,Ehningen,71139,8.944310368,48.66275549,4,2609112305,,2609112305,,,,,,,,,,,0.0,0.0
2629905197525077527-2609112316-6,7773,2609112335,2609112335,2,,S,S1,Stuttgart-Vaihingen|Stuttgart-Rohr|Goldberg(Württ)|Böblingen|Hulb,8001689,Ehningen (b Böblingen),Baden-Württemberg,Ehningen,71139,8.944310368,48.66275549,4,2609112335,,2609112335,,,,,,,,,,,0.0,0.0
5844079694201012734-2609112307-11,7470,2609112340,2609112340,1,,S,S4,Stuttgart Hbf|Stuttgart Nordbahnhof|Stuttgart-Feuerbach|Stuttgart-Zuffenhausen|Kornwestheim Pbf|Ludwigsburg|Favoritepark|Freiberg(Neckar)|Benningen(Neckar)|Marbach(Neckar),8001827,Erdmannhausen,Baden-Württemberg,Erdmannhausen,71729,9.298930848,48.9483447,6,2609112344,,2609112345,,,,,,,,,,,4.0,5.0
5733563224153092938-2609112303-4,7475,2609112317,2609112318,1,,S,S4,Backnang|Burgstall(Murr)|Kirchberg(Murr),8001827,Erdmannhausen,Baden-Württemberg,Erdmannhausen,71729,9.298930848,48.9483447,6,2609112323,,2609112325,,,,,,,,,,,6.0,7.0
-7007709070303320005-2609112303-3,19183,2609112316,2609112320,5,,ARV,MEX16,Stuttgart Hbf|Stuttgart-Bad Cannstatt,8001920,Esslingen (Neckar),Baden-Württemberg,Esslingen am Neckar,73728,9.300578149,48.73854148,3,2609112316,,2609112320,,,,,,,,,,,0.0,0.0
-2471775487806926024-2609112104-12,4234,2609112309,2609112310,3,,RE,RE5,Friedrichshafen Stadt|Meckenbeuren|Ravensburg|Aulendorf|Bad Schussenried|Biberach(Riß)|Laupheim West|Ulm Hbf|Geislingen(Steige)|Göppingen|Plochingen,8001920,Esslingen (Neckar),Baden-Württemberg,Esslingen am Neckar,73728,9.300578149,48.73854148,3,2609112309,,2609112310,,h,2,Störung,,,,,,,0.0,0.0
-5197983836264116534-2609112255-7,7172,2609112312,2609112313,8,,S,S1,Stuttgart Hbf|Stuttgart-Bad Cannstatt|Stuttgart Neckarpark|Stuttgart-Untertürkheim|Stuttgart-Obertürkheim|Esslingen-Mettingen,8001920,Esslingen (Neckar),Baden-Württemberg,Esslingen am Neckar,73728,9.300578149,48.73854148,3,2609112312,,2609112313,,,,,,,,,,,0.0,0.0
-793656453369562013-2609112146-20,19180,2609112304,2609112305,3,,ARV,MEX16,Ulm Hbf|Beimerstetten|Westerstetten|Lonsee|Urspring|Amstetten(Württ)|Geislingen(Steige)|Geislingen(Steige)West|Kuchen|Gingen(Fils)|Süßen|Salach|Eislingen(Fils)|Göppingen|Faurndau|Uhingen|Ebersbach(Fils)|Reichenbach(Fils)|Plochingen,8001920,Esslingen (Neckar),Baden-Württemberg,Esslingen am Neckar,73728,9.300578149,48.73854148,3,2609112303,,2609112305,,,,,,,,,,,-1.0,0.0
-5753279830124609145-2609112250-9,7175,2609112317,2609112317,7,,S,S1,Kirchheim(Teck)|Kirchheim(Teck)-Ötlingen|Wendlingen(Neckar)|Wernau(Neckar)|Plochingen|Altbach|Esslingen-Zell|Oberesslingen,8001920,Esslingen (Neckar),Baden-Württemberg,Esslingen am Neckar,73728,9.300578149,48.73854148,3,2609112317,,2609112317,,,,,,,,,,,0.0,0.0
147017097219018543-2609112248-14,19182,2609112340,2609112340,3,,ARV,MEX16,Geislingen(Steige)|Geislingen(Steige)West|Kuchen|Gingen(Fils)|Süßen|Salach|Eislingen(Fils)|Göppingen|Faurndau|Uhingen|Ebersbach(Fils)|Reichenbach(Fils)|Plochingen,8001920,Esslingen (Neckar),Baden-Württemberg,Esslingen am Neckar,73728,9.300578149,48.73854148,3,2609112342,,2609112343,,,,,,,,,,,2.0,3.0
-5840372336411977769-2609112307-3,19339,2609112344,2609112345,6,,RE,MEX18,Bietigheim-Bissingen|Ludwigsburg,8001920,Esslingen (Neckar),Baden-Württemberg,Esslingen am Neckar,73728,9.300578149,48.73854148,3,2609112351,,2609112351,,h,1,Störung,,,,,,,7.0,6.0
503863255708873152-2609112305-9,19364,2609112355,2609112356,3,,RE,MEX12,Tübingen Hbf|Reutlingen Hbf|Metzingen(Württ)|Bempflingen|Nürtingen|Oberboihingen|Wendlingen(Neckar)|Plochingen,8001920,Esslingen (Neckar),Baden-Württemberg,Esslingen am Neckar,73728,9.300578149,48.73854148,3,2609112355,,2609112356,,h,1,Störung,,,,,,,0.0,0.0
4705599029793291676-2609112320-9,7177,2609112347,2609112347,7,,S,S1,Kirchheim(Teck)|Kirchheim(Teck)-Ötlingen|Wendlingen(Neckar)|Wernau(Neckar)|Plochingen|Altbach|Esslingen-Zell|Oberesslingen,8001920,Esslingen (Neckar),Baden-Württemberg,Esslingen am Neckar,73728,9.300578149,48.73854148,3,2609112347,,2609112347,,,,,,,,,,,0.0,0.0
9117966488978894920-2609112233-9,19250,2609112320,2609112320,3,,RE,MEX18,Tübingen Hbf|Reutlingen Hbf|Metzingen(Württ)|Bempflingen|Nürtingen|Oberboihingen|Wendlingen(Neckar)|Plochingen,8001920,Esslingen (Neckar),Baden-Württemberg,Esslingen am Neckar,73728,9.300578149,48.73854148,3,2609112320,,2609112320,,h,1,Störung,,,,,,,0.0,0.0
-6275608324438357522-2609112325-7,7174,2609112342,2609112343,8,,S,S1,Stuttgart Hbf|Stuttgart-Bad Cannstatt|Stuttgart Neckarpark|Stuttgart-Untertürkheim|Stuttgart-Obertürkheim|Esslingen-Mettingen,8001920,Esslingen (Neckar),Baden-Württemberg,Esslingen am Neckar,73728,9.300578149,48.73854148,3,2609112342,,2609112343,,,,,,,,,,,0.0,0.0
-3568010245526377395-2609112339-2,4239,2609112348,2609112349,5,,RE,RE5,Stuttgart Hbf,8001920,Esslingen (Neckar),Baden-Württemberg,Esslingen am Neckar,73728,9.300578149,48.73854148,3,2609112348,,2609112349,,h,2,Information,,,,,,,0.0,0.0
-4464931541841790379-2609112253-2,19367,2609112302,2609112303,6,,RE,MEX12,Stuttgart Hbf,8001920,Esslingen (Neckar),Baden-Württemberg,Esslingen am Neckar,73728,9.300578149,48.73854148,3,2609112309,,2609112310,,h,1,Störung,,,,,,,7.0,7.0
6962993513256562528-2609112342-3,19185,2609112353,2609112354,5,,ARV,MEX16,Stuttgart Hbf|Stuttgart-Bad Cannstatt,8001920,Esslingen (Neckar),Baden-Württemberg,Esslingen am Neckar,73728,9.300578149,48.73854148,3,2609112354,,2609112355,,,,,,,,,,,1.0,1.0
-5197983836264116534-2609112255-6,7172,2609112309,2609112309,4,,S,S1,Stuttgart Hbf|Stuttgart-Bad Cannstatt|Stuttgart Neckarpark|Stuttgart-Untertürkheim|Stuttgart-Obertürkheim,8001921,Esslingen-Mettingen,Baden-Württemberg,Esslingen am Neckar,73733,9.275799007,48.74696655,3,2609112309,,2609112310,,,,,,,,,,,0.0,1.0
-5753279830124609145-2609112250-10,7175,2609112319,2609112320,3,,S,S1,Kirchheim(Teck)|Kirchheim(Teck)-Ötlingen|Wendlingen(Neckar)|Wernau(Neckar)|Plochingen|Altbach|Esslingen-Zell|Oberesslingen|Esslingen(Neckar),8001921,Esslingen-Mettingen,Baden-Württemberg,Esslingen am Neckar,73733,9.275799007,48.74696655,3,2609112319,,2609112320,,,,,,,,,,,0.0,0.0
4705599029793291676-2609112320-10,7177,2609112349,2609112350,3,,S,S1,Kirchheim(Teck)|Kirchheim(Teck)-Ötlingen|Wendlingen(Neckar)|Wernau(Neckar)|Plochingen|Altbach|Esslingen-Zell|Oberesslingen|Esslingen(Neckar),8001921,Esslingen-Mettingen,Baden-Württemberg,Esslingen am Neckar,73733,9.275799007,48.74696655,3,2609112349,,2609112350,,,,,,,,,,,0.0,0.0
-6275608324438357522-2609112325-6,7174,2609112339,2609112339,4,,S,S1,Stuttgart Hbf|Stuttgart-Bad Cannstatt|Stuttgart Neckarpark|Stuttgart-Untertürkheim|Stuttgart-Obertürkheim,8001921,Esslingen-Mettingen,Baden-Württemberg,Esslingen am Neckar,73733,9.275799007,48.74696655,3,2609112339,,2609112339,,,,,,,,,,,0.0,0.0
-5197983836264116534-2609112255-9,7172,2609112317,2609112318,4,,S,S1,Stuttgart Hbf|Stuttgart-Bad Cannstatt|Stuttgart Neckarpark|Stuttgart-Untertürkheim|Stuttgart-Obertürkheim|Esslingen-Mettingen|Esslingen(Neckar)|Oberesslingen,8006642,Esslingen-Zell,Baden-Württemberg,Esslingen am Neckar,73730,9.359739507,48.72436142,3,2609112318,,2609112318,,,,,,,,,,,1.0,0.0
-5753279830124609145-2609112250-7,7175,2609112312,2609112312,3,,S,S1,Kirchheim(Teck)|Kirchheim(Teck)-Ötlingen|Wendlingen(Neckar)|Wernau(Neckar)|Plochingen|Altbach,8006642,Esslingen-Zell,Baden-Württemberg,Esslingen am Neckar,73730,9.359739507,48.72436142,3,2609112312,,2609112312,,,,,,,,,,,0.0,0.0
4705599029793291676-2609112320-7,7177,2609112342,2609112342,3,,S,S1,Kirchheim(Teck)|Kirchheim(Teck)-Ötlingen|Wendlingen(Neckar)|Wernau(Neckar)|Plochingen|Altbach,8006642,Esslingen-Zell,Baden-Württemberg,Esslingen am Neckar,73730,9.359739507,48.72436142,3,2609112342,,2609112342,,,,,,,,,,,0.0,0.0
-6275608324438357522-2609112325-9,7174,2609112347,2609112348,4,,S,S1,Stuttgart Hbf|Stuttgart-Bad Cannstatt|Stuttgart Neckarpark|Stuttgart-Untertürkheim|Stuttgart-Obertürkheim|Esslingen-Mettingen|Esslingen(Neckar)|Oberesslingen,8006642,Esslingen-Zell,Baden-Württemberg,Esslingen am Neckar,73730,9.359739507,48.72436142,3,2609112347,,2609112348,,,,,,,,,,,0.0,0.0
5844079694201012734-2609112307-7,7470,2609112326,2609112326,1,,S,S4,Stuttgart Hbf|Stuttgart Nordbahnhof|Stuttgart-Feuerbach|Stuttgart-Zuffenhausen|Kornwestheim Pbf|Ludwigsburg,8001967,Favoritepark,Baden-Württemberg,Ludwigsburg,71634,9.180574277,48.90948451,5,2609112328,,2609112328,,,,,,,,,,,2.0,2.0
3008894599226717977-2609112337-7,7472,2609112356,2609112356,1,,S,S4,Stuttgart Hbf|Stuttgart Nordbahnhof|Stuttgart-Feuerbach|Stuttgart-Zuffenhausen|Kornwestheim Pbf|Ludwigsburg,8001967,Favoritepark,Baden-Württemberg,Ludwigsburg,71634,9.180574277,48.90948451,5,2609112356,,2609112357,,,,,,,,,,,0.0,1.0
5733563224153092938-2609112303-8,7475,2609112333,2609112334,2,,S,S4,Backnang|Burgstall(Murr)|Kirchberg(Murr)|Erdmannhausen|Marbach(Neckar)|Benningen(Neckar)|Freiberg(Neckar),8001967,Favoritepark,Baden-Württemberg,Ludwigsburg,71634,9.180574277,48.90948451,5,2609112338,,2609112339,,,,,,,,,,,5.0,5.0
1545875388134255836-2609112255-4,7473,2609112303,2609112304,2,,S,S4,Marbach(Neckar)|Benningen(Neckar)|Freiberg(Neckar),8001967,Favoritepark,Baden-Württemberg,Ludwigsburg,71634,9.180574277,48.90948451,5,2609112303,,2609112304,,,,,,,,,,,0.0,0.0
-8795720374573263613-2609112355-2,7277,2609112357,2609112358,4,,S,S2,Waiblingen,8001974,Fellbach,Baden-Württemberg,Fellbach,70736,9.270645988,48.8202936,3,2609112357,,2609112358,,h,2,Bauarbeiten,,,,,,,0.0,0.0
-2279373399383894760-2609112241-8,7373,2609112302,2609112303,4,,S,S3,Backnang|Maubach|Nellmersbach|Winnenden|Schwaikheim|Neustadt-Hohenacker|Waiblingen,8001974,Fellbach,Baden-Württemberg,Fellbach,70736,9.270645988,48.8202936,3,2609112302,,2609112303,,,,,,,,,,,0.0,0.0
-2519407903994888306-2609112312-5,7372,2609112326,2609112327,1,,S,S3,Stuttgart Hbf|Stuttgart-Bad Cannstatt|Stuttgart Nürnberger Str.|Stuttgart-Sommerrain,8001974,Fellbach,Baden-Württemberg,Fellbach,70736,9.270645988,48.8202936,3,2609112327,,2609112327,,,,,,,,,,,1.0,0.0
4235977593412169897-2609112342-5,7374,2609112356,2609112357,1,,S,S3,Stuttgart Hbf|Stuttgart-Bad Cannstatt|Stuttgart Nürnberger Str.|Stuttgart-Sommerrain,8001974,Fellbach,Baden-Württemberg,Fellbach,70736,9.270645988,48.8202936,3,2609112356,,2609112357,,,,,,,,,,,0.0,0.0
-4957905266396441447-2609112311-8,7375,2609112332,2609112333,4,,S,S3,Backnang|Maubach|Nellmersbach|Winnenden|Schwaikheim|Neustadt-Hohenacker|Waiblingen,8001974,Fellbach,Baden-Württemberg,Fellbach,70736,9.270645988,48.8202936,3,2609112338,,2609112339,,,,,,,,,,,6.0,6.0
-6617041224126724026-2609112320-5,7272,2609112331,2609112332,1,,S,S2,Stuttgart Hbf|Stuttgart-Bad Cannstatt|Stuttgart Nürnberger Str.|Stuttgart-Sommerrain,8001974,Fellbach,Baden-Württemberg,Fellbach,70736,9.270645988,48.8202936,3,2609112333,,2609112333,,h,2,Bauarbeiten,,,,,,,2.0,1.0
-2821824551362869786-2609112325-2,7275,2609112327,2609112328,4,,S,S2,Waiblingen,8001974,Fellbach,Baden-Württemberg,Fellbach,70736,9.270645988,48.8202936,3,2609112327,,2609112328,,h,2,Bauarbeiten,,,,,,,0.0,0.0
-2344980071254063452-2609112250-5,7270,2609112301,2609112302,1,,S,S2,Stuttgart Hbf|Stuttgart-Bad Cannstatt|Stuttgart Nürnberger Str.|Stuttgart-Sommerrain,8001974,Fellbach,Baden-Württemberg,Fellbach,70736,9.270645988,48.8202936,3,2609112301,,2609112302,,h,2,Bauarbeiten,,,,,,,0.0,0.0
-2935564319618747934-2609112305-6,7973,2609112322,2609112323,1,,S,S2,Stuttgart-Vaihingen|Stuttgart-Rohr|Oberaichen|Leinfelden|Echterdingen,8005768,Stuttgart Flughafen/Messe,Baden-Württemberg,Leinfelden-Echterdingen,70629,9.193411574,48.69075193,4,2609112322,,2609112323,,h,2,Bauarbeiten,,,,,,,0.0,0.0
2043069556628672575-2609112335-6,7975,2609112352,2609112353,1,,S,S2,Stuttgart-Vaihingen|Stuttgart-Rohr|Oberaichen|Leinfelden|Echterdingen,8005768,Stuttgart Flughafen/Messe,Baden-Württemberg,Leinfelden-Echterdingen,70629,9.193411574,48.69075193,4,2609112352,,2609112353,,h,2,Bauarbeiten,,,,,,,0.0,0.0
1870656160504428642-2609112333-2,7974,2609112337,2609112338,2,,S,S2,Filderstadt,8005768,Stuttgart Flughafen/Messe,Baden-Württemberg,Leinfelden-Echterdingen,70629,9.193411574,48.69075193,4,2609112337,,2609112339,,h,2,Bauarbeiten,,,,,,,0.0,1.0
-4449289664459012618-2609112303-2,7972,2609112307,2609112308,2,,S,S2,Filderstadt,8005768,Stuttgart Flughafen/Messe,Baden-Württemberg,Leinfelden-Echterdingen,70629,9.193411574,48.69075193,4,2609112307,,2609112309,,h,2,Bauarbeiten,,,,,,,0.0,1.0
5844079694201012734-2609112307-8,7470,2609112329,2609112329,3,,S,S4,Stuttgart Hbf|Stuttgart Nordbahnhof|Stuttgart-Feuerbach|Stuttgart-Zuffenhausen|Kornwestheim Pbf|Ludwigsburg|Favoritepark,8002065,Freiberg (Neckar),Baden-Württemberg,Freiberg am Neckar,71691,9.197530085,48.92994974,5,2609112330,,2609112331,,,,,,,,,,,1.0,2.0
3008894599226717977-2609112337-8,7472,2609112359,2609112359,3,,S,S4,Stuttgart Hbf|Stuttgart Nordbahnhof|Stuttgart-Feuerbach|Stuttgart-Zuffenhausen|Kornwestheim Pbf|Ludwigsburg|Favoritepark,8002065,Freiberg (Neckar),Baden-Württemberg,Freiberg am Neckar,71691,9.197530085,48.92994974,5,2609112359,,2609120000,,,,,,,,,,,0.0,1.0
5733563224153092938-2609112303-7,7475,2609112330,2609112331,2,,S,S4,Backnang|Burgstall(Murr)|Kirchberg(Murr)|Erdmannhausen|Marbach(Neckar)|Benningen(Neckar),8002065,Freiberg (Neckar),Baden-Württemberg,Freiberg am Neckar,71691,9.197530085,48.92994974,5,2609112334,,2609112335,,,,,,,,,,,4.0,4.0
1545875388134255836-2609112255-3,7473,2609112300,2609112301,2,,S,S4,Marbach(Neckar)|Benningen(Neckar),8002065,Freiberg (Neckar),Baden-Württemberg,Freiberg am Neckar,71691,9.197530085,48.92994974,5,2609112301,,2609112301,,,,,,,,,,,1.0,0.0
-5662900889334396771-2609112316-3,7776,2609112322,2609112322,2,,S,S1,Herrenberg|Nufringen,8002165,Gärtringen,Baden-Württemberg,Gärtringen,71116,8.908864487,48.64080021,5,2609112322,,2609112322,,,,,,,,,,,0.0,0.0
4991213592121918551-2609112346-3,7778,2609112352,2609112352,2,,S,S1,Herrenberg|Nufringen,8002165,Gärtringen,Baden-Württemberg,Gärtringen,71116,8.908864487,48.64080021,5,2609112352,,2609112352,,,,,,,,,,,0.0,0.0
2382757692606580950-2609112246-7,7771,2609112308,2609112308,1,,S,S1,Stuttgart-Vaihingen|Stuttgart-Rohr|Goldberg(Württ)|Böblingen|Hulb|Ehningen(b Böblingen),8002165,Gärtringen,Baden-Württemberg,Gärtringen,71116,8.908864487,48.64080021,5,2609112308,,2609112308,,,,,,,,,,,0.0,0.0
2629905197525077527-2609112316-7,7773,2609112338,2609112338,1,,S,S1,Stuttgart-Vaihingen|Stuttgart-Rohr|Goldberg(Württ)|Böblingen|Hulb|Ehningen(b Böblingen),8002165,Gärtringen,Baden-Württemberg,Gärtringen,71116,8.908864487,48.64080021,5,2609112338,,2609112339,,,,,,,,,,,0.0,1.0
3254218711381615406-2609112346-3,7775,2609112358,2609112358,1,,S,S1,Stuttgart-Vaihingen|Stuttgart-Rohr,8005201,Goldberg,Baden-Württemberg,Böblingen,71032,9.019733387,48.69651581,5,2609112358,,2609112358,,,,,,,,,,,0.0,0.0
-5662900889334396771-2609112316-7,7776,2609112332,2609112332,2,,S,S1,Herrenberg|Nufringen|Gärtringen|Ehningen(b Böblingen)|Hulb|Böblingen,8005201,Goldberg,Baden-Württemberg,Böblingen,71032,9.019733387,48.69651581,5,2609112332,,2609112333,,,,,,,,,,,0.0,1.0
-7552157599667806188-2609112246-7,7774,2609112302,2609112302,2,,S,S1,Herrenberg|Nufringen|Gärtringen|Ehningen(b Böblingen)|Hulb|Böblingen,8005201,Goldberg,Baden-Württemberg,Böblingen,71032,9.019733387,48.69651581,5,2609112302,,2609112303,,,,,,,,,,,0.0,1.0
2629905197525077527-2609112316-3,7773,2609112328,2609112328,1,,S,S1,Stuttgart-Vaihingen|Stuttgart-Rohr,8005201,Goldberg,Baden-Württemberg,Böblingen,71032,9.019733387,48.69651581,5,2609112328,,2609112328,,,,,,,,,,,0.0,0.0
1620389572536659026-2609112311-10,22889,2609112341,,102,,RB,,Tübingen Hbf|Tübingen West|Unterjesingen Sandäcker|Unterjesingen Mitte|Pfäffingen|Entringen|Altingen(Württ)|Gültstein|Herrenberg Zwerchweg,8002785,Herrenberg,Baden-Württemberg,Herrenberg,71083,8.862625253,48.59395697,3,2609112341,,,,h,2,Bauarbeiten,,,,,,,0.0,0.0
-7655406357359438811-2609112349-1,22884,,2609112349,,,RB,RB63,,8002785,Herrenberg,Baden-Württemberg,Herrenberg,71083,8.862625253,48.59395697,3,,,2609112349,,h,2,Bauarbeiten,,,,,,,0.0,0.0
-541451069032077300-2609112326-4,17685,2609112355,2609112356,4,,RE,RE14a,Stuttgart Hbf|Stuttgart-Vaihingen|Böblingen,8002785,Herrenberg,Baden-Württemberg,Herrenberg,71083,8.862625253,48.59395697,3,2609112359,,2609120000,,,,,,,,,,,4.0,4.0
-5662900889334396771-2609112316-1,7776,,2609112316,,,S,S1,,8002785,Herrenberg,Baden-Württemberg,Herrenberg,71083,8.862625253,48.59395697,3,,,2609112316,,,,,,,,,,,0.0,0.0
-7205575770431825157-2609112319-1,22882,,2609112319,,,RB,RB63,,8002785,Herrenberg,Baden-Württemberg,Herrenberg,71083,8.862625253,48.59395697,3,,,2609112320,,h,2,Bauarbeiten,,,,,,,0.0,1.0
-1147515621121078718-2609112241-10,22887,2609112311,,102,,RB,,Tübingen Hbf|Tübingen West|Unterjesingen Sandäcker|Unterjesingen Mitte|Pfäffingen|Entringen|Altingen(Württ)|Gültstein|Herrenberg Zwerchweg,8002785,Herrenberg,Baden-Württemberg,Herrenberg,71083,8.862625253,48.59395697,3,2609112311,,,,h,2,Bauarbeiten,,,,,,,0.0,0.0
4991213592121918551-2609112346-1,7778,,2609112346,,,S,S1,,8002785,Herrenberg,Baden-Württemberg,Herrenberg,71083,8.862625253,48.59395697,3,,,2609112346,,,,,,,,,,,0.0,0.0
-7733693542395404737-2609112217-7,17676,2609112311,2609112312,1,,RB,RB14a,Rottweil|Horb|Eutingen im Gäu|Ergenzingen|Bondorf(b Herrenberg)|Gäufelden,8002785,Herrenberg,Baden-Württemberg,Herrenberg,71083,8.862625253,48.59395697,3,2609112338,,2609112339,,,,,,,,,c,c,27.0,27.0
2382757692606580950-2609112246-9,7771,2609112315,,3,,S,,Stuttgart-Vaihingen|Stuttgart-Rohr|Goldberg(Württ)|Böblingen|Hulb|Ehningen(b Böblingen)|Gärtringen|Nufringen,8002785,Herrenberg,Baden-Württemberg,Herrenberg,71083,8.862625253,48.59395697,3,2609112315,,,,,,,,,,,,,0.0,0.0
2629905197525077527-2609112316-9,7773,2609112345,,3,,S,,Stuttgart-Vaihingen|Stuttgart-Rohr|Goldberg(Württ)|Böblingen|Hulb|Ehningen(b Böblingen)|Gärtringen|Nufringen,8002785,Herrenberg,Baden-Württemberg,Herrenberg,71083,8.862625253,48.59395697,3,2609112345,,,,,,,,,,,,,0.0,0.0
-6526775162747392382-2609112333-6,7677,2609112350,2609112351,1,,S,S6,Weil der Stadt|Malmsheim|Renningen|Rutesheim|Leonberg,8002892,Höfingen,Baden-Württemberg,Leonberg,71229,9.026180834,48.81503436,5,2609112350,,2609112351,,,,,,,,,,,0.0,0.0
-4547114169407799378-2609112303-6,7675,2609112320,2609112321,1,,S,S6,Weil der Stadt|Malmsheim|Renningen|Rutesheim|Leonberg,8002892,Höfingen,Baden-Württemberg,Leonberg,71229,9.026180834,48.81503436,5,2609112321,,2609112322,,,,,,,,,,,1.0,1.0
-3328654811997120273-2609112317-9,7672,2609112339,2609112339,2,,S,S6,Stuttgart Hbf|Stuttgart Nordbahnhof|Stuttgart-Feuerbach|Stuttgart-Zuffenhausen|Neuwirtshaus(Porscheplatz)|Korntal|Weilimdorf|Ditzingen,8002892,Höfingen,Baden-Württemberg,Leonberg,71229,9.026180834,48.81503436,5,2609112339,,2609112340,,,,,,,,,,,0.0,1.0
5891323909249949515-2609112247-9,7670,2609112309,2609112309,2,,S,S6,Stuttgart Hbf|Stuttgart Nordbahnhof|Stuttgart-Feuerbach|Stuttgart-Zuffenhausen|Neuwirtshaus(Porscheplatz)|Korntal|Weilimdorf|Ditzingen,8002892,Höfingen,Baden-Württemberg,Leonberg,71229,9.026180834,48.81503436,5,2609112313,,2609112314,,,,,,,,,,,4.0,5.0
-5662900889334396771-2609112316-5,7776,2609112328,2609112328,2,,S,S1,Herrenberg|Nufringen|Gärtringen|Ehningen(b Böblingen),8003022,Hulb,Baden-Württemberg,Böblingen-Hulb,71032,8.982396429,48.67924173,5,2609112328,,2609112328,,,,,,,,,,,0.0,0.0
4991213592121918551-2609112346-5,7778,2609112358,2609112358,2,,S,S1,Herrenberg|Nufringen|Gärtringen|Ehningen(b Böblingen),8003022,Hulb,Baden-Württemberg,Böblingen-Hulb,71032,8.982396429,48.67924173,5,2609112358,,2609112358,,,,,,,,,,,0.0,0.0
2382757692606580950-2609112246-5,7771,2609112302,2609112302,1,,S,S1,Stuttgart-Vaihingen|Stuttgart-Rohr|Goldberg(Württ)|Böblingen,8003022,Hulb,Baden-Württemberg,Böblingen-Hulb,71032,8.982396429,48.67924173,5,2609112302,,2609112302,,,,,,,,,,,0.0,0.0
2629905197525077527-2609112316-5,7773,2609112332,2609112332,1,,S,S1,Stuttgart-Vaihingen|Stuttgart-Rohr|Goldberg(Württ)|Böblingen,8003022,Hulb,Baden-Württemberg,Böblingen-Hulb,71032,8.982396429,48.67924173,5,2609112332,,2609112332,,,,,,,,,,,0.0,0.0
-2935564319618747934-2609112305-7,7973,2609112327,,1,,S,,Stuttgart-Vaihingen|Stuttgart-Rohr|Oberaichen|Leinfelden|Echterdingen|Stuttgart Flughafen/Messe,8001984,Filderstadt,Baden-Württemberg,Filderstadt,70794,9.217581315,48.67649151,5,2609112327,,,,h,2,Bauarbeiten,,,,,,,0.0,0.0
2043069556628672575-2609112335-7,7975,2609112357,,1,,S,,Stuttgart-Vaihingen|Stuttgart-Rohr|Oberaichen|Leinfelden|Echterdingen|Stuttgart Flughafen/Messe,8001984,Filderstadt,Baden-Württemberg,Filderstadt,70794,9.217581315,48.67649151,5,2609112357,,,,h,2,Bauarbeiten,,,,,,,0.0,0.0
1870656160504428642-2609112333-1,7974,,2609112333,,,S,S2,,8001984,Filderstadt,Baden-Württemberg,Filderstadt,70794,9.217581315,48.67649151,5,,,2609112333,,h,2,Bauarbeiten,,,,,,,0.0,0.0
-4449289664459012618-2609112303-1,7972,,2609112303,,,S,S2,,8001984,Filderstadt,Baden-Württemberg,Filderstadt,70794,9.217581315,48.67649151,5,,,2609112304,,h,2,Bauarbeiten,,,,,,,0.0,1.0
5844079694201012734-2609112307-12,7470,2609112343,2609112343,2,,S,S4,Stuttgart Hbf|Stuttgart Nordbahnhof|Stuttgart-Feuerbach|Stuttgart-Zuffenhausen|Kornwestheim Pbf|Ludwigsburg|Favoritepark|Freiberg(Neckar)|Benningen(Neckar)|Marbach(Neckar)|Erdmannhausen,8003266,Kirchberg (Murr),Baden-Württemberg,Kirchberg an der Murr,71737,9.328210283,48.93928182,6,2609112347,,2609112348,,,,,,,,,,,4.0,5.0
5733563224153092938-2609112303-3,7475,2609112312,2609112315,1,,S,S4,Backnang|Burgstall(Murr),8003266,Kirchberg (Murr),Baden-Württemberg,Kirchberg an der Murr,71737,9.328210283,48.93928182,6,2609112316,,2609112321,,,,,,,,,,,4.0,6.0
-5197983836264116534-2609112255-15,7172,2609112339,,2,,S,,Stuttgart Hbf|Stuttgart-Bad Cannstatt|Stuttgart Neckarpark|Stuttgart-Untertürkheim|Stuttgart-Obertürkheim|Esslingen-Mettingen|Esslingen(Neckar)|Oberesslingen|Esslingen-Zell|Altbach|Plochingen|Wernau(Neckar)|Wendlingen(Neckar)|Kirchheim(Teck)-Ötlingen,8003280,Kirchheim (Teck),Baden-Württemberg,Kirchheim unter Teck,73230,9.443872422,48.64415981,4,2609112340,,,,,,,,,,,,,1.0,0.0
8092363418274949423-2609112350-1,7179,,2609112350,,,S,S1,,8003280,Kirchheim (Teck),Baden-Württemberg,Kirchheim unter Teck,73230,9.443872422,48.64415981,4,,,2609112351,,,,,,,,,,,0.0,1.0
4705599029793291676-2609112320-1,7177,,2609112320,,,S,S1,,8003280,Kirchheim (Teck),Baden-Württemberg,Kirchheim unter Teck,73230,9.443872422,48.64415981,4,,,2609112321,,,,,,,,,,,0.0,1.0
-8289701104022316843-2609112225-15,7170,2609112309,,2,,S,,Stuttgart Hbf|Stuttgart-Bad Cannstatt|Stuttgart Neckarpark|Stuttgart-Untertürkheim|Stuttgart-Obertürkheim|Esslingen-Mettingen|Esslingen(Neckar)|Oberesslingen|Esslingen-Zell|Altbach|Plochingen|Wernau(Neckar)|Wendlingen(Neckar)|Kirchheim(Teck)-Ötlingen,8003280,Kirchheim (Teck),Baden-Württemberg,Kirchheim unter Teck,73230,9.443872422,48.64415981,4,2609112310,,,,,,,,,,,,,1.0,0.0
-5197983836264116534-2609112255-14,7172,2609112337,2609112337,1,,S,S1,Stuttgart Hbf|Stuttgart-Bad Cannstatt|Stuttgart Neckarpark|Stuttgart-Untertürkheim|Stuttgart-Obertürkheim|Esslingen-Mettingen|Esslingen(Neckar)|Oberesslingen|Esslingen-Zell|Altbach|Plochingen|Wernau(Neckar)|Wendlingen(Neckar),8003282,Kirchheim (Teck)-Ötlingen,Baden-Württemberg,Kirchheim unter Teck,73230,9.416261302,48.65782388,5,2609112337,,2609112338,,,,,,,,,,,0.0,1.0
8092363418274949423-2609112350-2,7179,2609112353,2609112353,1,,S,S1,Kirchheim(Teck),8003282,Kirchheim (Teck)-Ötlingen,Baden-Württemberg,Kirchheim unter Teck,73230,9.416261302,48.65782388,5,2609112353,,2609112353,,,,,,,,,,,0.0,0.0
4705599029793291676-2609112320-2,7177,2609112323,2609112323,1,,S,S1,Kirchheim(Teck),8003282,Kirchheim (Teck)-Ötlingen,Baden-Württemberg,Kirchheim unter Teck,73230,9.416261302,48.65782388,5,2609112323,,2609112324,,,,,,,,,,,0.0,1.0
-8289701104022316843-2609112225-14,7170,2609112306,2609112307,1,,S,S1,Stuttgart Hbf|Stuttgart-Bad Cannstatt|Stuttgart Neckarpark|Stuttgart-Untertürkheim|Stuttgart-Obertürkheim|Esslingen-Mettingen|Esslingen(Neckar)|Oberesslingen|Esslingen-Zell|Altbach|Plochingen|Wernau(Neckar)|Wendlingen(Neckar),8003282,Kirchheim (Teck)-Ötlingen,Baden-Württemberg,Kirchheim unter Teck,73230,9.416261302,48.65782388,5,2609112307,,2609112307,,,,,,,,,,,1.0,0.0
-6526775162747392382-2609112333-9,7677,2609112358,2609112359,3,,S,S6,Weil der Stadt|Malmsheim|Renningen|Rutesheim|Leonberg|Höfingen|Ditzingen|Weilimdorf,8003409,Korntal,Baden-Württemberg,Korntal,70825,9.121099128,48.82640246,4,2609112358,,2609112359,,,,,,,,,,,0.0,0.0
-4463268569866102572-2609112301-7,1277,2609112324,,7,,WEG,,Heimerdingen|Hemmingen|Schwieberdingen|Münchingen|Münchingen Rührberg|Korntal Gymnasium,8003409,Korntal,Baden-Württemberg,Korntal,70825,9.121099128,48.82640246,4,2609112325,,,,,,,,,,,,,1.0,0.0
-4547114169407799378-2609112303-9,7675,2609112328,2609112329,3,,S,S6,Weil der Stadt|Malmsheim|Renningen|Rutesheim|Leonberg|Höfingen|Ditzingen|Weilimdorf,8003409,Korntal,Baden-Württemberg,Korntal,70825,9.121099128,48.82640246,4,2609112329,,2609112329,,,,,,,,,,,1.0,0.0
5678084358759611485-2609112331-7,1283,2609112354,,7,,WEG,,Heimerdingen|Hemmingen|Schwieberdingen|Münchingen|Münchingen Rührberg|Korntal Gymnasium,8003409,Korntal,Baden-Württemberg,Korntal,70825,9.121099128,48.82640246,4,2609112354,,,,,,,,,,,,,0.0,0.0
-3328654811997120273-2609112317-6,7672,2609112331,2609112331,1,,S,S6,Stuttgart Hbf|Stuttgart Nordbahnhof|Stuttgart-Feuerbach|Stuttgart-Zuffenhausen|Neuwirtshaus(Porscheplatz),8003409,Korntal,Baden-Württemberg,Korntal,70825,9.121099128,48.82640246,4,2609112331,,2609112331,,,,,,,,,,,0.0,0.0
5891323909249949515-2609112247-6,7670,2609112301,2609112301,1,,S,S6,Stuttgart Hbf|Stuttgart Nordbahnhof|Stuttgart-Feuerbach|Stuttgart-Zuffenhausen|Neuwirtshaus(Porscheplatz),8003409,Korntal,Baden-Württemberg,Korntal,70825,9.121099128,48.82640246,4,2609112305,,2609112305,,,,,,,,,,,4.0,4.0
-6458312361329057415-2609112305-1,1276,,2609112305,,,WEG,RB47,,8003409,Korntal,Baden-Württemberg,Korntal,70825,9.121099128,48.82640246,4,,,2609112306,,,,,,,,,,,0.0,1.0
5844079694201012734-2609112307-5,7470,2609112320,2609112320,4,,S,S4,Stuttgart Hbf|Stuttgart Nordbahnhof|Stuttgart-Feuerbach|Stuttgart-Zuffenhausen,8003411,Kornwestheim Pbf,Baden-Württemberg,Kornwestheim,70806,9.179967278,48.86215948,3,2609112321,,2609112321,,,,,,,,,,,1.0,1.0
3008894599226717977-2609112337-5,7472,2609112350,2609112350,4,,S,S4,Stuttgart Hbf|Stuttgart Nordbahnhof|Stuttgart-Feuerbach|Stuttgart-Zuffenhausen,8003411,Kornwestheim Pbf,Baden-Württemberg,Kornwestheim,70806,9.179967278,48.86215948,3,2609112350,,2609112351,,,,,,,,,,,0.0,1.0
5733563224153092938-2609112303-10,7475,2609112340,2609112340,3,,S,S4,Backnang|Burgstall(Murr)|Kirchberg(Murr)|Erdmannhausen|Marbach(Neckar)|Benningen(Neckar)|Freiberg(Neckar)|Favoritepark|Ludwigsburg,8003411,Kornwestheim Pbf,Baden-Württemberg,Kornwestheim,70806,9.179967278,48.86215948,3,2609112344,,2609112344,,,,,,,,,,,4.0,4.0
6588190298506647860-2609112337-5,7577,2609112349,2609112350,3,,S,S5,Bietigheim-Bissingen|Tamm(Württ)|Asperg|Ludwigsburg,8003411,Kornwestheim Pbf,Baden-Württemberg,Kornwestheim,70806,9.179967278,48.86215948,3,2609112350,,2609112351,,,,,,,,,,,1.0,1.0
2106169304135961277-2609112307-5,7575,2609112319,2609112320,3,,S,S5,Bietigheim-Bissingen|Tamm(Württ)|Asperg|Ludwigsburg,8003411,Kornwestheim Pbf,Baden-Württemberg,Kornwestheim,70806,9.179967278,48.86215948,3,2609112321,,2609112322,,,,,,,,,,,2.0,2.0
1545875388134255836-2609112255-6,7473,2609112310,2609112310,3,,S,S4,Marbach(Neckar)|Benningen(Neckar)|Freiberg(Neckar)|Favoritepark|Ludwigsburg,8003411,Kornwestheim Pbf,Baden-Württemberg,Kornwestheim,70806,9.179967278,48.86215948,3,2609112310,,2609112310,,,,,,,,,,,0.0,0.0
-674299633319716956-2609112327-5,7574,2609112340,2609112340,4,,S,S5,Stuttgart Hbf|Stuttgart Nordbahnhof|Stuttgart-Feuerbach|Stuttgart-Zuffenhausen,8003411,Kornwestheim Pbf,Baden-Württemberg,Kornwestheim,70806,9.179967278,48.86215948,3,2609112340,,2609112340,,,,,,,,,,,0.0,0.0
-3011188424747458948-2609112257-5,7572,2609112310,2609112310,4,,S,S5,Stuttgart Hbf|Stuttgart Nordbahnhof|Stuttgart-Feuerbach|Stuttgart-Zuffenhausen,8003411,Kornwestheim Pbf,Baden-Württemberg,Kornwestheim,70806,9.179967278,48.86215948,3,2609112310,,2609112311,,,,,,,,,,,0.0,1.0
-2935564319618747934-2609112305-4,7973,2609112316,2609112317,1,,S,S2,Stuttgart-Vaihingen|Stuttgart-Rohr|Oberaichen,8003622,Leinfelden,Baden-Württemberg,Leinfelden-Echterdingen,70771,9.142859698,48.6964193,4,2609112317,,2609112317,,h,2,Bauarbeiten,,,,,,,1.0,0.0
2043069556628672575-2609112335-4,7975,2609112346,2609112347,1,,S,S2,Stuttgart-Vaihingen|Stuttgart-Rohr|Oberaichen,8003622,Leinfelden,Baden-Württemberg,Leinfelden-Echterdingen,70771,9.142859698,48.6964193,4,2609112346,,2609112347,,h,2,Bauarbeiten,,,,,,,0.0,0.0
1870656160504428642-2609112333-4,7974,2609112342,2609112343,2,,S,S2,Filderstadt|Stuttgart Flughafen/Messe|Echterdingen,8003622,Leinfelden,Baden-Württemberg,Leinfelden-Echterdingen,70771,9.142859698,48.6964193,4,2609112343,,2609112344,,h,2,Bauarbeiten,,,,,,,1.0,1.0
-4449289664459012618-2609112303-4,7972,2609112312,2609112313,2,,S,S2,Filderstadt|Stuttgart Flughafen/Messe|Echterdingen,8003622,Leinfelden,Baden-Württemberg,Leinfelden-Echterdingen,70771,9.142859698,48.6964193,4,2609112313,,2609112314,,h,2,Bauarbeiten,,,,,,,1.0,1.0
-6526775162747392382-2609112333-5,7677,2609112347,2609112347,1,,S,S6,Weil der Stadt|Malmsheim|Renningen|Rutesheim,8003652,Leonberg,Baden-Württemberg,Leonberg,71229,9.004025993,48.79970547,3,2609112347,,2609112347,,,,,,,,,,,0.0,0.0
-4547114169407799378-2609112303-5,7675,2609112317,2609112317,1,,S,S6,Weil der Stadt|Malmsheim|Renningen|Rutesheim,8003652,Leonberg,Baden-Württemberg,Leonberg,71229,9.004025993,48.79970547,3,2609112317,,2609112318,,,,,,,,,,,0.0,1.0
-3328654811997120273-2609112317-10,7672,2609112343,2609112343,2,,S,S6,Stuttgart Hbf|Stuttgart Nordbahnhof|Stuttgart-Feuerbach|Stuttgart-Zuffenhausen|Neuwirtshaus(Porscheplatz)|Korntal|Weilimdorf|Ditzingen|Höfingen,8003652,Leonberg,Baden-Württemberg,Leonberg,71229,9.004025993,48.79970547,3,2609112343,,2609112343,,,,,,,,,,,0.0,0.0
5891323909249949515-2609112247-10,7670,2609112313,2609112313,2,,S,S6,Stuttgart Hbf|Stuttgart Nordbahnhof|Stuttgart-Feuerbach|Stuttgart-Zuffenhausen|Neuwirtshaus(Porscheplatz)|Korntal|Weilimdorf|Ditzingen|Höfingen,8003652,Leonberg,Baden-Württemberg,Leonberg,71229,9.004025993,48.79970547,3,2609112317,,2609112318,,,,,,,,,,,4.0,5.0
786034673520317015-2609112214-13,19577,2609112312,2609112319,4,,RE,MEX17,Pforzheim Hbf|Eutingen(Baden)|Niefern|Enzberg|Mühlacker|Mühlacker Rößlesweg|Illingen(Württ)|Vaihingen(Enz)|Sersheim|Sachsenheim|Ellental|Bietigheim-Bissingen,8000235,Ludwigsburg,Baden-Württemberg,Ludwigsburg,71638,9.185229823,48.89208622,3,2609112312,,2609112320,,h,2,Störung,,,,,,,0.0,1.0
5844079694201012734-2609112307-6,7470,2609112323,2609112324,2,,S,S4,Stuttgart Hbf|Stuttgart Nordbahnhof|Stuttgart-Feuerbach|Stuttgart-Zuffenhausen|Kornwestheim Pbf,8000235,Ludwigsburg,Baden-Württemberg,Ludwigsburg,71638,9.185229823,48.89208622,3,2609112324,,2609112325,,,,,,,,,,,1.0,1.0
8748450814953985117-2609112137-9,19087,2609112339,2609112340,4,,ARV,RE8,Würzburg Hbf|Lauda|Osterburken|Möckmühl|Bad Friedrichshall Hbf|Neckarsulm|Heilbronn Hbf|Bietigheim-Bissingen,8000235,Ludwigsburg,Baden-Württemberg,Ludwigsburg,71638,9.185229823,48.89208622,3,2609112340,,2609112341,,,,,,,,,,,1.0,1.0
3008894599226717977-2609112337-6,7472,2609112353,2609112354,2,,S,S4,Stuttgart Hbf|Stuttgart Nordbahnhof|Stuttgart-Feuerbach|Stuttgart-Zuffenhausen|Kornwestheim Pbf,8000235,Ludwigsburg,Baden-Württemberg,Ludwigsburg,71638,9.185229823,48.89208622,3,2609112354,,2609112354,,,,,,,,,,,1.0,0.0
-4778313904626616007-2609112321-1,19090,,2609112321,,,ARV,RB8,,8000235,Ludwigsburg,Baden-Württemberg,Ludwigsburg,71638,9.185229823,48.89208622,3,,,2609112327,5,,,,,,,,,,0.0,6.0
5733563224153092938-2609112303-9,7475,2609112336,2609112337,3,,S,S4,Backnang|Burgstall(Murr)|Kirchberg(Murr)|Erdmannhausen|Marbach(Neckar)|Benningen(Neckar)|Freiberg(Neckar)|Favoritepark,8000235,Ludwigsburg,Baden-Württemberg,Ludwigsburg,71638,9.185229823,48.89208622,3,2609112340,,2609112341,,,,,,,,,,,4.0,4.0
6588190298506647860-2609112337-4,7577,2609112346,2609112346,3,,S,S5,Bietigheim-Bissingen|Tamm(Württ)|Asperg,8000235,Ludwigsburg,Baden-Württemberg,Ludwigsburg,71638,9.185229823,48.89208622,3,2609112347,,2609112348,,,,,,,,,,,1.0,2.0
2106169304135961277-2609112307-4,7575,2609112316,2609112316,3,,S,S5,Bietigheim-Bissingen|Tamm(Württ)|Asperg,8000235,Ludwigsburg,Baden-Württemberg,Ludwigsburg,71638,9.185229823,48.89208622,3,2609112318,,2609112319,,,,,,,,,,,2.0,3.0
1545875388134255836-2609112255-5,7473,2609112306,2609112307,3,,S,S4,Marbach(Neckar)|Benningen(Neckar)|Freiberg(Neckar)|Favoritepark,8000235,Ludwigsburg,Baden-Württemberg,Ludwigsburg,71638,9.185229823,48.89208622,3,2609112306,,2609112307,,,,,,,,,,,0.0,0.0
-5840372336411977769-2609112307-2,19339,2609112314,2609112317,4,,RE,MEX18,Bietigheim-Bissingen,8000235,Ludwigsburg,Baden-Württemberg,Ludwigsburg,71638,9.185229823,48.89208622,3,2609112331,,2609112332,,h,1,Störung,,,,,,,17.0,15.0
-674299633319716956-2609112327-6,7574,2609112343,2609112344,2,,S,S5,Stuttgart Hbf|Stuttgart Nordbahnhof|Stuttgart-Feuerbach|Stuttgart-Zuffenhausen|Kornwestheim Pbf,8000235,Ludwigsburg,Baden-Württemberg,Ludwigsburg,71638,9.185229823,48.89208622,3,2609112343,,2609112344,,,,,,,,,,,0.0,0.0
-3011188424747458948-2609112257-6,7572,2609112313,2609112314,2,,S,S5,Stuttgart Hbf|Stuttgart Nordbahnhof|Stuttgart-Feuerbach|Stuttgart-Zuffenhausen|Kornwestheim Pbf,8000235,Ludwigsburg,Baden-Württemberg,Ludwigsburg,71638,9.185229823,48.89208622,3,2609112314,,2609112314,,,,,,,,,,,1.0,0.0
-6526775162747392382-2609112333-2,7677,2609112335,2609112335,2,,S,S6,Weil der Stadt,8003831,Malmsheim,Baden-Württemberg,Renningen,71272,8.905105557,48.77183564,5,2609112336,,2609112336,,,,,,,,,,,1.0,1.0
-4547114169407799378-2609112303-2,7675,2609112305,2609112305,2,,S,S6,Weil der Stadt,8003831,Malmsheim,Baden-Württemberg,Renningen,71272,8.905105557,48.77183564,5,2609112306,,2609112307,,,,,,,,,,,1.0,2.0
-3328654811997120273-2609112317-13,7672,2609112354,2609112354,1,,S,S6,Stuttgart Hbf|Stuttgart Nordbahnhof|Stuttgart-Feuerbach|Stuttgart-Zuffenhausen|Neuwirtshaus(Porscheplatz)|Korntal|Weilimdorf|Ditzingen|Höfingen|Leonberg|Rutesheim|Renningen,8003831,Malmsheim,Baden-Württemberg,Renningen,71272,8.905105557,48.77183564,5,2609112354,,2609112355,,,,,,,,,,,0.0,1.0
5891323909249949515-2609112247-13,7670,2609112324,2609112324,1,,S,S6,Stuttgart Hbf|Stuttgart Nordbahnhof|Stuttgart-Feuerbach|Stuttgart-Zuffenhausen|Neuwirtshaus(Porscheplatz)|Korntal|Weilimdorf|Ditzingen|Höfingen|Leonberg|Rutesheim|Renningen,8003831,Malmsheim,Baden-Württemberg,Renningen,71272,8.905105557,48.77183564,5,2609112326,,2609112327,,,,,,,,,,,2.0,3.0
2977099434128495599-2609112355-1,7477,,2609112355,,,S,S4,,8003853,Marbach (Neckar),Baden-Württemberg,Marbach am Neckar,71672,9.264611825,48.9437708,3,,,2609112355,1,,,,,,,,,,0.0,0.0
5844079694201012734-2609112307-10,7470,2609112335,2609112338,1,,S,S4,Stuttgart Hbf|Stuttgart Nordbahnhof|Stuttgart-Feuerbach|Stuttgart-Zuffenhausen|Kornwestheim Pbf|Ludwigsburg|Favoritepark|Freiberg(Neckar)|Benningen(Neckar),8003853,Marbach (Neckar),Baden-Württemberg,Marbach am Neckar,71672,9.264611825,48.9437708,3,2609112337,,2609112341,,,,,,,,,,,2.0,3.0
-9133197457517218638-2609112237-10,7468,2609112305,,1,,S,,Stuttgart Hbf|Stuttgart Nordbahnhof|Stuttgart-Feuerbach|Stuttgart-Zuffenhausen|Kornwestheim Pbf|Ludwigsburg|Favoritepark|Freiberg(Neckar)|Benningen(Neckar),8003853,Marbach (Neckar),Baden-Württemberg,Marbach am Neckar,71672,9.264611825,48.9437708,3,2609112310,,,,,,,,,,,,,5.0,0.0
5733563224153092938-2609112303-5,7475,2609112321,2609112325,1,,S,S4,Backnang|Burgstall(Murr)|Kirchberg(Murr)|Erdmannhausen,8003853,Marbach (Neckar),Baden-Württemberg,Marbach am Neckar,71672,9.264611825,48.9437708,3,2609112327,,2609112328,,,,,,,,,,,6.0,3.0
-2519407903994888306-2609112312-11,7372,2609112344,2609112345,2,,S,S3,Stuttgart Hbf|Stuttgart-Bad Cannstatt|Stuttgart Nürnberger Str.|Stuttgart-Sommerrain|Fellbach|Waiblingen|Neustadt-Hohenacker|Schwaikheim|Winnenden|Nellmersbach,8003913,Maubach,Baden-Württemberg,Backnang,71522,9.419487062,48.92623463,4,2609112344,,2609112345,,,,,,,,,,,0.0,0.0
-4957905266396441447-2609112311-2,7375,2609112313,2609112314,1,,S,S3,Backnang,8003913,Maubach,Baden-Württemberg,Backnang,71522,9.419487062,48.92623463,4,2609112319,,2609112320,,,,,,,,,,,6.0,6.0
-7120372043677331542-2609112341-2,7377,2609112343,2609112344,1,,S,S3,Backnang,8003913,Maubach,Baden-Württemberg,Backnang,71522,9.419487062,48.92623463,4,2609112345,,2609112346,,,,,,,,,,,2.0,2.0
-547796110281084784-2609112242-11,7370,2609112314,2609112315,2,,S,S3,Stuttgart Hbf|Stuttgart-Bad Cannstatt|Stuttgart Nürnberger Str.|Stuttgart-Sommerrain|Fellbach|Waiblingen|Neustadt-Hohenacker|Schwaikheim|Winnenden|Nellmersbach,8003913,Maubach,Baden-Württemberg,Backnang,71522,9.419487062,48.92623463,4,2609112314,,2609112315,,,,,,,,,,,0.0,0.0
-2519407903994888306-2609112312-10,7372,2609112341,2609112342,2,,S,S3,Stuttgart Hbf|Stuttgart-Bad Cannstatt|Stuttgart Nürnberger Str.|Stuttgart-Sommerrain|Fellbach|Waiblingen|Neustadt-Hohenacker|Schwaikheim|Winnenden,8004233,Nellmersbach,Baden-Württemberg,Leutenbach,71397,9.415421538,48.90336425,5,2609112341,,2609112342,,,,,,,,,,,0.0,0.0
-4957905266396441447-2609112311-3,7375,2609112316,2609112316,1,,S,S3,Backnang|Maubach,8004233,Nellmersbach,Baden-Württemberg,Leutenbach,71397,9.415421538,48.90336425,5,2609112322,,2609112323,,,,,,,,,,,6.0,7.0
-7120372043677331542-2609112341-3,7377,2609112346,2609112346,1,,S,S3,Backnang|Maubach,8004233,Nellmersbach,Baden-Württemberg,Leutenbach,71397,9.415421538,48.90336425,5,2609112348,,2609112349,,,,,,,,,,,2.0,3.0
-547796110281084784-2609112242-10,7370,2609112311,2609112312,2,,S,S3,Stuttgart Hbf|Stuttgart-Bad Cannstatt|Stuttgart Nürnberger Str.|Stuttgart-Sommerrain|Fellbach|Waiblingen|Neustadt-Hohenacker|Schwaikheim|Winnenden,8004233,Nellmersbach,Baden-Württemberg,Leutenbach,71397,9.415421538,48.90336425,5,2609112311,,2609112312,,,,,,,,,,,0.0,0.0
-2519407903994888306-2609112312-7,7372,2609112333,2609112333,1,,S,S3,Stuttgart Hbf|Stuttgart-Bad Cannstatt|Stuttgart Nürnberger Str.|Stuttgart-Sommerrain|Fellbach|Waiblingen,8004333,Neustadt-Hohenacker,Baden-Württemberg,Waiblingen,71336,9.32455106,48.85921668,5,2609112333,,2609112334,,,,,,,,,,,0.0,1.0
-4957905266396441447-2609112311-6,7375,2609112325,2609112325,2,,S,S3,Backnang|Maubach|Nellmersbach|Winnenden|Schwaikheim,8004333,Neustadt-Hohenacker,Baden-Württemberg,Waiblingen,71336,9.32455106,48.85921668,5,2609112331,,2609112332,,,,,,,,,,,6.0,7.0
-7120372043677331542-2609112341-6,7377,2609112355,2609112355,2,,S,S3,Backnang|Maubach|Nellmersbach|Winnenden|Schwaikheim,8004333,Neustadt-Hohenacker,Baden-Württemberg,Waiblingen,71336,9.32455106,48.85921668,5,2609112356,,2609112356,,,,,,,,,,,1.0,1.0
-547796110281084784-2609112242-7,7370,2609112303,2609112303,1,,S,S3,Stuttgart Hbf|Stuttgart-Bad Cannstatt|Stuttgart Nürnberger Str.|Stuttgart-Sommerrain|Fellbach|Waiblingen,8004333,Neustadt-Hohenacker,Baden-Württemberg,Waiblingen,71336,9.32455106,48.85921668,5,2609112303,,2609112304,,,,,,,,,,,0.0,1.0
-8768743806902916019-2609112233-10,7673,2609112301,2609112301,2,,S,S6,Weil der Stadt|Malmsheim|Renningen|Rutesheim|Leonberg|Höfingen|Ditzingen|Weilimdorf|Korntal,8004338,Neuwirtshaus (Porscheplatz),Baden-Württemberg,Stuttgart,70435,9.151955614,48.83384734,4,2609112302,,2609112302,,,,,,,,,,,1.0,1.0
-4547114169407799378-2609112303-10,7675,2609112331,2609112331,2,,S,S6,Weil der Stadt|Malmsheim|Renningen|Rutesheim|Leonberg|Höfingen|Ditzingen|Weilimdorf|Korntal,8004338,Neuwirtshaus (Porscheplatz),Baden-Württemberg,Stuttgart,70435,9.151955614,48.83384734,4,2609112331,,2609112332,,,,,,,,,,,0.0,1.0
-3328654811997120273-2609112317-5,7672,2609112328,2609112329,1,,S,S6,Stuttgart Hbf|Stuttgart Nordbahnhof|Stuttgart-Feuerbach|Stuttgart-Zuffenhausen,8004338,Neuwirtshaus (Porscheplatz),Baden-Württemberg,Stuttgart,70435,9.151955614,48.83384734,4,2609112328,,2609112329,,,,,,,,,,,0.0,0.0
7251830197396160216-2609112347-5,7674,2609112358,2609112359,1,,S,S6,Stuttgart Hbf|Stuttgart Nordbahnhof|Stuttgart-Feuerbach|Stuttgart-Zuffenhausen,8004338,Neuwirtshaus (Porscheplatz),Baden-Württemberg,Stuttgart,70435,9.151955614,48.83384734,4,2609120001,,2609120001,,,,,,,,,,,3.0,2.0
-5662900889334396771-2609112316-2,7776,2609112319,2609112319,2,,S,S1,Herrenberg,8004490,Nufringen,Baden-Württemberg,Nufringen,71154,8.889817485,48.62010967,5,2609112319,,2609112320,,,,,,,,,,,0.0,1.0
4991213592121918551-2609112346-2,7778,2609112349,2609112349,2,,S,S1,Herrenberg,8004490,Nufringen,Baden-Württemberg,Nufringen,71154,8.889817485,48.62010967,5,2609112349,,2609112350,,,,,,,,,,,0.0,1.0
2382757692606580950-2609112246-8,7771,2609112311,2609112311,1,,S,S1,Stuttgart-Vaihingen|Stuttgart-Rohr|Goldberg(Württ)|Böblingen|Hulb|Ehningen(b Böblingen)|Gärtringen,8004490,Nufringen,Baden-Württemberg,Nufringen,71154,8.889817485,48.62010967,5,2609112311,,2609112311,,,,,,,,,,,0.0,0.0
2629905197525077527-2609112316-8,7773,2609112341,2609112341,1,,S,S1,Stuttgart-Vaihingen|Stuttgart-Rohr|Goldberg(Württ)|Böblingen|Hulb|Ehningen(b Böblingen)|Gärtringen,8004490,Nufringen,Baden-Württemberg,Nufringen,71154,8.889817485,48.62010967,5,2609112341,,2609112341,,,,,,,,,,,0.0,0.0
-2935564319618747934-2609112305-3,7973,2609112314,2609112314,1,,S,S2,Stuttgart-Vaihingen|Stuttgart-Rohr,8004496,Oberaichen,Baden-Württemberg,Leinfelden-Echterdingen,70771,9.12743664,48.70512422,5,2609112314,,2609112315,,h,2,Bauarbeiten,,,,,,,0.0,1.0
2043069556628672575-2609112335-3,7975,2609112344,2609112344,1,,S,S2,Stuttgart-Vaihingen|Stuttgart-Rohr,8004496,Oberaichen,Baden-Württemberg,Leinfelden-Echterdingen,70771,9.12743664,48.70512422,5,2609112344,,2609112345,,h,2,Bauarbeiten,,,,,,,0.0,1.0
1870656160504428642-2609112333-5,7974,2609112345,2609112345,2,,S,S2,Filderstadt|Stuttgart Flughafen/Messe|Echterdingen|Leinfelden,8004496,Oberaichen,Baden-Württemberg,Leinfelden-Echterdingen,70771,9.12743664,48.70512422,5,2609112346,,2609112347,,h,2,Bauarbeiten,,,,,,,1.0,2.0
-4449289664459012618-2609112303-5,7972,2609112315,2609112315,2,,S,S2,Filderstadt|Stuttgart Flughafen/Messe|Echterdingen|Leinfelden,8004496,Oberaichen,Baden-Württemberg,Leinfelden-Echterdingen,70771,9.12743664,48.70512422,5,2609112315,,2609112316,,h,2,Bauarbeiten,,,,,,,0.0,1.0
-5197983836264116534-2609112255-8,7172,2609112315,2609112315,4,,S,S1,Stuttgart Hbf|Stuttgart-Bad Cannstatt|Stuttgart Neckarpark|Stuttgart-Untertürkheim|Stuttgart-Obertürkheim|Esslingen-Mettingen|Esslingen(Neckar),8004528,Oberesslingen,Baden-Württemberg,Esslingen am Neckar,73730,9.327277435,48.72983585,3,2609112315,,2609112316,,,,,,,,,,,0.0,1.0
-5753279830124609145-2609112250-8,7175,2609112314,2609112315,3,,S,S1,Kirchheim(Teck)|Kirchheim(Teck)-Ötlingen|Wendlingen(Neckar)|Wernau(Neckar)|Plochingen|Altbach|Esslingen-Zell,8004528,Oberesslingen,Baden-Württemberg,Esslingen am Neckar,73730,9.327277435,48.72983585,3,2609112314,,2609112315,,,,,,,,,,,0.0,0.0
4705599029793291676-2609112320-8,7177,2609112344,2609112345,3,,S,S1,Kirchheim(Teck)|Kirchheim(Teck)-Ötlingen|Wendlingen(Neckar)|Wernau(Neckar)|Plochingen|Altbach|Esslingen-Zell,8004528,Oberesslingen,Baden-Württemberg,Esslingen am Neckar,73730,9.327277435,48.72983585,3,2609112344,,2609112345,,,,,,,,,,,0.0,0.0
-6275608324438357522-2609112325-8,7174,2609112345,2609112345,4,,S,S1,Stuttgart Hbf|Stuttgart-Bad Cannstatt|Stuttgart Neckarpark|Stuttgart-Untertürkheim|Stuttgart-Obertürkheim|Esslingen-Mettingen|Esslingen(Neckar),8004528,Oberesslingen,Baden-Württemberg,Esslingen am Neckar,73730,9.327277435,48.72983585,3,2609112345,,2609112345,,,,,,,,,,,0.0,0.0
262818894561514456-2609112242-4,19181,2609112300,2609112300,4,,ARV,MEX16,Stuttgart Hbf|Stuttgart-Bad Cannstatt|Esslingen(Neckar),8000302,Plochingen,Baden-Württemberg,Plochingen,73207,9.411294578,48.71293906,2,2609112300,,2609112300,,,,,,,,,,,0.0,0.0
-7007709070303320005-2609112303-4,19183,2609112326,2609112330,6,,ARV,MEX16,Stuttgart Hbf|Stuttgart-Bad Cannstatt|Esslingen(Neckar),8000302,Plochingen,Baden-Württemberg,Plochingen,73207,9.411294578,48.71293906,2,2609112326,4,2609112332,4,,,,,,,,,,0.0,2.0
-2471775487806926024-2609112104-11,4234,2609112302,2609112303,1,,RE,RE5,Friedrichshafen Stadt|Meckenbeuren|Ravensburg|Aulendorf|Bad Schussenried|Biberach(Riß)|Laupheim West|Ulm Hbf|Geislingen(Steige)|Göppingen,8000302,Plochingen,Baden-Württemberg,Plochingen,73207,9.411294578,48.71293906,2,2609112302,,2609112303,,h,2,Störung,,,,,,,0.0,0.0
-5197983836264116534-2609112255-11,7172,2609112323,2609112326,9,,S,S1,Stuttgart Hbf|Stuttgart-Bad Cannstatt|Stuttgart Neckarpark|Stuttgart-Untertürkheim|Stuttgart-Obertürkheim|Esslingen-Mettingen|Esslingen(Neckar)|Oberesslingen|Esslingen-Zell|Altbach,8000302,Plochingen,Baden-Württemberg,Plochingen,73207,9.411294578,48.71293906,2,2609112323,,2609112326,,,,,,,,,,,0.0,0.0
-5753279830124609145-2609112250-5,7175,2609112305,2609112307,9,,S,S1,Kirchheim(Teck)|Kirchheim(Teck)-Ötlingen|Wendlingen(Neckar)|Wernau(Neckar),8000302,Plochingen,Baden-Württemberg,Plochingen,73207,9.411294578,48.71293906,2,2609112306,,2609112307,,,,,,,,,,,1.0,0.0
-6232403407797161851-2609112236-19,19184,2609112357,2609112358,3,,ARV,MEX16,Ulm Hbf|Beimerstetten|Westerstetten|Lonsee|Urspring|Amstetten(Württ)|Geislingen(Steige)|Geislingen(Steige)West|Kuchen|Gingen(Fils)|Süßen|Salach|Eislingen(Fils)|Göppingen|Faurndau|Uhingen|Ebersbach(Fils)|Reichenbach(Fils),8000302,Plochingen,Baden-Württemberg,Plochingen,73207,9.411294578,48.71293906,2,2609112357,,2609112358,,,,,,,,,,,0.0,0.0
147017097219018543-2609112248-13,19182,2609112328,2609112334,1,,ARV,MEX16,Geislingen(Steige)|Geislingen(Steige)West|Kuchen|Gingen(Fils)|Süßen|Salach|Eislingen(Fils)|Göppingen|Faurndau|Uhingen|Ebersbach(Fils)|Reichenbach(Fils),8000302,Plochingen,Baden-Württemberg,Plochingen,73207,9.411294578,48.71293906,2,2609112328,,2609112335,,,,,,,,,,,0.0,1.0
-5840372336411977769-2609112307-4,19339,2609112352,2609112355,9,,RE,MEX18,Bietigheim-Bissingen|Ludwigsburg|Esslingen(Neckar),8000302,Plochingen,Baden-Württemberg,Plochingen,73207,9.411294578,48.71293906,2,2609112358,7,2609112359,7,h,1,Störung,,,,,,,6.0,4.0
503863255708873152-2609112305-8,19364,2609112347,2609112349,7,,RE,MEX12,Tübingen Hbf|Reutlingen Hbf|Metzingen(Württ)|Bempflingen|Nürtingen|Oberboihingen|Wendlingen(Neckar),8000302,Plochingen,Baden-Württemberg,Plochingen,73207,9.411294578,48.71293906,2,2609112347,,2609112349,,h,1,Störung,,,,,,,0.0,0.0
4705599029793291676-2609112320-5,7177,2609112335,2609112337,9,,S,S1,Kirchheim(Teck)|Kirchheim(Teck)-Ötlingen|Wendlingen(Neckar)|Wernau(Neckar),8000302,Plochingen,Baden-Württemberg,Plochingen,73207,9.411294578,48.71293906,2,2609112336,,2609112337,,,,,,,,,,,1.0,0.0
9117966488978894920-2609112233-8,19250,2609112313,2609112314,6,,RE,MEX18,Tübingen Hbf|Reutlingen Hbf|Metzingen(Württ)|Bempflingen|Nürtingen|Oberboihingen|Wendlingen(Neckar),8000302,Plochingen,Baden-Württemberg,Plochingen,73207,9.411294578,48.71293906,2,2609112314,,2609112315,,h,1,Störung,,,,,,,1.0,1.0
-6275608324438357522-2609112325-11,7174,2609112353,2609112355,9,,S,S1,Stuttgart Hbf|Stuttgart-Bad Cannstatt|Stuttgart Neckarpark|Stuttgart-Untertürkheim|Stuttgart-Obertürkheim|Esslingen-Mettingen|Esslingen(Neckar)|Oberesslingen|Esslingen-Zell|Altbach,8000302,Plochingen,Baden-Württemberg,Plochingen,73207,9.411294578,48.71293906,2,2609112353,10,2609120001,,,,,,,,,,,0.0,6.0
-3568010245526377395-2609112339-3,4239,2609112355,2609112356,4,,RE,RE5,Stuttgart Hbf|Esslingen(Neckar),8000302,Plochingen,Baden-Württemberg,Plochingen,73207,9.411294578,48.71293906,2,2609112355,,2609112356,,h,2,Information,,,,,,,0.0,0.0
-4464931541841790379-2609112253-3,19367,2609112311,2609112312,9,,RE,MEX12,Stuttgart Hbf|Esslingen(Neckar),8000302,Plochingen,Baden-Württemberg,Plochingen,73207,9.411294578,48.71293906,2,2609112316,,2609112317,,h,1,Störung,,,,,,,5.0,5.0
-6526775162747392382-2609112333-3,7677,2609112337,2609112341,2,,S,S6,Weil der Stadt|Malmsheim,8000313,Renningen,Baden-Württemberg,Renningen,71272,8.932650148,48.77515509,3,2609112338,,2609112341,,,,,,,,,,,1.0,0.0
3150370635624129361-2609112304-7,7073,2609112320,,2,,S,,Böblingen|Sindelfingen|Maichingen|Maichingen Nord|Magstadt|Renningen Süd,8000313,Renningen,Baden-Württemberg,Renningen,71272,8.932650148,48.77515509,3,2609112323,,,,,,,,,,,,,3.0,0.0
-4547114169407799378-2609112303-3,7675,2609112307,2609112311,2,,S,S6,Weil der Stadt|Malmsheim,8000313,Renningen,Baden-Württemberg,Renningen,71272,8.932650148,48.77515509,3,2609112311,,2609112311,,,,,,,,,,,4.0,0.0
3929535977463866299-2609112334-7,7075,2609112350,,2,,S,,Böblingen|Sindelfingen|Maichingen|Maichingen Nord|Magstadt|Renningen Süd,8000313,Renningen,Baden-Württemberg,Renningen,71272,8.932650148,48.77515509,3,2609112351,,,,,,,,,,,,,1.0,0.0
-3328654811997120273-2609112317-12,7672,2609112349,2609112352,3,,S,S6,Stuttgart Hbf|Stuttgart Nordbahnhof|Stuttgart-Feuerbach|Stuttgart-Zuffenhausen|Neuwirtshaus(Porscheplatz)|Korntal|Weilimdorf|Ditzingen|Höfingen|Leonberg|Rutesheim,8000313,Renningen,Baden-Württemberg,Renningen,71272,8.932650148,48.77515509,3,2609112351,,2609112352,,,,,,,,,,,2.0,0.0
7722730552485304498-2609112309-1,7074,,2609112309,,,S,S60,,8000313,Renningen,Baden-Württemberg,Renningen,71272,8.932650148,48.77515509,3,,,2609112311,,,,,,,,,,,0.0,2.0
5891323909249949515-2609112247-12,7670,2609112319,2609112322,3,,S,S6,Stuttgart Hbf|Stuttgart Nordbahnhof|Stuttgart-Feuerbach|Stuttgart-Zuffenhausen|Neuwirtshaus(Porscheplatz)|Korntal|Weilimdorf|Ditzingen|Höfingen|Leonberg|Rutesheim,8000313,Renningen,Baden-Württemberg,Renningen,71272,8.932650148,48.77515509,3,2609112324,,2609112325,,,,,,,,,,,5.0,3.0
-434956897040815447-2609112326-6,26191,2609112348,,4,,SWE,,Calw|Calw-Heumaden|Althengstett|Ostelsheim|Weil der Stadt,8000313,Renningen,Baden-Württemberg,Renningen,71272,8.932650148,48.77515509,3,2609112349,,,,,,,,,,,,,1.0,0.0
-4080091169318114370-2609112358-1,26190,,2609112358,,,SWE,RB76,,8000313,Renningen,Baden-Württemberg,Renningen,71272,8.932650148,48.77515509,3,,,2609112358,,,,,,,,,,,0.0,0.0
1851201085371332579-2609112339-1,7076,,2609112339,,,S,S60,,8000313,Renningen,Baden-Württemberg,Renningen,71272,8.932650148,48.77515509,3,,,2609112340,,,,,,,,,,,0.0,1.0
-6526775162747392382-2609112333-4,7677,2609112343,2609112344,1,,S,S6,Weil der Stadt|Malmsheim|Renningen,8005236,Rutesheim,Baden-Württemberg,Leonberg,71229,8.960325242,48.79031093,5,2609112343,,2609112344,,,,,,,,,,,0.0,0.0
-4547114169407799378-2609112303-4,7675,2609112313,2609112314,1,,S,S6,Weil der Stadt|Malmsheim|Renningen,8005236,Rutesheim,Baden-Württemberg,Leonberg,71229,8.960325242,48.79031093,5,2609112313,,2609112314,,,,,,,,,,,0.0,0.0
-3328654811997120273-2609112317-11,7672,2609112346,2609112346,2,,S,S6,Stuttgart Hbf|Stuttgart Nordbahnhof|Stuttgart-Feuerbach|Stuttgart-Zuffenhausen|Neuwirtshaus(Porscheplatz)|Korntal|Weilimdorf|Ditzingen|Höfingen|Leonberg,8005236,Rutesheim,Baden-Württemberg,Leonberg,71229,8.960325242,48.79031093,5,2609112346,,2609112347,,,,,,,,,,,0.0,1.0
5891323909249949515-2609112247-11,7670,2609112316,2609112316,2,,S,S6,Stuttgart Hbf|Stuttgart Nordbahnhof|Stuttgart-Feuerbach|Stuttgart-Zuffenhausen|Neuwirtshaus(Porscheplatz)|Korntal|Weilimdorf|Ditzingen|Höfingen|Leonberg,8005236,Rutesheim,Baden-Württemberg,Leonberg,71229,8.960325242,48.79031093,5,2609112321,,2609112322,,,,,,,,,,,5.0,6.0
-578287023725178066-2609112320-4,19489,2609112343,2609112344,2,,ARV,MEX13,Stuttgart Hbf|Stuttgart-Bad Cannstatt|Waiblingen,8005424,Schorndorf,Baden-Württemberg,Schorndorf,73614,9.525686251,48.80693898,3,2609112347,3,2609112348,3,h,2,Information,,,,,,,4.0,4.0
-2031093813883410202-2609112256-6,19490,2609112313,2609112314,3,,ARV,MEX13,Schwäbisch Gmünd|Lorch(Württ)|Waldhausen(b Schorndorf)|Plüderhausen|Urbach(b Schorndorf),8005424,Schorndorf,Baden-Württemberg,Schorndorf,73614,9.525686251,48.80693898,3,2609112318,,2609112319,,h,2,Information,,,,,,,5.0,5.0
-2519407903994888306-2609112312-8,7372,2609112336,2609112336,2,,S,S3,Stuttgart Hbf|Stuttgart-Bad Cannstatt|Stuttgart Nürnberger Str.|Stuttgart-Sommerrain|Fellbach|Waiblingen|Neustadt-Hohenacker,8005454,Schwaikheim,Baden-Württemberg,Schwaikheim,71409,9.354747358,48.86832665,4,2609112336,,2609112337,,,,,,,,,,,0.0,1.0
-4957905266396441447-2609112311-5,7375,2609112322,2609112323,1,,S,S3,Backnang|Maubach|Nellmersbach|Winnenden,8005454,Schwaikheim,Baden-Württemberg,Schwaikheim,71409,9.354747358,48.86832665,4,2609112328,,2609112330,,,,,,,,,,,6.0,7.0
-7120372043677331542-2609112341-5,7377,2609112352,2609112353,1,,S,S3,Backnang|Maubach|Nellmersbach|Winnenden,8005454,Schwaikheim,Baden-Württemberg,Schwaikheim,71409,9.354747358,48.86832665,4,2609112353,,2609112354,,,,,,,,,,,1.0,1.0
-547796110281084784-2609112242-8,7370,2609112306,2609112306,2,,S,S3,Stuttgart Hbf|Stuttgart-Bad Cannstatt|Stuttgart Nürnberger Str.|Stuttgart-Sommerrain|Fellbach|Waiblingen|Neustadt-Hohenacker,8005454,Schwaikheim,Baden-Württemberg,Schwaikheim,71409,9.354747358,48.86832665,4,2609112306,,2609112306,,,,,,,,,,,0.0,0.0
3150370635624129361-2609112304-2,7073,2609112306,2609112307,1,,S,S60,Böblingen,8005574,Sindelfingen,Baden-Württemberg,Sindelfingen,71063,8.999262079,48.70387346,6,2609112307,,2609112308,,,,,,,,,,,1.0,1.0
3929535977463866299-2609112334-2,7075,2609112336,2609112337,1,,S,S60,Böblingen,8005574,Sindelfingen,Baden-Württemberg,Sindelfingen,71063,8.999262079,48.70387346,6,2609112337,,2609112337,,,,,,,,,,,1.0,0.0
7722730552485304498-2609112309-6,7074,2609112322,2609112323,1,,S,S60,Renningen|Renningen Süd|Magstadt|Maichingen Nord|Maichingen,8005574,Sindelfingen,Baden-Württemberg,Sindelfingen,71063,8.999262079,48.70387346,6,2609112324,,2609112324,,,,,,,,,,,2.0,1.0
1851201085371332579-2609112339-6,7076,2609112352,2609112353,1,,S,S60,Renningen|Renningen Süd|Magstadt|Maichingen Nord|Maichingen,8005574,Sindelfingen,Baden-Württemberg,Sindelfingen,71063,8.999262079,48.70387346,6,2609112354,,2609112354,,,,,,,,,,,2.0,1.0
-3312202806244123420-2609112205-11,19360,2609112312,,8,,RE,,Tübingen Hbf|Reutlingen Hbf|Metzingen(Württ)|Bempflingen|Nürtingen|Oberboihingen|Wendlingen(Neckar)|Plochingen|Esslingen(Neckar)|Stuttgart-Bad Cannstatt,8000096,Stuttgart Hbf,Baden-Württemberg,Stuttgart,70173,9.183172973,48.78473069,1,2609112312,,,,h,1,Störung,,,,,,,0.0,0.0
4958222009241316072-2609112141-3,2062,2609112354,,12,,IC,,Nürnberg Hbf|Ansbach,8000096,Stuttgart Hbf,Baden-Württemberg,Stuttgart,70173,9.183172973,48.78473069,1,2609120000,,,,,,,,,,,,,6.0,0.0
-8768743806902916019-2609112233-14,7673,2609112315,,2,,S,,Weil der Stadt|Malmsheim|Renningen|Rutesheim|Leonberg|Höfingen|Ditzingen|Weilimdorf|Korntal|Neuwirtshaus(Porscheplatz)|Stuttgart-Zuffenhausen|Stuttgart-Feuerbach|Stuttgart Nordbahnhof,8000096,Stuttgart Hbf,Baden-Württemberg,Stuttgart,70173,9.183172973,48.78473069,1,2609112315,,,,,,,,,,,,,0.0,0.0
786034673520317015-2609112214-14,19577,2609112330,,8,,RE,,Pforzheim Hbf|Eutingen(Baden)|Niefern|Enzberg|Mühlacker|Mühlacker Rößlesweg|Illingen(Württ)|Vaihingen(Enz)|Sersheim|Sachsenheim|Ellental|Bietigheim-Bissingen|Ludwigsburg,8000096,Stuttgart Hbf,Baden-Württemberg,Stuttgart,70173,9.183172973,48.78473069,1,2609112331,,,,h,2,Störung,,,,,,,1.0,0.0
5844079694201012734-2609112307-1,7470,,2609112307,,,S,S4,,8000096,Stuttgart Hbf,Baden-Württemberg,Stuttgart,70173,9.183172973,48.78473069,1,,,2609112307,,,,,,,,,,,0.0,0.0
-4547114169407799378-2609112303-14,7675,2609112345,,1,,S,,Weil der Stadt|Malmsheim|Renningen|Rutesheim|Leonberg|Höfingen|Ditzingen|Weilimdorf|Korntal|Neuwirtshaus(Porscheplatz)|Stuttgart-Zuffenhausen|Stuttgart-Feuerbach|Stuttgart Nordbahnhof,8000096,Stuttgart Hbf,Baden-Württemberg,Stuttgart,70173,9.183172973,48.78473069,1,2609112345,,,,,,,,,,,,,0.0,0.0
-4174076890774696999-2609112255-6,7273,2609112310,,3,,S,,Waiblingen|Fellbach|Stuttgart-Sommerrain|Stuttgart Nürnberger Str.|Stuttgart-Bad Cannstatt,8000096,Stuttgart Hbf,Baden-Württemberg,Stuttgart,70173,9.183172973,48.78473069,1,2609112310,,,,h,2,Bauarbeiten,,,,,,,0.0,0.0
-2957667686167959496-2609111717-11,695,2609112311,,5,,ICE,,Berlin Gesundbrunnen|Berlin Hbf|Berlin Südkreuz|Lutherstadt Wittenberg Hbf|Leipzig Hbf|Erfurt Hbf|Eisenach Hbf|Fulda|Frankfurt(Main)Hbf|Mannheim Hbf,8000096,Stuttgart Hbf,Baden-Württemberg,Stuttgart,70173,9.183172973,48.78473069,1,2609112348,,,,h,2,Information,,,Berlin Gesundbrunnen|Berlin Hbf|Berlin Südkreuz|Lutherstadt Wittenberg Hbf|Leipzig Hbf|Erfurt Hbf|Eisenach Hbf|Fulda|Frankfurt(Main)Hbf|Mannheim Hbf,,,,37.0,0.0
-2279373399383894760-2609112241-12,7373,2609112317,,4,,S,,Backnang|Maubach|Nellmersbach|Winnenden|Schwaikheim|Neustadt-Hohenacker|Waiblingen|Fellbach|Stuttgart-Sommerrain|Stuttgart Nürnberger Str.|Stuttgart-Bad Cannstatt,8000096,Stuttgart Hbf,Baden-Württemberg,Stuttgart,70173,9.183172973,48.78473069,1,2609112317,,,,,,,,,,,,,0.0,0.0
-3024751796155966495-2609112327-1,88651,,2609112327,,,ARV,RE90,,8000096,Stuttgart Hbf,Baden-Württemberg,Stuttgart,70173,9.183172973,48.78473069,1,,,2609112328,14,,,,,,,,,,0.0,1.0
-7007709070303320005-2609112303-1,19183,,2609112303,,,ARV,MEX16,,8000096,Stuttgart Hbf,Baden-Württemberg,Stuttgart,70173,9.183172973,48.78473069,1,,,2609112304,,,,,,,,,,,0.0,1.0
8748450814953985117-2609112137-10,19087,2609112352,,15,,ARV,,Würzburg Hbf|Lauda|Osterburken|Möckmühl|Bad Friedrichshall Hbf|Neckarsulm|Heilbronn Hbf|Bietigheim-Bissingen|Ludwigsburg,8000096,Stuttgart Hbf,Baden-Württemberg,Stuttgart,70173,9.183172973,48.78473069,1,2609112352,,,,,,,,,,,,,0.0,0.0
-2519407903994888306-2609112312-1,7372,,2609112312,,,S,S3,,8000096,Stuttgart Hbf,Baden-Württemberg,Stuttgart,70173,9.183172973,48.78473069,1,,,2609112312,,,,,,,,,,,0.0,0.0
-107661571024484081-2609111539-11,1245,2609112347,,6,,FLX,,Hamburg Hbf|Berlin-Spandau|Berlin Hbf|Berlin Südkreuz|Halle(Saale)Hbf|Erfurt Hbf|Fulda|Frankfurt(Main)Süd|Mannheim Hbf|Heidelberg Hbf,8000096,Stuttgart Hbf,Baden-Württemberg,Stuttgart,70173,9.183172973,48.78473069,1,2609120213,,,,,,,,,Hamburg Hbf|Berlin-Spandau|Berlin Hbf|Berlin Südkreuz|Halle(Saale)Hbf|Erfurt Hbf|Fulda|Frankfurt(Main)Süd|Mannheim Hbf|Heidelberg Hbf,,,,146.0,0.0
-2471775487806926024-2609112104-13,4234,2609112320,,11,,RE,,Friedrichshafen Stadt|Meckenbeuren|Ravensburg|Aulendorf|Bad Schussenried|Biberach(Riß)|Laupheim West|Ulm Hbf|Geislingen(Steige)|Göppingen|Plochingen|Esslingen(Neckar),8000096,Stuttgart Hbf,Baden-Württemberg,Stuttgart,70173,9.183172973,48.78473069,1,2609112320,,,,h,2,Störung,,,,,,,0.0,0.0
-541451069032077300-2609112326-1,17685,,2609112326,,,RE,RE14a,,8000096,Stuttgart Hbf,Baden-Württemberg,Stuttgart,70173,9.183172973,48.78473069,1,,,2609112326,,,,,,,,,,,0.0,0.0
-6065798673451795825-2609112350-1,7274,,2609112350,,,S,S2,,8000096,Stuttgart Hbf,Baden-Württemberg,Stuttgart,70173,9.183172973,48.78473069,1,,,2609112351,,h,2,Bauarbeiten,,,,,,,0.0,1.0
-793656453369562013-2609112146-22,19180,2609112316,,12,,ARV,,Ulm Hbf|Beimerstetten|Westerstetten|Lonsee|Urspring|Amstetten(Württ)|Geislingen(Steige)|Geislingen(Steige)West|Kuchen|Gingen(Fils)|Süßen|Salach|Eislingen(Fils)|Göppingen|Faurndau|Uhingen|Ebersbach(Fils)|Reichenbach(Fils)|Plochingen|Esslingen(Neckar)|Stuttgart-Bad Cannstatt,8000096,Stuttgart Hbf,Baden-Württemberg,Stuttgart,70173,9.183172973,48.78473069,1,2609112316,,,,,,,,,,,,,0.0,0.0
4235977593412169897-2609112342-1,7374,,2609112342,,,S,S3,,8000096,Stuttgart Hbf,Baden-Württemberg,Stuttgart,70173,9.183172973,48.78473069,1,,,2609112342,,,,,,,,,,,0.0,0.0
3008894599226717977-2609112337-1,7472,,2609112337,,,S,S4,,8000096,Stuttgart Hbf,Baden-Württemberg,Stuttgart,70173,9.183172973,48.78473069,1,,,2609112338,,,,,,,,,,,0.0,1.0
-4957905266396441447-2609112311-12,7375,2609112347,,4,,S,,Backnang|Maubach|Nellmersbach|Winnenden|Schwaikheim|Neustadt-Hohenacker|Waiblingen|Fellbach|Stuttgart-Sommerrain|Stuttgart Nürnberger Str.|Stuttgart-Bad Cannstatt,8000096,Stuttgart Hbf,Baden-Württemberg,Stuttgart,70173,9.183172973,48.78473069,1,2609112351,,,,,,,,,,,,,4.0,0.0
-578287023725178066-2609112320-1,19489,,2609112320,,,ARV,MEX13,,8000096,Stuttgart Hbf,Baden-Württemberg,Stuttgart,70173,9.183172973,48.78473069,1,,,2609112320,13,h,2,Information,,,,,,,0.0,0.0
-3328654811997120273-2609112317-1,7672,,2609112317,,,S,S6,,8000096,Stuttgart Hbf,Baden-Württemberg,Stuttgart,70173,9.183172973,48.78473069,1,,,2609112318,,,,,,,,,,,0.0,1.0
7251830197396160216-2609112347-1,7674,,2609112347,,,S,S6,,8000096,Stuttgart Hbf,Baden-Württemberg,Stuttgart,70173,9.183172973,48.78473069,1,,,2609112347,,,,,,,,,,,0.0,0.0
-1565239122700519355-2609112232-11,17568,2609112334,,13,,RB,,Gaildorf West|Fichtenberg|Fornsbach|Murrhardt|Sulzbach(Murr)|Oppenweiler(Württ)|Backnang|Winnenden|Waiblingen|Stuttgart-Bad Cannstatt,8000096,Stuttgart Hbf,Baden-Württemberg,Stuttgart,70173,9.183172973,48.78473069,1,2609112350,8,,,,,,,,,,,,16.0,0.0
8967288062391548367-2609112311-1,19397,,2609112311,,,RE,RE6,,8000096,Stuttgart Hbf,Baden-Württemberg,Stuttgart,70173,9.183172973,48.78473069,1,,,,,h,1,Störung,,,,,,c,0.0,0.0
-6617041224126724026-2609112320-1,7272,,2609112320,,,S,S2,,8000096,Stuttgart Hbf,Baden-Württemberg,Stuttgart,70173,9.183172973,48.78473069,1,,,2609112320,,h,2,Bauarbeiten,,,,,,,0.0,0.0
5733563224153092938-2609112303-14,7475,2609112355,,2,,S,,Backnang|Burgstall(Murr)|Kirchberg(Murr)|Erdmannhausen|Marbach(Neckar)|Benningen(Neckar)|Freiberg(Neckar)|Favoritepark|Ludwigsburg|Kornwestheim Pbf|Stuttgart-Zuffenhausen|Stuttgart-Feuerbach|Stuttgart Nordbahnhof,8000096,Stuttgart Hbf,Baden-Württemberg,Stuttgart,70173,9.183172973,48.78473069,1,2609112356,,,,,,,,,,,,,1.0,0.0
-5753279830124609145-2609112250-15,7175,2609112335,,4,,S,,Kirchheim(Teck)|Kirchheim(Teck)-Ötlingen|Wendlingen(Neckar)|Wernau(Neckar)|Plochingen|Altbach|Esslingen-Zell|Oberesslingen|Esslingen(Neckar)|Esslingen-Mettingen|Stuttgart-Obertürkheim|Stuttgart-Untertürkheim|Stuttgart Neckarpark|Stuttgart-Bad Cannstatt,8000096,Stuttgart Hbf,Baden-Württemberg,Stuttgart,70173,9.183172973,48.78473069,1,2609112335,,,,,,,,,,,,,0.0,0.0
-2031093813883410202-2609112256-9,19490,2609112339,,14,,ARV,,Schwäbisch Gmünd|Lorch(Württ)|Waldhausen(b Schorndorf)|Plüderhausen|Urbach(b Schorndorf)|Schorndorf|Waiblingen|Stuttgart-Bad Cannstatt,8000096,Stuttgart Hbf,Baden-Württemberg,Stuttgart,70173,9.183172973,48.78473069,1,2609112345,,,,h,2,Information,,,,,,,6.0,0.0
2526364121907765436-2609112237-9,7573,2609112305,,1,,S,,Bietigheim-Bissingen|Tamm(Württ)|Asperg|Ludwigsburg|Kornwestheim Pbf|Stuttgart-Zuffenhausen|Stuttgart-Feuerbach|Stuttgart Nordbahnhof,8000096,Stuttgart Hbf,Baden-Württemberg,Stuttgart,70173,9.183172973,48.78473069,1,2609112305,,,,,,,,,,,,,0.0,0.0
147017097219018543-2609112248-16,19182,2609112350,,13,,ARV,,Geislingen(Steige)|Geislingen(Steige)West|Kuchen|Gingen(Fils)|Süßen|Salach|Eislingen(Fils)|Göppingen|Faurndau|Uhingen|Ebersbach(Fils)|Reichenbach(Fils)|Plochingen|Esslingen(Neckar)|Stuttgart-Bad Cannstatt,8000096,Stuttgart Hbf,Baden-Württemberg,Stuttgart,70173,9.183172973,48.78473069,1,2609112355,,,,,,,,,,,,,5.0,0.0
-7733693542395404737-2609112217-10,17676,2609112343,,5,,RB,,Rottweil|Horb|Eutingen im Gäu|Ergenzingen|Bondorf(b Herrenberg)|Gäufelden|Herrenberg|Böblingen|Stuttgart-Vaihingen,8000096,Stuttgart Hbf,Baden-Württemberg,Stuttgart,70173,9.183172973,48.78473069,1,2609120012,,,,,,,,,,,c,,29.0,0.0
2106169304135961277-2609112307-9,7575,2609112335,,2,,S,,Bietigheim-Bissingen|Tamm(Württ)|Asperg|Ludwigsburg|Kornwestheim Pbf|Stuttgart-Zuffenhausen|Stuttgart-Feuerbach|Stuttgart Nordbahnhof,8000096,Stuttgart Hbf,Baden-Württemberg,Stuttgart,70173,9.183172973,48.78473069,1,2609112335,,,,,,,,,,,,,0.0,0.0
1545875388134255836-2609112255-10,7473,2609112325,,1,,S,,Marbach(Neckar)|Benningen(Neckar)|Freiberg(Neckar)|Favoritepark|Ludwigsburg|Kornwestheim Pbf|Stuttgart-Zuffenhausen|Stuttgart-Feuerbach|Stuttgart Nordbahnhof,8000096,Stuttgart Hbf,Baden-Württemberg,Stuttgart,70173,9.183172973,48.78473069,1,2609112325,,,,,,,,,,,,,0.0,0.0
-1702444323451852327-2609112313-1,19686,,2609112313,,,ARV,RE1,,8000096,Stuttgart Hbf,Baden-Württemberg,Stuttgart,70173,9.183172973,48.78473069,1,,,2609112315,,,,,,,,,,,0.0,2.0
-7768158406423502627-2609112036-20,89688,2609112303,,9,,ARV,,Nürnberg Hbf|Roßtal|Heilsbronn|Wicklesgreuth|Ansbach|Leutershausen-Wiedersbach|Dombühl|Schnelldorf|Crailsheim|Eckartshausen-Ilshofen|Schwäbisch Hall-Hessental|Gaildorf West|Murrhardt|Sulzbach(Murr)|Oppenweiler(Württ)|Backnang|Winnenden|Waiblingen|Stuttgart-Bad Cannstatt,8000096,Stuttgart Hbf,Baden-Württemberg,Stuttgart,70173,9.183172973,48.78473069,1,2609112341,11,,,h,2,Information,,,Nürnberg Hbf|Roßtal|Heilsbronn|Wicklesgreuth|Ansbach|Leutershausen-Wiedersbach|Dombühl|Schnelldorf|Crailsheim|Eckartshausen-Ilshofen|Schwäbisch Hall-Hessental|Gaildorf West|Murrhardt|Sulzbach(Murr)|Oppenweiler(Württ)|Backnang|Winnenden|Waiblingen|Stuttgart-Bad Cannstatt,,,,38.0,0.0
-674299633319716956-2609112327-1,7574,,2609112327,,,S,S5,,8000096,Stuttgart Hbf,Baden-Württemberg,Stuttgart,70173,9.183172973,48.78473069,1,,,2609112328,,,,,,,,,,,0.0,1.0
6181068125164198804-2609112355-1,7176,,2609112355,,,S,S1,,8000096,Stuttgart Hbf,Baden-Württemberg,Stuttgart,70173,9.183172973,48.78473069,1,,,2609112356,,,,,,,,,,,0.0,1.0
-3862696523251175756-2609112220-15,7173,2609112305,,4,,S,,Kirchheim(Teck)|Kirchheim(Teck)-Ötlingen|Wendlingen(Neckar)|Wernau(Neckar)|Plochingen|Altbach|Esslingen-Zell|Oberesslingen|Esslingen(Neckar)|Esslingen-Mettingen|Stuttgart-Obertürkheim|Stuttgart-Untertürkheim|Stuttgart Neckarpark|Stuttgart-Bad Cannstatt,8000096,Stuttgart Hbf,Baden-Württemberg,Stuttgart,70173,9.183172973,48.78473069,1,2609112307,,,,,,,,,,,,,2.0,0.0
4747644076881825118-2609112149-4,1060,2609112342,,10,,ICE,,München Hbf|Augsburg Hbf|Ulm Hbf,8000096,Stuttgart Hbf,Baden-Württemberg,Stuttgart,70173,9.183172973,48.78473069,1,2609112347,,,,,,,,,,,,,5.0,0.0
9117966488978894920-2609112233-11,19250,2609112332,,9,,RE,,Tübingen Hbf|Reutlingen Hbf|Metzingen(Württ)|Bempflingen|Nürtingen|Oberboihingen|Wendlingen(Neckar)|Plochingen|Esslingen(Neckar)|Stuttgart-Bad Cannstatt,8000096,Stuttgart Hbf,Baden-Württemberg,Stuttgart,70173,9.183172973,48.78473069,1,2609112332,,,,h,1,Störung,,,,,,,0.0,0.0
-6275608324438357522-2609112325-1,7174,,2609112325,,,S,S1,,8000096,Stuttgart Hbf,Baden-Württemberg,Stuttgart,70173,9.183172973,48.78473069,1,,,2609112325,,,,,,,,,,,0.0,0.0
-3568010245526377395-2609112339-1,4239,,2609112339,,,RE,RE5,,8000096,Stuttgart Hbf,Baden-Württemberg,Stuttgart,70173,9.183172973,48.78473069,1,,,2609112339,,h,2,Information,,,,,,,0.0,0.0
-2821824551362869786-2609112325-6,7275,2609112340,,3,,S,,Waiblingen|Fellbach|Stuttgart-Sommerrain|Stuttgart Nürnberger Str.|Stuttgart-Bad Cannstatt,8000096,Stuttgart Hbf,Baden-Württemberg,Stuttgart,70173,9.183172973,48.78473069,1,2609112340,,,,h,2,Bauarbeiten,,,,,,,0.0,0.0
-5842345505256526084-2609112357-1,7576,,2609112357,,,S,S5,,8000096,Stuttgart Hbf,Baden-Württemberg,Stuttgart,70173,9.183172973,48.78473069,1,,,2609112358,,,,,,,,,,,0.0,1.0
-8147093115275959137-2609112232-4,19035,2609112325,,6,,ARV,,Karlsruhe Hbf|Karlsruhe-Durlach|Vaihingen(Enz),8000096,Stuttgart Hbf,Baden-Württemberg,Stuttgart,70173,9.183172973,48.78473069,1,2609112325,,,,,,,,,,,,,0.0,0.0
6962993513256562528-2609112342-1,19185,,2609112342,,,ARV,MEX16,,8000096,Stuttgart Hbf,Baden-Württemberg,Stuttgart,70173,9.183172973,48.78473069,1,,,2609112342,,,,,,,,,,,0.0,0.0
-5197983836264116534-2609112255-3,7172,2609112302,2609112302,2,,S,S1,Stuttgart Hbf|Stuttgart-Bad Cannstatt,8006743,Stuttgart Neckarpark,Baden-Württemberg,Stuttgart,70372,9.24106855,48.79194362,4,2609112302,,2609112302,,,,,,,,,,,0.0,0.0
-5753279830124609145-2609112250-13,7175,2609112327,2609112327,1,,S,S1,Kirchheim(Teck)|Kirchheim(Teck)-Ötlingen|Wendlingen(Neckar)|Wernau(Neckar)|Plochingen|Altbach|Esslingen-Zell|Oberesslingen|Esslingen(Neckar)|Esslingen-Mettingen|Stuttgart-Obertürkheim|Stuttgart-Untertürkheim,8006743,Stuttgart Neckarpark,Baden-Württemberg,Stuttgart,70372,9.24106855,48.79194362,4,2609112327,,2609112327,,,,,,,,,,,0.0,0.0
4705599029793291676-2609112320-13,7177,2609112357,2609112357,1,,S,S1,Kirchheim(Teck)|Kirchheim(Teck)-Ötlingen|Wendlingen(Neckar)|Wernau(Neckar)|Plochingen|Altbach|Esslingen-Zell|Oberesslingen|Esslingen(Neckar)|Esslingen-Mettingen|Stuttgart-Obertürkheim|Stuttgart-Untertürkheim,8006743,Stuttgart Neckarpark,Baden-Württemberg,Stuttgart,70372,9.24106855,48.79194362,4,2609112357,,2609112357,,,,,,,,,,,0.0,0.0
-6275608324438357522-2609112325-3,7174,2609112332,2609112332,2,,S,S1,Stuttgart Hbf|Stuttgart-Bad Cannstatt,8006743,Stuttgart Neckarpark,Baden-Württemberg,Stuttgart,70372,9.24106855,48.79194362,4,2609112332,,2609112332,,,,,,,,,,,0.0,0.0
-8768743806902916019-2609112233-13,7673,2609112309,2609112311,4,,S,S6,Weil der Stadt|Malmsheim|Renningen|Rutesheim|Leonberg|Höfingen|Ditzingen|Weilimdorf|Korntal|Neuwirtshaus(Porscheplatz)|Stuttgart-Zuffenhausen|Stuttgart-Feuerbach,8005767,Stuttgart Nord,Baden-Württemberg,Stuttgard-Nord,70174,9.188061449,48.80374161,5,2609112309,,2609112311,,,,,,,,,,,0.0,0.0
5844079694201012734-2609112307-2,7470,2609112310,2609112311,3,,S,S4,Stuttgart Hbf,8005767,Stuttgart Nord,Baden-Württemberg,Stuttgard-Nord,70174,9.188061449,48.80374161,5,2609112311,,2609112313,,,,,,,,,,,1.0,2.0
-4547114169407799378-2609112303-13,7675,2609112339,2609112341,4,,S,S6,Weil der Stadt|Malmsheim|Renningen|Rutesheim|Leonberg|Höfingen|Ditzingen|Weilimdorf|Korntal|Neuwirtshaus(Porscheplatz)|Stuttgart-Zuffenhausen|Stuttgart-Feuerbach,8005767,Stuttgart Nord,Baden-Württemberg,Stuttgard-Nord,70174,9.188061449,48.80374161,5,2609112339,,2609112341,,,,,,,,,,,0.0,0.0
3008894599226717977-2609112337-2,7472,2609112340,2609112341,3,,S,S4,Stuttgart Hbf,8005767,Stuttgart Nord,Baden-Württemberg,Stuttgard-Nord,70174,9.188061449,48.80374161,5,2609112342,,2609112342,,,,,,,,,,,2.0,1.0
-3328654811997120273-2609112317-2,7672,2609112320,2609112322,3,,S,S6,Stuttgart Hbf,8005767,Stuttgart Nord,Baden-Württemberg,Stuttgard-Nord,70174,9.188061449,48.80374161,5,2609112322,,2609112323,,,,,,,,,,,2.0,1.0
7251830197396160216-2609112347-2,7674,2609112350,2609112352,3,,S,S6,Stuttgart Hbf,8005767,Stuttgart Nord,Baden-Württemberg,Stuttgard-Nord,70174,9.188061449,48.80374161,5,2609112350,,2609112352,,,,,,,,,,,0.0,0.0
5733563224153092938-2609112303-13,7475,2609112349,2609112351,4,,S,S4,Backnang|Burgstall(Murr)|Kirchberg(Murr)|Erdmannhausen|Marbach(Neckar)|Benningen(Neckar)|Freiberg(Neckar)|Favoritepark|Ludwigsburg|Kornwestheim Pbf|Stuttgart-Zuffenhausen|Stuttgart-Feuerbach,8005767,Stuttgart Nord,Baden-Württemberg,Stuttgard-Nord,70174,9.188061449,48.80374161,5,2609112352,,2609112353,,,,,,,,,,,3.0,2.0
6588190298506647860-2609112337-8,7577,2609112359,2609120001,4,,S,S5,Bietigheim-Bissingen|Tamm(Württ)|Asperg|Ludwigsburg|Kornwestheim Pbf|Stuttgart-Zuffenhausen|Stuttgart-Feuerbach,8005767,Stuttgart Nord,Baden-Württemberg,Stuttgard-Nord,70174,9.188061449,48.80374161,5,2609112359,,2609120001,,,,,,,,,,,0.0,0.0
2526364121907765436-2609112237-8,7573,2609112259,2609112301,4,,S,S5,Bietigheim-Bissingen|Tamm(Württ)|Asperg|Ludwigsburg|Kornwestheim Pbf|Stuttgart-Zuffenhausen|Stuttgart-Feuerbach,8005767,Stuttgart Nord,Baden-Württemberg,Stuttgard-Nord,70174,9.188061449,48.80374161,5,2609112259,,2609112301,,,,,,,,,,,0.0,0.0
2106169304135961277-2609112307-8,7575,2609112329,2609112331,4,,S,S5,Bietigheim-Bissingen|Tamm(Württ)|Asperg|Ludwigsburg|Kornwestheim Pbf|Stuttgart-Zuffenhausen|Stuttgart-Feuerbach,8005767,Stuttgart Nord,Baden-Württemberg,Stuttgard-Nord,70174,9.188061449,48.80374161,5,2609112329,,2609112332,,,,,,,,,,,0.0,1.0
1545875388134255836-2609112255-9,7473,2609112319,2609112321,4,,S,S4,Marbach(Neckar)|Benningen(Neckar)|Freiberg(Neckar)|Favoritepark|Ludwigsburg|Kornwestheim Pbf|Stuttgart-Zuffenhausen|Stuttgart-Feuerbach,8005767,Stuttgart Nord,Baden-Württemberg,Stuttgard-Nord,70174,9.188061449,48.80374161,5,2609112319,,2609112322,,,,,,,,,,,0.0,1.0
-674299633319716956-2609112327-2,7574,2609112330,2609112331,3,,S,S5,Stuttgart Hbf,8005767,Stuttgart Nord,Baden-Württemberg,Stuttgard-Nord,70174,9.188061449,48.80374161,5,2609112332,,2609112333,,,,,,,,,,,2.0,2.0
-3011188424747458948-2609112257-2,7572,2609112300,2609112301,3,,S,S5,Stuttgart Hbf,8005767,Stuttgart Nord,Baden-Württemberg,Stuttgard-Nord,70174,9.188061449,48.80374161,5,2609112301,,2609112302,,,,,,,,,,,1.0,1.0
-4174076890774696999-2609112255-4,7273,2609112302,2609112303,1,,S,S2,Waiblingen|Fellbach|Stuttgart-Sommerrain,8004357,Stuttgart Nürnberger Straße,Baden-Württemberg,Stuttgart,70374,9.234576905,48.80656062,5,2609112302,,2609112303,,h,2,Bauarbeiten,,,,,,,0.0,0.0
-2279373399383894760-2609112241-10,7373,2609112307,2609112308,1,,S,S3,Backnang|Maubach|Nellmersbach|Winnenden|Schwaikheim|Neustadt-Hohenacker|Waiblingen|Fellbach|Stuttgart-Sommerrain,8004357,Stuttgart Nürnberger Straße,Baden-Württemberg,Stuttgart,70374,9.234576905,48.80656062,5,2609112307,,2609112308,,,,,,,,,,,0.0,0.0
-2519407903994888306-2609112312-3,7372,2609112322,2609112322,4,,S,S3,Stuttgart Hbf|Stuttgart-Bad Cannstatt,8004357,Stuttgart Nürnberger Straße,Baden-Württemberg,Stuttgart,70374,9.234576905,48.80656062,5,2609112322,,2609112323,,,,,,,,,,,0.0,1.0
-6065798673451795825-2609112350-3,7274,2609112357,2609112357,4,,S,S2,Stuttgart Hbf|Stuttgart-Bad Cannstatt,8004357,Stuttgart Nürnberger Straße,Baden-Württemberg,Stuttgart,70374,9.234576905,48.80656062,5,2609112358,,2609112358,,h,2,Bauarbeiten,,,,,,,1.0,1.0
4235977593412169897-2609112342-3,7374,2609112352,2609112352,4,,S,S3,Stuttgart Hbf|Stuttgart-Bad Cannstatt,8004357,Stuttgart Nürnberger Straße,Baden-Württemberg,Stuttgart,70374,9.234576905,48.80656062,5,2609112352,,2609112353,,,,,,,,,,,0.0,1.0
-4957905266396441447-2609112311-10,7375,2609112337,2609112338,1,,S,S3,Backnang|Maubach|Nellmersbach|Winnenden|Schwaikheim|Neustadt-Hohenacker|Waiblingen|Fellbach|Stuttgart-Sommerrain,8004357,Stuttgart Nürnberger Straße,Baden-Württemberg,Stuttgart,70374,9.234576905,48.80656062,5,2609112343,,2609112344,,,,,,,,,,,6.0,6.0
-6617041224126724026-2609112320-3,7272,2609112327,2609112327,4,,S,S2,Stuttgart Hbf|Stuttgart-Bad Cannstatt,8004357,Stuttgart Nürnberger Straße,Baden-Württemberg,Stuttgart,70374,9.234576905,48.80656062,5,2609112327,,2609112328,,h,2,Bauarbeiten,,,,,,,0.0,1.0
-2821824551362869786-2609112325-4,7275,2609112332,2609112333,1,,S,S2,Waiblingen|Fellbach|Stuttgart-Sommerrain,8004357,Stuttgart Nürnberger Straße,Baden-Württemberg,Stuttgart,70374,9.234576905,48.80656062,5,2609112332,,2609112333,,h,2,Bauarbeiten,,,,,,,0.0,0.0
-3312202806244123420-2609112205-10,19360,2609112302,2609112308,5,,RE,MEX12,Tübingen Hbf|Reutlingen Hbf|Metzingen(Württ)|Bempflingen|Nürtingen|Oberboihingen|Wendlingen(Neckar)|Plochingen|Esslingen(Neckar),8005769,Stuttgart-Bad Cannstatt,Baden-Württemberg,Stuttgart,70372,9.217468636,48.80127978,3,2609112302,,2609112308,,h,1,Störung,,,,,,,0.0,0.0
-4174076890774696999-2609112255-5,7273,2609112305,2609112306,2,,S,S2,Waiblingen|Fellbach|Stuttgart-Sommerrain|Stuttgart Nürnberger Str.,8005769,Stuttgart-Bad Cannstatt,Baden-Württemberg,Stuttgart,70372,9.217468636,48.80127978,3,2609112306,,2609112307,,h,2,Bauarbeiten,,,,,,,1.0,1.0
-2279373399383894760-2609112241-11,7373,2609112311,2609112313,2,,S,S3,Backnang|Maubach|Nellmersbach|Winnenden|Schwaikheim|Neustadt-Hohenacker|Waiblingen|Fellbach|Stuttgart-Sommerrain|Stuttgart Nürnberger Str.,8005769,Stuttgart-Bad Cannstatt,Baden-Württemberg,Stuttgart,70372,9.217468636,48.80127978,3,2609112311,,2609112313,,,,,,,,,,,0.0,0.0
-3024751796155966495-2609112327-2,88651,2609112330,2609112331,7,,ARV,RE90,Stuttgart Hbf,8005769,Stuttgart-Bad Cannstatt,Baden-Württemberg,Stuttgart,70372,9.217468636,48.80127978,3,2609112331,,2609112332,,,,,,,,,,,1.0,1.0
-7007709070303320005-2609112303-2,19183,2609112307,2609112307,8,,ARV,MEX16,Stuttgart Hbf,8005769,Stuttgart-Bad Cannstatt,Baden-Württemberg,Stuttgart,70372,9.217468636,48.80127978,3,2609112307,,2609112308,,,,,,,,,,,0.0,1.0
-2519407903994888306-2609112312-2,7372,2609112316,2609112319,3,,S,S3,Stuttgart Hbf,8005769,Stuttgart-Bad Cannstatt,Baden-Württemberg,Stuttgart,70372,9.217468636,48.80127978,3,2609112316,,2609112319,,,,,,,,,,,0.0,0.0
-6065798673451795825-2609112350-2,7274,2609112354,2609112354,3,,S,S2,Stuttgart Hbf,8005769,Stuttgart-Bad Cannstatt,Baden-Württemberg,Stuttgart,70372,9.217468636,48.80127978,3,2609112355,,2609112355,,h,2,Bauarbeiten,,,,,,,1.0,1.0
-793656453369562013-2609112146-21,19180,2609112312,2609112312,5,,ARV,MEX16,Ulm Hbf|Beimerstetten|Westerstetten|Lonsee|Urspring|Amstetten(Württ)|Geislingen(Steige)|Geislingen(Steige)West|Kuchen|Gingen(Fils)|Süßen|Salach|Eislingen(Fils)|Göppingen|Faurndau|Uhingen|Ebersbach(Fils)|Reichenbach(Fils)|Plochingen|Esslingen(Neckar),8005769,Stuttgart-Bad Cannstatt,Baden-Württemberg,Stuttgart,70372,9.217468636,48.80127978,3,2609112312,,2609112312,,,,,,,,,,,0.0,0.0
4235977593412169897-2609112342-2,7374,2609112346,2609112349,3,,S,S3,Stuttgart Hbf,8005769,Stuttgart-Bad Cannstatt,Baden-Württemberg,Stuttgart,70372,9.217468636,48.80127978,3,2609112346,,2609112349,,,,,,,,,,,0.0,0.0
-4957905266396441447-2609112311-11,7375,2609112341,2609112343,2,,S,S3,Backnang|Maubach|Nellmersbach|Winnenden|Schwaikheim|Neustadt-Hohenacker|Waiblingen|Fellbach|Stuttgart-Sommerrain|Stuttgart Nürnberger Str.,8005769,Stuttgart-Bad Cannstatt,Baden-Württemberg,Stuttgart,70372,9.217468636,48.80127978,3,2609112346,,2609112347,,,,,,,,,,,5.0,4.0
-578287023725178066-2609112320-2,19489,2609112323,2609112325,7,,ARV,MEX13,Stuttgart Hbf,8005769,Stuttgart-Bad Cannstatt,Baden-Württemberg,Stuttgart,70372,9.217468636,48.80127978,3,2609112324,,2609112325,,h,2,Information,,,,,,,1.0,0.0
-1565239122700519355-2609112232-10,17568,2609112328,2609112330,6,,RB,MEX19,Gaildorf West|Fichtenberg|Fornsbach|Murrhardt|Sulzbach(Murr)|Oppenweiler(Württ)|Backnang|Winnenden|Waiblingen,8005769,Stuttgart-Bad Cannstatt,Baden-Württemberg,Stuttgart,70372,9.217468636,48.80127978,3,2609112346,,2609112346,,,,,,,,,,,18.0,16.0
-6617041224126724026-2609112320-2,7272,2609112324,2609112324,3,,S,S2,Stuttgart Hbf,8005769,Stuttgart-Bad Cannstatt,Baden-Württemberg,Stuttgart,70372,9.217468636,48.80127978,3,2609112324,,2609112325,,h,2,Bauarbeiten,,,,,,,0.0,1.0
-5753279830124609145-2609112250-14,7175,2609112330,2609112331,2,,S,S1,Kirchheim(Teck)|Kirchheim(Teck)-Ötlingen|Wendlingen(Neckar)|Wernau(Neckar)|Plochingen|Altbach|Esslingen-Zell|Oberesslingen|Esslingen(Neckar)|Esslingen-Mettingen|Stuttgart-Obertürkheim|Stuttgart-Untertürkheim|Stuttgart Neckarpark,8005769,Stuttgart-Bad Cannstatt,Baden-Württemberg,Stuttgart,70372,9.217468636,48.80127978,3,2609112330,,2609112331,,,,,,,,,,,0.0,0.0
-2031093813883410202-2609112256-8,19490,2609112335,2609112335,6,,ARV,MEX13,Schwäbisch Gmünd|Lorch(Württ)|Waldhausen(b Schorndorf)|Plüderhausen|Urbach(b Schorndorf)|Schorndorf|Waiblingen,8005769,Stuttgart-Bad Cannstatt,Baden-Württemberg,Stuttgart,70372,9.217468636,48.80127978,3,2609112340,,2609112341,,h,2,Information,,,,,,,5.0,6.0
147017097219018543-2609112248-15,19182,2609112346,2609112347,5,,ARV,MEX16,Geislingen(Steige)|Geislingen(Steige)West|Kuchen|Gingen(Fils)|Süßen|Salach|Eislingen(Fils)|Göppingen|Faurndau|Uhingen|Ebersbach(Fils)|Reichenbach(Fils)|Plochingen|Esslingen(Neckar),8005769,Stuttgart-Bad Cannstatt,Baden-Württemberg,Stuttgart,70372,9.217468636,48.80127978,3,2609112350,,2609112351,,,,,,,,,,,4.0,4.0
-7768158406423502627-2609112036-19,89688,2609112300,2609112300,6,,ARV,RE90,Nürnberg Hbf|Roßtal|Heilsbronn|Wicklesgreuth|Ansbach|Leutershausen-Wiedersbach|Dombühl|Schnelldorf|Crailsheim|Eckartshausen-Ilshofen|Schwäbisch Hall-Hessental|Gaildorf West|Murrhardt|Sulzbach(Murr)|Oppenweiler(Württ)|Backnang|Winnenden|Waiblingen,8005769,Stuttgart-Bad Cannstatt,Baden-Württemberg,Stuttgart,70372,9.217468636,48.80127978,3,2609112336,,2609112337,,h,2,Information,,,Nürnberg Hbf|Roßtal|Heilsbronn|Wicklesgreuth|Ansbach|Leutershausen-Wiedersbach|Dombühl|Schnelldorf|Crailsheim|Eckartshausen-Ilshofen|Schwäbisch Hall-Hessental|Gaildorf West|Murrhardt|Sulzbach(Murr)|Oppenweiler(Württ)|Backnang|Winnenden|Waiblingen,Stuttgart Hbf,,,36.0,37.0
6181068125164198804-2609112355-2,7176,2609112358,2609112359,3,,S,S1,Stuttgart Hbf,8005769,Stuttgart-Bad Cannstatt,Baden-Württemberg,Stuttgart,70372,9.217468636,48.80127978,3,2609112359,,2609112359,,,,,,,,,,,1.0,0.0
-7917245534189458014-2609112255-2,17561,2609112258,2609112300,7,,RB,MEX90,Stuttgart Hbf,8005769,Stuttgart-Bad Cannstatt,Baden-Württemberg,Stuttgart,70372,9.217468636,48.80127978,3,2609112259,,2609112300,,,,,,,,,,,1.0,0.0
-3862696523251175756-2609112220-14,7173,2609112300,2609112301,2,,S,S1,Kirchheim(Teck)|Kirchheim(Teck)-Ötlingen|Wendlingen(Neckar)|Wernau(Neckar)|Plochingen|Altbach|Esslingen-Zell|Oberesslingen|Esslingen(Neckar)|Esslingen-Mettingen|Stuttgart-Obertürkheim|Stuttgart-Untertürkheim|Stuttgart Neckarpark,8005769,Stuttgart-Bad Cannstatt,Baden-Württemberg,Stuttgart,70372,9.217468636,48.80127978,3,2609112303,,2609112303,,,,,,,,,,,3.0,2.0
9117966488978894920-2609112233-10,19250,2609112327,2609112327,5,,RE,MEX18,Tübingen Hbf|Reutlingen Hbf|Metzingen(Württ)|Bempflingen|Nürtingen|Oberboihingen|Wendlingen(Neckar)|Plochingen|Esslingen(Neckar),8005769,Stuttgart-Bad Cannstatt,Baden-Württemberg,Stuttgart,70372,9.217468636,48.80127978,3,2609112327,,2609112327,,h,1,Störung,,,,,,,0.0,0.0
-6275608324438357522-2609112325-2,7174,2609112328,2609112329,3,,S,S1,Stuttgart Hbf,8005769,Stuttgart-Bad Cannstatt,Baden-Württemberg,Stuttgart,70372,9.217468636,48.80127978,3,2609112328,,2609112329,,,,,,,,,,,0.0,0.0
-2821824551362869786-2609112325-5,7275,2609112335,2609112336,2,,S,S2,Waiblingen|Fellbach|Stuttgart-Sommerrain|Stuttgart Nürnberger Str.,8005769,Stuttgart-Bad Cannstatt,Baden-Württemberg,Stuttgart,70372,9.217468636,48.80127978,3,2609112335,,2609112336,,h,2,Bauarbeiten,,,,,,,0.0,0.0
6962993513256562528-2609112342-2,19185,2609112345,2609112346,8,,ARV,MEX16,Stuttgart Hbf,8005769,Stuttgart-Bad Cannstatt,Baden-Württemberg,Stuttgart,70372,9.217468636,48.80127978,3,2609112345,,2609112347,,,,,,,,,,,0.0,1.0
-8768743806902916019-2609112233-12,7673,2609112306,2609112306,1,,S,S6,Weil der Stadt|Malmsheim|Renningen|Rutesheim|Leonberg|Höfingen|Ditzingen|Weilimdorf|Korntal|Neuwirtshaus(Porscheplatz)|Stuttgart-Zuffenhausen,8005770,Stuttgart-Feuerbach,Baden-Württemberg,Feuerbach,70469,9.169186287,48.81363554,3,2609112306,,2609112307,,,,,,,,,,,0.0,1.0
5844079694201012734-2609112307-3,7470,2609112313,2609112314,2,,S,S4,Stuttgart Hbf|Stuttgart Nordbahnhof,8005770,Stuttgart-Feuerbach,Baden-Württemberg,Feuerbach,70469,9.169186287,48.81363554,3,2609112315,,2609112315,,,,,,,,,,,2.0,1.0
-4547114169407799378-2609112303-12,7675,2609112336,2609112336,1,,S,S6,Weil der Stadt|Malmsheim|Renningen|Rutesheim|Leonberg|Höfingen|Ditzingen|Weilimdorf|Korntal|Neuwirtshaus(Porscheplatz)|Stuttgart-Zuffenhausen,8005770,Stuttgart-Feuerbach,Baden-Württemberg,Feuerbach,70469,9.169186287,48.81363554,3,2609112336,,2609112336,,,,,,,,,,,0.0,0.0
3008894599226717977-2609112337-3,7472,2609112343,2609112344,2,,S,S4,Stuttgart Hbf|Stuttgart Nordbahnhof,8005770,Stuttgart-Feuerbach,Baden-Württemberg,Feuerbach,70469,9.169186287,48.81363554,3,2609112344,,2609112344,,,,,,,,,,,1.0,0.0
-3328654811997120273-2609112317-3,7672,2609112324,2609112324,2,,S,S6,Stuttgart Hbf|Stuttgart Nordbahnhof,8005770,Stuttgart-Feuerbach,Baden-Württemberg,Feuerbach,70469,9.169186287,48.81363554,3,2609112324,,2609112325,,,,,,,,,,,0.0,1.0
7251830197396160216-2609112347-3,7674,2609112354,2609112354,2,,S,S6,Stuttgart Hbf|Stuttgart Nordbahnhof,8005770,Stuttgart-Feuerbach,Baden-Württemberg,Feuerbach,70469,9.169186287,48.81363554,3,2609112354,,2609112357,,,,,,,,,,,0.0,3.0
5733563224153092938-2609112303-12,7475,2609112346,2609112347,1,,S,S4,Backnang|Burgstall(Murr)|Kirchberg(Murr)|Erdmannhausen|Marbach(Neckar)|Benningen(Neckar)|Freiberg(Neckar)|Favoritepark|Ludwigsburg|Kornwestheim Pbf|Stuttgart-Zuffenhausen,8005770,Stuttgart-Feuerbach,Baden-Württemberg,Feuerbach,70469,9.169186287,48.81363554,3,2609112350,,2609112351,,,,,,,,,,,4.0,4.0
6588190298506647860-2609112337-7,7577,2609112356,2609112356,1,,S,S5,Bietigheim-Bissingen|Tamm(Württ)|Asperg|Ludwigsburg|Kornwestheim Pbf|Stuttgart-Zuffenhausen,8005770,Stuttgart-Feuerbach,Baden-Württemberg,Feuerbach,70469,9.169186287,48.81363554,3,2609112356,,2609112357,,,,,,,,,,,0.0,1.0
2106169304135961277-2609112307-7,7575,2609112326,2609112326,1,,S,S5,Bietigheim-Bissingen|Tamm(Württ)|Asperg|Ludwigsburg|Kornwestheim Pbf|Stuttgart-Zuffenhausen,8005770,Stuttgart-Feuerbach,Baden-Württemberg,Feuerbach,70469,9.169186287,48.81363554,3,2609112327,,2609112328,,,,,,,,,,,1.0,2.0
1545875388134255836-2609112255-8,7473,2609112316,2609112317,1,,S,S4,Marbach(Neckar)|Benningen(Neckar)|Freiberg(Neckar)|Favoritepark|Ludwigsburg|Kornwestheim Pbf|Stuttgart-Zuffenhausen,8005770,Stuttgart-Feuerbach,Baden-Württemberg,Feuerbach,70469,9.169186287,48.81363554,3,2609112317,,2609112317,,,,,,,,,,,1.0,0.0
-674299633319716956-2609112327-3,7574,2609112333,2609112334,2,,S,S5,Stuttgart Hbf|Stuttgart Nordbahnhof,8005770,Stuttgart-Feuerbach,Baden-Württemberg,Feuerbach,70469,9.169186287,48.81363554,3,2609112334,,2609112335,,,,,,,,,,,1.0,1.0
-3011188424747458948-2609112257-3,7572,2609112303,2609112304,2,,S,S5,Stuttgart Hbf|Stuttgart Nordbahnhof,8005770,Stuttgart-Feuerbach,Baden-Württemberg,Feuerbach,70469,9.169186287,48.81363554,3,2609112304,,2609112304,,,,,,,,,,,1.0,0.0
-5197983836264116534-2609112255-5,7172,2609112307,2609112307,6,,S,S1,Stuttgart Hbf|Stuttgart-Bad Cannstatt|Stuttgart Neckarpark|Stuttgart-Untertürkheim,8005772,Stuttgart-Obertürkheim,Baden-Württemberg,Stuttgart,70329,9.268167932,48.76175015,4,2609112307,,2609112307,,,,,,,,,,,0.0,0.0
-5753279830124609145-2609112250-11,7175,2609112322,2609112322,5,,S,S1,Kirchheim(Teck)|Kirchheim(Teck)-Ötlingen|Wendlingen(Neckar)|Wernau(Neckar)|Plochingen|Altbach|Esslingen-Zell|Oberesslingen|Esslingen(Neckar)|Esslingen-Mettingen,8005772,Stuttgart-Obertürkheim,Baden-Württemberg,Stuttgart,70329,9.268167932,48.76175015,4,2609112322,,2609112322,,,,,,,,,,,0.0,0.0
4705599029793291676-2609112320-11,7177,2609112352,2609112352,5,,S,S1,Kirchheim(Teck)|Kirchheim(Teck)-Ötlingen|Wendlingen(Neckar)|Wernau(Neckar)|Plochingen|Altbach|Esslingen-Zell|Oberesslingen|Esslingen(Neckar)|Esslingen-Mettingen,8005772,Stuttgart-Obertürkheim,Baden-Württemberg,Stuttgart,70329,9.268167932,48.76175015,4,2609112352,,2609112352,,,,,,,,,,,0.0,0.0
-6275608324438357522-2609112325-5,7174,2609112337,2609112337,6,,S,S1,Stuttgart Hbf|Stuttgart-Bad Cannstatt|Stuttgart Neckarpark|Stuttgart-Untertürkheim,8005772,Stuttgart-Obertürkheim,Baden-Württemberg,Stuttgart,70329,9.268167932,48.76175015,4,2609112337,,2609112337,,,,,,,,,,,0.0,0.0
-2935564319618747934-2609112305-2,7973,2609112306,2609112312,2,,S,S2,Stuttgart-Vaihingen,8005773,Stuttgart-Rohr,Baden-Württemberg,Stuttgart,70565,9.108158025,48.71799427,4,2609112307,,2609112312,,h,2,Bauarbeiten,,,,,,,1.0,0.0
2043069556628672575-2609112335-2,7975,2609112336,2609112342,2,,S,S2,Stuttgart-Vaihingen,8005773,Stuttgart-Rohr,Baden-Württemberg,Stuttgart,70565,9.108158025,48.71799427,4,2609112336,,2609112342,,h,2,Bauarbeiten,,,,,,,0.0,0.0
3254218711381615406-2609112346-2,7775,2609112347,2609112353,2,,S,S1,Stuttgart-Vaihingen,8005773,Stuttgart-Rohr,Baden-Württemberg,Stuttgart,70565,9.108158025,48.71799427,4,2609112347,,2609112353,,,,,,,,,,,0.0,0.0
-5662900889334396771-2609112316-8,7776,2609112337,2609112338,3,,S,S1,Herrenberg|Nufringen|Gärtringen|Ehningen(b Böblingen)|Hulb|Böblingen|Goldberg(Württ),8005773,Stuttgart-Rohr,Baden-Württemberg,Stuttgart,70565,9.108158025,48.71799427,4,2609112338,,2609112339,,,,,,,,,,,1.0,1.0
1870656160504428642-2609112333-6,7974,2609112348,2609112349,3,,S,S2,Filderstadt|Stuttgart Flughafen/Messe|Echterdingen|Leinfelden|Oberaichen,8005773,Stuttgart-Rohr,Baden-Württemberg,Stuttgart,70565,9.108158025,48.71799427,4,2609112349,,2609112351,,h,2,Bauarbeiten,,,,,,,1.0,2.0
-7552157599667806188-2609112246-8,7774,2609112307,2609112308,3,,S,S1,Herrenberg|Nufringen|Gärtringen|Ehningen(b Böblingen)|Hulb|Böblingen|Goldberg(Württ),8005773,Stuttgart-Rohr,Baden-Württemberg,Stuttgart,70565,9.108158025,48.71799427,4,2609112308,,2609112309,,,,,,,,,,,1.0,1.0
-4449289664459012618-2609112303-6,7972,2609112318,2609112319,3,,S,S2,Filderstadt|Stuttgart Flughafen/Messe|Echterdingen|Leinfelden|Oberaichen,8005773,Stuttgart-Rohr,Baden-Württemberg,Stuttgart,70565,9.108158025,48.71799427,4,2609112318,,2609112319,,h,2,Bauarbeiten,,,,,,,0.0,0.0
2629905197525077527-2609112316-2,7773,2609112317,2609112323,2,,S,S1,Stuttgart-Vaihingen,8005773,Stuttgart-Rohr,Baden-Württemberg,Stuttgart,70565,9.108158025,48.71799427,4,2609112317,,2609112323,,,,,,,,,,,0.0,0.0
-4174076890774696999-2609112255-3,7273,2609112300,2609112300,1,,S,S2,Waiblingen|Fellbach,8005774,Stuttgart-Sommerrain,Baden-Württemberg,Stuttgart,70374,9.248369749,48.81521824,5,2609112300,,2609112301,,h,2,Bauarbeiten,,,,,,,0.0,1.0
-2279373399383894760-2609112241-9,7373,2609112305,2609112305,1,,S,S3,Backnang|Maubach|Nellmersbach|Winnenden|Schwaikheim|Neustadt-Hohenacker|Waiblingen|Fellbach,8005774,Stuttgart-Sommerrain,Baden-Württemberg,Stuttgart,70374,9.248369749,48.81521824,5,2609112305,,2609112305,,,,,,,,,,,0.0,0.0
-2519407903994888306-2609112312-4,7372,2609112324,2609112324,4,,S,S3,Stuttgart Hbf|Stuttgart-Bad Cannstatt|Stuttgart Nürnberger Str.,8005774,Stuttgart-Sommerrain,Baden-Württemberg,Stuttgart,70374,9.248369749,48.81521824,5,2609112325,,2609112325,,,,,,,,,,,1.0,1.0
-6065798673451795825-2609112350-4,7274,2609112359,2609112359,4,,S,S2,Stuttgart Hbf|Stuttgart-Bad Cannstatt|Stuttgart Nürnberger Str.,8005774,Stuttgart-Sommerrain,Baden-Württemberg,Stuttgart,70374,9.248369749,48.81521824,5,2609120000,,2609120001,,h,2,Bauarbeiten,,,,,,,1.0,2.0
4235977593412169897-2609112342-4,7374,2609112354,2609112354,4,,S,S3,Stuttgart Hbf|Stuttgart-Bad Cannstatt|Stuttgart Nürnberger Str.,8005774,Stuttgart-Sommerrain,Baden-Württemberg,Stuttgart,70374,9.248369749,48.81521824,5,2609112354,,2609112355,,,,,,,,,,,0.0,1.0
-4957905266396441447-2609112311-9,7375,2609112335,2609112335,1,,S,S3,Backnang|Maubach|Nellmersbach|Winnenden|Schwaikheim|Neustadt-Hohenacker|Waiblingen|Fellbach,8005774,Stuttgart-Sommerrain,Baden-Württemberg,Stuttgart,70374,9.248369749,48.81521824,5,2609112340,,2609112341,,,,,,,,,,,5.0,6.0
-6617041224126724026-2609112320-4,7272,2609112329,2609112329,4,,S,S2,Stuttgart Hbf|Stuttgart-Bad Cannstatt|Stuttgart Nürnberger Str.,8005774,Stuttgart-Sommerrain,Baden-Württemberg,Stuttgart,70374,9.248369749,48.81521824,5,2609112330,,2609112331,,h,2,Bauarbeiten,,,,,,,1.0,2.0
-2821824551362869786-2609112325-3,7275,2609112330,2609112330,1,,S,S2,Waiblingen|Fellbach,8005774,Stuttgart-Sommerrain,Baden-Württemberg,Stuttgart,70374,9.248369749,48.81521824,5,2609112330,,2609112330,,h,2,Bauarbeiten,,,,,,,0.0,0.0
-5197983836264116534-2609112255-4,7172,2609112304,2609112304,6,,S,S1,Stuttgart Hbf|Stuttgart-Bad Cannstatt|Stuttgart Neckarpark,8005775,Stuttgart-Untertürkheim Pbf,Baden-Württemberg,Stuttgart,70327,9.250467074,48.77984679,3,2609112304,,2609112304,,,,,,,,,,,0.0,0.0
-5753279830124609145-2609112250-12,7175,2609112325,2609112325,5,,S,S1,Kirchheim(Teck)|Kirchheim(Teck)-Ötlingen|Wendlingen(Neckar)|Wernau(Neckar)|Plochingen|Altbach|Esslingen-Zell|Oberesslingen|Esslingen(Neckar)|Esslingen-Mettingen|Stuttgart-Obertürkheim,8005775,Stuttgart-Untertürkheim Pbf,Baden-Württemberg,Stuttgart,70327,9.250467074,48.77984679,3,2609112325,,2609112325,,,,,,,,,,,0.0,0.0
4705599029793291676-2609112320-12,7177,2609112355,2609112355,5,,S,S1,Kirchheim(Teck)|Kirchheim(Teck)-Ötlingen|Wendlingen(Neckar)|Wernau(Neckar)|Plochingen|Altbach|Esslingen-Zell|Oberesslingen|Esslingen(Neckar)|Esslingen-Mettingen|Stuttgart-Obertürkheim,8005775,Stuttgart-Untertürkheim Pbf,Baden-Württemberg,Stuttgart,70327,9.250467074,48.77984679,3,2609112355,,2609112355,,,,,,,,,,,0.0,0.0
-6275608324438357522-2609112325-4,7174,2609112334,2609112334,6,,S,S1,Stuttgart Hbf|Stuttgart-Bad Cannstatt|Stuttgart Neckarpark,8005775,Stuttgart-Untertürkheim Pbf,Baden-Württemberg,Stuttgart,70327,9.250467074,48.77984679,3,2609112334,,2609112334,,,,,,,,,,,0.0,0.0
-2935564319618747934-2609112305-1,7973,,2609112305,,,S,S2,,8005776,Stuttgart-Vaihingen,Baden-Württemberg,Stuttgart,70563,9.113913368,48.72698116,3,,,2609112305,,h,2,Bauarbeiten,,,,,,,0.0,0.0
2043069556628672575-2609112335-1,7975,,2609112335,,,S,S2,,8005776,Stuttgart-Vaihingen,Baden-Württemberg,Stuttgart,70563,9.113913368,48.72698116,3,,,2609112335,,h,2,Bauarbeiten,,,,,,,0.0,0.0
3254218711381615406-2609112346-1,7775,,2609112346,,,S,S1,,8005776,Stuttgart-Vaihingen,Baden-Württemberg,Stuttgart,70563,9.113913368,48.72698116,3,,,2609112346,,,,,,,,,,,0.0,0.0
-541451069032077300-2609112326-2,17685,2609112339,2609112339,1,,RE,RE14a,Stuttgart Hbf,8005776,Stuttgart-Vaihingen,Baden-Württemberg,Stuttgart,70563,9.113913368,48.72698116,3,2609112342,,2609112343,,,,,,,,,,,3.0,4.0
-5662900889334396771-2609112316-9,7776,2609112340,,3,,S,,Herrenberg|Nufringen|Gärtringen|Ehningen(b Böblingen)|Hulb|Böblingen|Goldberg(Württ)|Stuttgart-Rohr,8005776,Stuttgart-Vaihingen,Baden-Württemberg,Stuttgart,70563,9.113913368,48.72698116,3,2609112340,,,,,,,,,,,,,0.0,0.0
1870656160504428642-2609112333-7,7974,2609112350,,2,,S,,Filderstadt|Stuttgart Flughafen/Messe|Echterdingen|Leinfelden|Oberaichen|Stuttgart-Rohr,8005776,Stuttgart-Vaihingen,Baden-Württemberg,Stuttgart,70563,9.113913368,48.72698116,3,2609112352,,,,h,2,Bauarbeiten,,,,,,,2.0,0.0
-7733693542395404737-2609112217-9,17676,2609112329,2609112330,4,,RB,RB14a,Rottweil|Horb|Eutingen im Gäu|Ergenzingen|Bondorf(b Herrenberg)|Gäufelden|Herrenberg|Böblingen,8005776,Stuttgart-Vaihingen,Baden-Württemberg,Stuttgart,70563,9.113913368,48.72698116,3,2609112357,,2609112358,,,,,,,,,c,c,28.0,28.0
-7552157599667806188-2609112246-9,7774,2609112310,,3,,S,,Herrenberg|Nufringen|Gärtringen|Ehningen(b Böblingen)|Hulb|Böblingen|Goldberg(Württ)|Stuttgart-Rohr,8005776,Stuttgart-Vaihingen,Baden-Württemberg,Stuttgart,70563,9.113913368,48.72698116,3,2609112310,,,,,,,,,,,,,0.0,0.0
-4449289664459012618-2609112303-7,7972,2609112320,,2,,S,,Filderstadt|Stuttgart Flughafen/Messe|Echterdingen|Leinfelden|Oberaichen|Stuttgart-Rohr,8005776,Stuttgart-Vaihingen,Baden-Württemberg,Stuttgart,70563,9.113913368,48.72698116,3,2609112320,,,,h,2,Bauarbeiten,,,,,,,0.0,0.0
2629905197525077527-2609112316-1,7773,,2609112316,,,S,S1,,8005776,Stuttgart-Vaihingen,Baden-Württemberg,Stuttgart,70563,9.113913368,48.72698116,3,,,2609112316,,,,,,,,,,,0.0,0.0
-6526775162747392382-2609112333-8,7677,2609112356,2609112356,2,,S,S6,Weil der Stadt|Malmsheim|Renningen|Rutesheim|Leonberg|Höfingen|Ditzingen,8006268,Stuttgart-Weilimdorf,Baden-Württemberg,Stuttgart,70499,9.094370086,48.82208429,5,2609112356,,2609112357,,,,,,,,,,,0.0,1.0
-4547114169407799378-2609112303-8,7675,2609112326,2609112326,2,,S,S6,Weil der Stadt|Malmsheim|Renningen|Rutesheim|Leonberg|Höfingen|Ditzingen,8006268,Stuttgart-Weilimdorf,Baden-Württemberg,Stuttgart,70499,9.094370086,48.82208429,5,2609112327,,2609112328,,,,,,,,,,,1.0,2.0
-3328654811997120273-2609112317-7,7672,2609112333,2609112334,1,,S,S6,Stuttgart Hbf|Stuttgart Nordbahnhof|Stuttgart-Feuerbach|Stuttgart-Zuffenhausen|Neuwirtshaus(Porscheplatz)|Korntal,8006268,Stuttgart-Weilimdorf,Baden-Württemberg,Stuttgart,70499,9.094370086,48.82208429,5,2609112333,,2609112334,,,,,,,,,,,0.0,0.0
5891323909249949515-2609112247-7,7670,2609112303,2609112304,1,,S,S6,Stuttgart Hbf|Stuttgart Nordbahnhof|Stuttgart-Feuerbach|Stuttgart-Zuffenhausen|Neuwirtshaus(Porscheplatz)|Korntal,8006268,Stuttgart-Weilimdorf,Baden-Württemberg,Stuttgart,70499,9.094370086,48.82208429,5,2609112307,,2609112308,,,,,,,,,,,4.0,4.0
-8768743806902916019-2609112233-11,7673,2609112303,2609112304,12,,S,S6,Weil der Stadt|Malmsheim|Renningen|Rutesheim|Leonberg|Höfingen|Ditzingen|Weilimdorf|Korntal|Neuwirtshaus(Porscheplatz),8005778,Stuttgart-Zuffenhausen,Baden-Württemberg,Stuttgart,70435,9.167156375,48.82960884,3,2609112304,,2609112304,,,,,,,,,,,1.0,0.0
5844079694201012734-2609112307-4,7470,2609112316,2609112317,4,,S,S4,Stuttgart Hbf|Stuttgart Nordbahnhof|Stuttgart-Feuerbach,8005778,Stuttgart-Zuffenhausen,Baden-Württemberg,Stuttgart,70435,9.167156375,48.82960884,3,2609112317,,2609112318,,,,,,,,,,,1.0,1.0
-4547114169407799378-2609112303-11,7675,2609112333,2609112334,12,,S,S6,Weil der Stadt|Malmsheim|Renningen|Rutesheim|Leonberg|Höfingen|Ditzingen|Weilimdorf|Korntal|Neuwirtshaus(Porscheplatz),8005778,Stuttgart-Zuffenhausen,Baden-Württemberg,Stuttgart,70435,9.167156375,48.82960884,3,2609112333,,2609112334,,,,,,,,,,,0.0,0.0
3008894599226717977-2609112337-4,7472,2609112346,2609112347,4,,S,S4,Stuttgart Hbf|Stuttgart Nordbahnhof|Stuttgart-Feuerbach,8005778,Stuttgart-Zuffenhausen,Baden-Württemberg,Stuttgart,70435,9.167156375,48.82960884,3,2609112346,,2609112347,,,,,,,,,,,0.0,0.0
-3328654811997120273-2609112317-4,7672,2609112326,2609112327,11,,S,S6,Stuttgart Hbf|Stuttgart Nordbahnhof|Stuttgart-Feuerbach,8005778,Stuttgart-Zuffenhausen,Baden-Württemberg,Stuttgart,70435,9.167156375,48.82960884,3,2609112327,,2609112327,,,,,,,,,,,1.0,0.0
7251830197396160216-2609112347-4,7674,2609112356,2609112357,11,,S,S6,Stuttgart Hbf|Stuttgart Nordbahnhof|Stuttgart-Feuerbach,8005778,Stuttgart-Zuffenhausen,Baden-Württemberg,Stuttgart,70435,9.167156375,48.82960884,3,2609112359,,2609120000,,,,,,,,,,,3.0,3.0
5733563224153092938-2609112303-11,7475,2609112343,2609112344,2,,S,S4,Backnang|Burgstall(Murr)|Kirchberg(Murr)|Erdmannhausen|Marbach(Neckar)|Benningen(Neckar)|Freiberg(Neckar)|Favoritepark|Ludwigsburg|Kornwestheim Pbf,8005778,Stuttgart-Zuffenhausen,Baden-Württemberg,Stuttgart,70435,9.167156375,48.82960884,3,2609112348,,2609112348,,,,,,,,,,,5.0,4.0
6588190298506647860-2609112337-6,7577,2609112353,2609112354,2,,S,S5,Bietigheim-Bissingen|Tamm(Württ)|Asperg|Ludwigsburg|Kornwestheim Pbf,8005778,Stuttgart-Zuffenhausen,Baden-Württemberg,Stuttgart,70435,9.167156375,48.82960884,3,2609112354,,2609112354,,,,,,,,,,,1.0,0.0
2106169304135961277-2609112307-6,7575,2609112323,2609112324,2,,S,S5,Bietigheim-Bissingen|Tamm(Württ)|Asperg|Ludwigsburg|Kornwestheim Pbf,8005778,Stuttgart-Zuffenhausen,Baden-Württemberg,Stuttgart,70435,9.167156375,48.82960884,3,2609112325,,2609112326,,,,,,,,,,,2.0,2.0
1545875388134255836-2609112255-7,7473,2609112313,2609112314,2,,S,S4,Marbach(Neckar)|Benningen(Neckar)|Freiberg(Neckar)|Favoritepark|Ludwigsburg|Kornwestheim Pbf,8005778,Stuttgart-Zuffenhausen,Baden-Württemberg,Stuttgart,70435,9.167156375,48.82960884,3,2609112314,,2609112315,,,,,,,,,,,1.0,1.0
-674299633319716956-2609112327-4,7574,2609112336,2609112337,4,,S,S5,Stuttgart Hbf|Stuttgart Nordbahnhof|Stuttgart-Feuerbach,8005778,Stuttgart-Zuffenhausen,Baden-Württemberg,Stuttgart,70435,9.167156375,48.82960884,3,2609112336,,2609112337,,,,,,,,,,,0.0,0.0
-3011188424747458948-2609112257-4,7572,2609112306,2609112307,4,,S,S5,Stuttgart Hbf|Stuttgart Nordbahnhof|Stuttgart-Feuerbach,8005778,Stuttgart-Zuffenhausen,Baden-Württemberg,Stuttgart,70435,9.167156375,48.82960884,3,2609112306,,2609112307,,,,,,,,,,,0.0,0.0
6588190298506647860-2609112337-2,7577,2609112340,2609112340,2,,S,S5,Bietigheim-Bissingen,8005820,Tamm (Württ),Baden-Württemberg,Tamm,71732,9.125288012,48.92187736,4,2609112340,,2609112341,,,,,,,,,,,0.0,1.0
2106169304135961277-2609112307-2,7575,2609112310,2609112310,2,,S,S5,Bietigheim-Bissingen,8005820,Tamm (Württ),Baden-Württemberg,Tamm,71732,9.125288012,48.92187736,4,2609112311,,2609112311,,,,,,,,,,,1.0,1.0
-674299633319716956-2609112327-8,7574,2609112350,2609112350,3,,S,S5,Stuttgart Hbf|Stuttgart Nordbahnhof|Stuttgart-Feuerbach|Stuttgart-Zuffenhausen|Kornwestheim Pbf|Ludwigsburg|Asperg,8005820,Tamm (Württ),Baden-Württemberg,Tamm,71732,9.125288012,48.92187736,4,2609112350,,2609112350,,,,,,,,,,,0.0,0.0
-3011188424747458948-2609112257-8,7572,2609112320,2609112320,3,,S,S5,Stuttgart Hbf|Stuttgart Nordbahnhof|Stuttgart-Feuerbach|Stuttgart-Zuffenhausen|Kornwestheim Pbf|Ludwigsburg|Asperg,8005820,Tamm (Württ),Baden-Württemberg,Tamm,71732,9.125288012,48.92187736,4,2609112320,,2609112321,,,,,,,,,,,0.0,1.0
-8795720374573263613-2609112355-1,7277,,2609112355,,,S,S2,,8000180,Waiblingen,Baden-Württemberg,Waiblingen,71332,9.300476874,48.8262444,3,,,2609112355,,h,2,Bauarbeiten,,,,,,,0.0,0.0
-2279373399383894760-2609112241-7,7373,2609112259,2609112300,1,,S,S3,Backnang|Maubach|Nellmersbach|Winnenden|Schwaikheim|Neustadt-Hohenacker,8000180,Waiblingen,Baden-Württemberg,Waiblingen,71332,9.300476874,48.8262444,3,2609112259,,2609112300,,,,,,,,,,,0.0,0.0
-3024751796155966495-2609112327-3,88651,2609112337,2609112338,3,,ARV,RE90,Stuttgart Hbf|Stuttgart-Bad Cannstatt,8000180,Waiblingen,Baden-Württemberg,Waiblingen,71332,9.300476874,48.8262444,3,2609112338,,2609112339,,,,,,,,,,,1.0,1.0
-2519407903994888306-2609112312-6,7372,2609112329,2609112330,3,,S,S3,Stuttgart Hbf|Stuttgart-Bad Cannstatt|Stuttgart Nürnberger Str.|Stuttgart-Sommerrain|Fellbach,8000180,Waiblingen,Baden-Württemberg,Waiblingen,71332,9.300476874,48.8262444,3,2609112330,,2609112330,,,,,,,,,,,1.0,0.0
4235977593412169897-2609112342-6,7374,2609112359,2609120000,3,,S,S3,Stuttgart Hbf|Stuttgart-Bad Cannstatt|Stuttgart Nürnberger Str.|Stuttgart-Sommerrain|Fellbach,8000180,Waiblingen,Baden-Württemberg,Waiblingen,71332,9.300476874,48.8262444,3,2609112359,,2609120000,,,,,,,,,,,0.0,0.0
-4957905266396441447-2609112311-7,7375,2609112329,2609112330,1,,S,S3,Backnang|Maubach|Nellmersbach|Winnenden|Schwaikheim|Neustadt-Hohenacker,8000180,Waiblingen,Baden-Württemberg,Waiblingen,71332,9.300476874,48.8262444,3,2609112336,,2609112336,,,,,,,,,,,7.0,6.0
-578287023725178066-2609112320-3,19489,2609112332,2609112332,6,,ARV,MEX13,Stuttgart Hbf|Stuttgart-Bad Cannstatt,8000180,Waiblingen,Baden-Württemberg,Waiblingen,71332,9.300476874,48.8262444,3,2609112332,7,2609112334,7,h,2,Information,,,,,,,0.0,2.0
-1565239122700519355-2609112232-9,17568,2609112320,2609112321,1,,RB,MEX19,Gaildorf West|Fichtenberg|Fornsbach|Murrhardt|Sulzbach(Murr)|Oppenweiler(Württ)|Backnang|Winnenden,8000180,Waiblingen,Baden-Württemberg,Waiblingen,71332,9.300476874,48.8262444,3,2609112339,,2609112339,,,,,,,,,,,19.0,18.0
-6617041224126724026-2609112320-6,7272,2609112334,,5,,S,,Stuttgart Hbf|Stuttgart-Bad Cannstatt|Stuttgart Nürnberger Str.|Stuttgart-Sommerrain|Fellbach,8000180,Waiblingen,Baden-Württemberg,Waiblingen,71332,9.300476874,48.8262444,3,2609112336,,,,h,2,Bauarbeiten,,,,,,,2.0,0.0
-7120372043677331542-2609112341-7,7377,2609112359,2609120000,1,,S,S3,Backnang|Maubach|Nellmersbach|Winnenden|Schwaikheim|Neustadt-Hohenacker,8000180,Waiblingen,Baden-Württemberg,Waiblingen,71332,9.300476874,48.8262444,3,2609120000,,2609120000,,,,,,,,,,,1.0,0.0
-2031093813883410202-2609112256-7,19490,2609112328,2609112328,6,,ARV,MEX13,Schwäbisch Gmünd|Lorch(Württ)|Waldhausen(b Schorndorf)|Plüderhausen|Urbach(b Schorndorf)|Schorndorf,8000180,Waiblingen,Baden-Württemberg,Waiblingen,71332,9.300476874,48.8262444,3,2609112330,,2609112331,,h,2,Information,,,,,,,2.0,3.0
-547796110281084784-2609112242-6,7370,2609112259,2609112300,3,,S,S3,Stuttgart Hbf|Stuttgart-Bad Cannstatt|Stuttgart Nürnberger Str.|Stuttgart-Sommerrain|Fellbach,8000180,Waiblingen,Baden-Württemberg,Waiblingen,71332,9.300476874,48.8262444,3,2609112259,,2609112300,,,,,,,,,,,0.0,0.0
-7917245534189458014-2609112255-3,17561,2609112306,2609112307,3,,RB,MEX90,Stuttgart Hbf|Stuttgart-Bad Cannstatt,8000180,Waiblingen,Baden-Württemberg,Waiblingen,71332,9.300476874,48.8262444,3,2609112307,,2609112308,,,,,,,,,,,1.0,1.0
-2821824551362869786-2609112325-1,7275,,2609112325,,,S,S2,,8000180,Waiblingen,Baden-Württemberg,Waiblingen,71332,9.300476874,48.8262444,3,,,2609112325,,h,2,Bauarbeiten,,,,,,,0.0,0.0
-2344980071254063452-2609112250-6,7270,2609112304,,5,,S,,Stuttgart Hbf|Stuttgart-Bad Cannstatt|Stuttgart Nürnberger Str.|Stuttgart-Sommerrain|Fellbach,8000180,Waiblingen,Baden-Württemberg,Waiblingen,71332,9.300476874,48.8262444,3,2609112304,,,,h,2,Bauarbeiten,,,,,,,0.0,0.0
-6526775162747392382-2609112333-1,7677,,2609112333,,,S,S6,,8006271,Weil der Stadt,Baden-Württemberg,Weil der Stadt,71263,8.873189074,48.7557357,4,,,2609112333,,,,,,,,,,,0.0,0.0
-4547114169407799378-2609112303-1,7675,,2609112303,,,S,S6,,8006271,Weil der Stadt,Baden-Württemberg,Weil der Stadt,71263,8.873189074,48.7557357,4,,,2609112304,,,,,,,,,,,0.0,1.0
-3328654811997120273-2609112317-14,7672,2609112357,,2,,S,,Stuttgart Hbf|Stuttgart Nordbahnhof|Stuttgart-Feuerbach|Stuttgart-Zuffenhausen|Neuwirtshaus(Porscheplatz)|Korntal|Weilimdorf|Ditzingen|Höfingen|Leonberg|Rutesheim|Renningen|Malmsheim,8006271,Weil der Stadt,Baden-Württemberg,Weil der Stadt,71263,8.873189074,48.7557357,4,2609112358,,,,,,,,,,,,,1.0,0.0
-2611412375440839660-2609112258-2,26188,2609112301,2609112303,141,,SWE,RB76,Renningen,8006271,Weil der Stadt,Baden-Württemberg,Weil der Stadt,71263,8.873189074,48.7557357,4,2609112303,,2609112303,,,,,,,,,,,2.0,0.0
5891323909249949515-2609112247-14,7670,2609112327,,2,,S,,Stuttgart Hbf|Stuttgart Nordbahnhof|Stuttgart-Feuerbach|Stuttgart-Zuffenhausen|Neuwirtshaus(Porscheplatz)|Korntal|Weilimdorf|Ditzingen|Höfingen|Leonberg|Rutesheim|Renningen|Malmsheim,8006271,Weil der Stadt,Baden-Württemberg,Weil der Stadt,71263,8.873189074,48.7557357,4,2609112330,,,,,,,,,,,,,3.0,0.0
-434956897040815447-2609112326-5,26191,2609112344,2609112344,141,,SWE,RB76,Calw|Calw-Heumaden|Althengstett|Ostelsheim,8006271,Weil der Stadt,Baden-Württemberg,Weil der Stadt,71263,8.873189074,48.7557357,4,2609112344,,2609112344,,,,,,,,,,,0.0,0.0
-5197983836264116534-2609112255-13,7172,2609112333,2609112333,11,,S,S1,Stuttgart Hbf|Stuttgart-Bad Cannstatt|Stuttgart Neckarpark|Stuttgart-Untertürkheim|Stuttgart-Obertürkheim|Esslingen-Mettingen|Esslingen(Neckar)|Oberesslingen|Esslingen-Zell|Altbach|Plochingen|Wernau(Neckar),8006331,Wendlingen (Neckar),Baden-Württemberg,Wendlingen am Neckar,73240,9.373662098,48.67368917,3,2609112333,,2609112333,,,,,,,,,,,0.0,0.0
-7627926309129217899-2609112329-3,16078,2609112359,,3,,RE,,Ulm Hbf|Merklingen - Schwäbische Alb,8006331,Wendlingen (Neckar),Baden-Württemberg,Wendlingen am Neckar,73240,9.373662098,48.67368917,3,2609112355,,,,h,2,Bauarbeiten,,,,,,,-4.0,0.0
8092363418274949423-2609112350-3,7179,2609112357,2609112358,12,,S,S1,Kirchheim(Teck)|Kirchheim(Teck)-Ötlingen,8006331,Wendlingen (Neckar),Baden-Württemberg,Wendlingen am Neckar,73240,9.373662098,48.67368917,3,2609112357,,2609112358,,,,,,,,,,,0.0,0.0
503863255708873152-2609112305-7,19364,2609112340,2609112341,1,,RE,MEX12,Tübingen Hbf|Reutlingen Hbf|Metzingen(Württ)|Bempflingen|Nürtingen|Oberboihingen,8006331,Wendlingen (Neckar),Baden-Württemberg,Wendlingen am Neckar,73240,9.373662098,48.67368917,3,2609112339,,2609112341,,h,1,Störung,,,,,,,-1.0,0.0
4705599029793291676-2609112320-3,7177,2609112327,2609112328,12,,S,S1,Kirchheim(Teck)|Kirchheim(Teck)-Ötlingen,8006331,Wendlingen (Neckar),Baden-Württemberg,Wendlingen am Neckar,73240,9.373662098,48.67368917,3,2609112327,,2609112328,,,,,,,,,,,0.0,0.0
9117966488978894920-2609112233-7,19250,2609112306,2609112306,1,,RE,MEX18,Tübingen Hbf|Reutlingen Hbf|Metzingen(Württ)|Bempflingen|Nürtingen|Oberboihingen,8006331,Wendlingen (Neckar),Baden-Württemberg,Wendlingen am Neckar,73240,9.373662098,48.67368917,3,2609112308,,2609112308,,h,1,Störung,,,,,,,2.0,2.0
-975220339809458292-2609112324-1,16077,,2609112324,,,RE,RE200,,8006331,Wendlingen (Neckar),Baden-Württemberg,Wendlingen am Neckar,73240,9.373662098,48.67368917,3,,,2609112326,,h,2,Bauarbeiten,,,,,,,0.0,2.0
-8289701104022316843-2609112225-13,7170,2609112302,2609112303,11,,S,S1,Stuttgart Hbf|Stuttgart-Bad Cannstatt|Stuttgart Neckarpark|Stuttgart-Untertürkheim|Stuttgart-Obertürkheim|Esslingen-Mettingen|Esslingen(Neckar)|Oberesslingen|Esslingen-Zell|Altbach|Plochingen|Wernau(Neckar),8006331,Wendlingen (Neckar),Baden-Württemberg,Wendlingen am Neckar,73240,9.373662098,48.67368917,3,2609112302,,2609112303,,,,,,,,,,,0.0,0.0
-4464931541841790379-2609112253-4,19367,2609112318,2609112318,2,,RE,MEX12,Stuttgart Hbf|Esslingen(Neckar)|Plochingen,8006331,Wendlingen (Neckar),Baden-Württemberg,Wendlingen am Neckar,73240,9.373662098,48.67368917,3,2609112323,,2609112324,,h,1,Störung,,,,,,,5.0,6.0
-5197983836264116534-2609112255-12,7172,2609112329,2609112329,2,,S,S1,Stuttgart Hbf|Stuttgart-Bad Cannstatt|Stuttgart Neckarpark|Stuttgart-Untertürkheim|Stuttgart-Obertürkheim|Esslingen-Mettingen|Esslingen(Neckar)|Oberesslingen|Esslingen-Zell|Altbach|Plochingen,8006346,Wernau (Neckar),Baden-Württemberg,Wernau (Neckar),73249,9.413654423,48.69417221,4,2609112329,,2609112329,,,,,,,,,,,0.0,0.0
-5753279830124609145-2609112250-4,7175,2609112301,2609112301,1,,S,S1,Kirchheim(Teck)|Kirchheim(Teck)-Ötlingen|Wendlingen(Neckar),8006346,Wernau (Neckar),Baden-Württemberg,Wernau (Neckar),73249,9.413654423,48.69417221,4,2609112301,,2609112302,,,,,,,,,,,0.0,1.0
4705599029793291676-2609112320-4,7177,2609112331,2609112331,1,,S,S1,Kirchheim(Teck)|Kirchheim(Teck)-Ötlingen|Wendlingen(Neckar),8006346,Wernau (Neckar),Baden-Württemberg,Wernau (Neckar),73249,9.413654423,48.69417221,4,2609112331,,2609112332,,,,,,,,,,,0.0,1.0
-6275608324438357522-2609112325-12,7174,2609112358,2609112359,2,,S,S1,Stuttgart Hbf|Stuttgart-Bad Cannstatt|Stuttgart Neckarpark|Stuttgart-Untertürkheim|Stuttgart-Obertürkheim|Esslingen-Mettingen|Esslingen(Neckar)|Oberesslingen|Esslingen-Zell|Altbach|Plochingen,8006346,Wernau (Neckar),Baden-Württemberg,Wernau (Neckar),73249,9.413654423,48.69417221,4,2609120004,,2609120004,,,,,,,,,,,6.0,5.0
-3024751796155966495-2609112327-4,88651,2609112345,2609112345,2,,ARV,RE90,Stuttgart Hbf|Stuttgart-Bad Cannstatt|Waiblingen,8006479,Winnenden,Baden-Württemberg,Winnenden,71364,9.392155928,48.8795625,3,2609112345,,2609112346,,,,,,,,,,,0.0,1.0
-2519407903994888306-2609112312-9,7372,2609112339,2609112339,2,,S,S3,Stuttgart Hbf|Stuttgart-Bad Cannstatt|Stuttgart Nürnberger Str.|Stuttgart-Sommerrain|Fellbach|Waiblingen|Neustadt-Hohenacker|Schwaikheim,8006479,Winnenden,Baden-Württemberg,Winnenden,71364,9.392155928,48.8795625,3,2609112339,,2609112339,,,,,,,,,,,0.0,0.0
-4957905266396441447-2609112311-4,7375,2609112319,2609112320,3,,S,S3,Backnang|Maubach|Nellmersbach,8006479,Winnenden,Baden-Württemberg,Winnenden,71364,9.392155928,48.8795625,3,2609112325,,2609112326,,,,,,,,,,,6.0,6.0
-1565239122700519355-2609112232-8,17568,2609112313,2609112314,3,,RB,MEX19,Gaildorf West|Fichtenberg|Fornsbach|Murrhardt|Sulzbach(Murr)|Oppenweiler(Württ)|Backnang,8006479,Winnenden,Baden-Württemberg,Winnenden,71364,9.392155928,48.8795625,3,2609112328,,2609112330,,,,,,,,,,,15.0,16.0
-7120372043677331542-2609112341-4,7377,2609112349,2609112350,3,,S,S3,Backnang|Maubach|Nellmersbach,8006479,Winnenden,Baden-Württemberg,Winnenden,71364,9.392155928,48.8795625,3,2609112350,,2609112351,,,,,,,,,,,1.0,1.0
-1663225643001113593-2609112312-7,88650,2609112358,2609120000,3,,ARV,RE90,Schwäbisch Hall-Hessental|Gaildorf West|Murrhardt|Sulzbach(Murr)|Oppenweiler(Württ)|Backnang,8006479,Winnenden,Baden-Württemberg,Winnenden,71364,9.392155928,48.8795625,3,2609120002,,2609120002,,,,,,,,,,,4.0,2.0
-547796110281084784-2609112242-9,7370,2609112309,2609112309,2,,S,S3,Stuttgart Hbf|Stuttgart-Bad Cannstatt|Stuttgart Nürnberger Str.|Stuttgart-Sommerrain|Fellbach|Waiblingen|Neustadt-Hohenacker|Schwaikheim,8006479,Winnenden,Baden-Württemberg,Winnenden,71364,9.392155928,48.8795625,3,2609112309,,2609112309,,,,,,,,,,,0.0,0.0
-7917245534189458014-2609112255-4,17561,2609112313,2609112314,2,,RB,MEX90,Stuttgart Hbf|Stuttgart-Bad Cannstatt|Waiblingen,8006479,Winnenden,Baden-Württemberg,Winnenden,71364,9.392155928,48.8795625,3,2609112314,,2609112315,,,,,,,,,,,1.0,1.0
3150370635624129361-2609112304-5,7073,2609112313,2609112314,1,,S,S60,Böblingen|Sindelfingen|Maichingen|Maichingen Nord,8003807,Magstadt,Baden-Württemberg,Magstadt,71106,8.965315746,48.73616033,6,2609112315,,2609112316,,,,,,,,,,,2.0,2.0
3929535977463866299-2609112334-5,7075,2609112343,2609112344,1,,S,S60,Böblingen|Sindelfingen|Maichingen|Maichingen Nord,8003807,Magstadt,Baden-Württemberg,Magstadt,71106,8.965315746,48.73616033,6,2609112344,,2609112344,,,,,,,,,,,1.0,0.0
7722730552485304498-2609112309-3,7074,2609112315,2609112315,2,,S,S60,Renningen|Renningen Süd,8003807,Magstadt,Baden-Württemberg,Magstadt,71106,8.965315746,48.73616033,6,2609112317,,2609112317,,,,,,,,,,,2.0,2.0
1851201085371332579-2609112339-3,7076,2609112345,2609112345,2,,S,S60,Renningen|Renningen Süd,8003807,Magstadt,Baden-Württemberg,Magstadt,71106,8.965315746,48.73616033,6,2609112346,,2609112346,,,,,,,,,,,1.0,1.0
3150370635624129361-2609112304-4,7073,2609112311,2609112311,1,,S,S60,Böblingen|Sindelfingen|Maichingen,8003834,Maichingen Nord,Baden-Württemberg,Sindelfingen,71069,8.979416996,48.72750392,5,2609112313,,2609112314,,,,,,,,,,,2.0,3.0
3929535977463866299-2609112334-4,7075,2609112341,2609112341,1,,S,S60,Böblingen|Sindelfingen|Maichingen,8003834,Maichingen Nord,Baden-Württemberg,Sindelfingen,71069,8.979416996,48.72750392,5,2609112342,,2609112342,,,,,,,,,,,1.0,1.0
7722730552485304498-2609112309-4,7074,2609112317,2609112317,2,,S,S60,Renningen|Renningen Süd|Magstadt,8003834,Maichingen Nord,Baden-Württemberg,Sindelfingen,71069,8.979416996,48.72750392,5,2609112319,,2609112319,,,,,,,,,,,2.0,2.0
1851201085371332579-2609112339-4,7076,2609112347,2609112347,2,,S,S60,Renningen|Renningen Süd|Magstadt,8003834,Maichingen Nord,Baden-Württemberg,Sindelfingen,71069,8.979416996,48.72750392,5,2609112348,,2609112348,,,,,,,,,,,1.0,1.0
3150370635624129361-2609112304-3,7073,2609112309,2609112310,1,,S,S60,Böblingen|Sindelfingen,8003808,Maichingen,Baden-Württemberg,Sindelfingen,71069,8.969606704,48.72162074,6,2609112311,,2609112312,,,,,,,,,,,2.0,2.0
3929535977463866299-2609112334-3,7075,2609112339,2609112340,1,,S,S60,Böblingen|Sindelfingen,8003808,Maichingen,Baden-Württemberg,Sindelfingen,71069,8.969606704,48.72162074,6,2609112340,,2609112341,,,,,,,,,,,1.0,1.0
7722730552485304498-2609112309-5,7074,2609112319,2609112319,1,,S,S60,Renningen|Renningen Süd|Magstadt|Maichingen Nord,8003808,Maichingen,Baden-Württemberg,Sindelfingen,71069,8.969606704,48.72162074,6,2609112320,,2609112321,,,,,,,,,,,1.0,2.0
1851201085371332579-2609112339-5,7076,2609112349,2609112349,1,,S,S60,Renningen|Renningen Süd|Magstadt|Maichingen Nord,8003808,Maichingen,Baden-Württemberg,Sindelfingen,71069,8.969606704,48.72162074,6,2609112349,,2609112350,,,,,,,,,,,0.0,1.0
3150370635624129361-2609112304-6,7073,2609112317,2609112318,1,,S,S60,Böblingen|Sindelfingen|Maichingen|Maichingen Nord|Magstadt,8005001,Renningen Süd,Baden-Württemberg,Renningen,71272,8.932068278,48.76261937,6,2609112319,,2609112321,,,,,,,,,,,2.0,3.0
3929535977463866299-2609112334-6,7075,2609112347,2609112348,1,,S,S60,Böblingen|Sindelfingen|Maichingen|Maichingen Nord|Magstadt,8005001,Renningen Süd,Baden-Württemberg,Renningen,71272,8.932068278,48.76261937,6,2609112347,,2609112348,,,,,,,,,,,0.0,0.0
7722730552485304498-2609112309-2,7074,2609112311,2609112311,2,,S,S60,Renningen,8005001,Renningen Süd,Baden-Württemberg,Renningen,71272,8.932068278,48.76261937,6,2609112313,,2609112314,,,,,,,,,,,2.0,3.0
1851201085371332579-2609112339-2,7076,2609112341,2609112341,2,,S,S60,Renningen,8005001,Renningen Süd,Baden-Württemberg,Renningen,71272,8.932068278,48.76261937,6,2609112342,,2609112342,,,,,,,,,,,1.0,1.0
