ID,train_number,planned_arrival,planned_departure,planned_platform,planned_status,category_train,train,path,eva_nr,station_name,station_state,station_city,station_zipcode,station_long,station_lat,station_category,changed_arrival,changed_platform_arrival,changed_departure,changed_platform_departure,message_status,priority,info,arrival_hidden,departure_hidden,arrival_path,departure_path,arrival_status,departure_status,arrival_delay_m,departure_delay_m
6929098726566169295-2609042055-10,7164,2609042120,2609042120,4,,S,S1,Stuttgart Hbf|Stuttgart-Bad Cannstatt|Stuttgart Neckarpark|Stuttgart-Untertürkheim|Stuttgart-Obertürkheim|Esslingen-Mettingen|Esslingen(Neckar)|Oberesslingen|Esslingen-Zell,8000508,Altbach,Baden-Württemberg,Altbach,73776,9.382434033,48.72031354,3,2609042122,,2609042123,,,,,,,,,,,2.0,3.0
3106830256264099267-2609042050-6,7167,2609042109,2609042110,3,,S,S1,Kirchheim(Teck)|Kirchheim(Teck)-Ötlingen|Wendlingen(Neckar)|Wernau(Neckar)|Plochingen,8000508,Altbach,Baden-Württemberg,Altbach,73776,9.382434033,48.72031354,3,2609042109,,2609042110,,,,,,,,,,,0.0,0.0
-1445914617040136913-2609042120-6,7169,2609042139,2609042140,3,,S,S1,Kirchheim(Teck)|Kirchheim(Teck)-Ötlingen|Wendlingen(Neckar)|Wernau(Neckar)|Plochingen,8000508,Altbach,Baden-Württemberg,Altbach,73776,9.382434033,48.72031354,3,2609042139,,2609042140,,,,,,,,,,,0.0,0.0
6090333868698703745-2609042125-10,7166,2609042150,2609042150,4,,S,S1,Stuttgart Hbf|Stuttgart-Bad Cannstatt|Stuttgart Neckarpark|Stuttgart-Untertürkheim|Stuttgart-Obertürkheim|Esslingen-Mettingen|Esslingen(Neckar)|Oberesslingen|Esslingen-Zell,8000508,Altbach,Baden-Württemberg,Altbach,73776,9.382434033,48.72031354,3,2609042151,,2609042152,,,,,,,,,,,1.0,2.0
613026341677136269-2609042103-1,7467,,2609042103,,,S,S4,,8000016,Backnang,Baden-Württemberg,Backnang,71522,9.425986107,48.94264844,3,,,2609042103,,,,,,,,,,,0.0,0.0
-5952953719627570212-2609042103-6,17564,2609042136,2609042137,4,,RE,MEX90,Schwäbisch Hall-Hessental|Gaildorf West|Murrhardt|Sulzbach(Murr)|Oppenweiler(Württ),8000016,Backnang,Baden-Württemberg,Backnang,71522,9.425986107,48.94264844,3,2609042139,,2609042140,,h,2,Störung,,,,,,,3.0,3.0
7418717905807514467-2609042034-7,17562,2609042106,,3,,RB,,Gaildorf West|Fichtenberg|Fornsbach|Murrhardt|Sulzbach(Murr)|Oppenweiler(Württ),8000016,Backnang,Baden-Württemberg,Backnang,71522,9.425986107,48.94264844,3,2609042124,,,,,,,,,,,,,18.0,0.0
6924424662402192372-2609042112-12,7364,2609042148,,5,,S,,Stuttgart Hbf|Stuttgart-Bad Cannstatt|Stuttgart Nürnberger Str.|Stuttgart-Sommerrain|Fellbach|Waiblingen|Neustadt-Hohenacker|Schwaikheim|Winnenden|Nellmersbach|Maubach,8000016,Backnang,Baden-Württemberg,Backnang,71522,9.425986107,48.94264844,3,2609042148,,,,,,,,,,,,,0.0,0.0
6402086477437547994-2609042107-14,7462,2609042152,,1,,S,,Stuttgart Hbf|Stuttgart Nordbahnhof|Stuttgart-Feuerbach|Stuttgart-Zuffenhausen|Kornwestheim Pbf|Ludwigsburg|Favoritepark|Freiberg(Neckar)|Benningen(Neckar)|Marbach(Neckar)|Erdmannhausen|Kirchberg(Murr)|Burgstall(Murr),8000016,Backnang,Baden-Württemberg,Backnang,71522,9.425986107,48.94264844,3,2609042158,,,,,,,,,,,,,6.0,0.0
-4217556654966046239-2609042042-12,7362,2609042118,,5,,S,,Stuttgart Hbf|Stuttgart-Bad Cannstatt|Stuttgart Nürnberger Str.|Stuttgart-Sommerrain|Fellbach|Waiblingen|Neustadt-Hohenacker|Schwaikheim|Winnenden|Nellmersbach|Maubach,8000016,Backnang,Baden-Württemberg,Backnang,71522,9.425986107,48.94264844,3,2609042118,,,,,,,,,,,,,0.0,0.0
-2670578142775611336-2609042037-14,7460,2609042122,,1,,S,,Stuttgart Hbf|Stuttgart Nordbahnhof|Stuttgart-Feuerbach|Stuttgart-Zuffenhausen|Kornwestheim Pbf|Ludwigsburg|Favoritepark|Freiberg(Neckar)|Benningen(Neckar)|Marbach(Neckar)|Erdmannhausen|Kirchberg(Murr)|Burgstall(Murr),8000016,Backnang,Baden-Württemberg,Backnang,71522,9.425986107,48.94264844,3,2609042128,,,,,,,,,,,,,6.0,0.0
3859668929434965477-2609042111-1,7367,,2609042111,,,S,S3,,8000016,Backnang,Baden-Württemberg,Backnang,71522,9.425986107,48.94264844,3,,,2609042113,,,,,,,,,,,0.0,2.0
970449513727673732-2609042141-1,7369,,2609042141,,,S,S3,,8000016,Backnang,Baden-Württemberg,Backnang,71522,9.425986107,48.94264844,3,,,2609042143,,,,,,,,,,,0.0,2.0
9208125594300952260-2609042057-5,88647,2609042122,2609042124,4,,ARV,RE90,Stuttgart Hbf|Stuttgart-Bad Cannstatt|Waiblingen|Winnenden,8000016,Backnang,Baden-Württemberg,Backnang,71522,9.425986107,48.94264844,3,2609042123,,2609042127,,r,,,,,,,,,1.0,3.0
8574263120480324907-2609042152-1,17557,,2609042152,,,RB,MEX90,,8000016,Backnang,Baden-Württemberg,Backnang,71522,9.425986107,48.94264844,3,,,2609042152,,h,2,Störung,,,,,,,0.0,0.0
613026341677136269-2609042103-6,7467,2609042127,2609042127,2,,S,S4,Backnang|Burgstall(Murr)|Kirchberg(Murr)|Erdmannhausen|Marbach(Neckar),8000873,Benningen (Neckar),Baden-Württemberg,Benningen am Neckar,71726,9.244299075,48.94379773,5,2609042127,,2609042128,,,,,,,,,,,0.0,1.0
6402086477437547994-2609042107-9,7462,2609042132,2609042133,1,,S,S4,Stuttgart Hbf|Stuttgart Nordbahnhof|Stuttgart-Feuerbach|Stuttgart-Zuffenhausen|Kornwestheim Pbf|Ludwigsburg|Favoritepark|Freiberg(Neckar),8000873,Benningen (Neckar),Baden-Württemberg,Benningen am Neckar,71726,9.244299075,48.94379773,5,2609042137,,2609042137,,,,,,,,,,,5.0,4.0
-2670578142775611336-2609042037-9,7460,2609042102,2609042103,1,,S,S4,Stuttgart Hbf|Stuttgart Nordbahnhof|Stuttgart-Feuerbach|Stuttgart-Zuffenhausen|Kornwestheim Pbf|Ludwigsburg|Favoritepark|Freiberg(Neckar),8000873,Benningen (Neckar),Baden-Württemberg,Benningen am Neckar,71726,9.244299075,48.94379773,5,2609042107,,2609042108,,,,,,,,,,,5.0,5.0
3766048702884366970-2609042155-2,7469,2609042157,2609042157,2,,S,S4,Marbach(Neckar),8000873,Benningen (Neckar),Baden-Württemberg,Benningen am Neckar,71726,9.244299075,48.94379773,5,2609042159,,2609042159,,,,,,,,,,,2.0,2.0
2890455660221075834-2609042133-6,7269,2609042145,2609042145,2,,S,S2,Schorndorf|Weiler(Rems)|Winterbach(b Schorndorf)|Geradstetten|Grunbach,8000934,Beutelsbach,Baden-Württemberg,Weinstadt,71384,9.38551589,48.81038925,5,2609042145,,2609042146,,h,2,Bauarbeiten,,,,,,,0.0,1.0
3090077021401438649-2609042050-10,7262,2609042113,2609042113,1,,S,S2,Stuttgart Hbf|Stuttgart-Bad Cannstatt|Stuttgart Nürnberger Str.|Stuttgart-Sommerrain|Fellbach|Waiblingen|Rommelshausen|Stetten-Beinstein|Endersbach,8000934,Beutelsbach,Baden-Württemberg,Weinstadt,71384,9.38551589,48.81038925,5,2609042113,,2609042114,,h,2,Bauarbeiten,,,,,,,0.0,1.0
-7971444916294519755-2609042120-10,7264,2609042143,2609042143,1,,S,S2,Stuttgart Hbf|Stuttgart-Bad Cannstatt|Stuttgart Nürnberger Str.|Stuttgart-Sommerrain|Fellbach|Waiblingen|Rommelshausen|Stetten-Beinstein|Endersbach,8000934,Beutelsbach,Baden-Württemberg,Weinstadt,71384,9.38551589,48.81038925,5,2609042148,,2609042149,,h,2,Bauarbeiten,,,,,,,5.0,6.0
2628700476961371155-2609042103-6,7267,2609042115,2609042115,2,,S,S2,Schorndorf|Weiler(Rems)|Winterbach(b Schorndorf)|Geradstetten|Grunbach,8000934,Beutelsbach,Baden-Württemberg,Weinstadt,71384,9.38551589,48.81038925,5,2609042115,,2609042116,,h,2,Bauarbeiten,,,,,,,0.0,1.0
2482873040206726198-2609042104-1,19534,,2609042104,,,RE,MEX17,,8000038,Bietigheim-Bissingen,Baden-Württemberg,Bietigheim-Bissingen,74321,9.137217396,48.94794988,2,,,2609042105,,h,2,Störung,,,,,,,0.0,1.0
9213895271120086804-2609042114-12,19537,2609042149,,4,,RE,,Pforzheim Hbf|Eutingen(Baden)|Niefern|Enzberg|Mühlacker|Mühlacker Rößlesweg|Illingen(Württ)|Vaihingen(Enz)|Sersheim|Sachsenheim|Ellental,8000038,Bietigheim-Bissingen,Baden-Württemberg,Bietigheim-Bissingen,74321,9.137217396,48.94794988,2,2609042151,7,,,h,2,Störung,,,,,,,2.0,0.0
-5278958257211183007-2609042132-1,19294,,2609042132,,,RE,MEX17,,8000038,Bietigheim-Bissingen,Baden-Württemberg,Bietigheim-Bissingen,74321,9.137217396,48.94794988,2,,,2609042132,4,h,2,Störung,,,,,,,0.0,0.0
3007786819983011594-2609042044-12,19293,2609042124,,3,,RE,,Pforzheim Hbf|Eutingen(Baden)|Niefern|Enzberg|Mühlacker|Mühlacker Rößlesweg|Illingen(Württ)|Vaihingen(Enz)|Sersheim|Sachsenheim|Ellental,8000038,Bietigheim-Bissingen,Baden-Württemberg,Bietigheim-Bissingen,74321,9.137217396,48.94794988,2,2609042124,4,,,h,2,Störung,,,,,,,0.0,0.0
-5866427935955509808-2609042134-1,7067,,2609042134,,,S,S60,,8001055,Böblingen,Baden-Württemberg,Böblingen,71034,9.004531864,48.68784871,3,,,2609042135,,,,,,,,,,,0.0,1.0
6707371745203943234-2609042102-12,8169,2609042125,,1,,WEG,,Dettenhausen|Weil im Schönbuch Untere Halde|Weil im Schönbuch Röte|Weil im Schönbuch Troppel|Holzgerlingen Buch|Holzgerlingen Bf|Holzgerlingen Hülben|Böblingen Zimmerschlag|Böblingen Heusteigstr|Böblingen Südbf|Böblingen Danziger Str,8001055,Böblingen,Baden-Württemberg,Böblingen,71034,9.004531864,48.68784871,3,2609042125,,,,,,,,,,,,,0.0,0.0
4738053113714419734-2609042105-1,8168,,2609042105,,,WEG,RB46,,8001055,Böblingen,Baden-Württemberg,Böblingen,71034,9.004531864,48.68784871,3,,,2609042105,,,,,,,,,,,0.0,0.0
-8173057082443024324-2609042013-15,17682,2609042120,2609042121,2,,RE,RE14b,Freudenstadt Hbf|Grüntal-Wittlensweiler|Dornstetten-Aach|Dornstetten|Schopfloch(b Freudenstadt)|Bittelbronn|Horb-Heiligenfeld|Hochdorf(b Horb)|Eutingen Nord|Eutingen im Gäu|Ergenzingen|Bondorf(b Herrenberg)|Gäufelden|Herrenberg,8001055,Böblingen,Baden-Württemberg,Böblingen,71034,9.004531864,48.68784871,3,2609042126,,2609042128,,,,,,,,,,,6.0,7.0
7537870707558801072-2609042116-4,7765,2609042130,2609042130,4,,S,S1,Stuttgart-Vaihingen|Stuttgart-Rohr|Goldberg(Württ),8001055,Böblingen,Baden-Württemberg,Böblingen,71034,9.004531864,48.68784871,3,2609042130,,2609042131,,,,,,,,,,,0.0,1.0
4683056481244044415-2609042046-4,7763,2609042100,2609042100,4,,S,S1,Stuttgart-Vaihingen|Stuttgart-Rohr|Goldberg(Württ),8001055,Böblingen,Baden-Württemberg,Böblingen,71034,9.004531864,48.68784871,3,2609042100,,2609042111,,,,,,,,,,,0.0,11.0
-5721042257730826301-2609042038-16,7066,2609042126,,5,,S,,Stuttgart-Feuerbach|Stuttgart-Zuffenhausen|Neuwirtshaus(Porscheplatz)|Korntal|Weilimdorf|Ditzingen|Höfingen|Leonberg|Rutesheim|Renningen|Renningen Süd|Magstadt|Maichingen Nord|Maichingen|Sindelfingen,8001055,Böblingen,Baden-Württemberg,Böblingen,71034,9.004531864,48.68784871,3,2609042129,,,,,,,,,,,,,3.0,0.0
1091836898745684931-2609042116-6,7768,2609042130,2609042130,3,,S,S1,Herrenberg|Nufringen|Gärtringen|Ehningen(b Böblingen)|Hulb,8001055,Böblingen,Baden-Württemberg,Böblingen,71034,9.004531864,48.68784871,3,2609042134,,2609042134,,,,,,,,,,,4.0,4.0
5309476577673731873-2609042101-3,28499,2609042126,,2,,RE,,Stuttgart Hbf|Stuttgart-Vaihingen,8001055,Böblingen,Baden-Württemberg,Böblingen,71034,9.004531864,48.68784871,3,2609042145,,,,,,,,,,,,,19.0,0.0
-279161464129784570-2609042139-7,7068,2609042156,,5,,S,,Renningen|Renningen Süd|Magstadt|Maichingen Nord|Maichingen|Sindelfingen,8001055,Böblingen,Baden-Württemberg,Böblingen,71034,9.004531864,48.68784871,3,2609042156,,,,,,,,,,,,,0.0,0.0
-1277972719015839341-2609042046-6,7766,2609042100,2609042100,3,,S,S1,Herrenberg|Nufringen|Gärtringen|Ehningen(b Böblingen)|Hulb,8001055,Böblingen,Baden-Württemberg,Böblingen,71034,9.004531864,48.68784871,3,2609042102,,2609042103,,,,,,,,,,,2.0,3.0
-8158613416807274501-2609042104-1,7065,,2609042104,,,S,S60,,8001055,Böblingen,Baden-Württemberg,Böblingen,71034,9.004531864,48.68784871,3,,,2609042112,,,,,,,,,,,0.0,8.0
978787480329593539-2609042135-1,8172,,2609042135,,,WEG,RB46,,8001055,Böblingen,Baden-Württemberg,Böblingen,71034,9.004531864,48.68784871,3,,,2609042136,,,,,,,,,,,0.0,1.0
3342960685238521043-2609042015-9,17680,2609042120,2609042121,2,,RE,RE14a,Oberndorf(Neckar)|Sulz(Neckar)|Horb|Eutingen im Gäu|Ergenzingen|Bondorf(b Herrenberg)|Gäufelden|Herrenberg,8001055,Böblingen,Baden-Württemberg,Böblingen,71034,9.004531864,48.68784871,3,2609042126,,2609042128,,,,,,,,,,,6.0,7.0
-5395345771773963639-2609042132-12,8173,2609042155,,1,,WEG,,Dettenhausen|Weil im Schönbuch Untere Halde|Weil im Schönbuch Röte|Weil im Schönbuch Troppel|Holzgerlingen Buch|Holzgerlingen Bf|Holzgerlingen Hülben|Böblingen Zimmerschlag|Böblingen Heusteigstr|Böblingen Südbf|Böblingen Danziger Str,8001055,Böblingen,Baden-Württemberg,Böblingen,71034,9.004531864,48.68784871,3,2609042155,,,,,,,,,,,,,0.0,0.0
613026341677136269-2609042103-2,7467,2609042107,2609042108,1,,S,S4,Backnang,8001296,Burgstall (Murr),Baden-Württemberg,Burgstetten,71576,9.36973562,48.92851826,6,2609042108,,2609042108,,,,,,,,,,,1.0,0.0
6402086477437547994-2609042107-13,7462,2609042147,2609042147,1,,S,S4,Stuttgart Hbf|Stuttgart Nordbahnhof|Stuttgart-Feuerbach|Stuttgart-Zuffenhausen|Kornwestheim Pbf|Ludwigsburg|Favoritepark|Freiberg(Neckar)|Benningen(Neckar)|Marbach(Neckar)|Erdmannhausen|Kirchberg(Murr),8001296,Burgstall (Murr),Baden-Württemberg,Burgstetten,71576,9.36973562,48.92851826,6,2609042154,,2609042154,,,,,,,,,,,7.0,7.0
-2670578142775611336-2609042037-13,7460,2609042117,2609042117,1,,S,S4,Stuttgart Hbf|Stuttgart Nordbahnhof|Stuttgart-Feuerbach|Stuttgart-Zuffenhausen|Kornwestheim Pbf|Ludwigsburg|Favoritepark|Freiberg(Neckar)|Benningen(Neckar)|Marbach(Neckar)|Erdmannhausen|Kirchberg(Murr),8001296,Burgstall (Murr),Baden-Württemberg,Burgstetten,71576,9.36973562,48.92851826,6,2609042123,,2609042123,,,,,,,,,,,6.0,6.0
-7506781114720968709-2609042103-7,7667,2609042124,2609042124,3,,S,S6,Weil der Stadt|Malmsheim|Renningen|Rutesheim|Leonberg|Höfingen,8001476,Ditzingen,Baden-Württemberg,Ditzingen,71254,9.067095186,48.82358726,4,2609042124,,2609042124,,,,,,,,,,,0.0,0.0
-4129909752986717170-2609042133-7,7669,2609042154,2609042154,3,,S,S6,Weil der Stadt|Malmsheim|Renningen|Rutesheim|Leonberg|Höfingen,8001476,Ditzingen,Baden-Württemberg,Ditzingen,71254,9.067095186,48.82358726,4,2609042154,,2609042154,,,,,,,,,,,0.0,0.0
-2482016822020551491-2609042117-8,7664,2609042136,2609042136,2,,S,S6,Stuttgart Hbf|Stuttgart Nordbahnhof|Stuttgart-Feuerbach|Stuttgart-Zuffenhausen|Neuwirtshaus(Porscheplatz)|Korntal|Weilimdorf,8001476,Ditzingen,Baden-Württemberg,Ditzingen,71254,9.067095186,48.82358726,4,2609042136,,2609042136,,,,,,,,,,,0.0,0.0
-4954691136188615428-2609042047-8,7662,2609042106,2609042106,2,,S,S6,Stuttgart Hbf|Stuttgart Nordbahnhof|Stuttgart-Feuerbach|Stuttgart-Zuffenhausen|Neuwirtshaus(Porscheplatz)|Korntal|Weilimdorf,8001476,Ditzingen,Baden-Württemberg,Ditzingen,71254,9.067095186,48.82358726,4,2609042108,,2609042108,,,,,,,,,,,2.0,2.0
-2334134821981316841-2609042133-3,7966,2609042140,2609042140,2,,S,S2,Filderstadt|Stuttgart Flughafen/Messe,8001650,Echterdingen,Baden-Württemberg,Echterdingen,70771,9.169307175,48.69214787,4,2609042140,,2609042140,,,,,,,,,,,0.0,0.0
-7605544355025909436-2609042103-3,7964,2609042110,2609042110,2,,S,S2,Filderstadt|Stuttgart Flughafen/Messe,8001650,Echterdingen,Baden-Württemberg,Echterdingen,70771,9.169307175,48.69214787,4,2609042110,,2609042110,,,,,,,,,,,0.0,0.0
7308365696903436202-2609042105-5,7965,2609042119,2609042120,1,,S,S2,Stuttgart-Vaihingen|Stuttgart-Rohr|Oberaichen|Leinfelden,8001650,Echterdingen,Baden-Württemberg,Echterdingen,70771,9.169307175,48.69214787,4,2609042119,,2609042120,,,,,,,,,,,0.0,0.0
4105031587460682562-2609042135-5,7967,2609042149,2609042150,1,,S,S2,Stuttgart-Vaihingen|Stuttgart-Rohr|Oberaichen|Leinfelden,8001650,Echterdingen,Baden-Württemberg,Echterdingen,70771,9.169307175,48.69214787,4,2609042149,,2609042150,,,,,,,,,,,0.0,0.0
7537870707558801072-2609042116-6,7765,2609042135,2609042135,2,,S,S1,Stuttgart-Vaihingen|Stuttgart-Rohr|Goldberg(Württ)|Böblingen|Hulb,8001689,Ehningen (b Böblingen),Baden-Württemberg,Ehningen,71139,8.944310368,48.66275549,4,2609042135,,2609042136,,,,,,,,,,,0.0,1.0
4683056481244044415-2609042046-6,7763,2609042105,2609042105,2,,S,S1,Stuttgart-Vaihingen|Stuttgart-Rohr|Goldberg(Württ)|Böblingen|Hulb,8001689,Ehningen (b Böblingen),Baden-Württemberg,Ehningen,71139,8.944310368,48.66275549,4,2609042115,,2609042116,,,,,,,,,,,10.0,11.0
1091836898745684931-2609042116-4,7768,2609042125,2609042125,1,,S,S1,Herrenberg|Nufringen|Gärtringen,8001689,Ehningen (b Böblingen),Baden-Württemberg,Ehningen,71139,8.944310368,48.66275549,4,2609042128,,2609042129,,,,,,,,,,,3.0,4.0
800896748119483466-2609042146-4,7770,2609042155,2609042155,1,,S,S1,Herrenberg|Nufringen|Gärtringen,8001689,Ehningen (b Böblingen),Baden-Württemberg,Ehningen,71139,8.944310368,48.66275549,4,2609042155,,2609042155,,,,,,,,,,,0.0,0.0
2890455660221075834-2609042133-7,7269,2609042147,2609042147,3,,S,S2,Schorndorf|Weiler(Rems)|Winterbach(b Schorndorf)|Geradstetten|Grunbach|Beutelsbach,8001785,Endersbach,Baden-Württemberg,Weinstadt,71384,9.370192421,48.81317323,4,2609042147,,2609042147,,h,2,Bauarbeiten,,,,,,,0.0,0.0
3090077021401438649-2609042050-9,7262,2609042111,2609042111,2,,S,S2,Stuttgart Hbf|Stuttgart-Bad Cannstatt|Stuttgart Nürnberger Str.|Stuttgart-Sommerrain|Fellbach|Waiblingen|Rommelshausen|Stetten-Beinstein,8001785,Endersbach,Baden-Württemberg,Weinstadt,71384,9.370192421,48.81317323,4,2609042111,,2609042112,,h,2,Bauarbeiten,,,,,,,0.0,1.0
-7971444916294519755-2609042120-9,7264,2609042141,2609042141,2,,S,S2,Stuttgart Hbf|Stuttgart-Bad Cannstatt|Stuttgart Nürnberger Str.|Stuttgart-Sommerrain|Fellbach|Waiblingen|Rommelshausen|Stetten-Beinstein,8001785,Endersbach,Baden-Württemberg,Weinstadt,71384,9.370192421,48.81317323,4,2609042147,,2609042147,,h,2,Bauarbeiten,,,,,,,6.0,6.0
2628700476961371155-2609042103-7,7267,2609042117,2609042117,3,,S,S2,Schorndorf|Weiler(Rems)|Winterbach(b Schorndorf)|Geradstetten|Grunbach|Beutelsbach,8001785,Endersbach,Baden-Württemberg,Weinstadt,71384,9.370192421,48.81317323,4,2609042117,,2609042117,,h,2,Bauarbeiten,,,,,,,0.0,0.0
613026341677136269-2609042103-4,7467,2609042117,2609042118,1,,S,S4,Backnang|Burgstall(Murr)|Kirchberg(Murr),8001827,Erdmannhausen,Baden-Württemberg,Erdmannhausen,71729,9.298930848,48.9483447,6,2609042121,,2609042122,,,,,,,,,,,4.0,4.0
6402086477437547994-2609042107-11,7462,2609042140,2609042140,1,,S,S4,Stuttgart Hbf|Stuttgart Nordbahnhof|Stuttgart-Feuerbach|Stuttgart-Zuffenhausen|Kornwestheim Pbf|Ludwigsburg|Favoritepark|Freiberg(Neckar)|Benningen(Neckar)|Marbach(Neckar),8001827,Erdmannhausen,Baden-Württemberg,Erdmannhausen,71729,9.298930848,48.9483447,6,2609042146,,2609042148,,,,,,,,,,,6.0,8.0
-2670578142775611336-2609042037-11,7460,2609042110,2609042110,1,,S,S4,Stuttgart Hbf|Stuttgart Nordbahnhof|Stuttgart-Feuerbach|Stuttgart-Zuffenhausen|Kornwestheim Pbf|Ludwigsburg|Favoritepark|Freiberg(Neckar)|Benningen(Neckar)|Marbach(Neckar),8001827,Erdmannhausen,Baden-Württemberg,Erdmannhausen,71729,9.298930848,48.9483447,6,2609042115,,2609042116,,,,,,,,,,,5.0,6.0
-3985651556599643211-2609042120-2,19335,2609042134,2609042135,6,,RE,MEX18,Kornwestheim Pbf,8001920,Esslingen (Neckar),Baden-Württemberg,Esslingen am Neckar,73728,9.300578149,48.73854148,3,2609042221,5,2609042222,5,h,2,Störung,,,Kornwestheim Pbf,Plochingen|Wendlingen(Neckar)|Nürtingen|Metzingen(Württ)|Reutlingen Hbf,,,47.0,47.0
6929098726566169295-2609042055-7,7164,2609042112,2609042113,8,,S,S1,Stuttgart Hbf|Stuttgart-Bad Cannstatt|Stuttgart Neckarpark|Stuttgart-Untertürkheim|Stuttgart-Obertürkheim|Esslingen-Mettingen,8001920,Esslingen (Neckar),Baden-Württemberg,Esslingen am Neckar,73728,9.300578149,48.73854148,3,2609042114,,2609042115,,,,,,,,,,,2.0,2.0
3106830256264099267-2609042050-9,7167,2609042117,2609042117,7,,S,S1,Kirchheim(Teck)|Kirchheim(Teck)-Ötlingen|Wendlingen(Neckar)|Wernau(Neckar)|Plochingen|Altbach|Esslingen-Zell|Oberesslingen,8001920,Esslingen (Neckar),Baden-Württemberg,Esslingen am Neckar,73728,9.300578149,48.73854148,3,2609042117,,2609042118,,,,,,,,,,,0.0,1.0
-1445914617040136913-2609042120-9,7169,2609042147,2609042147,7,,S,S1,Kirchheim(Teck)|Kirchheim(Teck)-Ötlingen|Wendlingen(Neckar)|Wernau(Neckar)|Plochingen|Altbach|Esslingen-Zell|Oberesslingen,8001920,Esslingen (Neckar),Baden-Württemberg,Esslingen am Neckar,73728,9.300578149,48.73854148,3,2609042147,,2609042153,,,,,,,,,,,0.0,6.0
-3543196118111640054-2609042016-14,19172,2609042104,2609042105,3,,ARV,MEX16,Geislingen(Steige)|Geislingen(Steige)West|Kuchen|Gingen(Fils)|Süßen|Salach|Eislingen(Fils)|Göppingen|Faurndau|Uhingen|Ebersbach(Fils)|Reichenbach(Fils)|Plochingen,8001920,Esslingen (Neckar),Baden-Württemberg,Esslingen am Neckar,73728,9.300578149,48.73854148,3,2609042104,2,2609042105,2,,,,,,,,,,0.0,0.0
6090333868698703745-2609042125-7,7166,2609042142,2609042143,8,,S,S1,Stuttgart Hbf|Stuttgart-Bad Cannstatt|Stuttgart Neckarpark|Stuttgart-Untertürkheim|Stuttgart-Obertürkheim|Esslingen-Mettingen,8001920,Esslingen (Neckar),Baden-Württemberg,Esslingen am Neckar,73728,9.300578149,48.73854148,3,2609042144,,2609042145,,,,,,,,,,,2.0,2.0
-8269850265962571195-2609042045-2,19349,2609042103,2609042105,8,,RE,MEX12,Kornwestheim Pbf,8001920,Esslingen (Neckar),Baden-Württemberg,Esslingen am Neckar,73728,9.300578149,48.73854148,3,2609042154,5,2609042155,5,h,2,Störung,,,Kornwestheim Pbf,Plochingen|Wendlingen(Neckar)|Oberboihingen|Nürtingen|Bempflingen|Metzingen(Württ)|Reutlingen Hbf,,,51.0,50.0
-5010751629399415312-2609042043-6,19336,2609042122,2609042123,3,,RE,MEX18,Reutlingen Hbf|Metzingen(Württ)|Nürtingen|Wendlingen(Neckar)|Plochingen,8001920,Esslingen (Neckar),Baden-Württemberg,Esslingen am Neckar,73728,9.300578149,48.73854148,3,2609042120,,2609042123,,h,2,Störung,,,,,c,c,-2.0,0.0
2515064770390304228-2609042140-3,19177,2609042151,2609042154,5,,ARV,MEX16,Stuttgart Hbf|Stuttgart-Bad Cannstatt,8001920,Esslingen (Neckar),Baden-Württemberg,Esslingen am Neckar,73728,9.300578149,48.73854148,3,2609042158,6,2609042159,6,,,,,,,,,,7.0,5.0
6759640336004358692-2609041905-12,4230,2609042109,2609042110,3,,RE,RE5,Friedrichshafen Stadt|Meckenbeuren|Ravensburg|Aulendorf|Bad Schussenried|Biberach(Riß)|Laupheim West|Ulm Hbf|Geislingen(Steige)|Göppingen|Plochingen,8001920,Esslingen (Neckar),Baden-Württemberg,Esslingen am Neckar,73728,9.300578149,48.73854148,3,2609042152,2,2609042156,2,h,2,Information,,,Friedrichshafen Stadt|Meckenbeuren|Ravensburg|Aulendorf|Bad Schussenried|Biberach(Riß)|Laupheim West|Ulm Hbf|Geislingen(Steige)|Göppingen|Plochingen,Stuttgart Hbf,,,43.0,46.0
-2585135652499158105-2609041741-8,1015,2609042148,2609042152,6,,ICE,,Essen Hbf|Duisburg Hbf|Düsseldorf Hbf|Köln Messe/Deutz Gl.11-12|Frankfurt(M) Flughafen Fernbf|Mannheim Hbf|Vaihingen(Enz),8001920,Esslingen (Neckar),Baden-Württemberg,Esslingen am Neckar,73728,9.300578149,48.73854148,3,2609042236,5,2609042238,5,c,,,,,Essen Hbf|Duisburg Hbf|Düsseldorf Hbf|Köln Messe/Deutz Gl.11-12|Frankfurt(M) Flughafen Fernbf|Mannheim Hbf|Vaihingen(Enz),Ulm Hbf|Augsburg Hbf|München Hbf,,,48.0,46.0
9051693092006692929-2609042137-2,4235,2609042145,2609042147,5,,RE,RE5,Stuttgart Hbf,8001920,Esslingen (Neckar),Baden-Württemberg,Esslingen am Neckar,73728,9.300578149,48.73854148,3,2609042154,8,2609042156,8,h,2,Störung,,,,,,,9.0,9.0
-557792537201496520-2609042100-3,19175,2609042115,2609042115,6,,ARV,MEX16,Stuttgart Hbf|Stuttgart-Bad Cannstatt,8001920,Esslingen (Neckar),Baden-Württemberg,Esslingen am Neckar,73728,9.300578149,48.73854148,3,2609042148,,2609042151,,,,,,,Stuttgart Hbf|Stuttgart-Bad Cannstatt,Plochingen|Reichenbach(Fils)|Ebersbach(Fils)|Uhingen|Faurndau|Göppingen|Eislingen(Fils)|Salach|Süßen|Gingen(Fils)|Kuchen|Geislingen(Steige)West|Geislingen(Steige),,,33.0,36.0
-9043595130434349800-2609042048-14,19174,2609042140,2609042140,3,,ARV,MEX16,Geislingen(Steige)|Geislingen(Steige)West|Kuchen|Gingen(Fils)|Süßen|Salach|Eislingen(Fils)|Göppingen|Faurndau|Uhingen|Ebersbach(Fils)|Reichenbach(Fils)|Plochingen,8001920,Esslingen (Neckar),Baden-Württemberg,Esslingen am Neckar,73728,9.300578149,48.73854148,3,2609042143,2,2609042146,2,,,,,,,,,,3.0,6.0
-6102671226917243432-2609042116-8,19358,2609042154,2609042155,3,,RE,MEX12,Reutlingen Hbf|Metzingen(Württ)|Bempflingen|Nürtingen|Oberboihingen|Wendlingen(Neckar)|Plochingen,8001920,Esslingen (Neckar),Baden-Württemberg,Esslingen am Neckar,73728,9.300578149,48.73854148,3,2609042200,2,2609042205,2,h,2,Störung,,,,,,,6.0,10.0
6929098726566169295-2609042055-6,7164,2609042109,2609042109,4,,S,S1,Stuttgart Hbf|Stuttgart-Bad Cannstatt|Stuttgart Neckarpark|Stuttgart-Untertürkheim|Stuttgart-Obertürkheim,8001921,Esslingen-Mettingen,Baden-Württemberg,Esslingen am Neckar,73733,9.275799007,48.74696655,3,2609042112,,2609042113,,,,,,,,,,,3.0,4.0
3106830256264099267-2609042050-10,7167,2609042119,2609042120,3,,S,S1,Kirchheim(Teck)|Kirchheim(Teck)-Ötlingen|Wendlingen(Neckar)|Wernau(Neckar)|Plochingen|Altbach|Esslingen-Zell|Oberesslingen|Esslingen(Neckar),8001921,Esslingen-Mettingen,Baden-Württemberg,Esslingen am Neckar,73733,9.275799007,48.74696655,3,2609042120,,2609042121,,,,,,,,,,,1.0,1.0
-1445914617040136913-2609042120-10,7169,2609042149,2609042150,3,,S,S1,Kirchheim(Teck)|Kirchheim(Teck)-Ötlingen|Wendlingen(Neckar)|Wernau(Neckar)|Plochingen|Altbach|Esslingen-Zell|Oberesslingen|Esslingen(Neckar),8001921,Esslingen-Mettingen,Baden-Württemberg,Esslingen am Neckar,73733,9.275799007,48.74696655,3,2609042155,,2609042156,,,,,,,,,,,6.0,6.0
6090333868698703745-2609042125-6,7166,2609042139,2609042139,4,,S,S1,Stuttgart Hbf|Stuttgart-Bad Cannstatt|Stuttgart Neckarpark|Stuttgart-Untertürkheim|Stuttgart-Obertürkheim,8001921,Esslingen-Mettingen,Baden-Württemberg,Esslingen am Neckar,73733,9.275799007,48.74696655,3,2609042142,,2609042142,,,,,,,,,,,3.0,3.0
6929098726566169295-2609042055-9,7164,2609042117,2609042118,4,,S,S1,Stuttgart Hbf|Stuttgart-Bad Cannstatt|Stuttgart Neckarpark|Stuttgart-Untertürkheim|Stuttgart-Obertürkheim|Esslingen-Mettingen|Esslingen(Neckar)|Oberesslingen,8006642,Esslingen-Zell,Baden-Württemberg,Esslingen am Neckar,73730,9.359739507,48.72436142,3,2609042120,,2609042120,,,,,,,,,,,3.0,2.0
3106830256264099267-2609042050-7,7167,2609042112,2609042112,3,,S,S1,Kirchheim(Teck)|Kirchheim(Teck)-Ötlingen|Wendlingen(Neckar)|Wernau(Neckar)|Plochingen|Altbach,8006642,Esslingen-Zell,Baden-Württemberg,Esslingen am Neckar,73730,9.359739507,48.72436142,3,2609042112,,2609042112,,,,,,,,,,,0.0,0.0
-1445914617040136913-2609042120-7,7169,2609042142,2609042142,3,,S,S1,Kirchheim(Teck)|Kirchheim(Teck)-Ötlingen|Wendlingen(Neckar)|Wernau(Neckar)|Plochingen|Altbach,8006642,Esslingen-Zell,Baden-Württemberg,Esslingen am Neckar,73730,9.359739507,48.72436142,3,2609042142,,2609042142,,,,,,,,,,,0.0,0.0
6090333868698703745-2609042125-9,7166,2609042147,2609042148,4,,S,S1,Stuttgart Hbf|Stuttgart-Bad Cannstatt|Stuttgart Neckarpark|Stuttgart-Untertürkheim|Stuttgart-Obertürkheim|Esslingen-Mettingen|Esslingen(Neckar)|Oberesslingen,8006642,Esslingen-Zell,Baden-Württemberg,Esslingen am Neckar,73730,9.359739507,48.72436142,3,2609042149,,2609042149,,,,,,,,,,,2.0,1.0
613026341677136269-2609042103-8,7467,2609042133,2609042134,2,,S,S4,Backnang|Burgstall(Murr)|Kirchberg(Murr)|Erdmannhausen|Marbach(Neckar)|Benningen(Neckar)|Freiberg(Neckar),8001967,Favoritepark,Baden-Württemberg,Ludwigsburg,71634,9.180574277,48.90948451,5,2609042134,,2609042135,,,,,,,,,,,1.0,1.0
-5248477185843077062-2609042033-8,7465,2609042103,2609042104,2,,S,S4,Backnang|Burgstall(Murr)|Kirchberg(Murr)|Erdmannhausen|Marbach(Neckar)|Benningen(Neckar)|Freiberg(Neckar),8001967,Favoritepark,Baden-Württemberg,Ludwigsburg,71634,9.180574277,48.90948451,5,2609042103,,2609042104,,,,,,,,,,,0.0,0.0
6402086477437547994-2609042107-7,7462,2609042126,2609042126,1,,S,S4,Stuttgart Hbf|Stuttgart Nordbahnhof|Stuttgart-Feuerbach|Stuttgart-Zuffenhausen|Kornwestheim Pbf|Ludwigsburg,8001967,Favoritepark,Baden-Württemberg,Ludwigsburg,71634,9.180574277,48.90948451,5,2609042129,,2609042130,,,,,,,,,,,3.0,4.0
2828988855077273536-2609042137-7,7464,2609042156,2609042156,1,,S,S4,Stuttgart Hbf|Stuttgart Nordbahnhof|Stuttgart-Feuerbach|Stuttgart-Zuffenhausen|Kornwestheim Pbf|Ludwigsburg,8001967,Favoritepark,Baden-Württemberg,Ludwigsburg,71634,9.180574277,48.90948451,5,2609042156,,2609042157,,,,,,,,,,,0.0,1.0
553786968472239584-2609042142-5,7366,2609042156,2609042157,1,,S,S3,Stuttgart Hbf|Stuttgart-Bad Cannstatt|Stuttgart Nürnberger Str.|Stuttgart-Sommerrain,8001974,Fellbach,Baden-Württemberg,Fellbach,70736,9.270645988,48.8202936,3,2609042156,,2609042157,,,,,,,,,,,0.0,0.0
2890455660221075834-2609042133-11,7269,2609042157,2609042158,4,,S,S2,Schorndorf|Weiler(Rems)|Winterbach(b Schorndorf)|Geradstetten|Grunbach|Beutelsbach|Endersbach|Stetten-Beinstein|Rommelshausen|Waiblingen,8001974,Fellbach,Baden-Württemberg,Fellbach,70736,9.270645988,48.8202936,3,2609042158,,2609042159,,h,2,Bauarbeiten,,,,,,,1.0,1.0
6924424662402192372-2609042112-5,7364,2609042126,2609042127,1,,S,S3,Stuttgart Hbf|Stuttgart-Bad Cannstatt|Stuttgart Nürnberger Str.|Stuttgart-Sommerrain,8001974,Fellbach,Baden-Württemberg,Fellbach,70736,9.270645988,48.8202936,3,2609042126,,2609042127,,,,,,,,,,,0.0,0.0
3090077021401438649-2609042050-5,7262,2609042101,2609042102,1,,S,S2,Stuttgart Hbf|Stuttgart-Bad Cannstatt|Stuttgart Nürnberger Str.|Stuttgart-Sommerrain,8001974,Fellbach,Baden-Württemberg,Fellbach,70736,9.270645988,48.8202936,3,2609042101,,2609042102,,h,2,Bauarbeiten,,,,,,,0.0,0.0
-7971444916294519755-2609042120-5,7264,2609042131,2609042132,1,,S,S2,Stuttgart Hbf|Stuttgart-Bad Cannstatt|Stuttgart Nürnberger Str.|Stuttgart-Sommerrain,8001974,Fellbach,Baden-Württemberg,Fellbach,70736,9.270645988,48.8202936,3,2609042132,,2609042132,,h,2,Bauarbeiten,,,,,,,1.0,0.0
3859668929434965477-2609042111-8,7367,2609042132,2609042133,4,,S,S3,Backnang|Maubach|Nellmersbach|Winnenden|Schwaikheim|Neustadt-Hohenacker|Waiblingen,8001974,Fellbach,Baden-Württemberg,Fellbach,70736,9.270645988,48.8202936,3,2609042134,,2609042135,,,,,,,,,,,2.0,2.0
2628700476961371155-2609042103-11,7267,2609042127,2609042128,4,,S,S2,Schorndorf|Weiler(Rems)|Winterbach(b Schorndorf)|Geradstetten|Grunbach|Beutelsbach|Endersbach|Stetten-Beinstein|Rommelshausen|Waiblingen,8001974,Fellbach,Baden-Württemberg,Fellbach,70736,9.270645988,48.8202936,3,2609042127,,2609042128,,h,2,Bauarbeiten,,,,,,,0.0,0.0
-7578975115161805427-2609042041-8,7365,2609042102,2609042103,4,,S,S3,Backnang|Maubach|Nellmersbach|Winnenden|Schwaikheim|Neustadt-Hohenacker|Waiblingen,8001974,Fellbach,Baden-Württemberg,Fellbach,70736,9.270645988,48.8202936,3,2609042102,,2609042103,,,,,,,,,,,0.0,0.0
-2334134821981316841-2609042133-2,7966,2609042137,2609042138,2,,S,S2,Filderstadt,8005768,Stuttgart Flughafen/Messe,Baden-Württemberg,Leinfelden-Echterdingen,70629,9.193411574,48.69075193,4,2609042137,,2609042138,,,,,,,,,,,0.0,0.0
-7605544355025909436-2609042103-2,7964,2609042107,2609042108,2,,S,S2,Filderstadt,8005768,Stuttgart Flughafen/Messe,Baden-Württemberg,Leinfelden-Echterdingen,70629,9.193411574,48.69075193,4,2609042107,,2609042108,,,,,,,,,,,0.0,0.0
7308365696903436202-2609042105-6,7965,2609042122,2609042123,1,,S,S2,Stuttgart-Vaihingen|Stuttgart-Rohr|Oberaichen|Leinfelden|Echterdingen,8005768,Stuttgart Flughafen/Messe,Baden-Württemberg,Leinfelden-Echterdingen,70629,9.193411574,48.69075193,4,2609042122,,2609042123,,,,,,,,,,,0.0,0.0
4105031587460682562-2609042135-6,7967,2609042152,2609042153,1,,S,S2,Stuttgart-Vaihingen|Stuttgart-Rohr|Oberaichen|Leinfelden|Echterdingen,8005768,Stuttgart Flughafen/Messe,Baden-Württemberg,Leinfelden-Echterdingen,70629,9.193411574,48.69075193,4,2609042152,,2609042153,,,,,,,,,,,0.0,0.0
613026341677136269-2609042103-7,7467,2609042130,2609042131,2,,S,S4,Backnang|Burgstall(Murr)|Kirchberg(Murr)|Erdmannhausen|Marbach(Neckar)|Benningen(Neckar),8002065,Freiberg (Neckar),Baden-Württemberg,Freiberg am Neckar,71691,9.197530085,48.92994974,5,2609042131,,2609042131,,,,,,,,,,,1.0,0.0
-5248477185843077062-2609042033-7,7465,2609042100,2609042101,2,,S,S4,Backnang|Burgstall(Murr)|Kirchberg(Murr)|Erdmannhausen|Marbach(Neckar)|Benningen(Neckar),8002065,Freiberg (Neckar),Baden-Württemberg,Freiberg am Neckar,71691,9.197530085,48.92994974,5,2609042100,,2609042101,,,,,,,,,,,0.0,0.0
6402086477437547994-2609042107-8,7462,2609042129,2609042129,3,,S,S4,Stuttgart Hbf|Stuttgart Nordbahnhof|Stuttgart-Feuerbach|Stuttgart-Zuffenhausen|Kornwestheim Pbf|Ludwigsburg|Favoritepark,8002065,Freiberg (Neckar),Baden-Württemberg,Freiberg am Neckar,71691,9.197530085,48.92994974,5,2609042132,,2609042134,,,,,,,,,,,3.0,5.0
2828988855077273536-2609042137-8,7464,2609042159,2609042159,3,,S,S4,Stuttgart Hbf|Stuttgart Nordbahnhof|Stuttgart-Feuerbach|Stuttgart-Zuffenhausen|Kornwestheim Pbf|Ludwigsburg|Favoritepark,8002065,Freiberg (Neckar),Baden-Württemberg,Freiberg am Neckar,71691,9.197530085,48.92994974,5,2609042159,,2609042200,,,,,,,,,,,0.0,1.0
7537870707558801072-2609042116-7,7765,2609042138,2609042138,1,,S,S1,Stuttgart-Vaihingen|Stuttgart-Rohr|Goldberg(Württ)|Böblingen|Hulb|Ehningen(b Böblingen),8002165,Gärtringen,Baden-Württemberg,Gärtringen,71116,8.908864487,48.64080021,5,2609042139,,2609042139,,,,,,,,,,,1.0,1.0
4683056481244044415-2609042046-7,7763,2609042108,2609042108,1,,S,S1,Stuttgart-Vaihingen|Stuttgart-Rohr|Goldberg(Württ)|Böblingen|Hulb|Ehningen(b Böblingen),8002165,Gärtringen,Baden-Württemberg,Gärtringen,71116,8.908864487,48.64080021,5,2609042119,,2609042119,,,,,,,,,,,11.0,11.0
1091836898745684931-2609042116-3,7768,2609042122,2609042122,2,,S,S1,Herrenberg|Nufringen,8002165,Gärtringen,Baden-Württemberg,Gärtringen,71116,8.908864487,48.64080021,5,2609042125,,2609042126,,,,,,,,,,,3.0,4.0
800896748119483466-2609042146-3,7770,2609042152,2609042152,2,,S,S1,Herrenberg|Nufringen,8002165,Gärtringen,Baden-Württemberg,Gärtringen,71116,8.908864487,48.64080021,5,2609042152,,2609042152,,,,,,,,,,,0.0,0.0
2890455660221075834-2609042133-4,7269,2609042140,2609042141,1,,S,S2,Schorndorf|Weiler(Rems)|Winterbach(b Schorndorf),8002240,Geradstetten,Baden-Württemberg,Remshalden,73630,9.439522346,48.80527689,5,2609042140,,2609042141,,h,2,Bauarbeiten,,,,,,,0.0,0.0
3090077021401438649-2609042050-12,7262,2609042117,2609042117,2,,S,S2,Stuttgart Hbf|Stuttgart-Bad Cannstatt|Stuttgart Nürnberger Str.|Stuttgart-Sommerrain|Fellbach|Waiblingen|Rommelshausen|Stetten-Beinstein|Endersbach|Beutelsbach|Grunbach,8002240,Geradstetten,Baden-Württemberg,Remshalden,73630,9.439522346,48.80527689,5,2609042118,,2609042119,,h,2,Bauarbeiten,,,,,,,1.0,2.0
-7971444916294519755-2609042120-12,7264,2609042147,2609042147,2,,S,S2,Stuttgart Hbf|Stuttgart-Bad Cannstatt|Stuttgart Nürnberger Str.|Stuttgart-Sommerrain|Fellbach|Waiblingen|Rommelshausen|Stetten-Beinstein|Endersbach|Beutelsbach|Grunbach,8002240,Geradstetten,Baden-Württemberg,Remshalden,73630,9.439522346,48.80527689,5,2609042152,,2609042153,,h,2,Bauarbeiten,,,,,,,5.0,6.0
2628700476961371155-2609042103-4,7267,2609042110,2609042111,1,,S,S2,Schorndorf|Weiler(Rems)|Winterbach(b Schorndorf),8002240,Geradstetten,Baden-Württemberg,Remshalden,73630,9.439522346,48.80527689,5,2609042110,,2609042111,,h,2,Bauarbeiten,,,,,,,0.0,0.0
7537870707558801072-2609042116-3,7765,2609042128,2609042128,1,,S,S1,Stuttgart-Vaihingen|Stuttgart-Rohr,8005201,Goldberg,Baden-Württemberg,Böblingen,71032,9.019733387,48.69651581,5,2609042128,,2609042128,,,,,,,,,,,0.0,0.0
1091836898745684931-2609042116-7,7768,2609042132,2609042132,2,,S,S1,Herrenberg|Nufringen|Gärtringen|Ehningen(b Böblingen)|Hulb|Böblingen,8005201,Goldberg,Baden-Württemberg,Böblingen,71032,9.019733387,48.69651581,5,2609042136,,2609042137,,,,,,,,,,,4.0,5.0
-1277972719015839341-2609042046-7,7766,2609042102,2609042102,2,,S,S1,Herrenberg|Nufringen|Gärtringen|Ehningen(b Böblingen)|Hulb|Böblingen,8005201,Goldberg,Baden-Württemberg,Böblingen,71032,9.019733387,48.69651581,5,2609042104,,2609042105,,,,,,,,,,,2.0,3.0
-3745751710781721805-2609042146-3,7767,2609042158,2609042158,1,,S,S1,Stuttgart-Vaihingen|Stuttgart-Rohr,8005201,Goldberg,Baden-Württemberg,Böblingen,71032,9.019733387,48.69651581,5,2609042158,,2609042158,,,,,,,,,,,0.0,0.0
2890455660221075834-2609042133-5,7269,2609042142,2609042143,2,,S,S2,Schorndorf|Weiler(Rems)|Winterbach(b Schorndorf)|Geradstetten,8002448,Grunbach,Baden-Württemberg,Remshalden,73630,9.419580601,48.810414,4,2609042142,,2609042143,,h,2,Bauarbeiten,,,,,,,0.0,0.0
3090077021401438649-2609042050-11,7262,2609042115,2609042115,3,,S,S2,Stuttgart Hbf|Stuttgart-Bad Cannstatt|Stuttgart Nürnberger Str.|Stuttgart-Sommerrain|Fellbach|Waiblingen|Rommelshausen|Stetten-Beinstein|Endersbach|Beutelsbach,8002448,Grunbach,Baden-Württemberg,Remshalden,73630,9.419580601,48.810414,4,2609042116,,2609042117,,h,2,Bauarbeiten,,,,,,,1.0,2.0
-7971444916294519755-2609042120-11,7264,2609042145,2609042145,3,,S,S2,Stuttgart Hbf|Stuttgart-Bad Cannstatt|Stuttgart Nürnberger Str.|Stuttgart-Sommerrain|Fellbach|Waiblingen|Rommelshausen|Stetten-Beinstein|Endersbach|Beutelsbach,8002448,Grunbach,Baden-Württemberg,Remshalden,73630,9.419580601,48.810414,4,2609042151,,2609042151,,h,2,Bauarbeiten,,,,,,,6.0,6.0
2628700476961371155-2609042103-5,7267,2609042112,2609042113,2,,S,S2,Schorndorf|Weiler(Rems)|Winterbach(b Schorndorf)|Geradstetten,8002448,Grunbach,Baden-Württemberg,Remshalden,73630,9.419580601,48.810414,4,2609042112,,2609042113,,h,2,Bauarbeiten,,,,,,,0.0,0.0
-8173057082443024324-2609042013-14,17682,2609042110,2609042111,1,,RE,RE14b,Freudenstadt Hbf|Grüntal-Wittlensweiler|Dornstetten-Aach|Dornstetten|Schopfloch(b Freudenstadt)|Bittelbronn|Horb-Heiligenfeld|Hochdorf(b Horb)|Eutingen Nord|Eutingen im Gäu|Ergenzingen|Bondorf(b Herrenberg)|Gäufelden,8002785,Herrenberg,Baden-Württemberg,Herrenberg,71083,8.862625253,48.59395697,3,2609042116,,2609042117,,,,,,,,,,,6.0,6.0
7537870707558801072-2609042116-9,7765,2609042145,,3,,S,,Stuttgart-Vaihingen|Stuttgart-Rohr|Goldberg(Württ)|Böblingen|Hulb|Ehningen(b Böblingen)|Gärtringen|Nufringen,8002785,Herrenberg,Baden-Württemberg,Herrenberg,71083,8.862625253,48.59395697,3,2609042146,,,,,,,,,,,,,1.0,0.0
4683056481244044415-2609042046-9,7763,2609042115,,3,,S,,Stuttgart-Vaihingen|Stuttgart-Rohr|Goldberg(Württ)|Böblingen|Hulb|Ehningen(b Böblingen)|Gärtringen|Nufringen,8002785,Herrenberg,Baden-Württemberg,Herrenberg,71083,8.862625253,48.59395697,3,2609042125,2,,,,,,,,,,,,10.0,0.0
1091836898745684931-2609042116-1,7768,,2609042116,,,S,S1,,8002785,Herrenberg,Baden-Württemberg,Herrenberg,71083,8.862625253,48.59395697,3,,,2609042119,,,,,,,,,,,0.0,3.0
-4202043283235864726-2609042116-2,2385,2609042147,2609042147,4,,IC,,Stuttgart Hbf,8002785,Herrenberg,Baden-Württemberg,Herrenberg,71083,8.862625253,48.59395697,3,2609042154,,2609042155,,h,2,Information,,,,,,,7.0,8.0
5410392350429499457-2609042116-2,52385,2609042147,2609042147,4,,RE,IC87,Stuttgart Hbf,8002785,Herrenberg,Baden-Württemberg,Herrenberg,71083,8.862625253,48.59395697,3,2609042154,,2609042155,,h,2,Information,,,,,,,7.0,8.0
800896748119483466-2609042146-1,7770,,2609042146,,,S,S1,,8002785,Herrenberg,Baden-Württemberg,Herrenberg,71083,8.862625253,48.59395697,3,,,2609042146,,,,,,,,,,,0.0,0.0
3342960685238521043-2609042015-8,17680,2609042110,2609042111,1,,RE,RE14a,Oberndorf(Neckar)|Sulz(Neckar)|Horb|Eutingen im Gäu|Ergenzingen|Bondorf(b Herrenberg)|Gäufelden,8002785,Herrenberg,Baden-Württemberg,Herrenberg,71083,8.862625253,48.59395697,3,2609042116,,2609042117,,,,,,,,,,,6.0,6.0
-7506781114720968709-2609042103-6,7667,2609042120,2609042121,1,,S,S6,Weil der Stadt|Malmsheim|Renningen|Rutesheim|Leonberg,8002892,Höfingen,Baden-Württemberg,Leonberg,71229,9.026180834,48.81503436,5,2609042120,,2609042121,,,,,,,,,,,0.0,0.0
-4129909752986717170-2609042133-6,7669,2609042150,2609042151,1,,S,S6,Weil der Stadt|Malmsheim|Renningen|Rutesheim|Leonberg,8002892,Höfingen,Baden-Württemberg,Leonberg,71229,9.026180834,48.81503436,5,2609042151,,2609042152,,,,,,,,,,,1.0,1.0
-2482016822020551491-2609042117-9,7664,2609042139,2609042139,2,,S,S6,Stuttgart Hbf|Stuttgart Nordbahnhof|Stuttgart-Feuerbach|Stuttgart-Zuffenhausen|Neuwirtshaus(Porscheplatz)|Korntal|Weilimdorf|Ditzingen,8002892,Höfingen,Baden-Württemberg,Leonberg,71229,9.026180834,48.81503436,5,2609042139,,2609042140,,,,,,,,,,,0.0,1.0
-4954691136188615428-2609042047-9,7662,2609042109,2609042109,2,,S,S6,Stuttgart Hbf|Stuttgart Nordbahnhof|Stuttgart-Feuerbach|Stuttgart-Zuffenhausen|Neuwirtshaus(Porscheplatz)|Korntal|Weilimdorf|Ditzingen,8002892,Höfingen,Baden-Württemberg,Leonberg,71229,9.026180834,48.81503436,5,2609042111,,2609042112,,,,,,,,,,,2.0,3.0
7537870707558801072-2609042116-5,7765,2609042132,2609042132,1,,S,S1,Stuttgart-Vaihingen|Stuttgart-Rohr|Goldberg(Württ)|Böblingen,8003022,Hulb,Baden-Württemberg,Böblingen-Hulb,71032,8.982396429,48.67924173,5,2609042132,,2609042133,,,,,,,,,,,0.0,1.0
4683056481244044415-2609042046-5,7763,2609042102,2609042102,1,,S,S1,Stuttgart-Vaihingen|Stuttgart-Rohr|Goldberg(Württ)|Böblingen,8003022,Hulb,Baden-Württemberg,Böblingen-Hulb,71032,8.982396429,48.67924173,5,2609042113,,2609042113,,,,,,,,,,,11.0,11.0
1091836898745684931-2609042116-5,7768,2609042128,2609042128,2,,S,S1,Herrenberg|Nufringen|Gärtringen|Ehningen(b Böblingen),8003022,Hulb,Baden-Württemberg,Böblingen-Hulb,71032,8.982396429,48.67924173,5,2609042131,,2609042132,,,,,,,,,,,3.0,4.0
800896748119483466-2609042146-5,7770,2609042158,2609042158,2,,S,S1,Herrenberg|Nufringen|Gärtringen|Ehningen(b Böblingen),8003022,Hulb,Baden-Württemberg,Böblingen-Hulb,71032,8.982396429,48.67924173,5,2609042158,,2609042158,,,,,,,,,,,0.0,0.0
-2334134821981316841-2609042133-1,7966,,2609042133,,,S,S2,,8001984,Filderstadt,Baden-Württemberg,Filderstadt,70794,9.217581315,48.67649151,5,,,2609042133,,,,,,,,,,,0.0,0.0
-7605544355025909436-2609042103-1,7964,,2609042103,,,S,S2,,8001984,Filderstadt,Baden-Württemberg,Filderstadt,70794,9.217581315,48.67649151,5,,,2609042103,,,,,,,,,,,0.0,0.0
7308365696903436202-2609042105-7,7965,2609042127,,1,,S,,Stuttgart-Vaihingen|Stuttgart-Rohr|Oberaichen|Leinfelden|Echterdingen|Stuttgart Flughafen/Messe,8001984,Filderstadt,Baden-Württemberg,Filderstadt,70794,9.217581315,48.67649151,5,2609042127,,,,,,,,,,,,,0.0,0.0
4105031587460682562-2609042135-7,7967,2609042157,,1,,S,,Stuttgart-Vaihingen|Stuttgart-Rohr|Oberaichen|Leinfelden|Echterdingen|Stuttgart Flughafen/Messe,8001984,Filderstadt,Baden-Württemberg,Filderstadt,70794,9.217581315,48.67649151,5,2609042157,,,,,,,,,,,,,0.0,0.0
613026341677136269-2609042103-3,7467,2609042112,2609042115,1,,S,S4,Backnang|Burgstall(Murr),8003266,Kirchberg (Murr),Baden-Württemberg,Kirchberg an der Murr,71737,9.328210283,48.93928182,6,2609042112,,2609042119,,,,,,,,,,,0.0,4.0
6402086477437547994-2609042107-12,7462,2609042143,2609042143,2,,S,S4,Stuttgart Hbf|Stuttgart Nordbahnhof|Stuttgart-Feuerbach|Stuttgart-Zuffenhausen|Kornwestheim Pbf|Ludwigsburg|Favoritepark|Freiberg(Neckar)|Benningen(Neckar)|Marbach(Neckar)|Erdmannhausen,8003266,Kirchberg (Murr),Baden-Württemberg,Kirchberg an der Murr,71737,9.328210283,48.93928182,6,2609042150,,2609042150,,,,,,,,,,,7.0,7.0
-2670578142775611336-2609042037-12,7460,2609042113,2609042113,2,,S,S4,Stuttgart Hbf|Stuttgart Nordbahnhof|Stuttgart-Feuerbach|Stuttgart-Zuffenhausen|Kornwestheim Pbf|Ludwigsburg|Favoritepark|Freiberg(Neckar)|Benningen(Neckar)|Marbach(Neckar)|Erdmannhausen,8003266,Kirchberg (Murr),Baden-Württemberg,Kirchberg an der Murr,71737,9.328210283,48.93928182,6,2609042118,,2609042119,,,,,,,,,,,5.0,6.0
6929098726566169295-2609042055-15,7164,2609042139,,2,,S,,Stuttgart Hbf|Stuttgart-Bad Cannstatt|Stuttgart Neckarpark|Stuttgart-Untertürkheim|Stuttgart-Obertürkheim|Esslingen-Mettingen|Esslingen(Neckar)|Oberesslingen|Esslingen-Zell|Altbach|Plochingen|Wernau(Neckar)|Wendlingen(Neckar)|Kirchheim(Teck)-Ötlingen,8003280,Kirchheim (Teck),Baden-Württemberg,Kirchheim unter Teck,73230,9.443872422,48.64415981,4,2609042140,,,,,,,,,,,,,1.0,0.0
-1445914617040136913-2609042120-1,7169,,2609042120,,,S,S1,,8003280,Kirchheim (Teck),Baden-Württemberg,Kirchheim unter Teck,73230,9.443872422,48.64415981,4,,,2609042120,,,,,,,,,,,0.0,0.0
1733518000541873569-2609042150-1,7171,,2609042150,,,S,S1,,8003280,Kirchheim (Teck),Baden-Württemberg,Kirchheim unter Teck,73230,9.443872422,48.64415981,4,,,2609042151,,,,,,,,,,,0.0,1.0
-4904342913615484814-2609042025-15,7162,2609042109,,2,,S,,Stuttgart Hbf|Stuttgart-Bad Cannstatt|Stuttgart Neckarpark|Stuttgart-Untertürkheim|Stuttgart-Obertürkheim|Esslingen-Mettingen|Esslingen(Neckar)|Oberesslingen|Esslingen-Zell|Altbach|Plochingen|Wernau(Neckar)|Wendlingen(Neckar)|Kirchheim(Teck)-Ötlingen,8003280,Kirchheim (Teck),Baden-Württemberg,Kirchheim unter Teck,73230,9.443872422,48.64415981,4,2609042109,,,,,,,,,,,,,0.0,0.0
6929098726566169295-2609042055-14,7164,2609042137,2609042137,1,,S,S1,Stuttgart Hbf|Stuttgart-Bad Cannstatt|Stuttgart Neckarpark|Stuttgart-Untertürkheim|Stuttgart-Obertürkheim|Esslingen-Mettingen|Esslingen(Neckar)|Oberesslingen|Esslingen-Zell|Altbach|Plochingen|Wernau(Neckar)|Wendlingen(Neckar),8003282,Kirchheim (Teck)-Ötlingen,Baden-Württemberg,Kirchheim unter Teck,73230,9.416261302,48.65782388,5,2609042137,,2609042138,,,,,,,,,,,0.0,1.0
-1445914617040136913-2609042120-2,7169,2609042123,2609042123,1,,S,S1,Kirchheim(Teck),8003282,Kirchheim (Teck)-Ötlingen,Baden-Württemberg,Kirchheim unter Teck,73230,9.416261302,48.65782388,5,2609042123,,2609042123,,,,,,,,,,,0.0,0.0
1733518000541873569-2609042150-2,7171,2609042153,2609042153,1,,S,S1,Kirchheim(Teck),8003282,Kirchheim (Teck)-Ötlingen,Baden-Württemberg,Kirchheim unter Teck,73230,9.416261302,48.65782388,5,2609042153,,2609042153,,,,,,,,,,,0.0,0.0
-4904342913615484814-2609042025-14,7162,2609042106,2609042107,1,,S,S1,Stuttgart Hbf|Stuttgart-Bad Cannstatt|Stuttgart Neckarpark|Stuttgart-Untertürkheim|Stuttgart-Obertürkheim|Esslingen-Mettingen|Esslingen(Neckar)|Oberesslingen|Esslingen-Zell|Altbach|Plochingen|Wernau(Neckar)|Wendlingen(Neckar),8003282,Kirchheim (Teck)-Ötlingen,Baden-Württemberg,Kirchheim unter Teck,73230,9.416261302,48.65782388,5,2609042107,,2609042108,,,,,,,,,,,1.0,1.0
-6472147564470833257-2609042135-1,1258,,2609042135,,,WEG,RB47,,8003409,Korntal,Baden-Württemberg,Korntal,70825,9.121099128,48.82640246,4,,,2609042135,,,,,,,,,,,0.0,0.0
-7506781114720968709-2609042103-9,7667,2609042128,2609042129,3,,S,S6,Weil der Stadt|Malmsheim|Renningen|Rutesheim|Leonberg|Höfingen|Ditzingen|Weilimdorf,8003409,Korntal,Baden-Württemberg,Korntal,70825,9.121099128,48.82640246,4,2609042128,,2609042129,,,,,,,,,,,0.0,0.0
-3316083055442951467-2609042105-1,1252,,2609042105,,,WEG,RB47,,8003409,Korntal,Baden-Württemberg,Korntal,70825,9.121099128,48.82640246,4,,,2609042106,,,,,,,,,,,0.0,1.0
-4129909752986717170-2609042133-9,7669,2609042158,2609042159,3,,S,S6,Weil der Stadt|Malmsheim|Renningen|Rutesheim|Leonberg|Höfingen|Ditzingen|Weilimdorf,8003409,Korntal,Baden-Württemberg,Korntal,70825,9.121099128,48.82640246,4,2609042159,,2609042159,,,,,,,,,,,1.0,0.0
-2482016822020551491-2609042117-6,7664,2609042131,2609042131,1,,S,S6,Stuttgart Hbf|Stuttgart Nordbahnhof|Stuttgart-Feuerbach|Stuttgart-Zuffenhausen|Neuwirtshaus(Porscheplatz),8003409,Korntal,Baden-Württemberg,Korntal,70825,9.121099128,48.82640246,4,2609042131,,2609042131,,,,,,,,,,,0.0,0.0
-2167142398167396955-2609042131-7,1259,2609042154,,7,,WEG,,Heimerdingen|Hemmingen|Schwieberdingen|Münchingen|Münchingen Rührberg|Korntal Gymnasium,8003409,Korntal,Baden-Württemberg,Korntal,70825,9.121099128,48.82640246,4,2609042154,,,,,,,,,,,,,0.0,0.0
-9149741226891491490-2609042101-7,1253,2609042124,,7,,WEG,,Heimerdingen|Hemmingen|Schwieberdingen|Münchingen|Münchingen Rührberg|Korntal Gymnasium,8003409,Korntal,Baden-Württemberg,Korntal,70825,9.121099128,48.82640246,4,2609042124,,,,,,,,,,,,,0.0,0.0
-4954691136188615428-2609042047-6,7662,2609042101,2609042101,1,,S,S6,Stuttgart Hbf|Stuttgart Nordbahnhof|Stuttgart-Feuerbach|Stuttgart-Zuffenhausen|Neuwirtshaus(Porscheplatz),8003409,Korntal,Baden-Württemberg,Korntal,70825,9.121099128,48.82640246,4,2609042103,,2609042104,,,,,,,,,,,2.0,3.0
-4698443977179735697-2609042127-5,7566,2609042140,2609042140,4,,S,S5,Stuttgart Hbf|Stuttgart Nordbahnhof|Stuttgart-Feuerbach|Stuttgart-Zuffenhausen,8003411,Kornwestheim Pbf,Baden-Württemberg,Kornwestheim,70806,9.179967278,48.86215948,3,2609042140,,2609042140,,h,2,Bauarbeiten,,,,,,,0.0,0.0
-3985651556599643211-2609042120-1,19335,,2609042120,,,RE,MEX18,,8003411,Kornwestheim Pbf,Baden-Württemberg,Kornwestheim,70806,9.179967278,48.86215948,3,,,2609042120,7,h,2,Störung,,,,,,,0.0,0.0
613026341677136269-2609042103-10,7467,2609042140,2609042140,3,,S,S4,Backnang|Burgstall(Murr)|Kirchberg(Murr)|Erdmannhausen|Marbach(Neckar)|Benningen(Neckar)|Freiberg(Neckar)|Favoritepark|Ludwigsburg,8003411,Kornwestheim Pbf,Baden-Württemberg,Kornwestheim,70806,9.179967278,48.86215948,3,2609042140,,2609042141,,,,,,,,,,,0.0,1.0
-5248477185843077062-2609042033-10,7465,2609042110,2609042110,3,,S,S4,Backnang|Burgstall(Murr)|Kirchberg(Murr)|Erdmannhausen|Marbach(Neckar)|Benningen(Neckar)|Freiberg(Neckar)|Favoritepark|Ludwigsburg,8003411,Kornwestheim Pbf,Baden-Württemberg,Kornwestheim,70806,9.179967278,48.86215948,3,2609042110,,2609042111,,,,,,,,,,,0.0,1.0
-5010751629399415312-2609042043-7,19336,2609042142,,5,,RE,,Reutlingen Hbf|Metzingen(Württ)|Nürtingen|Wendlingen(Neckar)|Plochingen|Esslingen(Neckar),8003411,Kornwestheim Pbf,Baden-Württemberg,Kornwestheim,70806,9.179967278,48.86215948,3,2609042139,,,,h,2,Störung,,,,,c,,-3.0,0.0
6402086477437547994-2609042107-5,7462,2609042120,2609042120,4,,S,S4,Stuttgart Hbf|Stuttgart Nordbahnhof|Stuttgart-Feuerbach|Stuttgart-Zuffenhausen,8003411,Kornwestheim Pbf,Baden-Württemberg,Kornwestheim,70806,9.179967278,48.86215948,3,2609042121,,2609042122,,,,,,,,,,,1.0,2.0
-887848700709365635-2609042116-2,7567,2609042119,2609042120,3,,S,S5,Ludwigsburg,8003411,Kornwestheim Pbf,Baden-Württemberg,Kornwestheim,70806,9.179967278,48.86215948,3,2609042119,,2609042120,,h,2,Bauarbeiten,,,,,,,0.0,0.0
3081120732937112595-2609042057-5,7564,2609042110,2609042110,4,,S,S5,Stuttgart Hbf|Stuttgart Nordbahnhof|Stuttgart-Feuerbach|Stuttgart-Zuffenhausen,8003411,Kornwestheim Pbf,Baden-Württemberg,Kornwestheim,70806,9.179967278,48.86215948,3,2609042110,,2609042111,,h,2,Bauarbeiten,,,,,,,0.0,1.0
2105782434057596707-2609042146-2,7569,2609042149,2609042150,3,,S,S5,Ludwigsburg,8003411,Kornwestheim Pbf,Baden-Württemberg,Kornwestheim,70806,9.179967278,48.86215948,3,2609042149,,2609042150,,h,2,Bauarbeiten,,,,,,,0.0,0.0
2828988855077273536-2609042137-5,7464,2609042150,2609042150,4,,S,S4,Stuttgart Hbf|Stuttgart Nordbahnhof|Stuttgart-Feuerbach|Stuttgart-Zuffenhausen,8003411,Kornwestheim Pbf,Baden-Württemberg,Kornwestheim,70806,9.179967278,48.86215948,3,2609042150,,2609042151,,,,,,,,,,,0.0,1.0
-2334134821981316841-2609042133-4,7966,2609042142,2609042143,2,,S,S2,Filderstadt|Stuttgart Flughafen/Messe|Echterdingen,8003622,Leinfelden,Baden-Württemberg,Leinfelden-Echterdingen,70771,9.142859698,48.6964193,4,2609042142,,2609042143,,,,,,,,,,,0.0,0.0
-7605544355025909436-2609042103-4,7964,2609042112,2609042113,2,,S,S2,Filderstadt|Stuttgart Flughafen/Messe|Echterdingen,8003622,Leinfelden,Baden-Württemberg,Leinfelden-Echterdingen,70771,9.142859698,48.6964193,4,2609042112,,2609042113,,,,,,,,,,,0.0,0.0
7308365696903436202-2609042105-4,7965,2609042116,2609042117,1,,S,S2,Stuttgart-Vaihingen|Stuttgart-Rohr|Oberaichen,8003622,Leinfelden,Baden-Württemberg,Leinfelden-Echterdingen,70771,9.142859698,48.6964193,4,2609042116,,2609042117,,,,,,,,,,,0.0,0.0
4105031587460682562-2609042135-4,7967,2609042146,2609042147,1,,S,S2,Stuttgart-Vaihingen|Stuttgart-Rohr|Oberaichen,8003622,Leinfelden,Baden-Württemberg,Leinfelden-Echterdingen,70771,9.142859698,48.6964193,4,2609042146,,2609042147,,,,,,,,,,,0.0,0.0
-7506781114720968709-2609042103-5,7667,2609042117,2609042117,1,,S,S6,Weil der Stadt|Malmsheim|Renningen|Rutesheim,8003652,Leonberg,Baden-Württemberg,Leonberg,71229,9.004025993,48.79970547,3,2609042117,,2609042117,,,,,,,,,,,0.0,0.0
-4129909752986717170-2609042133-5,7669,2609042147,2609042147,1,,S,S6,Weil der Stadt|Malmsheim|Renningen|Rutesheim,8003652,Leonberg,Baden-Württemberg,Leonberg,71229,9.004025993,48.79970547,3,2609042147,,2609042147,,,,,,,,,,,0.0,0.0
-2482016822020551491-2609042117-10,7664,2609042143,2609042143,2,,S,S6,Stuttgart Hbf|Stuttgart Nordbahnhof|Stuttgart-Feuerbach|Stuttgart-Zuffenhausen|Neuwirtshaus(Porscheplatz)|Korntal|Weilimdorf|Ditzingen|Höfingen,8003652,Leonberg,Baden-Württemberg,Leonberg,71229,9.004025993,48.79970547,3,2609042143,,2609042143,,,,,,,,,,,0.0,0.0
-4954691136188615428-2609042047-10,7662,2609042113,2609042113,2,,S,S6,Stuttgart Hbf|Stuttgart Nordbahnhof|Stuttgart-Feuerbach|Stuttgart-Zuffenhausen|Neuwirtshaus(Porscheplatz)|Korntal|Weilimdorf|Ditzingen|Höfingen,8003652,Leonberg,Baden-Württemberg,Leonberg,71229,9.004025993,48.79970547,3,2609042115,,2609042115,,,,,,,,,,,2.0,2.0
-4698443977179735697-2609042127-6,7566,2609042143,,2,,S,,Stuttgart Hbf|Stuttgart Nordbahnhof|Stuttgart-Feuerbach|Stuttgart-Zuffenhausen|Kornwestheim Pbf,8000235,Ludwigsburg,Baden-Württemberg,Ludwigsburg,71638,9.185229823,48.89208622,3,2609042144,,,,h,2,Bauarbeiten,,,,,,,1.0,0.0
613026341677136269-2609042103-9,7467,2609042136,2609042137,3,,S,S4,Backnang|Burgstall(Murr)|Kirchberg(Murr)|Erdmannhausen|Marbach(Neckar)|Benningen(Neckar)|Freiberg(Neckar)|Favoritepark,8000235,Ludwigsburg,Baden-Württemberg,Ludwigsburg,71638,9.185229823,48.89208622,3,2609042136,,2609042137,,,,,,,,,,,0.0,0.0
-5248477185843077062-2609042033-9,7465,2609042106,2609042107,3,,S,S4,Backnang|Burgstall(Murr)|Kirchberg(Murr)|Erdmannhausen|Marbach(Neckar)|Benningen(Neckar)|Freiberg(Neckar)|Favoritepark,8000235,Ludwigsburg,Baden-Württemberg,Ludwigsburg,71638,9.185229823,48.89208622,3,2609042106,,2609042107,,,,,,,,,,,0.0,0.0
6402086477437547994-2609042107-6,7462,2609042123,2609042124,2,,S,S4,Stuttgart Hbf|Stuttgart Nordbahnhof|Stuttgart-Feuerbach|Stuttgart-Zuffenhausen|Kornwestheim Pbf,8000235,Ludwigsburg,Baden-Württemberg,Ludwigsburg,71638,9.185229823,48.89208622,3,2609042124,,2609042127,,,,,,,,,,,1.0,3.0
-887848700709365635-2609042116-1,7567,,2609042116,,,S,S5,,8000235,Ludwigsburg,Baden-Württemberg,Ludwigsburg,71638,9.185229823,48.89208622,3,,,2609042117,,h,2,Bauarbeiten,,,,,,,0.0,1.0
3081120732937112595-2609042057-6,7564,2609042113,,2,,S,,Stuttgart Hbf|Stuttgart Nordbahnhof|Stuttgart-Feuerbach|Stuttgart-Zuffenhausen|Kornwestheim Pbf,8000235,Ludwigsburg,Baden-Württemberg,Ludwigsburg,71638,9.185229823,48.89208622,3,2609042115,,,,h,2,Bauarbeiten,,,,,,,2.0,0.0
2105782434057596707-2609042146-1,7569,,2609042146,,,S,S5,,8000235,Ludwigsburg,Baden-Württemberg,Ludwigsburg,71638,9.185229823,48.89208622,3,,,2609042146,,h,2,Bauarbeiten,,,,,,,0.0,0.0
2828988855077273536-2609042137-6,7464,2609042153,2609042154,2,,S,S4,Stuttgart Hbf|Stuttgart Nordbahnhof|Stuttgart-Feuerbach|Stuttgart-Zuffenhausen|Kornwestheim Pbf,8000235,Ludwigsburg,Baden-Württemberg,Ludwigsburg,71638,9.185229823,48.89208622,3,2609042153,,2609042154,,,,,,,,,,,0.0,0.0
-7506781114720968709-2609042103-2,7667,2609042105,2609042105,2,,S,S6,Weil der Stadt,8003831,Malmsheim,Baden-Württemberg,Renningen,71272,8.905105557,48.77183564,5,2609042108,,2609042109,,,,,,,,,,,3.0,4.0
-4129909752986717170-2609042133-2,7669,2609042135,2609042135,2,,S,S6,Weil der Stadt,8003831,Malmsheim,Baden-Württemberg,Renningen,71272,8.905105557,48.77183564,5,2609042135,,2609042136,,,,,,,,,,,0.0,1.0
-2482016822020551491-2609042117-13,7664,2609042154,2609042154,1,,S,S6,Stuttgart Hbf|Stuttgart Nordbahnhof|Stuttgart-Feuerbach|Stuttgart-Zuffenhausen|Neuwirtshaus(Porscheplatz)|Korntal|Weilimdorf|Ditzingen|Höfingen|Leonberg|Rutesheim|Renningen,8003831,Malmsheim,Baden-Württemberg,Renningen,71272,8.905105557,48.77183564,5,2609042154,,2609042154,,,,,,,,,,,0.0,0.0
-4954691136188615428-2609042047-13,7662,2609042124,2609042124,1,,S,S6,Stuttgart Hbf|Stuttgart Nordbahnhof|Stuttgart-Feuerbach|Stuttgart-Zuffenhausen|Neuwirtshaus(Porscheplatz)|Korntal|Weilimdorf|Ditzingen|Höfingen|Leonberg|Rutesheim|Renningen,8003831,Malmsheim,Baden-Württemberg,Renningen,71272,8.905105557,48.77183564,5,2609042124,,2609042125,,,,,,,,,,,0.0,1.0
613026341677136269-2609042103-5,7467,2609042121,2609042125,1,,S,S4,Backnang|Burgstall(Murr)|Kirchberg(Murr)|Erdmannhausen,8003853,Marbach (Neckar),Baden-Württemberg,Marbach am Neckar,71672,9.264611825,48.9437708,3,2609042124,,2609042125,,,,,,,,,,,3.0,0.0
6402086477437547994-2609042107-10,7462,2609042135,2609042138,1,,S,S4,Stuttgart Hbf|Stuttgart Nordbahnhof|Stuttgart-Feuerbach|Stuttgart-Zuffenhausen|Kornwestheim Pbf|Ludwigsburg|Favoritepark|Freiberg(Neckar)|Benningen(Neckar),8003853,Marbach (Neckar),Baden-Württemberg,Marbach am Neckar,71672,9.264611825,48.9437708,3,2609042139,,2609042144,,,,,,,,,,,4.0,6.0
-2670578142775611336-2609042037-10,7460,2609042105,2609042108,1,,S,S4,Stuttgart Hbf|Stuttgart Nordbahnhof|Stuttgart-Feuerbach|Stuttgart-Zuffenhausen|Kornwestheim Pbf|Ludwigsburg|Favoritepark|Freiberg(Neckar)|Benningen(Neckar),8003853,Marbach (Neckar),Baden-Württemberg,Marbach am Neckar,71672,9.264611825,48.9437708,3,2609042110,,2609042113,,,,,,,,,,,5.0,5.0
3766048702884366970-2609042155-1,7469,,2609042155,,,S,S4,,8003853,Marbach (Neckar),Baden-Württemberg,Marbach am Neckar,71672,9.264611825,48.9437708,3,,,2609042157,,,,,,,,,,,0.0,2.0
6924424662402192372-2609042112-11,7364,2609042144,2609042145,2,,S,S3,Stuttgart Hbf|Stuttgart-Bad Cannstatt|Stuttgart Nürnberger Str.|Stuttgart-Sommerrain|Fellbach|Waiblingen|Neustadt-Hohenacker|Schwaikheim|Winnenden|Nellmersbach,8003913,Maubach,Baden-Württemberg,Backnang,71522,9.419487062,48.92623463,4,2609042145,,2609042146,,,,,,,,,,,1.0,1.0
-4217556654966046239-2609042042-11,7362,2609042114,2609042115,2,,S,S3,Stuttgart Hbf|Stuttgart-Bad Cannstatt|Stuttgart Nürnberger Str.|Stuttgart-Sommerrain|Fellbach|Waiblingen|Neustadt-Hohenacker|Schwaikheim|Winnenden|Nellmersbach,8003913,Maubach,Baden-Württemberg,Backnang,71522,9.419487062,48.92623463,4,2609042115,,2609042115,,,,,,,,,,,1.0,0.0
3859668929434965477-2609042111-2,7367,2609042113,2609042114,1,,S,S3,Backnang,8003913,Maubach,Baden-Württemberg,Backnang,71522,9.419487062,48.92623463,4,2609042115,,2609042116,,,,,,,,,,,2.0,2.0
970449513727673732-2609042141-2,7369,2609042143,2609042144,1,,S,S3,Backnang,8003913,Maubach,Baden-Württemberg,Backnang,71522,9.419487062,48.92623463,4,2609042146,,2609042147,,,,,,,,,,,3.0,3.0
6924424662402192372-2609042112-10,7364,2609042141,2609042142,2,,S,S3,Stuttgart Hbf|Stuttgart-Bad Cannstatt|Stuttgart Nürnberger Str.|Stuttgart-Sommerrain|Fellbach|Waiblingen|Neustadt-Hohenacker|Schwaikheim|Winnenden,8004233,Nellmersbach,Baden-Württemberg,Leutenbach,71397,9.415421538,48.90336425,5,2609042142,,2609042143,,,,,,,,,,,1.0,1.0
-4217556654966046239-2609042042-10,7362,2609042111,2609042112,2,,S,S3,Stuttgart Hbf|Stuttgart-Bad Cannstatt|Stuttgart Nürnberger Str.|Stuttgart-Sommerrain|Fellbach|Waiblingen|Neustadt-Hohenacker|Schwaikheim|Winnenden,8004233,Nellmersbach,Baden-Württemberg,Leutenbach,71397,9.415421538,48.90336425,5,2609042112,,2609042112,,,,,,,,,,,1.0,0.0
3859668929434965477-2609042111-3,7367,2609042116,2609042116,1,,S,S3,Backnang|Maubach,8004233,Nellmersbach,Baden-Württemberg,Leutenbach,71397,9.415421538,48.90336425,5,2609042118,,2609042119,,,,,,,,,,,2.0,3.0
970449513727673732-2609042141-3,7369,2609042146,2609042146,1,,S,S3,Backnang|Maubach,8004233,Nellmersbach,Baden-Württemberg,Leutenbach,71397,9.415421538,48.90336425,5,2609042148,,2609042150,,,,,,,,,,,2.0,4.0
6924424662402192372-2609042112-7,7364,2609042133,2609042133,1,,S,S3,Stuttgart Hbf|Stuttgart-Bad Cannstatt|Stuttgart Nürnberger Str.|Stuttgart-Sommerrain|Fellbach|Waiblingen,8004333,Neustadt-Hohenacker,Baden-Württemberg,Waiblingen,71336,9.32455106,48.85921668,5,2609042133,,2609042134,,,,,,,,,,,0.0,1.0
-4217556654966046239-2609042042-7,7362,2609042103,2609042103,1,,S,S3,Stuttgart Hbf|Stuttgart-Bad Cannstatt|Stuttgart Nürnberger Str.|Stuttgart-Sommerrain|Fellbach|Waiblingen,8004333,Neustadt-Hohenacker,Baden-Württemberg,Waiblingen,71336,9.32455106,48.85921668,5,2609042103,,2609042104,,,,,,,,,,,0.0,1.0
3859668929434965477-2609042111-6,7367,2609042125,2609042125,2,,S,S3,Backnang|Maubach|Nellmersbach|Winnenden|Schwaikheim,8004333,Neustadt-Hohenacker,Baden-Württemberg,Waiblingen,71336,9.32455106,48.85921668,5,2609042127,,2609042128,,,,,,,,,,,2.0,3.0
970449513727673732-2609042141-6,7369,2609042155,2609042155,2,,S,S3,Backnang|Maubach|Nellmersbach|Winnenden|Schwaikheim,8004333,Neustadt-Hohenacker,Baden-Württemberg,Waiblingen,71336,9.32455106,48.85921668,5,2609042200,,2609042201,,,,,,,,,,,5.0,6.0
-7506781114720968709-2609042103-10,7667,2609042131,2609042131,2,,S,S6,Weil der Stadt|Malmsheim|Renningen|Rutesheim|Leonberg|Höfingen|Ditzingen|Weilimdorf|Korntal,8004338,Neuwirtshaus (Porscheplatz),Baden-Württemberg,Stuttgart,70435,9.151955614,48.83384734,4,2609042131,,2609042132,,,,,,,,,,,0.0,1.0
1336318002580222572-2609042033-10,7665,2609042101,2609042101,2,,S,S6,Weil der Stadt|Malmsheim|Renningen|Rutesheim|Leonberg|Höfingen|Ditzingen|Weilimdorf|Korntal,8004338,Neuwirtshaus (Porscheplatz),Baden-Württemberg,Stuttgart,70435,9.151955614,48.83384734,4,2609042102,,2609042102,,,,,,,,,,,1.0,1.0
-2482016822020551491-2609042117-5,7664,2609042128,2609042129,1,,S,S6,Stuttgart Hbf|Stuttgart Nordbahnhof|Stuttgart-Feuerbach|Stuttgart-Zuffenhausen,8004338,Neuwirtshaus (Porscheplatz),Baden-Württemberg,Stuttgart,70435,9.151955614,48.83384734,4,2609042128,,2609042129,,,,,,,,,,,0.0,0.0
6737611286015741642-2609042147-5,7666,2609042158,2609042159,1,,S,S6,Stuttgart Hbf|Stuttgart Nordbahnhof|Stuttgart-Feuerbach|Stuttgart-Zuffenhausen,8004338,Neuwirtshaus (Porscheplatz),Baden-Württemberg,Stuttgart,70435,9.151955614,48.83384734,4,2609042158,,2609042159,,,,,,,,,,,0.0,0.0
7537870707558801072-2609042116-8,7765,2609042141,2609042141,1,,S,S1,Stuttgart-Vaihingen|Stuttgart-Rohr|Goldberg(Württ)|Böblingen|Hulb|Ehningen(b Böblingen)|Gärtringen,8004490,Nufringen,Baden-Württemberg,Nufringen,71154,8.889817485,48.62010967,5,2609042141,,2609042142,,,,,,,,,,,0.0,1.0
4683056481244044415-2609042046-8,7763,2609042111,2609042111,1,,S,S1,Stuttgart-Vaihingen|Stuttgart-Rohr|Goldberg(Württ)|Böblingen|Hulb|Ehningen(b Böblingen)|Gärtringen,8004490,Nufringen,Baden-Württemberg,Nufringen,71154,8.889817485,48.62010967,5,2609042121,,2609042121,,,,,,,,,,,10.0,10.0
1091836898745684931-2609042116-2,7768,2609042119,2609042119,2,,S,S1,Herrenberg,8004490,Nufringen,Baden-Württemberg,Nufringen,71154,8.889817485,48.62010967,5,2609042122,,2609042123,,,,,,,,,,,3.0,4.0
800896748119483466-2609042146-2,7770,2609042149,2609042149,2,,S,S1,Herrenberg,8004490,Nufringen,Baden-Württemberg,Nufringen,71154,8.889817485,48.62010967,5,2609042149,,2609042150,,,,,,,,,,,0.0,1.0
-2334134821981316841-2609042133-5,7966,2609042145,2609042145,2,,S,S2,Filderstadt|Stuttgart Flughafen/Messe|Echterdingen|Leinfelden,8004496,Oberaichen,Baden-Württemberg,Leinfelden-Echterdingen,70771,9.12743664,48.70512422,5,2609042145,,2609042146,,,,,,,,,,,0.0,1.0
-7605544355025909436-2609042103-5,7964,2609042115,2609042115,2,,S,S2,Filderstadt|Stuttgart Flughafen/Messe|Echterdingen|Leinfelden,8004496,Oberaichen,Baden-Württemberg,Leinfelden-Echterdingen,70771,9.12743664,48.70512422,5,2609042115,,2609042116,,,,,,,,,,,0.0,1.0
7308365696903436202-2609042105-3,7965,2609042114,2609042114,1,,S,S2,Stuttgart-Vaihingen|Stuttgart-Rohr,8004496,Oberaichen,Baden-Württemberg,Leinfelden-Echterdingen,70771,9.12743664,48.70512422,5,2609042114,,2609042115,,,,,,,,,,,0.0,1.0
4105031587460682562-2609042135-3,7967,2609042144,2609042144,1,,S,S2,Stuttgart-Vaihingen|Stuttgart-Rohr,8004496,Oberaichen,Baden-Württemberg,Leinfelden-Echterdingen,70771,9.12743664,48.70512422,5,2609042144,,2609042145,,,,,,,,,,,0.0,1.0
6929098726566169295-2609042055-8,7164,2609042115,2609042115,4,,S,S1,Stuttgart Hbf|Stuttgart-Bad Cannstatt|Stuttgart Neckarpark|Stuttgart-Untertürkheim|Stuttgart-Obertürkheim|Esslingen-Mettingen|Esslingen(Neckar),8004528,Oberesslingen,Baden-Württemberg,Esslingen am Neckar,73730,9.327277435,48.72983585,3,2609042117,,2609042118,,,,,,,,,,,2.0,3.0
3106830256264099267-2609042050-8,7167,2609042114,2609042115,3,,S,S1,Kirchheim(Teck)|Kirchheim(Teck)-Ötlingen|Wendlingen(Neckar)|Wernau(Neckar)|Plochingen|Altbach|Esslingen-Zell,8004528,Oberesslingen,Baden-Württemberg,Esslingen am Neckar,73730,9.327277435,48.72983585,3,2609042114,,2609042115,,,,,,,,,,,0.0,0.0
-1445914617040136913-2609042120-8,7169,2609042144,2609042145,3,,S,S1,Kirchheim(Teck)|Kirchheim(Teck)-Ötlingen|Wendlingen(Neckar)|Wernau(Neckar)|Plochingen|Altbach|Esslingen-Zell,8004528,Oberesslingen,Baden-Württemberg,Esslingen am Neckar,73730,9.327277435,48.72983585,3,2609042144,,2609042145,,,,,,,,,,,0.0,0.0
6090333868698703745-2609042125-8,7166,2609042145,2609042145,4,,S,S1,Stuttgart Hbf|Stuttgart-Bad Cannstatt|Stuttgart Neckarpark|Stuttgart-Untertürkheim|Stuttgart-Obertürkheim|Esslingen-Mettingen|Esslingen(Neckar),8004528,Oberesslingen,Baden-Württemberg,Esslingen am Neckar,73730,9.327277435,48.72983585,3,2609042146,,2609042147,,,,,,,,,,,1.0,2.0
-3985651556599643211-2609042120-3,19335,2609042142,2609042145,9,,RE,MEX18,Kornwestheim Pbf|Esslingen(Neckar),8000302,Plochingen,Baden-Württemberg,Plochingen,73207,9.411294578,48.71293906,2,2609042228,7,2609042231,7,h,2,Störung,,,Kornwestheim Pbf|Esslingen(Neckar),Wendlingen(Neckar)|Nürtingen|Metzingen(Württ)|Reutlingen Hbf,,,46.0,46.0
6929098726566169295-2609042055-11,7164,2609042123,2609042126,9,,S,S1,Stuttgart Hbf|Stuttgart-Bad Cannstatt|Stuttgart Neckarpark|Stuttgart-Untertürkheim|Stuttgart-Obertürkheim|Esslingen-Mettingen|Esslingen(Neckar)|Oberesslingen|Esslingen-Zell|Altbach,8000302,Plochingen,Baden-Württemberg,Plochingen,73207,9.411294578,48.71293906,2,2609042125,,2609042126,,,,,,,,,,,2.0,0.0
3106830256264099267-2609042050-5,7167,2609042105,2609042107,9,,S,S1,Kirchheim(Teck)|Kirchheim(Teck)-Ötlingen|Wendlingen(Neckar)|Wernau(Neckar),8000302,Plochingen,Baden-Württemberg,Plochingen,73207,9.411294578,48.71293906,2,2609042105,,2609042107,,,,,,,,,,,0.0,0.0
-1445914617040136913-2609042120-5,7169,2609042135,2609042137,9,,S,S1,Kirchheim(Teck)|Kirchheim(Teck)-Ötlingen|Wendlingen(Neckar)|Wernau(Neckar),8000302,Plochingen,Baden-Württemberg,Plochingen,73207,9.411294578,48.71293906,2,2609042135,,2609042137,,,,,,,,,,,0.0,0.0
4084410163644003742-2609042042-4,19173,2609042100,2609042104,3,,ARV,MEX16,Stuttgart Hbf|Stuttgart-Bad Cannstatt|Esslingen(Neckar),8000302,Plochingen,Baden-Württemberg,Plochingen,73207,9.411294578,48.71293906,2,2609042100,,2609042105,,,,,,,,,c,,0.0,1.0
-7326916283465140570-2609042113-13,19176,2609042157,2609042158,3,,ARV,MEX16,Geislingen(Steige)|Geislingen(Steige)West|Kuchen|Gingen(Fils)|Süßen|Salach|Eislingen(Fils)|Göppingen|Faurndau|Uhingen|Ebersbach(Fils)|Reichenbach(Fils),8000302,Plochingen,Baden-Württemberg,Plochingen,73207,9.411294578,48.71293906,2,2609042158,,2609042159,,,,,,,,,,,1.0,1.0
6090333868698703745-2609042125-11,7166,2609042153,2609042155,10,,S,S1,Stuttgart Hbf|Stuttgart-Bad Cannstatt|Stuttgart Neckarpark|Stuttgart-Untertürkheim|Stuttgart-Obertürkheim|Esslingen-Mettingen|Esslingen(Neckar)|Oberesslingen|Esslingen-Zell|Altbach,8000302,Plochingen,Baden-Württemberg,Plochingen,73207,9.411294578,48.71293906,2,2609042154,,2609042155,,,,,,,,,,,1.0,0.0
-8269850265962571195-2609042045-3,19349,2609042111,2609042112,9,,RE,MEX12,Kornwestheim Pbf|Esslingen(Neckar),8000302,Plochingen,Baden-Württemberg,Plochingen,73207,9.411294578,48.71293906,2,2609042201,6,2609042208,6,h,2,Störung,,,Kornwestheim Pbf|Esslingen(Neckar),Wendlingen(Neckar)|Oberboihingen|Nürtingen|Bempflingen|Metzingen(Württ)|Reutlingen Hbf,,,50.0,56.0
-5010751629399415312-2609042043-5,19336,2609042111,2609042112,6,,RE,MEX18,Reutlingen Hbf|Metzingen(Württ)|Nürtingen|Wendlingen(Neckar),8000302,Plochingen,Baden-Württemberg,Plochingen,73207,9.411294578,48.71293906,2,2609042112,6,2609042113,6,h,2,Störung,,,,,,c,1.0,1.0
6759640336004358692-2609041905-11,4230,2609042102,2609042103,1,,RE,RE5,Friedrichshafen Stadt|Meckenbeuren|Ravensburg|Aulendorf|Bad Schussenried|Biberach(Riß)|Laupheim West|Ulm Hbf|Geislingen(Steige)|Göppingen,8000302,Plochingen,Baden-Württemberg,Plochingen,73207,9.411294578,48.71293906,2,2609042142,,2609042143,,h,2,Information,,,Friedrichshafen Stadt|Meckenbeuren|Ravensburg|Aulendorf|Bad Schussenried|Biberach(Riß)|Laupheim West|Ulm Hbf|Geislingen(Steige)|Göppingen,Esslingen(Neckar)|Stuttgart Hbf,,,40.0,40.0
9051693092006692929-2609042137-3,4235,2609042154,2609042156,4,,RE,RE5,Stuttgart Hbf|Esslingen(Neckar),8000302,Plochingen,Baden-Württemberg,Plochingen,73207,9.411294578,48.71293906,2,2609042202,10,2609042206,10,h,2,Störung,,,,,,,8.0,10.0
-557792537201496520-2609042100-4,19175,2609042121,2609042130,3,,ARV,MEX16,Stuttgart Hbf|Stuttgart-Bad Cannstatt|Esslingen(Neckar),8000302,Plochingen,Baden-Württemberg,Plochingen,73207,9.411294578,48.71293906,2,2609042158,4,2609042159,4,,,,,,,,,,37.0,29.0
-9043595130434349800-2609042048-13,19174,2609042128,2609042134,1,,ARV,MEX16,Geislingen(Steige)|Geislingen(Steige)West|Kuchen|Gingen(Fils)|Süßen|Salach|Eislingen(Fils)|Göppingen|Faurndau|Uhingen|Ebersbach(Fils)|Reichenbach(Fils),8000302,Plochingen,Baden-Württemberg,Plochingen,73207,9.411294578,48.71293906,2,2609042128,,2609042136,,,,,,,,,,,0.0,2.0
-6102671226917243432-2609042116-7,19358,2609042147,2609042148,6,,RE,MEX12,Reutlingen Hbf|Metzingen(Württ)|Bempflingen|Nürtingen|Oberboihingen|Wendlingen(Neckar),8000302,Plochingen,Baden-Württemberg,Plochingen,73207,9.411294578,48.71293906,2,2609042151,,2609042153,,h,2,Störung,,,,,,,4.0,5.0
-5866427935955509808-2609042134-7,7067,2609042150,,2,,S,,Böblingen|Sindelfingen|Maichingen|Maichingen Nord|Magstadt|Renningen Süd,8000313,Renningen,Baden-Württemberg,Renningen,71272,8.932650148,48.77515509,3,2609042151,,,,,,,,,,,,,1.0,0.0
-9065769761816720116-2609042126-6,26187,2609042148,,4,,SWE,,Calw|Calw-Heumaden|Althengstett|Ostelsheim|Weil der Stadt,8000313,Renningen,Baden-Württemberg,Renningen,71272,8.932650148,48.77515509,3,2609042148,,,,h,1,Störung,,,,,,,0.0,0.0
3272995048165614216-2609042158-1,26186,,2609042158,,,SWE,RB76,,8000313,Renningen,Baden-Württemberg,Renningen,71272,8.932650148,48.77515509,3,,,2609042158,,h,1,Störung,,,,,,,0.0,0.0
-7506781114720968709-2609042103-3,7667,2609042107,2609042111,2,,S,S6,Weil der Stadt|Malmsheim,8000313,Renningen,Baden-Württemberg,Renningen,71272,8.932650148,48.77515509,3,2609042110,,2609042111,,,,,,,,,,,3.0,0.0
-4129909752986717170-2609042133-3,7669,2609042137,2609042141,2,,S,S6,Weil der Stadt|Malmsheim,8000313,Renningen,Baden-Württemberg,Renningen,71272,8.932650148,48.77515509,3,2609042138,,2609042141,,,,,,,,,,,1.0,0.0
-5721042257730826301-2609042038-10,7066,2609042104,2609042109,3,,S,S60,Stuttgart-Feuerbach|Stuttgart-Zuffenhausen|Neuwirtshaus(Porscheplatz)|Korntal|Weilimdorf|Ditzingen|Höfingen|Leonberg|Rutesheim,8000313,Renningen,Baden-Württemberg,Renningen,71272,8.932650148,48.77515509,3,2609042105,,2609042111,,,,,,,,,,,1.0,2.0
-2482016822020551491-2609042117-12,7664,2609042149,2609042152,3,,S,S6,Stuttgart Hbf|Stuttgart Nordbahnhof|Stuttgart-Feuerbach|Stuttgart-Zuffenhausen|Neuwirtshaus(Porscheplatz)|Korntal|Weilimdorf|Ditzingen|Höfingen|Leonberg|Rutesheim,8000313,Renningen,Baden-Württemberg,Renningen,71272,8.932650148,48.77515509,3,2609042149,,2609042152,,,,,,,,,,,0.0,0.0
-279161464129784570-2609042139-1,7068,,2609042139,,,S,S60,,8000313,Renningen,Baden-Württemberg,Renningen,71272,8.932650148,48.77515509,3,,,2609042139,,,,,,,,,,,0.0,0.0
-8158613416807274501-2609042104-7,7065,2609042120,,2,,S,,Böblingen|Sindelfingen|Maichingen|Maichingen Nord|Magstadt|Renningen Süd,8000313,Renningen,Baden-Württemberg,Renningen,71272,8.932650148,48.77515509,3,2609042129,3,,,,,,,,,,,,9.0,0.0
-4954691136188615428-2609042047-12,7662,2609042119,2609042122,3,,S,S6,Stuttgart Hbf|Stuttgart Nordbahnhof|Stuttgart-Feuerbach|Stuttgart-Zuffenhausen|Neuwirtshaus(Porscheplatz)|Korntal|Weilimdorf|Ditzingen|Höfingen|Leonberg|Rutesheim,8000313,Renningen,Baden-Württemberg,Renningen,71272,8.932650148,48.77515509,3,2609042121,,2609042122,,,,,,,,,,,2.0,0.0
2890455660221075834-2609042133-9,7269,2609042151,2609042152,2,,S,S2,Schorndorf|Weiler(Rems)|Winterbach(b Schorndorf)|Geradstetten|Grunbach|Beutelsbach|Endersbach|Stetten-Beinstein,8005157,Rommelshausen,Baden-Württemberg,Kernen,71394,9.319175885,48.81552017,4,2609042151,,2609042152,,h,2,Bauarbeiten,,,,,,,0.0,0.0
3090077021401438649-2609042050-7,7262,2609042107,2609042107,1,,S,S2,Stuttgart Hbf|Stuttgart-Bad Cannstatt|Stuttgart Nürnberger Str.|Stuttgart-Sommerrain|Fellbach|Waiblingen,8005157,Rommelshausen,Baden-Württemberg,Kernen,71394,9.319175885,48.81552017,4,2609042107,,2609042108,,h,2,Bauarbeiten,,,,,,,0.0,1.0
-7971444916294519755-2609042120-7,7264,2609042137,2609042137,1,,S,S2,Stuttgart Hbf|Stuttgart-Bad Cannstatt|Stuttgart Nürnberger Str.|Stuttgart-Sommerrain|Fellbach|Waiblingen,8005157,Rommelshausen,Baden-Württemberg,Kernen,71394,9.319175885,48.81552017,4,2609042143,,2609042143,,h,2,Bauarbeiten,,,,,,,6.0,6.0
2628700476961371155-2609042103-9,7267,2609042121,2609042122,2,,S,S2,Schorndorf|Weiler(Rems)|Winterbach(b Schorndorf)|Geradstetten|Grunbach|Beutelsbach|Endersbach|Stetten-Beinstein,8005157,Rommelshausen,Baden-Württemberg,Kernen,71394,9.319175885,48.81552017,4,2609042121,,2609042122,,h,2,Bauarbeiten,,,,,,,0.0,0.0
-7506781114720968709-2609042103-4,7667,2609042113,2609042114,1,,S,S6,Weil der Stadt|Malmsheim|Renningen,8005236,Rutesheim,Baden-Württemberg,Leonberg,71229,8.960325242,48.79031093,5,2609042113,,2609042114,,,,,,,,,,,0.0,0.0
-4129909752986717170-2609042133-4,7669,2609042143,2609042144,1,,S,S6,Weil der Stadt|Malmsheim|Renningen,8005236,Rutesheim,Baden-Württemberg,Leonberg,71229,8.960325242,48.79031093,5,2609042144,,2609042144,,,,,,,,,,,1.0,0.0
-5721042257730826301-2609042038-9,7066,2609042101,2609042101,2,,S,S60,Stuttgart-Feuerbach|Stuttgart-Zuffenhausen|Neuwirtshaus(Porscheplatz)|Korntal|Weilimdorf|Ditzingen|Höfingen|Leonberg,8005236,Rutesheim,Baden-Württemberg,Leonberg,71229,8.960325242,48.79031093,5,2609042102,,2609042103,,,,,,,,,,,1.0,2.0
-2482016822020551491-2609042117-11,7664,2609042146,2609042146,2,,S,S6,Stuttgart Hbf|Stuttgart Nordbahnhof|Stuttgart-Feuerbach|Stuttgart-Zuffenhausen|Neuwirtshaus(Porscheplatz)|Korntal|Weilimdorf|Ditzingen|Höfingen|Leonberg,8005236,Rutesheim,Baden-Württemberg,Leonberg,71229,8.960325242,48.79031093,5,2609042146,,2609042147,,,,,,,,,,,0.0,1.0
-4954691136188615428-2609042047-11,7662,2609042116,2609042116,2,,S,S6,Stuttgart Hbf|Stuttgart Nordbahnhof|Stuttgart-Feuerbach|Stuttgart-Zuffenhausen|Neuwirtshaus(Porscheplatz)|Korntal|Weilimdorf|Ditzingen|Höfingen|Leonberg,8005236,Rutesheim,Baden-Württemberg,Leonberg,71229,8.960325242,48.79031093,5,2609042118,,2609042119,,,,,,,,,,,2.0,3.0
60349379957709074-2609042006-7,19685,2609042128,2609042129,2,,ARV,RE1,Karlsruhe Hbf|Karlsruhe-Durlach|Pforzheim Hbf|Mühlacker|Vaihingen(Enz)|Stuttgart Hbf,8005424,Schorndorf,Baden-Württemberg,Schorndorf,73614,9.525686251,48.80693898,3,2609042132,,2609042133,,h,2,Information,,,,,,,4.0,4.0
2890455660221075834-2609042133-1,7269,,2609042133,,,S,S2,,8005424,Schorndorf,Baden-Württemberg,Schorndorf,73614,9.525686251,48.80693898,3,,,2609042133,,h,2,Bauarbeiten,,,,,,,0.0,0.0
-6477978226066436130-2609042047-4,19435,2609042113,2609042114,2,,ARV,MEX13,Stuttgart Hbf|Stuttgart-Bad Cannstatt|Waiblingen,8005424,Schorndorf,Baden-Württemberg,Schorndorf,73614,9.525686251,48.80693898,3,2609042113,,2609042114,,h,2,Information,,,,,,,0.0,0.0
-489160259659374986-2609041952-17,19486,2609042113,2609042114,3,,ARV,MEX13,Crailsheim|Jagstzell|Ellwangen|Schrezheim|Schwabsberg|Goldshöfe|Hofen(b Aalen)|Wasseralfingen|Aalen Hbf|Mögglingen(Gmünd)|Böbingen(Rems)|Schwäbisch Gmünd|Lorch(Württ)|Waldhausen(b Schorndorf)|Plüderhausen|Urbach(b Schorndorf),8005424,Schorndorf,Baden-Württemberg,Schorndorf,73614,9.525686251,48.80693898,3,2609042115,,2609042116,,h,2,Störung,,,,,,,2.0,2.0
3090077021401438649-2609042050-15,7262,2609042125,,14,,S,,Stuttgart Hbf|Stuttgart-Bad Cannstatt|Stuttgart Nürnberger Str.|Stuttgart-Sommerrain|Fellbach|Waiblingen|Rommelshausen|Stetten-Beinstein|Endersbach|Beutelsbach|Grunbach|Geradstetten|Winterbach(b Schorndorf)|Weiler(Rems),8005424,Schorndorf,Baden-Württemberg,Schorndorf,73614,9.525686251,48.80693898,3,2609042125,,,,h,2,Bauarbeiten,,,,,,,0.0,0.0
-7971444916294519755-2609042120-15,7264,2609042155,,1,,S,,Stuttgart Hbf|Stuttgart-Bad Cannstatt|Stuttgart Nürnberger Str.|Stuttgart-Sommerrain|Fellbach|Waiblingen|Rommelshausen|Stetten-Beinstein|Endersbach|Beutelsbach|Grunbach|Geradstetten|Winterbach(b Schorndorf)|Weiler(Rems),8005424,Schorndorf,Baden-Württemberg,Schorndorf,73614,9.525686251,48.80693898,3,2609042200,,,,h,2,Bauarbeiten,,,,,,,5.0,0.0
4357443539708976180-2609042107-9,19440,2609042143,2609042144,3,,ARV,MEX13,Aalen Hbf|Mögglingen(Gmünd)|Böbingen(Rems)|Schwäbisch Gmünd|Lorch(Württ)|Waldhausen(b Schorndorf)|Plüderhausen|Urbach(b Schorndorf),8005424,Schorndorf,Baden-Württemberg,Schorndorf,73614,9.525686251,48.80693898,3,2609042145,,2609042146,,h,2,Information,,,,,,,2.0,2.0
2628700476961371155-2609042103-1,7267,,2609042103,,,S,S2,,8005424,Schorndorf,Baden-Württemberg,Schorndorf,73614,9.525686251,48.80693898,3,,,2609042103,,h,2,Bauarbeiten,,,,,,,0.0,0.0
-4811206268621532947-2609042120-4,19485,2609042143,2609042144,2,,ARV,MEX13,Stuttgart Hbf|Stuttgart-Bad Cannstatt|Waiblingen,8005424,Schorndorf,Baden-Württemberg,Schorndorf,73614,9.525686251,48.80693898,3,2609042149,,2609042150,,h,2,Information,,,,,,,6.0,6.0
6924424662402192372-2609042112-8,7364,2609042136,2609042136,2,,S,S3,Stuttgart Hbf|Stuttgart-Bad Cannstatt|Stuttgart Nürnberger Str.|Stuttgart-Sommerrain|Fellbach|Waiblingen|Neustadt-Hohenacker,8005454,Schwaikheim,Baden-Württemberg,Schwaikheim,71409,9.354747358,48.86832665,4,2609042136,,2609042137,,,,,,,,,,,0.0,1.0
-4217556654966046239-2609042042-8,7362,2609042106,2609042106,2,,S,S3,Stuttgart Hbf|Stuttgart-Bad Cannstatt|Stuttgart Nürnberger Str.|Stuttgart-Sommerrain|Fellbach|Waiblingen|Neustadt-Hohenacker,8005454,Schwaikheim,Baden-Württemberg,Schwaikheim,71409,9.354747358,48.86832665,4,2609042106,,2609042107,,,,,,,,,,,0.0,1.0
3859668929434965477-2609042111-5,7367,2609042122,2609042123,1,,S,S3,Backnang|Maubach|Nellmersbach|Winnenden,8005454,Schwaikheim,Baden-Württemberg,Schwaikheim,71409,9.354747358,48.86832665,4,2609042124,,2609042125,,,,,,,,,,,2.0,2.0
970449513727673732-2609042141-5,7369,2609042152,2609042153,1,,S,S3,Backnang|Maubach|Nellmersbach|Winnenden,8005454,Schwaikheim,Baden-Württemberg,Schwaikheim,71409,9.354747358,48.86832665,4,2609042158,,2609042158,,,,,,,,,,,6.0,5.0
-5866427935955509808-2609042134-2,7067,2609042136,2609042137,1,,S,S60,Böblingen,8005574,Sindelfingen,Baden-Württemberg,Sindelfingen,71063,8.999262079,48.70387346,6,2609042137,,2609042138,,,,,,,,,,,1.0,1.0
-5721042257730826301-2609042038-15,7066,2609042122,2609042123,1,,S,S60,Stuttgart-Feuerbach|Stuttgart-Zuffenhausen|Neuwirtshaus(Porscheplatz)|Korntal|Weilimdorf|Ditzingen|Höfingen|Leonberg|Rutesheim|Renningen|Renningen Süd|Magstadt|Maichingen Nord|Maichingen,8005574,Sindelfingen,Baden-Württemberg,Sindelfingen,71063,8.999262079,48.70387346,6,2609042125,,2609042126,,,,,,,,,,,3.0,3.0
-279161464129784570-2609042139-6,7068,2609042152,2609042153,1,,S,S60,Renningen|Renningen Süd|Magstadt|Maichingen Nord|Maichingen,8005574,Sindelfingen,Baden-Württemberg,Sindelfingen,71063,8.999262079,48.70387346,6,2609042152,,2609042153,,,,,,,,,,,0.0,0.0
-8158613416807274501-2609042104-2,7065,2609042106,2609042107,1,,S,S60,Böblingen,8005574,Sindelfingen,Baden-Württemberg,Sindelfingen,71063,8.999262079,48.70387346,6,2609042114,,2609042115,,,,,,,,,,,8.0,8.0
2890455660221075834-2609042133-8,7269,2609042149,2609042149,2,,S,S2,Schorndorf|Weiler(Rems)|Winterbach(b Schorndorf)|Geradstetten|Grunbach|Beutelsbach|Endersbach,8005726,Stetten-Beinstein,Baden-Württemberg,Weinstadt,71384,9.352769725,48.81199601,5,2609042149,,2609042149,,h,2,Bauarbeiten,,,,,,,0.0,0.0
3090077021401438649-2609042050-8,7262,2609042109,2609042109,1,,S,S2,Stuttgart Hbf|Stuttgart-Bad Cannstatt|Stuttgart Nürnberger Str.|Stuttgart-Sommerrain|Fellbach|Waiblingen|Rommelshausen,8005726,Stetten-Beinstein,Baden-Württemberg,Weinstadt,71384,9.352769725,48.81199601,5,2609042110,,2609042110,,h,2,Bauarbeiten,,,,,,,1.0,1.0
-7971444916294519755-2609042120-8,7264,2609042139,2609042139,1,,S,S2,Stuttgart Hbf|Stuttgart-Bad Cannstatt|Stuttgart Nürnberger Str.|Stuttgart-Sommerrain|Fellbach|Waiblingen|Rommelshausen,8005726,Stetten-Beinstein,Baden-Württemberg,Weinstadt,71384,9.352769725,48.81199601,5,2609042145,,2609042145,,h,2,Bauarbeiten,,,,,,,6.0,6.0
2628700476961371155-2609042103-8,7267,2609042119,2609042119,2,,S,S2,Schorndorf|Weiler(Rems)|Winterbach(b Schorndorf)|Geradstetten|Grunbach|Beutelsbach|Endersbach,8005726,Stetten-Beinstein,Baden-Württemberg,Weinstadt,71384,9.352769725,48.81199601,5,2609042119,,2609042119,,h,2,Bauarbeiten,,,,,,,0.0,0.0
8322424274180843926-2609041928-5,510,2609042143,2609042149,10,,ICE,,München Hbf|München-Pasing|Augsburg Hbf|Ulm Hbf,8000096,Stuttgart Hbf,Baden-Württemberg,Stuttgart,70173,9.183172973,48.78473069,1,2609042204,,2609042209,,c,,,,,,,,,21.0,20.0
60349379957709074-2609042006-6,19685,2609042059,2609042106,15,,ARV,RE1,Karlsruhe Hbf|Karlsruhe-Durlach|Pforzheim Hbf|Mühlacker|Vaihingen(Enz),8000096,Stuttgart Hbf,Baden-Württemberg,Stuttgart,70173,9.183172973,48.78473069,1,2609042104,,2609042113,,h,2,Information,,,,,,,5.0,7.0
205536001243633238-2609042155-1,88649,,2609042155,,,ARV,RE90,,8000096,Stuttgart Hbf,Baden-Württemberg,Stuttgart,70173,9.183172973,48.78473069,1,,,2609042156,,,,,,,,,,,0.0,1.0
553786968472239584-2609042142-1,7366,,2609042142,,,S,S3,,8000096,Stuttgart Hbf,Baden-Württemberg,Stuttgart,70173,9.183172973,48.78473069,1,,,2609042142,,,,,,,,,,,0.0,0.0
-4698443977179735697-2609042127-1,7566,,2609042127,,,S,S5,,8000096,Stuttgart Hbf,Baden-Württemberg,Stuttgart,70173,9.183172973,48.78473069,1,,,2609042128,,h,2,Bauarbeiten,,,,,,,0.0,1.0
-8173057082443024324-2609042013-17,17682,2609042142,,7,,RE,,Freudenstadt Hbf|Grüntal-Wittlensweiler|Dornstetten-Aach|Dornstetten|Schopfloch(b Freudenstadt)|Bittelbronn|Horb-Heiligenfeld|Hochdorf(b Horb)|Eutingen Nord|Eutingen im Gäu|Ergenzingen|Bondorf(b Herrenberg)|Gäufelden|Herrenberg|Böblingen|Stuttgart-Vaihingen,8000096,Stuttgart Hbf,Baden-Württemberg,Stuttgart,70173,9.183172973,48.78473069,1,2609042152,,,,,,,,,,,,,10.0,0.0
-7338476628657473943-2609041339-11,1243,2609042145,,6,,FLX,,Hamburg Hbf|Berlin-Spandau|Berlin Hbf|Berlin Südkreuz|Halle(Saale)Hbf|Erfurt Hbf|Fulda|Frankfurt(Main)Süd|Darmstadt Hbf|Heidelberg Hbf,8000096,Stuttgart Hbf,Baden-Württemberg,Stuttgart,70173,9.183172973,48.78473069,1,2609042227,15,,,,,,,,Hamburg Hbf|Berlin-Spandau|Berlin Hbf|Berlin Südkreuz|Halle(Saale)Hbf|Erfurt Hbf|Fulda|Frankfurt(Main)Süd|Darmstadt Hbf|Heidelberg Hbf,,,,42.0,0.0
3106830256264099267-2609042050-15,7167,2609042135,,4,,S,,Kirchheim(Teck)|Kirchheim(Teck)-Ötlingen|Wendlingen(Neckar)|Wernau(Neckar)|Plochingen|Altbach|Esslingen-Zell|Oberesslingen|Esslingen(Neckar)|Esslingen-Mettingen|Stuttgart-Obertürkheim|Stuttgart-Untertürkheim|Stuttgart Neckarpark|Stuttgart-Bad Cannstatt,8000096,Stuttgart Hbf,Baden-Württemberg,Stuttgart,70173,9.183172973,48.78473069,1,2609042135,,,,,,,,,,,,,0.0,0.0
2880728828325156846-2609042046-6,7565,2609042105,,1,,S,,Ludwigsburg|Kornwestheim Pbf|Stuttgart-Zuffenhausen|Stuttgart-Feuerbach|Stuttgart Nordbahnhof,8000096,Stuttgart Hbf,Baden-Württemberg,Stuttgart,70173,9.183172973,48.78473069,1,2609042105,,,,h,2,Bauarbeiten,,,,,,,0.0,0.0
-7506781114720968709-2609042103-14,7667,2609042145,,1,,S,,Weil der Stadt|Malmsheim|Renningen|Rutesheim|Leonberg|Höfingen|Ditzingen|Weilimdorf|Korntal|Neuwirtshaus(Porscheplatz)|Stuttgart-Zuffenhausen|Stuttgart-Feuerbach|Stuttgart Nordbahnhof,8000096,Stuttgart Hbf,Baden-Württemberg,Stuttgart,70173,9.183172973,48.78473069,1,2609042146,,,,,,,,,,,,,1.0,0.0
-3543196118111640054-2609042016-16,19172,2609042116,,12,,ARV,,Geislingen(Steige)|Geislingen(Steige)West|Kuchen|Gingen(Fils)|Süßen|Salach|Eislingen(Fils)|Göppingen|Faurndau|Uhingen|Ebersbach(Fils)|Reichenbach(Fils)|Plochingen|Esslingen(Neckar)|Stuttgart-Bad Cannstatt,8000096,Stuttgart Hbf,Baden-Württemberg,Stuttgart,70173,9.183172973,48.78473069,1,2609042133,,,,,,,,,,,,,17.0,0.0
613026341677136269-2609042103-14,7467,2609042155,,2,,S,,Backnang|Burgstall(Murr)|Kirchberg(Murr)|Erdmannhausen|Marbach(Neckar)|Benningen(Neckar)|Freiberg(Neckar)|Favoritepark|Ludwigsburg|Kornwestheim Pbf|Stuttgart-Zuffenhausen|Stuttgart-Feuerbach|Stuttgart Nordbahnhof,8000096,Stuttgart Hbf,Baden-Württemberg,Stuttgart,70173,9.183172973,48.78473069,1,2609042155,,,,,,,,,,,,,0.0,0.0
1336318002580222572-2609042033-14,7665,2609042115,,2,,S,,Weil der Stadt|Malmsheim|Renningen|Rutesheim|Leonberg|Höfingen|Ditzingen|Weilimdorf|Korntal|Neuwirtshaus(Porscheplatz)|Stuttgart-Zuffenhausen|Stuttgart-Feuerbach|Stuttgart Nordbahnhof,8000096,Stuttgart Hbf,Baden-Württemberg,Stuttgart,70173,9.183172973,48.78473069,1,2609042115,,,,,,,,,,,,,0.0,0.0
91239951430369415-2609042007-12,19436,2609042109,,14,,ARV,,Aalen Hbf|Mögglingen(Gmünd)|Böbingen(Rems)|Schwäbisch Gmünd|Lorch(Württ)|Waldhausen(b Schorndorf)|Plüderhausen|Urbach(b Schorndorf)|Schorndorf|Waiblingen|Stuttgart-Bad Cannstatt,8000096,Stuttgart Hbf,Baden-Württemberg,Stuttgart,70173,9.183172973,48.78473069,1,2609042109,,,,h,2,Information,,,,,,,0.0,0.0
-2482016822020551491-2609042117-1,7664,,2609042117,,,S,S6,,8000096,Stuttgart Hbf,Baden-Württemberg,Stuttgart,70173,9.183172973,48.78473069,1,,,2609042118,,,,,,,,,,,0.0,1.0
-6151352840709963938-2609041837-7,182,2609042133,,5,,IC,,Zürich HB|Schaffhausen|Singen(Hohentwiel)|Tuttlingen|Rottweil|Horb,8000096,Stuttgart Hbf,Baden-Württemberg,Stuttgart,70173,9.183172973,48.78473069,1,2609042135,,,,h,1,Information,,,,,,,2.0,0.0
2998770966738646951-2609041509-11,693,2609042111,2609042117,16,,ICE,,Berlin Gesundbrunnen|Berlin Hbf|Berlin Südkreuz|Lutherstadt Wittenberg Hbf|Leipzig Hbf|Erfurt Hbf|Eisenach Hbf|Fulda|Frankfurt(Main)Hbf|Mannheim Hbf,8000096,Stuttgart Hbf,Baden-Württemberg,Stuttgart,70173,9.183172973,48.78473069,1,2609042112,,2609042118,,c,,,,,,,,,1.0,1.0
-5248477185843077062-2609042033-14,7465,2609042125,,1,,S,,Backnang|Burgstall(Murr)|Kirchberg(Murr)|Erdmannhausen|Marbach(Neckar)|Benningen(Neckar)|Freiberg(Neckar)|Favoritepark|Ludwigsburg|Kornwestheim Pbf|Stuttgart-Zuffenhausen|Stuttgart-Feuerbach|Stuttgart Nordbahnhof,8000096,Stuttgart Hbf,Baden-Württemberg,Stuttgart,70173,9.183172973,48.78473069,1,2609042125,,,,,,,,,,,,,0.0,0.0
8730867314174353663-2609042111-1,19395,,2609042111,,,RE,RE6,,8000096,Stuttgart Hbf,Baden-Württemberg,Stuttgart,70173,9.183172973,48.78473069,1,,,2609042124,,h,2,Störung,,,,,,,0.0,13.0
534212340185310120-2609042147-1,19437,,2609042147,,,ARV,MEX13,,8000096,Stuttgart Hbf,Baden-Württemberg,Stuttgart,70173,9.183172973,48.78473069,1,,,2609042148,,h,2,Information,,,,,,,0.0,1.0
6924424662402192372-2609042112-1,7364,,2609042112,,,S,S3,,8000096,Stuttgart Hbf,Baden-Württemberg,Stuttgart,70173,9.183172973,48.78473069,1,,,2609042113,,,,,,,,,,,0.0,1.0
6090333868698703745-2609042125-1,7166,,2609042125,,,S,S1,,8000096,Stuttgart Hbf,Baden-Württemberg,Stuttgart,70173,9.183172973,48.78473069,1,,,2609042125,,,,,,,,,,,0.0,0.0
904272065433025864-2609042020-15,7165,2609042105,,4,,S,,Kirchheim(Teck)|Kirchheim(Teck)-Ötlingen|Wendlingen(Neckar)|Wernau(Neckar)|Plochingen|Altbach|Esslingen-Zell|Oberesslingen|Esslingen(Neckar)|Esslingen-Mettingen|Stuttgart-Obertürkheim|Stuttgart-Untertürkheim|Stuttgart Neckarpark|Stuttgart-Bad Cannstatt,8000096,Stuttgart Hbf,Baden-Württemberg,Stuttgart,70173,9.183172973,48.78473069,1,2609042109,,,,,,,,,,,,,4.0,0.0
-5441853934140556416-2609042152-1,19361,,2609042152,,,RE,MEX12,,8000096,Stuttgart Hbf,Baden-Württemberg,Stuttgart,70173,9.183172973,48.78473069,1,,,2609042152,,h,2,Störung,,,,,,,0.0,0.0
5680698672680243057-2609042155-1,7168,,2609042155,,,S,S1,,8000096,Stuttgart Hbf,Baden-Württemberg,Stuttgart,70173,9.183172973,48.78473069,1,,,2609042155,,,,,,,,,,,0.0,0.0
-489160259659374986-2609041952-20,19486,2609042139,,14,,ARV,,Crailsheim|Jagstzell|Ellwangen|Schrezheim|Schwabsberg|Goldshöfe|Hofen(b Aalen)|Wasseralfingen|Aalen Hbf|Mögglingen(Gmünd)|Böbingen(Rems)|Schwäbisch Gmünd|Lorch(Württ)|Waldhausen(b Schorndorf)|Plüderhausen|Urbach(b Schorndorf)|Schorndorf|Waiblingen|Stuttgart-Bad Cannstatt,8000096,Stuttgart Hbf,Baden-Württemberg,Stuttgart,70173,9.183172973,48.78473069,1,2609042139,,,,h,2,Störung,,,,,,,0.0,0.0
6402086477437547994-2609042107-1,7462,,2609042107,,,S,S4,,8000096,Stuttgart Hbf,Baden-Württemberg,Stuttgart,70173,9.183172973,48.78473069,1,,,2609042108,,,,,,,,,,,0.0,1.0
2044823728383562621-2609041550-15,2064,2609042153,,11,,IC,,Leipzig Hbf|Naumburg(Saale)Hbf|Jena Paradies|Jena-Göschwitz|Rudolstadt(Thür)|Saalfeld(Saale)|Ludwigsstadt|Kronach|Lichtenfels|Bamberg|Erlangen|Nürnberg Hbf|Ansbach|Aalen Hbf,8000096,Stuttgart Hbf,Baden-Württemberg,Stuttgart,70173,9.183172973,48.78473069,1,2609042303,,,,h,3,Information,,,Leipzig Hbf|Naumburg(Saale)Hbf|Jena Paradies|Jena-Göschwitz|Rudolstadt(Thür)|Saalfeld(Saale)|Ludwigsstadt|Kronach|Lichtenfels|Bamberg|Erlangen|Nürnberg Hbf|Ansbach|Aalen Hbf,,,,70.0,0.0
-4202043283235864726-2609042116-1,2385,,2609042116,,,IC,,,8000096,Stuttgart Hbf,Baden-Württemberg,Stuttgart,70173,9.183172973,48.78473069,1,,,2609042121,,h,2,Information,,,,,,,0.0,5.0
2515064770390304228-2609042140-1,19177,,2609042140,,,ARV,MEX16,,8000096,Stuttgart Hbf,Baden-Württemberg,Stuttgart,70173,9.183172973,48.78473069,1,,,2609042141,,,,,,,,,,,0.0,1.0
6759640336004358692-2609041905-13,4230,2609042120,,11,,RE,,Friedrichshafen Stadt|Meckenbeuren|Ravensburg|Aulendorf|Bad Schussenried|Biberach(Riß)|Laupheim West|Ulm Hbf|Geislingen(Steige)|Göppingen|Plochingen|Esslingen(Neckar),8000096,Stuttgart Hbf,Baden-Württemberg,Stuttgart,70173,9.183172973,48.78473069,1,2609042216,,,,h,2,Information,,,Friedrichshafen Stadt|Meckenbeuren|Ravensburg|Aulendorf|Bad Schussenried|Biberach(Riß)|Laupheim West|Ulm Hbf|Geislingen(Steige)|Göppingen|Plochingen|Esslingen(Neckar),,,,56.0,0.0
5309476577673731873-2609042101-1,28499,,2609042101,,,RE,RESB,,8000096,Stuttgart Hbf,Baden-Württemberg,Stuttgart,70173,9.183172973,48.78473069,1,,,2609042118,,,,,,,,,,,0.0,17.0
-2697374704234513960-2609042132-1,19032,,2609042132,,,ARV,RE1,,8000096,Stuttgart Hbf,Baden-Württemberg,Stuttgart,70173,9.183172973,48.78473069,1,,,2609042132,,h,2,Information,,,,,,,0.0,0.0
-887848700709365635-2609042116-6,7567,2609042135,,2,,S,,Ludwigsburg|Kornwestheim Pbf|Stuttgart-Zuffenhausen|Stuttgart-Feuerbach|Stuttgart Nordbahnhof,8000096,Stuttgart Hbf,Baden-Württemberg,Stuttgart,70173,9.183172973,48.78473069,1,2609042135,,,,h,2,Bauarbeiten,,,,,,,0.0,0.0
-7971444916294519755-2609042120-1,7264,,2609042120,,,S,S2,,8000096,Stuttgart Hbf,Baden-Württemberg,Stuttgart,70173,9.183172973,48.78473069,1,,,2609042120,,h,2,Bauarbeiten,,,,,,,0.0,0.0
-5396698937150234419-2609041838-20,88646,2609042123,,13,,ARV,,Nürnberg Hbf|Roßtal|Heilsbronn|Wicklesgreuth|Ansbach|Leutershausen-Wiedersbach|Dombühl|Schnelldorf|Crailsheim|Eckartshausen-Ilshofen|Schwäbisch Hall-Hessental|Gaildorf West|Murrhardt|Sulzbach(Murr)|Oppenweiler(Württ)|Backnang|Winnenden|Waiblingen|Stuttgart-Bad Cannstatt,8000096,Stuttgart Hbf,Baden-Württemberg,Stuttgart,70173,9.183172973,48.78473069,1,2609042128,,,,r,,,,,,,,,5.0,0.0
4601980119676676489-2609042016-10,19356,2609042113,,10,,RE,,Reutlingen Hbf|Metzingen(Württ)|Bempflingen|Nürtingen|Oberboihingen|Wendlingen(Neckar)|Plochingen|Esslingen(Neckar)|Stuttgart-Bad Cannstatt,8000096,Stuttgart Hbf,Baden-Württemberg,Stuttgart,70173,9.183172973,48.78473069,1,2609042123,,,,h,2,Störung,,,,,,,10.0,0.0
-2631007370516690844-2609042157-1,7568,,2609042157,,,S,S5,,8000096,Stuttgart Hbf,Baden-Württemberg,Stuttgart,70173,9.183172973,48.78473069,1,,,2609042157,1,h,2,Bauarbeiten,,,,,,,0.0,0.0
3859668929434965477-2609042111-12,7367,2609042147,,4,,S,,Backnang|Maubach|Nellmersbach|Winnenden|Schwaikheim|Neustadt-Hohenacker|Waiblingen|Fellbach|Stuttgart-Sommerrain|Stuttgart Nürnberger Str.|Stuttgart-Bad Cannstatt,8000096,Stuttgart Hbf,Baden-Württemberg,Stuttgart,70173,9.183172973,48.78473069,1,2609042147,,,,,,,,,,,,,0.0,0.0
9051693092006692929-2609042137-1,4235,,2609042137,,,RE,RE5,,8000096,Stuttgart Hbf,Baden-Württemberg,Stuttgart,70173,9.183172973,48.78473069,1,,,2609042137,,h,2,Störung,,,,,,,0.0,0.0
5410392350429499457-2609042116-1,52385,,2609042116,,,RE,IC87,,8000096,Stuttgart Hbf,Baden-Württemberg,Stuttgart,70173,9.183172973,48.78473069,1,,,2609042121,,h,2,Information,,,,,,,0.0,5.0
2628700476961371155-2609042103-15,7267,2609042140,,3,,S,,Schorndorf|Weiler(Rems)|Winterbach(b Schorndorf)|Geradstetten|Grunbach|Beutelsbach|Endersbach|Stetten-Beinstein|Rommelshausen|Waiblingen|Fellbach|Stuttgart-Sommerrain|Stuttgart Nürnberger Str.|Stuttgart-Bad Cannstatt,8000096,Stuttgart Hbf,Baden-Württemberg,Stuttgart,70173,9.183172973,48.78473069,1,2609042140,,,,h,2,Bauarbeiten,,,,,,,0.0,0.0
1389785616641395473-2609041601-5,1163,2609042101,,11,,ICE,,Berlin Gesundbrunnen|Berlin Hbf|Berlin Südkreuz|Nürnberg Hbf,8000096,Stuttgart Hbf,Baden-Württemberg,Stuttgart,70173,9.183172973,48.78473069,1,2609042236,13,,,c,,,,,Berlin Gesundbrunnen|Berlin Hbf|Berlin Südkreuz|Nürnberg Hbf,,,,95.0,0.0
-6294731278479900645-2609042150-1,7266,,2609042150,,,S,S2,,8000096,Stuttgart Hbf,Baden-Württemberg,Stuttgart,70173,9.183172973,48.78473069,1,,,2609042150,,h,2,Bauarbeiten,,,,,,,0.0,0.0
-4811206268621532947-2609042120-1,19485,,2609042120,,,ARV,MEX13,,8000096,Stuttgart Hbf,Baden-Württemberg,Stuttgart,70173,9.183172973,48.78473069,1,,,2609042128,,h,2,Information,,,,,,,0.0,8.0
-557792537201496520-2609042100-1,19175,,2609042100,,,ARV,MEX16,,8000096,Stuttgart Hbf,Baden-Württemberg,Stuttgart,70173,9.183172973,48.78473069,1,,,2609042131,,,,,,,,Stuttgart-Bad Cannstatt|Esslingen(Neckar)|Plochingen|Reichenbach(Fils)|Ebersbach(Fils)|Uhingen|Faurndau|Göppingen|Eislingen(Fils)|Salach|Süßen|Gingen(Fils)|Kuchen|Geislingen(Steige)West|Geislingen(Steige),,,0.0,31.0
6737611286015741642-2609042147-1,7666,,2609042147,,,S,S6,,8000096,Stuttgart Hbf,Baden-Württemberg,Stuttgart,70173,9.183172973,48.78473069,1,,,2609042147,,,,,,,,,,,0.0,0.0
-9043595130434349800-2609042048-16,19174,2609042150,,12,,ARV,,Geislingen(Steige)|Geislingen(Steige)West|Kuchen|Gingen(Fils)|Süßen|Salach|Eislingen(Fils)|Göppingen|Faurndau|Uhingen|Ebersbach(Fils)|Reichenbach(Fils)|Plochingen|Esslingen(Neckar)|Stuttgart-Bad Cannstatt,8000096,Stuttgart Hbf,Baden-Württemberg,Stuttgart,70173,9.183172973,48.78473069,1,2609042207,,,,,,,,,,,,,17.0,0.0
7200444769907381892-2609041527-16,995,2609042129,,6,,ICE,,Berlin-Charlottenburg|Berlin-Spandau|Stendal Hbf|Wolfsburg Hbf|Braunschweig Hbf|Hildesheim Hbf|Göttingen|Kassel-Wilhelmshöhe|Fulda|Frankfurt(Main)Süd|Darmstadt Hbf|Bensheim|Weinheim(Bergstr)Hbf|Heidelberg Hbf|Wiesloch-Walldorf,8000096,Stuttgart Hbf,Baden-Württemberg,Stuttgart,70173,9.183172973,48.78473069,1,2609042128,,,,,,,,,,,,,-1.0,0.0
-8959018065734509300-2609042010-6,1099,2609042155,,8,,ICE,,Frankfurt(Main)Hbf|Darmstadt Hbf|Bensheim|Weinheim(Bergstr)Hbf|Heidelberg Hbf,8000096,Stuttgart Hbf,Baden-Württemberg,Stuttgart,70173,9.183172973,48.78473069,1,2609042155,,,,,,,,,,,,,0.0,0.0
-1629091222842562557-2609041936-5,50182,2609042133,,5,,RE,,Singen(Hohentwiel)|Tuttlingen|Rottweil|Horb,8000096,Stuttgart Hbf,Baden-Württemberg,Stuttgart,70173,9.183172973,48.78473069,1,2609042135,,,,h,2,Information,,,,,,,2.0,0.0
3851149700712559495-2609042033-15,7265,2609042110,,3,,S,,Schorndorf|Weiler(Rems)|Winterbach(b Schorndorf)|Geradstetten|Grunbach|Beutelsbach|Endersbach|Stetten-Beinstein|Rommelshausen|Waiblingen|Fellbach|Stuttgart-Sommerrain|Stuttgart Nürnberger Str.|Stuttgart-Bad Cannstatt,8000096,Stuttgart Hbf,Baden-Württemberg,Stuttgart,70173,9.183172973,48.78473069,1,2609042112,,,,h,2,Bauarbeiten,,,,,,,2.0,0.0
-7578975115161805427-2609042041-12,7365,2609042117,,4,,S,,Backnang|Maubach|Nellmersbach|Winnenden|Schwaikheim|Neustadt-Hohenacker|Waiblingen|Fellbach|Stuttgart-Sommerrain|Stuttgart Nürnberger Str.|Stuttgart-Bad Cannstatt,8000096,Stuttgart Hbf,Baden-Württemberg,Stuttgart,70173,9.183172973,48.78473069,1,2609042118,,,,,,,,,,,,,1.0,0.0
2828988855077273536-2609042137-1,7464,,2609042137,,,S,S4,,8000096,Stuttgart Hbf,Baden-Württemberg,Stuttgart,70173,9.183172973,48.78473069,1,,,2609042137,,,,,,,,,,,0.0,0.0
3342960685238521043-2609042015-11,17680,2609042142,,7,,RE,,Oberndorf(Neckar)|Sulz(Neckar)|Horb|Eutingen im Gäu|Ergenzingen|Bondorf(b Herrenberg)|Gäufelden|Herrenberg|Böblingen|Stuttgart-Vaihingen,8000096,Stuttgart Hbf,Baden-Württemberg,Stuttgart,70173,9.183172973,48.78473069,1,2609042152,,,,,,,,,,,,,10.0,0.0
-4825568150332843798-2609042032-7,19031,2609042125,,8,,ARV,,Karlsruhe Hbf|Karlsruhe-Durlach|Wilferdingen-Singen|Pforzheim Hbf|Mühlacker|Vaihingen(Enz),8000096,Stuttgart Hbf,Baden-Württemberg,Stuttgart,70173,9.183172973,48.78473069,1,2609042131,,,,h,2,Information,,,,,,,6.0,0.0
6929098726566169295-2609042055-3,7164,2609042102,2609042102,3,,S,S1,Stuttgart Hbf|Stuttgart-Bad Cannstatt,8006743,Stuttgart Neckarpark,Baden-Württemberg,Stuttgart,70372,9.24106855,48.79194362,4,2609042104,,2609042104,,,,,,,,,,,2.0,2.0
3106830256264099267-2609042050-13,7167,2609042127,2609042127,1,,S,S1,Kirchheim(Teck)|Kirchheim(Teck)-Ötlingen|Wendlingen(Neckar)|Wernau(Neckar)|Plochingen|Altbach|Esslingen-Zell|Oberesslingen|Esslingen(Neckar)|Esslingen-Mettingen|Stuttgart-Obertürkheim|Stuttgart-Untertürkheim,8006743,Stuttgart Neckarpark,Baden-Württemberg,Stuttgart,70372,9.24106855,48.79194362,4,2609042127,,2609042127,,,,,,,,,,,0.0,0.0
-1445914617040136913-2609042120-13,7169,2609042157,2609042157,1,,S,S1,Kirchheim(Teck)|Kirchheim(Teck)-Ötlingen|Wendlingen(Neckar)|Wernau(Neckar)|Plochingen|Altbach|Esslingen-Zell|Oberesslingen|Esslingen(Neckar)|Esslingen-Mettingen|Stuttgart-Obertürkheim|Stuttgart-Untertürkheim,8006743,Stuttgart Neckarpark,Baden-Württemberg,Stuttgart,70372,9.24106855,48.79194362,4,2609042201,,2609042201,,,,,,,,,,,4.0,4.0
6090333868698703745-2609042125-3,7166,2609042132,2609042132,3,,S,S1,Stuttgart Hbf|Stuttgart-Bad Cannstatt,8006743,Stuttgart Neckarpark,Baden-Württemberg,Stuttgart,70372,9.24106855,48.79194362,4,2609042135,,2609042135,,,,,,,,,,,3.0,3.0
-4698443977179735697-2609042127-2,7566,2609042130,2609042131,3,,S,S5,Stuttgart Hbf,8005767,Stuttgart Nord,Baden-Württemberg,Stuttgard-Nord,70174,9.188061449,48.80374161,5,2609042132,,2609042132,,h,2,Bauarbeiten,,,,,,,2.0,1.0
2880728828325156846-2609042046-5,7565,2609042059,2609042101,4,,S,S5,Ludwigsburg|Kornwestheim Pbf|Stuttgart-Zuffenhausen|Stuttgart-Feuerbach,8005767,Stuttgart Nord,Baden-Württemberg,Stuttgard-Nord,70174,9.188061449,48.80374161,5,2609042059,,2609042101,,h,2,Bauarbeiten,,,,,,,0.0,0.0
-7506781114720968709-2609042103-13,7667,2609042139,2609042141,4,,S,S6,Weil der Stadt|Malmsheim|Renningen|Rutesheim|Leonberg|Höfingen|Ditzingen|Weilimdorf|Korntal|Neuwirtshaus(Porscheplatz)|Stuttgart-Zuffenhausen|Stuttgart-Feuerbach,8005767,Stuttgart Nord,Baden-Württemberg,Stuttgard-Nord,70174,9.188061449,48.80374161,5,2609042139,,2609042141,,,,,,,,,,,0.0,0.0
613026341677136269-2609042103-13,7467,2609042149,2609042151,4,,S,S4,Backnang|Burgstall(Murr)|Kirchberg(Murr)|Erdmannhausen|Marbach(Neckar)|Benningen(Neckar)|Freiberg(Neckar)|Favoritepark|Ludwigsburg|Kornwestheim Pbf|Stuttgart-Zuffenhausen|Stuttgart-Feuerbach,8005767,Stuttgart Nord,Baden-Württemberg,Stuttgard-Nord,70174,9.188061449,48.80374161,5,2609042149,,2609042151,,,,,,,,,,,0.0,0.0
1336318002580222572-2609042033-13,7665,2609042109,2609042111,4,,S,S6,Weil der Stadt|Malmsheim|Renningen|Rutesheim|Leonberg|Höfingen|Ditzingen|Weilimdorf|Korntal|Neuwirtshaus(Porscheplatz)|Stuttgart-Zuffenhausen|Stuttgart-Feuerbach,8005767,Stuttgart Nord,Baden-Württemberg,Stuttgard-Nord,70174,9.188061449,48.80374161,5,2609042109,,2609042112,,,,,,,,,,,0.0,1.0
-2482016822020551491-2609042117-2,7664,2609042120,2609042122,3,,S,S6,Stuttgart Hbf,8005767,Stuttgart Nord,Baden-Württemberg,Stuttgard-Nord,70174,9.188061449,48.80374161,5,2609042122,,2609042122,,,,,,,,,,,2.0,0.0
-5248477185843077062-2609042033-13,7465,2609042119,2609042121,4,,S,S4,Backnang|Burgstall(Murr)|Kirchberg(Murr)|Erdmannhausen|Marbach(Neckar)|Benningen(Neckar)|Freiberg(Neckar)|Favoritepark|Ludwigsburg|Kornwestheim Pbf|Stuttgart-Zuffenhausen|Stuttgart-Feuerbach,8005767,Stuttgart Nord,Baden-Württemberg,Stuttgard-Nord,70174,9.188061449,48.80374161,5,2609042119,,2609042121,,,,,,,,,,,0.0,0.0
6402086477437547994-2609042107-2,7462,2609042110,2609042111,3,,S,S4,Stuttgart Hbf,8005767,Stuttgart Nord,Baden-Württemberg,Stuttgard-Nord,70174,9.188061449,48.80374161,5,2609042112,,2609042113,,,,,,,,,,,2.0,2.0
-887848700709365635-2609042116-5,7567,2609042129,2609042131,4,,S,S5,Ludwigsburg|Kornwestheim Pbf|Stuttgart-Zuffenhausen|Stuttgart-Feuerbach,8005767,Stuttgart Nord,Baden-Württemberg,Stuttgard-Nord,70174,9.188061449,48.80374161,5,2609042129,,2609042131,,h,2,Bauarbeiten,,,,,,,0.0,0.0
3081120732937112595-2609042057-2,7564,2609042100,2609042101,3,,S,S5,Stuttgart Hbf,8005767,Stuttgart Nord,Baden-Württemberg,Stuttgard-Nord,70174,9.188061449,48.80374161,5,2609042102,,2609042103,,h,2,Bauarbeiten,,,,,,,2.0,2.0
6737611286015741642-2609042147-2,7666,2609042150,2609042152,3,,S,S6,Stuttgart Hbf,8005767,Stuttgart Nord,Baden-Württemberg,Stuttgard-Nord,70174,9.188061449,48.80374161,5,2609042151,,2609042152,,,,,,,,,,,1.0,0.0
2105782434057596707-2609042146-5,7569,2609042159,2609042201,4,,S,S5,Ludwigsburg|Kornwestheim Pbf|Stuttgart-Zuffenhausen|Stuttgart-Feuerbach,8005767,Stuttgart Nord,Baden-Württemberg,Stuttgard-Nord,70174,9.188061449,48.80374161,5,2609042159,,2609042201,,h,2,Bauarbeiten,,,,,,,0.0,0.0
2828988855077273536-2609042137-2,7464,2609042140,2609042141,3,,S,S4,Stuttgart Hbf,8005767,Stuttgart Nord,Baden-Württemberg,Stuttgard-Nord,70174,9.188061449,48.80374161,5,2609042141,,2609042141,,,,,,,,,,,1.0,0.0
553786968472239584-2609042142-3,7366,2609042152,2609042152,4,,S,S3,Stuttgart Hbf|Stuttgart-Bad Cannstatt,8004357,Stuttgart Nürnberger Straße,Baden-Württemberg,Stuttgart,70374,9.234576905,48.80656062,5,2609042152,,2609042152,,,,,,,,,,,0.0,0.0
6924424662402192372-2609042112-3,7364,2609042122,2609042122,4,,S,S3,Stuttgart Hbf|Stuttgart-Bad Cannstatt,8004357,Stuttgart Nürnberger Straße,Baden-Württemberg,Stuttgart,70374,9.234576905,48.80656062,5,2609042122,,2609042122,,,,,,,,,,,0.0,0.0
-7971444916294519755-2609042120-3,7264,2609042127,2609042127,4,,S,S2,Stuttgart Hbf|Stuttgart-Bad Cannstatt,8004357,Stuttgart Nürnberger Straße,Baden-Württemberg,Stuttgart,70374,9.234576905,48.80656062,5,2609042127,,2609042127,,h,2,Bauarbeiten,,,,,,,0.0,0.0
3859668929434965477-2609042111-10,7367,2609042137,2609042138,1,,S,S3,Backnang|Maubach|Nellmersbach|Winnenden|Schwaikheim|Neustadt-Hohenacker|Waiblingen|Fellbach|Stuttgart-Sommerrain,8004357,Stuttgart Nürnberger Straße,Baden-Württemberg,Stuttgart,70374,9.234576905,48.80656062,5,2609042139,,2609042140,,,,,,,,,,,2.0,2.0
2628700476961371155-2609042103-13,7267,2609042132,2609042133,1,,S,S2,Schorndorf|Weiler(Rems)|Winterbach(b Schorndorf)|Geradstetten|Grunbach|Beutelsbach|Endersbach|Stetten-Beinstein|Rommelshausen|Waiblingen|Fellbach|Stuttgart-Sommerrain,8004357,Stuttgart Nürnberger Straße,Baden-Württemberg,Stuttgart,70374,9.234576905,48.80656062,5,2609042132,,2609042133,,h,2,Bauarbeiten,,,,,,,0.0,0.0
-6294731278479900645-2609042150-3,7266,2609042157,2609042157,4,,S,S2,Stuttgart Hbf|Stuttgart-Bad Cannstatt,8004357,Stuttgart Nürnberger Straße,Baden-Württemberg,Stuttgart,70374,9.234576905,48.80656062,5,2609042157,,2609042157,,h,2,Bauarbeiten,,,,,,,0.0,0.0
3851149700712559495-2609042033-13,7265,2609042102,2609042103,1,,S,S2,Schorndorf|Weiler(Rems)|Winterbach(b Schorndorf)|Geradstetten|Grunbach|Beutelsbach|Endersbach|Stetten-Beinstein|Rommelshausen|Waiblingen|Fellbach|Stuttgart-Sommerrain,8004357,Stuttgart Nürnberger Straße,Baden-Württemberg,Stuttgart,70374,9.234576905,48.80656062,5,2609042102,,2609042103,,h,2,Bauarbeiten,,,,,,,0.0,0.0
-7578975115161805427-2609042041-10,7365,2609042107,2609042108,1,,S,S3,Backnang|Maubach|Nellmersbach|Winnenden|Schwaikheim|Neustadt-Hohenacker|Waiblingen|Fellbach|Stuttgart-Sommerrain,8004357,Stuttgart Nürnberger Straße,Baden-Württemberg,Stuttgart,70374,9.234576905,48.80656062,5,2609042107,,2609042108,,,,,,,,,,,0.0,0.0
205536001243633238-2609042155-2,88649,2609042158,2609042201,7,,ARV,RE90,Stuttgart Hbf,8005769,Stuttgart-Bad Cannstatt,Baden-Württemberg,Stuttgart,70372,9.217468636,48.80127978,3,2609042159,,2609042201,,,,,,,,,,,1.0,0.0
553786968472239584-2609042142-2,7366,2609042146,2609042149,3,,S,S3,Stuttgart Hbf,8005769,Stuttgart-Bad Cannstatt,Baden-Württemberg,Stuttgart,70372,9.217468636,48.80127978,3,2609042148,,2609042149,,,,,,,,,,,2.0,0.0
3106830256264099267-2609042050-14,7167,2609042130,2609042131,2,,S,S1,Kirchheim(Teck)|Kirchheim(Teck)-Ötlingen|Wendlingen(Neckar)|Wernau(Neckar)|Plochingen|Altbach|Esslingen-Zell|Oberesslingen|Esslingen(Neckar)|Esslingen-Mettingen|Stuttgart-Obertürkheim|Stuttgart-Untertürkheim|Stuttgart Neckarpark,8005769,Stuttgart-Bad Cannstatt,Baden-Württemberg,Stuttgart,70372,9.217468636,48.80127978,3,2609042130,,2609042131,,,,,,,,,,,0.0,0.0
-3543196118111640054-2609042016-15,19172,2609042112,2609042112,5,,ARV,MEX16,Geislingen(Steige)|Geislingen(Steige)West|Kuchen|Gingen(Fils)|Süßen|Salach|Eislingen(Fils)|Göppingen|Faurndau|Uhingen|Ebersbach(Fils)|Reichenbach(Fils)|Plochingen|Esslingen(Neckar),8005769,Stuttgart-Bad Cannstatt,Baden-Württemberg,Stuttgart,70372,9.217468636,48.80127978,3,2609042121,1,2609042126,1,,,,,,,,,,9.0,14.0
-5952953719627570212-2609042103-9,17564,2609042158,2609042158,6,,RE,MEX90,Schwäbisch Hall-Hessental|Gaildorf West|Murrhardt|Sulzbach(Murr)|Oppenweiler(Württ)|Backnang|Winnenden|Waiblingen,8005769,Stuttgart-Bad Cannstatt,Baden-Württemberg,Stuttgart,70372,9.217468636,48.80127978,3,2609042201,,2609042205,,h,2,Störung,,,,,,,3.0,7.0
91239951430369415-2609042007-11,19436,2609042105,2609042106,6,,ARV,MEX13,Aalen Hbf|Mögglingen(Gmünd)|Böbingen(Rems)|Schwäbisch Gmünd|Lorch(Württ)|Waldhausen(b Schorndorf)|Plüderhausen|Urbach(b Schorndorf)|Schorndorf|Waiblingen,8005769,Stuttgart-Bad Cannstatt,Baden-Württemberg,Stuttgart,70372,9.217468636,48.80127978,3,2609042105,,2609042106,,h,2,Information,,,,,,,0.0,0.0
534212340185310120-2609042147-2,19437,2609042150,2609042152,7,,ARV,MEX13,Stuttgart Hbf,8005769,Stuttgart-Bad Cannstatt,Baden-Württemberg,Stuttgart,70372,9.217468636,48.80127978,3,2609042151,,2609042152,,h,2,Information,,,,,,,1.0,0.0
6924424662402192372-2609042112-2,7364,2609042116,2609042119,3,,S,S3,Stuttgart Hbf,8005769,Stuttgart-Bad Cannstatt,Baden-Württemberg,Stuttgart,70372,9.217468636,48.80127978,3,2609042117,,2609042119,,,,,,,,,,,1.0,0.0
6090333868698703745-2609042125-2,7166,2609042128,2609042129,3,,S,S1,Stuttgart Hbf,8005769,Stuttgart-Bad Cannstatt,Baden-Württemberg,Stuttgart,70372,9.217468636,48.80127978,3,2609042131,,2609042132,,,,,,,,,,,3.0,3.0
904272065433025864-2609042020-14,7165,2609042100,2609042101,2,,S,S1,Kirchheim(Teck)|Kirchheim(Teck)-Ötlingen|Wendlingen(Neckar)|Wernau(Neckar)|Plochingen|Altbach|Esslingen-Zell|Oberesslingen|Esslingen(Neckar)|Esslingen-Mettingen|Stuttgart-Obertürkheim|Stuttgart-Untertürkheim|Stuttgart Neckarpark,8005769,Stuttgart-Bad Cannstatt,Baden-Württemberg,Stuttgart,70372,9.217468636,48.80127978,3,2609042104,,2609042105,,,,,,,,,,,4.0,4.0
-5441853934140556416-2609042152-2,19361,2609042155,2609042155,8,,RE,MEX12,Stuttgart Hbf,8005769,Stuttgart-Bad Cannstatt,Baden-Württemberg,Stuttgart,70372,9.217468636,48.80127978,3,2609042156,4,2609042157,4,h,2,Störung,,,,,,,1.0,2.0
5680698672680243057-2609042155-2,7168,2609042158,2609042159,3,,S,S1,Stuttgart Hbf,8005769,Stuttgart-Bad Cannstatt,Baden-Württemberg,Stuttgart,70372,9.217468636,48.80127978,3,2609042202,,2609042202,,,,,,,,,,,4.0,3.0
-489160259659374986-2609041952-19,19486,2609042135,2609042135,6,,ARV,MEX13,Crailsheim|Jagstzell|Ellwangen|Schrezheim|Schwabsberg|Goldshöfe|Hofen(b Aalen)|Wasseralfingen|Aalen Hbf|Mögglingen(Gmünd)|Böbingen(Rems)|Schwäbisch Gmünd|Lorch(Württ)|Waldhausen(b Schorndorf)|Plüderhausen|Urbach(b Schorndorf)|Schorndorf|Waiblingen,8005769,Stuttgart-Bad Cannstatt,Baden-Württemberg,Stuttgart,70372,9.217468636,48.80127978,3,2609042135,,2609042135,,h,2,Störung,,,,,,,0.0,0.0
2515064770390304228-2609042140-2,19177,2609042143,2609042144,8,,ARV,MEX16,Stuttgart Hbf,8005769,Stuttgart-Bad Cannstatt,Baden-Württemberg,Stuttgart,70372,9.217468636,48.80127978,3,2609042146,4,2609042147,4,,,,,,,,,,3.0,3.0
-7971444916294519755-2609042120-2,7264,2609042124,2609042124,3,,S,S2,Stuttgart Hbf,8005769,Stuttgart-Bad Cannstatt,Baden-Württemberg,Stuttgart,70372,9.217468636,48.80127978,3,2609042124,,2609042125,,h,2,Bauarbeiten,,,,,,,0.0,1.0
-5396698937150234419-2609041838-19,88646,2609042114,2609042119,6,,ARV,RE90,Nürnberg Hbf|Roßtal|Heilsbronn|Wicklesgreuth|Ansbach|Leutershausen-Wiedersbach|Dombühl|Schnelldorf|Crailsheim|Eckartshausen-Ilshofen|Schwäbisch Hall-Hessental|Gaildorf West|Murrhardt|Sulzbach(Murr)|Oppenweiler(Württ)|Backnang|Winnenden|Waiblingen,8005769,Stuttgart-Bad Cannstatt,Baden-Württemberg,Stuttgart,70372,9.217468636,48.80127978,3,2609042114,,2609042123,,r,,,,,,,,,0.0,4.0
4601980119676676489-2609042016-9,19356,2609042104,2609042108,5,,RE,MEX12,Reutlingen Hbf|Metzingen(Württ)|Bempflingen|Nürtingen|Oberboihingen|Wendlingen(Neckar)|Plochingen|Esslingen(Neckar),8005769,Stuttgart-Bad Cannstatt,Baden-Württemberg,Stuttgart,70372,9.217468636,48.80127978,3,2609042115,1,2609042119,1,h,2,Störung,,,,,,,11.0,11.0
3859668929434965477-2609042111-11,7367,2609042141,2609042143,2,,S,S3,Backnang|Maubach|Nellmersbach|Winnenden|Schwaikheim|Neustadt-Hohenacker|Waiblingen|Fellbach|Stuttgart-Sommerrain|Stuttgart Nürnberger Str.,8005769,Stuttgart-Bad Cannstatt,Baden-Württemberg,Stuttgart,70372,9.217468636,48.80127978,3,2609042142,,2609042143,,,,,,,,,,,1.0,0.0
2628700476961371155-2609042103-14,7267,2609042135,2609042136,2,,S,S2,Schorndorf|Weiler(Rems)|Winterbach(b Schorndorf)|Geradstetten|Grunbach|Beutelsbach|Endersbach|Stetten-Beinstein|Rommelshausen|Waiblingen|Fellbach|Stuttgart-Sommerrain|Stuttgart Nürnberger Str.,8005769,Stuttgart-Bad Cannstatt,Baden-Württemberg,Stuttgart,70372,9.217468636,48.80127978,3,2609042135,,2609042136,,h,2,Bauarbeiten,,,,,,,0.0,0.0
-6294731278479900645-2609042150-2,7266,2609042154,2609042154,3,,S,S2,Stuttgart Hbf,8005769,Stuttgart-Bad Cannstatt,Baden-Württemberg,Stuttgart,70372,9.217468636,48.80127978,3,2609042154,,2609042155,,h,2,Bauarbeiten,,,,,,,0.0,1.0
-4811206268621532947-2609042120-2,19485,2609042123,2609042125,7,,ARV,MEX13,Stuttgart Hbf,8005769,Stuttgart-Bad Cannstatt,Baden-Württemberg,Stuttgart,70372,9.217468636,48.80127978,3,2609042131,,2609042132,,h,2,Information,,,,,,,8.0,7.0
-557792537201496520-2609042100-2,19175,2609042103,2609042106,8,,ARV,MEX16,Stuttgart Hbf,8005769,Stuttgart-Bad Cannstatt,Baden-Württemberg,Stuttgart,70372,9.217468636,48.80127978,3,2609042135,4,2609042136,4,,,,,,Stuttgart Hbf,Esslingen(Neckar)|Plochingen|Reichenbach(Fils)|Ebersbach(Fils)|Uhingen|Faurndau|Göppingen|Eislingen(Fils)|Salach|Süßen|Gingen(Fils)|Kuchen|Geislingen(Steige)West|Geislingen(Steige),,,32.0,30.0
9208125594300952260-2609042057-2,88647,2609042100,2609042101,7,,ARV,RE90,Stuttgart Hbf,8005769,Stuttgart-Bad Cannstatt,Baden-Württemberg,Stuttgart,70372,9.217468636,48.80127978,3,2609042100,,2609042102,,r,,,,,,,,,0.0,1.0
-9043595130434349800-2609042048-15,19174,2609042146,2609042147,5,,ARV,MEX16,Geislingen(Steige)|Geislingen(Steige)West|Kuchen|Gingen(Fils)|Süßen|Salach|Eislingen(Fils)|Göppingen|Faurndau|Uhingen|Ebersbach(Fils)|Reichenbach(Fils)|Plochingen|Esslingen(Neckar),8005769,Stuttgart-Bad Cannstatt,Baden-Württemberg,Stuttgart,70372,9.217468636,48.80127978,3,2609042159,,2609042202,,,,,,,,,,,13.0,15.0
3851149700712559495-2609042033-14,7265,2609042105,2609042106,2,,S,S2,Schorndorf|Weiler(Rems)|Winterbach(b Schorndorf)|Geradstetten|Grunbach|Beutelsbach|Endersbach|Stetten-Beinstein|Rommelshausen|Waiblingen|Fellbach|Stuttgart-Sommerrain|Stuttgart Nürnberger Str.,8005769,Stuttgart-Bad Cannstatt,Baden-Württemberg,Stuttgart,70372,9.217468636,48.80127978,3,2609042107,,2609042108,,h,2,Bauarbeiten,,,,,,,2.0,2.0
-7578975115161805427-2609042041-11,7365,2609042111,2609042113,2,,S,S3,Backnang|Maubach|Nellmersbach|Winnenden|Schwaikheim|Neustadt-Hohenacker|Waiblingen|Fellbach|Stuttgart-Sommerrain|Stuttgart Nürnberger Str.,8005769,Stuttgart-Bad Cannstatt,Baden-Württemberg,Stuttgart,70372,9.217468636,48.80127978,3,2609042111,,2609042114,,,,,,,,,,,0.0,1.0
-4698443977179735697-2609042127-3,7566,2609042133,2609042134,2,,S,S5,Stuttgart Hbf|Stuttgart Nordbahnhof,8005770,Stuttgart-Feuerbach,Baden-Württemberg,Feuerbach,70469,9.169186287,48.81363554,3,2609042134,,2609042134,,h,2,Bauarbeiten,,,,,,,1.0,0.0
-7506781114720968709-2609042103-12,7667,2609042136,2609042136,1,,S,S6,Weil der Stadt|Malmsheim|Renningen|Rutesheim|Leonberg|Höfingen|Ditzingen|Weilimdorf|Korntal|Neuwirtshaus(Porscheplatz)|Stuttgart-Zuffenhausen,8005770,Stuttgart-Feuerbach,Baden-Württemberg,Feuerbach,70469,9.169186287,48.81363554,3,2609042136,,2609042137,,,,,,,,,,,0.0,1.0
613026341677136269-2609042103-12,7467,2609042146,2609042147,1,,S,S4,Backnang|Burgstall(Murr)|Kirchberg(Murr)|Erdmannhausen|Marbach(Neckar)|Benningen(Neckar)|Freiberg(Neckar)|Favoritepark|Ludwigsburg|Kornwestheim Pbf|Stuttgart-Zuffenhausen,8005770,Stuttgart-Feuerbach,Baden-Württemberg,Feuerbach,70469,9.169186287,48.81363554,3,2609042147,,2609042147,,,,,,,,,,,1.0,0.0
1336318002580222572-2609042033-12,7665,2609042106,2609042106,1,,S,S6,Weil der Stadt|Malmsheim|Renningen|Rutesheim|Leonberg|Höfingen|Ditzingen|Weilimdorf|Korntal|Neuwirtshaus(Porscheplatz)|Stuttgart-Zuffenhausen,8005770,Stuttgart-Feuerbach,Baden-Württemberg,Feuerbach,70469,9.169186287,48.81363554,3,2609042106,,2609042106,,,,,,,,,,,0.0,0.0
-2482016822020551491-2609042117-3,7664,2609042124,2609042124,2,,S,S6,Stuttgart Hbf|Stuttgart Nordbahnhof,8005770,Stuttgart-Feuerbach,Baden-Württemberg,Feuerbach,70469,9.169186287,48.81363554,3,2609042124,,2609042124,,,,,,,,,,,0.0,0.0
-5248477185843077062-2609042033-12,7465,2609042116,2609042117,1,,S,S4,Backnang|Burgstall(Murr)|Kirchberg(Murr)|Erdmannhausen|Marbach(Neckar)|Benningen(Neckar)|Freiberg(Neckar)|Favoritepark|Ludwigsburg|Kornwestheim Pbf|Stuttgart-Zuffenhausen,8005770,Stuttgart-Feuerbach,Baden-Württemberg,Feuerbach,70469,9.169186287,48.81363554,3,2609042116,,2609042117,,,,,,,,,,,0.0,0.0
6402086477437547994-2609042107-3,7462,2609042113,2609042114,2,,S,S4,Stuttgart Hbf|Stuttgart Nordbahnhof,8005770,Stuttgart-Feuerbach,Baden-Württemberg,Feuerbach,70469,9.169186287,48.81363554,3,2609042115,,2609042115,,,,,,,,,,,2.0,1.0
-887848700709365635-2609042116-4,7567,2609042126,2609042126,1,,S,S5,Ludwigsburg|Kornwestheim Pbf|Stuttgart-Zuffenhausen,8005770,Stuttgart-Feuerbach,Baden-Württemberg,Feuerbach,70469,9.169186287,48.81363554,3,2609042126,,2609042126,,h,2,Bauarbeiten,,,,,,,0.0,0.0
3081120732937112595-2609042057-3,7564,2609042103,2609042104,2,,S,S5,Stuttgart Hbf|Stuttgart Nordbahnhof,8005770,Stuttgart-Feuerbach,Baden-Württemberg,Feuerbach,70469,9.169186287,48.81363554,3,2609042104,,2609042105,,h,2,Bauarbeiten,,,,,,,1.0,1.0
6737611286015741642-2609042147-3,7666,2609042154,2609042154,2,,S,S6,Stuttgart Hbf|Stuttgart Nordbahnhof,8005770,Stuttgart-Feuerbach,Baden-Württemberg,Feuerbach,70469,9.169186287,48.81363554,3,2609042154,,2609042154,,,,,,,,,,,0.0,0.0
2105782434057596707-2609042146-4,7569,2609042156,2609042156,1,,S,S5,Ludwigsburg|Kornwestheim Pbf|Stuttgart-Zuffenhausen,8005770,Stuttgart-Feuerbach,Baden-Württemberg,Feuerbach,70469,9.169186287,48.81363554,3,2609042156,,2609042157,,h,2,Bauarbeiten,,,,,,,0.0,1.0
2828988855077273536-2609042137-3,7464,2609042143,2609042144,2,,S,S4,Stuttgart Hbf|Stuttgart Nordbahnhof,8005770,Stuttgart-Feuerbach,Baden-Württemberg,Feuerbach,70469,9.169186287,48.81363554,3,2609042143,,2609042144,,,,,,,,,,,0.0,0.0
6929098726566169295-2609042055-5,7164,2609042107,2609042107,6,,S,S1,Stuttgart Hbf|Stuttgart-Bad Cannstatt|Stuttgart Neckarpark|Stuttgart-Untertürkheim,8005772,Stuttgart-Obertürkheim,Baden-Württemberg,Stuttgart,70329,9.268167932,48.76175015,4,2609042109,,2609042110,,,,,,,,,,,2.0,3.0
3106830256264099267-2609042050-11,7167,2609042122,2609042122,5,,S,S1,Kirchheim(Teck)|Kirchheim(Teck)-Ötlingen|Wendlingen(Neckar)|Wernau(Neckar)|Plochingen|Altbach|Esslingen-Zell|Oberesslingen|Esslingen(Neckar)|Esslingen-Mettingen,8005772,Stuttgart-Obertürkheim,Baden-Württemberg,Stuttgart,70329,9.268167932,48.76175015,4,2609042122,,2609042122,,,,,,,,,,,0.0,0.0
-1445914617040136913-2609042120-11,7169,2609042152,2609042152,5,,S,S1,Kirchheim(Teck)|Kirchheim(Teck)-Ötlingen|Wendlingen(Neckar)|Wernau(Neckar)|Plochingen|Altbach|Esslingen-Zell|Oberesslingen|Esslingen(Neckar)|Esslingen-Mettingen,8005772,Stuttgart-Obertürkheim,Baden-Württemberg,Stuttgart,70329,9.268167932,48.76175015,4,2609042157,,2609042157,,,,,,,,,,,5.0,5.0
6090333868698703745-2609042125-5,7166,2609042137,2609042137,6,,S,S1,Stuttgart Hbf|Stuttgart-Bad Cannstatt|Stuttgart Neckarpark|Stuttgart-Untertürkheim,8005772,Stuttgart-Obertürkheim,Baden-Württemberg,Stuttgart,70329,9.268167932,48.76175015,4,2609042139,,2609042140,,,,,,,,,,,2.0,3.0
-2334134821981316841-2609042133-6,7966,2609042148,2609042149,3,,S,S2,Filderstadt|Stuttgart Flughafen/Messe|Echterdingen|Leinfelden|Oberaichen,8005773,Stuttgart-Rohr,Baden-Württemberg,Stuttgart,70565,9.108158025,48.71799427,4,2609042148,,2609042149,,,,,,,,,,,0.0,0.0
-7605544355025909436-2609042103-6,7964,2609042118,2609042119,3,,S,S2,Filderstadt|Stuttgart Flughafen/Messe|Echterdingen|Leinfelden|Oberaichen,8005773,Stuttgart-Rohr,Baden-Württemberg,Stuttgart,70565,9.108158025,48.71799427,4,2609042118,,2609042119,,,,,,,,,,,0.0,0.0
7537870707558801072-2609042116-2,7765,2609042117,2609042123,2,,S,S1,Stuttgart-Vaihingen,8005773,Stuttgart-Rohr,Baden-Württemberg,Stuttgart,70565,9.108158025,48.71799427,4,2609042117,,2609042123,,,,,,,,,,,0.0,0.0
7308365696903436202-2609042105-2,7965,2609042106,2609042112,2,,S,S2,Stuttgart-Vaihingen,8005773,Stuttgart-Rohr,Baden-Württemberg,Stuttgart,70565,9.108158025,48.71799427,4,2609042106,,2609042112,,,,,,,,,,,0.0,0.0
1091836898745684931-2609042116-8,7768,2609042137,2609042138,3,,S,S1,Herrenberg|Nufringen|Gärtringen|Ehningen(b Böblingen)|Hulb|Böblingen|Goldberg(Württ),8005773,Stuttgart-Rohr,Baden-Württemberg,Stuttgart,70565,9.108158025,48.71799427,4,2609042142,,2609042142,,,,,,,,,,,5.0,4.0
-1277972719015839341-2609042046-8,7766,2609042107,2609042108,3,,S,S1,Herrenberg|Nufringen|Gärtringen|Ehningen(b Böblingen)|Hulb|Böblingen|Goldberg(Württ),8005773,Stuttgart-Rohr,Baden-Württemberg,Stuttgart,70565,9.108158025,48.71799427,4,2609042111,,2609042113,,,,,,,,,,,4.0,5.0
4105031587460682562-2609042135-2,7967,2609042136,2609042142,2,,S,S2,Stuttgart-Vaihingen,8005773,Stuttgart-Rohr,Baden-Württemberg,Stuttgart,70565,9.108158025,48.71799427,4,2609042137,,2609042142,,,,,,,,,,,1.0,0.0
-3745751710781721805-2609042146-2,7767,2609042147,2609042153,2,,S,S1,Stuttgart-Vaihingen,8005773,Stuttgart-Rohr,Baden-Württemberg,Stuttgart,70565,9.108158025,48.71799427,4,2609042148,,2609042153,,,,,,,,,,,1.0,0.0
553786968472239584-2609042142-4,7366,2609042154,2609042154,4,,S,S3,Stuttgart Hbf|Stuttgart-Bad Cannstatt|Stuttgart Nürnberger Str.,8005774,Stuttgart-Sommerrain,Baden-Württemberg,Stuttgart,70374,9.248369749,48.81521824,5,2609042154,,2609042154,,,,,,,,,,,0.0,0.0
6924424662402192372-2609042112-4,7364,2609042124,2609042124,4,,S,S3,Stuttgart Hbf|Stuttgart-Bad Cannstatt|Stuttgart Nürnberger Str.,8005774,Stuttgart-Sommerrain,Baden-Württemberg,Stuttgart,70374,9.248369749,48.81521824,5,2609042124,,2609042125,,,,,,,,,,,0.0,1.0
-7971444916294519755-2609042120-4,7264,2609042129,2609042129,4,,S,S2,Stuttgart Hbf|Stuttgart-Bad Cannstatt|Stuttgart Nürnberger Str.,8005774,Stuttgart-Sommerrain,Baden-Württemberg,Stuttgart,70374,9.248369749,48.81521824,5,2609042129,,2609042130,,h,2,Bauarbeiten,,,,,,,0.0,1.0
3859668929434965477-2609042111-9,7367,2609042135,2609042135,1,,S,S3,Backnang|Maubach|Nellmersbach|Winnenden|Schwaikheim|Neustadt-Hohenacker|Waiblingen|Fellbach,8005774,Stuttgart-Sommerrain,Baden-Württemberg,Stuttgart,70374,9.248369749,48.81521824,5,2609042137,,2609042137,,,,,,,,,,,2.0,2.0
2628700476961371155-2609042103-12,7267,2609042130,2609042130,1,,S,S2,Schorndorf|Weiler(Rems)|Winterbach(b Schorndorf)|Geradstetten|Grunbach|Beutelsbach|Endersbach|Stetten-Beinstein|Rommelshausen|Waiblingen|Fellbach,8005774,Stuttgart-Sommerrain,Baden-Württemberg,Stuttgart,70374,9.248369749,48.81521824,5,2609042130,,2609042130,,h,2,Bauarbeiten,,,,,,,0.0,0.0
-6294731278479900645-2609042150-4,7266,2609042159,2609042159,4,,S,S2,Stuttgart Hbf|Stuttgart-Bad Cannstatt|Stuttgart Nürnberger Str.,8005774,Stuttgart-Sommerrain,Baden-Württemberg,Stuttgart,70374,9.248369749,48.81521824,5,2609042159,,2609042200,,h,2,Bauarbeiten,,,,,,,0.0,1.0
3851149700712559495-2609042033-12,7265,2609042100,2609042100,1,,S,S2,Schorndorf|Weiler(Rems)|Winterbach(b Schorndorf)|Geradstetten|Grunbach|Beutelsbach|Endersbach|Stetten-Beinstein|Rommelshausen|Waiblingen|Fellbach,8005774,Stuttgart-Sommerrain,Baden-Württemberg,Stuttgart,70374,9.248369749,48.81521824,5,2609042100,,2609042101,,h,2,Bauarbeiten,,,,,,,0.0,1.0
-7578975115161805427-2609042041-9,7365,2609042105,2609042105,1,,S,S3,Backnang|Maubach|Nellmersbach|Winnenden|Schwaikheim|Neustadt-Hohenacker|Waiblingen|Fellbach,8005774,Stuttgart-Sommerrain,Baden-Württemberg,Stuttgart,70374,9.248369749,48.81521824,5,2609042105,,2609042105,,,,,,,,,,,0.0,0.0
6929098726566169295-2609042055-4,7164,2609042104,2609042104,6,,S,S1,Stuttgart Hbf|Stuttgart-Bad Cannstatt|Stuttgart Neckarpark,8005775,Stuttgart-Untertürkheim Pbf,Baden-Württemberg,Stuttgart,70327,9.250467074,48.77984679,3,2609042106,,2609042107,,,,,,,,,,,2.0,3.0
3106830256264099267-2609042050-12,7167,2609042125,2609042125,5,,S,S1,Kirchheim(Teck)|Kirchheim(Teck)-Ötlingen|Wendlingen(Neckar)|Wernau(Neckar)|Plochingen|Altbach|Esslingen-Zell|Oberesslingen|Esslingen(Neckar)|Esslingen-Mettingen|Stuttgart-Obertürkheim,8005775,Stuttgart-Untertürkheim Pbf,Baden-Württemberg,Stuttgart,70327,9.250467074,48.77984679,3,2609042125,,2609042125,,,,,,,,,,,0.0,0.0
-1445914617040136913-2609042120-12,7169,2609042155,2609042155,5,,S,S1,Kirchheim(Teck)|Kirchheim(Teck)-Ötlingen|Wendlingen(Neckar)|Wernau(Neckar)|Plochingen|Altbach|Esslingen-Zell|Oberesslingen|Esslingen(Neckar)|Esslingen-Mettingen|Stuttgart-Obertürkheim,8005775,Stuttgart-Untertürkheim Pbf,Baden-Württemberg,Stuttgart,70327,9.250467074,48.77984679,3,2609042159,,2609042200,,,,,,,,,,,4.0,5.0
6090333868698703745-2609042125-4,7166,2609042134,2609042134,6,,S,S1,Stuttgart Hbf|Stuttgart-Bad Cannstatt|Stuttgart Neckarpark,8005775,Stuttgart-Untertürkheim Pbf,Baden-Württemberg,Stuttgart,70327,9.250467074,48.77984679,3,2609042137,,2609042137,,,,,,,,,,,3.0,3.0
-2334134821981316841-2609042133-7,7966,2609042150,,2,,S,,Filderstadt|Stuttgart Flughafen/Messe|Echterdingen|Leinfelden|Oberaichen|Stuttgart-Rohr,8005776,Stuttgart-Vaihingen,Baden-Württemberg,Stuttgart,70563,9.113913368,48.72698116,3,2609042150,,,,,,,,,,,,,0.0,0.0
-8173057082443024324-2609042013-16,17682,2609042128,2609042129,4,,RE,RE14b,Freudenstadt Hbf|Grüntal-Wittlensweiler|Dornstetten-Aach|Dornstetten|Schopfloch(b Freudenstadt)|Bittelbronn|Horb-Heiligenfeld|Hochdorf(b Horb)|Eutingen Nord|Eutingen im Gäu|Ergenzingen|Bondorf(b Herrenberg)|Gäufelden|Herrenberg|Böblingen,8005776,Stuttgart-Vaihingen,Baden-Württemberg,Stuttgart,70563,9.113913368,48.72698116,3,2609042136,6,2609042137,6,,,,,,,,,,8.0,8.0
-7605544355025909436-2609042103-7,7964,2609042120,,2,,S,,Filderstadt|Stuttgart Flughafen/Messe|Echterdingen|Leinfelden|Oberaichen|Stuttgart-Rohr,8005776,Stuttgart-Vaihingen,Baden-Württemberg,Stuttgart,70563,9.113913368,48.72698116,3,2609042121,,,,,,,,,,,,,1.0,0.0
7537870707558801072-2609042116-1,7765,,2609042116,,,S,S1,,8005776,Stuttgart-Vaihingen,Baden-Württemberg,Stuttgart,70563,9.113913368,48.72698116,3,,,2609042116,,,,,,,,,,,0.0,0.0
7308365696903436202-2609042105-1,7965,,2609042105,,,S,S2,,8005776,Stuttgart-Vaihingen,Baden-Württemberg,Stuttgart,70563,9.113913368,48.72698116,3,,,2609042105,,,,,,,,,,,0.0,0.0
1091836898745684931-2609042116-9,7768,2609042140,,3,,S,,Herrenberg|Nufringen|Gärtringen|Ehningen(b Böblingen)|Hulb|Böblingen|Goldberg(Württ)|Stuttgart-Rohr,8005776,Stuttgart-Vaihingen,Baden-Württemberg,Stuttgart,70563,9.113913368,48.72698116,3,2609042144,,,,,,,,,,,,,4.0,0.0
5309476577673731873-2609042101-2,28499,2609042114,2609042118,6,,RE,RESB,Stuttgart Hbf,8005776,Stuttgart-Vaihingen,Baden-Württemberg,Stuttgart,70563,9.113913368,48.72698116,3,2609042134,4,2609042136,4,,,,,,,,,,20.0,18.0
-1277972719015839341-2609042046-9,7766,2609042110,,3,,S,,Herrenberg|Nufringen|Gärtringen|Ehningen(b Böblingen)|Hulb|Böblingen|Goldberg(Württ)|Stuttgart-Rohr,8005776,Stuttgart-Vaihingen,Baden-Württemberg,Stuttgart,70563,9.113913368,48.72698116,3,2609042115,,,,,,,,,,,,,5.0,0.0
4105031587460682562-2609042135-1,7967,,2609042135,,,S,S2,,8005776,Stuttgart-Vaihingen,Baden-Württemberg,Stuttgart,70563,9.113913368,48.72698116,3,,,2609042136,,,,,,,,,,,0.0,1.0
-3745751710781721805-2609042146-1,7767,,2609042146,,,S,S1,,8005776,Stuttgart-Vaihingen,Baden-Württemberg,Stuttgart,70563,9.113913368,48.72698116,3,,,2609042146,,,,,,,,,,,0.0,0.0
3342960685238521043-2609042015-10,17680,2609042128,2609042129,4,,RE,RE14a,Oberndorf(Neckar)|Sulz(Neckar)|Horb|Eutingen im Gäu|Ergenzingen|Bondorf(b Herrenberg)|Gäufelden|Herrenberg|Böblingen,8005776,Stuttgart-Vaihingen,Baden-Württemberg,Stuttgart,70563,9.113913368,48.72698116,3,2609042136,6,2609042137,6,,,,,,,,,,8.0,8.0
-7506781114720968709-2609042103-8,7667,2609042126,2609042126,2,,S,S6,Weil der Stadt|Malmsheim|Renningen|Rutesheim|Leonberg|Höfingen|Ditzingen,8006268,Stuttgart-Weilimdorf,Baden-Württemberg,Stuttgart,70499,9.094370086,48.82208429,5,2609042126,,2609042127,,,,,,,,,,,0.0,1.0
-4129909752986717170-2609042133-8,7669,2609042156,2609042156,2,,S,S6,Weil der Stadt|Malmsheim|Renningen|Rutesheim|Leonberg|Höfingen|Ditzingen,8006268,Stuttgart-Weilimdorf,Baden-Württemberg,Stuttgart,70499,9.094370086,48.82208429,5,2609042156,,2609042157,,,,,,,,,,,0.0,1.0
-2482016822020551491-2609042117-7,7664,2609042133,2609042134,1,,S,S6,Stuttgart Hbf|Stuttgart Nordbahnhof|Stuttgart-Feuerbach|Stuttgart-Zuffenhausen|Neuwirtshaus(Porscheplatz)|Korntal,8006268,Stuttgart-Weilimdorf,Baden-Württemberg,Stuttgart,70499,9.094370086,48.82208429,5,2609042133,,2609042134,,,,,,,,,,,0.0,0.0
-4954691136188615428-2609042047-7,7662,2609042103,2609042104,1,,S,S6,Stuttgart Hbf|Stuttgart Nordbahnhof|Stuttgart-Feuerbach|Stuttgart-Zuffenhausen|Neuwirtshaus(Porscheplatz)|Korntal,8006268,Stuttgart-Weilimdorf,Baden-Württemberg,Stuttgart,70499,9.094370086,48.82208429,5,2609042105,,2609042106,,,,,,,,,,,2.0,2.0
-4698443977179735697-2609042127-4,7566,2609042136,2609042137,4,,S,S5,Stuttgart Hbf|Stuttgart Nordbahnhof|Stuttgart-Feuerbach,8005778,Stuttgart-Zuffenhausen,Baden-Württemberg,Stuttgart,70435,9.167156375,48.82960884,3,2609042136,,2609042137,,h,2,Bauarbeiten,,,,,,,0.0,0.0
-7506781114720968709-2609042103-11,7667,2609042133,2609042134,12,,S,S6,Weil der Stadt|Malmsheim|Renningen|Rutesheim|Leonberg|Höfingen|Ditzingen|Weilimdorf|Korntal|Neuwirtshaus(Porscheplatz),8005778,Stuttgart-Zuffenhausen,Baden-Württemberg,Stuttgart,70435,9.167156375,48.82960884,3,2609042133,,2609042134,,,,,,,,,,,0.0,0.0
613026341677136269-2609042103-11,7467,2609042143,2609042144,2,,S,S4,Backnang|Burgstall(Murr)|Kirchberg(Murr)|Erdmannhausen|Marbach(Neckar)|Benningen(Neckar)|Freiberg(Neckar)|Favoritepark|Ludwigsburg|Kornwestheim Pbf,8005778,Stuttgart-Zuffenhausen,Baden-Württemberg,Stuttgart,70435,9.167156375,48.82960884,3,2609042144,,2609042145,,,,,,,,,,,1.0,1.0
1336318002580222572-2609042033-11,7665,2609042103,2609042104,12,,S,S6,Weil der Stadt|Malmsheim|Renningen|Rutesheim|Leonberg|Höfingen|Ditzingen|Weilimdorf|Korntal|Neuwirtshaus(Porscheplatz),8005778,Stuttgart-Zuffenhausen,Baden-Württemberg,Stuttgart,70435,9.167156375,48.82960884,3,2609042104,,2609042104,,,,,,,,,,,1.0,0.0
-2482016822020551491-2609042117-4,7664,2609042126,2609042127,11,,S,S6,Stuttgart Hbf|Stuttgart Nordbahnhof|Stuttgart-Feuerbach,8005778,Stuttgart-Zuffenhausen,Baden-Württemberg,Stuttgart,70435,9.167156375,48.82960884,3,2609042126,,2609042127,,,,,,,,,,,0.0,0.0
-5248477185843077062-2609042033-11,7465,2609042113,2609042114,2,,S,S4,Backnang|Burgstall(Murr)|Kirchberg(Murr)|Erdmannhausen|Marbach(Neckar)|Benningen(Neckar)|Freiberg(Neckar)|Favoritepark|Ludwigsburg|Kornwestheim Pbf,8005778,Stuttgart-Zuffenhausen,Baden-Württemberg,Stuttgart,70435,9.167156375,48.82960884,3,2609042113,,2609042114,,,,,,,,,,,0.0,0.0
6402086477437547994-2609042107-4,7462,2609042116,2609042117,4,,S,S4,Stuttgart Hbf|Stuttgart Nordbahnhof|Stuttgart-Feuerbach,8005778,Stuttgart-Zuffenhausen,Baden-Württemberg,Stuttgart,70435,9.167156375,48.82960884,3,2609042117,,2609042118,,,,,,,,,,,1.0,1.0
-887848700709365635-2609042116-3,7567,2609042123,2609042124,2,,S,S5,Ludwigsburg|Kornwestheim Pbf,8005778,Stuttgart-Zuffenhausen,Baden-Württemberg,Stuttgart,70435,9.167156375,48.82960884,3,2609042123,,2609042124,,h,2,Bauarbeiten,,,,,,,0.0,0.0
3081120732937112595-2609042057-4,7564,2609042106,2609042107,4,,S,S5,Stuttgart Hbf|Stuttgart Nordbahnhof|Stuttgart-Feuerbach,8005778,Stuttgart-Zuffenhausen,Baden-Württemberg,Stuttgart,70435,9.167156375,48.82960884,3,2609042106,,2609042107,,h,2,Bauarbeiten,,,,,,,0.0,0.0
6737611286015741642-2609042147-4,7666,2609042156,2609042157,11,,S,S6,Stuttgart Hbf|Stuttgart Nordbahnhof|Stuttgart-Feuerbach,8005778,Stuttgart-Zuffenhausen,Baden-Württemberg,Stuttgart,70435,9.167156375,48.82960884,3,2609042156,,2609042157,,,,,,,,,,,0.0,0.0
2105782434057596707-2609042146-3,7569,2609042153,2609042154,2,,S,S5,Ludwigsburg|Kornwestheim Pbf,8005778,Stuttgart-Zuffenhausen,Baden-Württemberg,Stuttgart,70435,9.167156375,48.82960884,3,2609042154,,2609042155,,h,2,Bauarbeiten,,,,,,,1.0,1.0
2828988855077273536-2609042137-4,7464,2609042146,2609042147,4,,S,S4,Stuttgart Hbf|Stuttgart Nordbahnhof|Stuttgart-Feuerbach,8005778,Stuttgart-Zuffenhausen,Baden-Württemberg,Stuttgart,70435,9.167156375,48.82960884,3,2609042146,,2609042147,,,,,,,,,,,0.0,0.0
553786968472239584-2609042142-6,7366,2609042159,2609042200,3,,S,S3,Stuttgart Hbf|Stuttgart-Bad Cannstatt|Stuttgart Nürnberger Str.|Stuttgart-Sommerrain|Fellbach,8000180,Waiblingen,Baden-Württemberg,Waiblingen,71332,9.300476874,48.8262444,3,2609042159,,2609042200,,,,,,,,,,,0.0,0.0
2890455660221075834-2609042133-10,7269,2609042154,2609042155,5,,S,S2,Schorndorf|Weiler(Rems)|Winterbach(b Schorndorf)|Geradstetten|Grunbach|Beutelsbach|Endersbach|Stetten-Beinstein|Rommelshausen,8000180,Waiblingen,Baden-Württemberg,Waiblingen,71332,9.300476874,48.8262444,3,2609042154,,2609042155,,h,2,Bauarbeiten,,,,,,,0.0,0.0
-5952953719627570212-2609042103-8,17564,2609042150,2609042151,1,,RE,MEX90,Schwäbisch Hall-Hessental|Gaildorf West|Murrhardt|Sulzbach(Murr)|Oppenweiler(Württ)|Backnang|Winnenden,8000180,Waiblingen,Baden-Württemberg,Waiblingen,71332,9.300476874,48.8262444,3,2609042154,,2609042155,,h,2,Störung,,,,,,,4.0,4.0
-6477978226066436130-2609042047-3,19435,2609042102,2609042102,6,,ARV,MEX13,Stuttgart Hbf|Stuttgart-Bad Cannstatt,8000180,Waiblingen,Baden-Württemberg,Waiblingen,71332,9.300476874,48.8262444,3,2609042102,,2609042102,,h,2,Information,,,,,,,0.0,0.0
6924424662402192372-2609042112-6,7364,2609042129,2609042130,3,,S,S3,Stuttgart Hbf|Stuttgart-Bad Cannstatt|Stuttgart Nürnberger Str.|Stuttgart-Sommerrain|Fellbach,8000180,Waiblingen,Baden-Württemberg,Waiblingen,71332,9.300476874,48.8262444,3,2609042129,,2609042130,,,,,,,,,,,0.0,0.0
-489160259659374986-2609041952-18,19486,2609042128,2609042128,6,,ARV,MEX13,Crailsheim|Jagstzell|Ellwangen|Schrezheim|Schwabsberg|Goldshöfe|Hofen(b Aalen)|Wasseralfingen|Aalen Hbf|Mögglingen(Gmünd)|Böbingen(Rems)|Schwäbisch Gmünd|Lorch(Württ)|Waldhausen(b Schorndorf)|Plüderhausen|Urbach(b Schorndorf)|Schorndorf,8000180,Waiblingen,Baden-Württemberg,Waiblingen,71332,9.300476874,48.8262444,3,2609042128,,2609042129,,h,2,Störung,,,,,,,0.0,1.0
3090077021401438649-2609042050-6,7262,2609042104,2609042105,7,,S,S2,Stuttgart Hbf|Stuttgart-Bad Cannstatt|Stuttgart Nürnberger Str.|Stuttgart-Sommerrain|Fellbach,8000180,Waiblingen,Baden-Württemberg,Waiblingen,71332,9.300476874,48.8262444,3,2609042105,,2609042106,,h,2,Bauarbeiten,,,,,,,1.0,1.0
-4217556654966046239-2609042042-6,7362,2609042059,2609042100,3,,S,S3,Stuttgart Hbf|Stuttgart-Bad Cannstatt|Stuttgart Nürnberger Str.|Stuttgart-Sommerrain|Fellbach,8000180,Waiblingen,Baden-Württemberg,Waiblingen,71332,9.300476874,48.8262444,3,2609042059,,2609042100,,,,,,,,,,,0.0,0.0
-7971444916294519755-2609042120-6,7264,2609042134,2609042135,7,,S,S2,Stuttgart Hbf|Stuttgart-Bad Cannstatt|Stuttgart Nürnberger Str.|Stuttgart-Sommerrain|Fellbach,8000180,Waiblingen,Baden-Württemberg,Waiblingen,71332,9.300476874,48.8262444,3,2609042135,,2609042141,,h,2,Bauarbeiten,,,,,,,1.0,6.0
-5396698937150234419-2609041838-18,88646,2609042104,2609042107,1,,ARV,RE90,Nürnberg Hbf|Roßtal|Heilsbronn|Wicklesgreuth|Ansbach|Leutershausen-Wiedersbach|Dombühl|Schnelldorf|Crailsheim|Eckartshausen-Ilshofen|Schwäbisch Hall-Hessental|Gaildorf West|Murrhardt|Sulzbach(Murr)|Oppenweiler(Württ)|Backnang|Winnenden,8000180,Waiblingen,Baden-Württemberg,Waiblingen,71332,9.300476874,48.8262444,3,2609042104,,2609042107,,r,,,,,,,,,0.0,0.0
3859668929434965477-2609042111-7,7367,2609042129,2609042130,1,,S,S3,Backnang|Maubach|Nellmersbach|Winnenden|Schwaikheim|Neustadt-Hohenacker,8000180,Waiblingen,Baden-Württemberg,Waiblingen,71332,9.300476874,48.8262444,3,2609042131,,2609042132,,,,,,,,,,,2.0,2.0
4357443539708976180-2609042107-10,19440,2609042158,2609042158,6,,ARV,MEX13,Aalen Hbf|Mögglingen(Gmünd)|Böbingen(Rems)|Schwäbisch Gmünd|Lorch(Württ)|Waldhausen(b Schorndorf)|Plüderhausen|Urbach(b Schorndorf)|Schorndorf,8000180,Waiblingen,Baden-Württemberg,Waiblingen,71332,9.300476874,48.8262444,3,2609042159,,2609042159,,h,2,Information,,,,,,,1.0,1.0
2628700476961371155-2609042103-10,7267,2609042124,2609042125,5,,S,S2,Schorndorf|Weiler(Rems)|Winterbach(b Schorndorf)|Geradstetten|Grunbach|Beutelsbach|Endersbach|Stetten-Beinstein|Rommelshausen,8000180,Waiblingen,Baden-Württemberg,Waiblingen,71332,9.300476874,48.8262444,3,2609042124,,2609042125,,h,2,Bauarbeiten,,,,,,,0.0,0.0
-4811206268621532947-2609042120-3,19485,2609042132,2609042132,6,,ARV,MEX13,Stuttgart Hbf|Stuttgart-Bad Cannstatt,8000180,Waiblingen,Baden-Württemberg,Waiblingen,71332,9.300476874,48.8262444,3,2609042138,,2609042139,,h,2,Information,,,,,,,6.0,7.0
970449513727673732-2609042141-7,7369,2609042159,2609042200,1,,S,S3,Backnang|Maubach|Nellmersbach|Winnenden|Schwaikheim|Neustadt-Hohenacker,8000180,Waiblingen,Baden-Württemberg,Waiblingen,71332,9.300476874,48.8262444,3,2609042204,,2609042204,,,,,,,,,,,5.0,4.0
9208125594300952260-2609042057-3,88647,2609042107,2609042108,3,,ARV,RE90,Stuttgart Hbf|Stuttgart-Bad Cannstatt,8000180,Waiblingen,Baden-Württemberg,Waiblingen,71332,9.300476874,48.8262444,3,2609042109,,2609042110,,r,,,,,,,,,2.0,2.0
-7578975115161805427-2609042041-7,7365,2609042059,2609042100,1,,S,S3,Backnang|Maubach|Nellmersbach|Winnenden|Schwaikheim|Neustadt-Hohenacker,8000180,Waiblingen,Baden-Württemberg,Waiblingen,71332,9.300476874,48.8262444,3,2609042100,,2609042100,,,,,,,,,,,1.0,0.0
-9065769761816720116-2609042126-5,26187,2609042144,2609042144,141,,SWE,RB76,Calw|Calw-Heumaden|Althengstett|Ostelsheim,8006271,Weil der Stadt,Baden-Württemberg,Weil der Stadt,71263,8.873189074,48.7557357,4,2609042143,,2609042144,,h,1,Störung,,,,,,,-1.0,0.0
-7506781114720968709-2609042103-1,7667,,2609042103,,,S,S6,,8006271,Weil der Stadt,Baden-Württemberg,Weil der Stadt,71263,8.873189074,48.7557357,4,,,2609042106,,,,,,,,,,,0.0,3.0
-4129909752986717170-2609042133-1,7669,,2609042133,,,S,S6,,8006271,Weil der Stadt,Baden-Württemberg,Weil der Stadt,71263,8.873189074,48.7557357,4,,,2609042133,,,,,,,,,,,0.0,0.0
-2482016822020551491-2609042117-14,7664,2609042157,,2,,S,,Stuttgart Hbf|Stuttgart Nordbahnhof|Stuttgart-Feuerbach|Stuttgart-Zuffenhausen|Neuwirtshaus(Porscheplatz)|Korntal|Weilimdorf|Ditzingen|Höfingen|Leonberg|Rutesheim|Renningen|Malmsheim,8006271,Weil der Stadt,Baden-Württemberg,Weil der Stadt,71263,8.873189074,48.7557357,4,2609042157,,,,,,,,,,,,,0.0,0.0
-195423559232226563-2609042058-2,26184,2609042101,2609042103,141,,SWE,RB76,Renningen,8006271,Weil der Stadt,Baden-Württemberg,Weil der Stadt,71263,8.873189074,48.7557357,4,2609042102,,2609042103,,h,1,Störung,,,,,,,1.0,0.0
-4954691136188615428-2609042047-14,7662,2609042127,,2,,S,,Stuttgart Hbf|Stuttgart Nordbahnhof|Stuttgart-Feuerbach|Stuttgart-Zuffenhausen|Neuwirtshaus(Porscheplatz)|Korntal|Weilimdorf|Ditzingen|Höfingen|Leonberg|Rutesheim|Renningen|Malmsheim,8006271,Weil der Stadt,Baden-Württemberg,Weil der Stadt,71263,8.873189074,48.7557357,4,2609042127,,,,,,,,,,,,,0.0,0.0
2890455660221075834-2609042133-2,7269,2609042136,2609042136,2,,S,S2,Schorndorf,8006277,Weiler (Rems),Baden-Württemberg,Schorndorf,76314,9.501891172,48.80034585,5,2609042136,,2609042136,,h,2,Bauarbeiten,,,,,,,0.0,0.0
3090077021401438649-2609042050-14,7262,2609042122,2609042122,1,,S,S2,Stuttgart Hbf|Stuttgart-Bad Cannstatt|Stuttgart Nürnberger Str.|Stuttgart-Sommerrain|Fellbach|Waiblingen|Rommelshausen|Stetten-Beinstein|Endersbach|Beutelsbach|Grunbach|Geradstetten|Winterbach(b Schorndorf),8006277,Weiler (Rems),Baden-Württemberg,Schorndorf,76314,9.501891172,48.80034585,5,2609042123,,2609042124,,h,2,Bauarbeiten,,,,,,,1.0,2.0
-7971444916294519755-2609042120-14,7264,2609042152,2609042152,1,,S,S2,Stuttgart Hbf|Stuttgart-Bad Cannstatt|Stuttgart Nürnberger Str.|Stuttgart-Sommerrain|Fellbach|Waiblingen|Rommelshausen|Stetten-Beinstein|Endersbach|Beutelsbach|Grunbach|Geradstetten|Winterbach(b Schorndorf),8006277,Weiler (Rems),Baden-Württemberg,Schorndorf,76314,9.501891172,48.80034585,5,2609042157,,2609042158,,h,2,Bauarbeiten,,,,,,,5.0,6.0
2628700476961371155-2609042103-2,7267,2609042106,2609042106,2,,S,S2,Schorndorf,8006277,Weiler (Rems),Baden-Württemberg,Schorndorf,76314,9.501891172,48.80034585,5,2609042106,,2609042106,,h,2,Bauarbeiten,,,,,,,0.0,0.0
-3985651556599643211-2609042120-4,19335,2609042150,2609042151,2,,RE,MEX18,Kornwestheim Pbf|Esslingen(Neckar)|Plochingen,8006331,Wendlingen (Neckar),Baden-Württemberg,Wendlingen am Neckar,73240,9.373662098,48.67368917,3,2609042237,,2609042238,,h,2,Störung,,,Kornwestheim Pbf|Esslingen(Neckar)|Plochingen,Nürtingen|Metzingen(Württ)|Reutlingen Hbf,,,47.0,47.0
6929098726566169295-2609042055-13,7164,2609042133,2609042133,11,,S,S1,Stuttgart Hbf|Stuttgart-Bad Cannstatt|Stuttgart Neckarpark|Stuttgart-Untertürkheim|Stuttgart-Obertürkheim|Esslingen-Mettingen|Esslingen(Neckar)|Oberesslingen|Esslingen-Zell|Altbach|Plochingen|Wernau(Neckar),8006331,Wendlingen (Neckar),Baden-Württemberg,Wendlingen am Neckar,73240,9.373662098,48.67368917,3,2609042133,,2609042133,,,,,,,,,,,0.0,0.0
-1445914617040136913-2609042120-3,7169,2609042127,2609042128,12,,S,S1,Kirchheim(Teck)|Kirchheim(Teck)-Ötlingen,8006331,Wendlingen (Neckar),Baden-Württemberg,Wendlingen am Neckar,73240,9.373662098,48.67368917,3,2609042127,,2609042128,,,,,,,,,,,0.0,0.0
1733518000541873569-2609042150-3,7171,2609042157,2609042158,12,,S,S1,Kirchheim(Teck)|Kirchheim(Teck)-Ötlingen,8006331,Wendlingen (Neckar),Baden-Württemberg,Wendlingen am Neckar,73240,9.373662098,48.67368917,3,2609042157,,2609042158,,,,,,,,,,,0.0,0.0
6645021575941218607-2609042124-1,16073,,2609042124,,,RE,RE200,,8006331,Wendlingen (Neckar),Baden-Württemberg,Wendlingen am Neckar,73240,9.373662098,48.67368917,3,,,2609042124,,h,2,Störung,,,,,,,0.0,0.0
-8269850265962571195-2609042045-4,19349,2609042118,2609042118,2,,RE,MEX12,Kornwestheim Pbf|Esslingen(Neckar)|Plochingen,8006331,Wendlingen (Neckar),Baden-Württemberg,Wendlingen am Neckar,73240,9.373662098,48.67368917,3,2609042214,,2609042215,,h,2,Störung,,,Kornwestheim Pbf|Esslingen(Neckar)|Plochingen,Oberboihingen|Nürtingen|Bempflingen|Metzingen(Württ)|Reutlingen Hbf,,,56.0,57.0
-5010751629399415312-2609042043-4,19336,2609042104,2609042105,1,,RE,MEX18,Reutlingen Hbf|Metzingen(Württ)|Nürtingen,8006331,Wendlingen (Neckar),Baden-Württemberg,Wendlingen am Neckar,73240,9.373662098,48.67368917,3,2609042105,,2609042106,,h,2,Störung,,,,,,,1.0,1.0
-4904342913615484814-2609042025-13,7162,2609042102,2609042103,11,,S,S1,Stuttgart Hbf|Stuttgart-Bad Cannstatt|Stuttgart Neckarpark|Stuttgart-Untertürkheim|Stuttgart-Obertürkheim|Esslingen-Mettingen|Esslingen(Neckar)|Oberesslingen|Esslingen-Zell|Altbach|Plochingen|Wernau(Neckar),8006331,Wendlingen (Neckar),Baden-Württemberg,Wendlingen am Neckar,73240,9.373662098,48.67368917,3,2609042102,,2609042103,,,,,,,,,,,0.0,0.0
5285248676045453612-2609042129-3,16074,2609042159,,3,,RE,,Ulm Hbf|Merklingen - Schwäbische Alb,8006331,Wendlingen (Neckar),Baden-Württemberg,Wendlingen am Neckar,73240,9.373662098,48.67368917,3,2609042157,,,,h,2,Bauarbeiten,,,,,,,-2.0,0.0
-6102671226917243432-2609042116-6,19358,2609042140,2609042141,1,,RE,MEX12,Reutlingen Hbf|Metzingen(Württ)|Bempflingen|Nürtingen|Oberboihingen,8006331,Wendlingen (Neckar),Baden-Württemberg,Wendlingen am Neckar,73240,9.373662098,48.67368917,3,2609042143,,2609042145,,h,2,Störung,,,,,,,3.0,4.0
6929098726566169295-2609042055-12,7164,2609042129,2609042129,2,,S,S1,Stuttgart Hbf|Stuttgart-Bad Cannstatt|Stuttgart Neckarpark|Stuttgart-Untertürkheim|Stuttgart-Obertürkheim|Esslingen-Mettingen|Esslingen(Neckar)|Oberesslingen|Esslingen-Zell|Altbach|Plochingen,8006346,Wernau (Neckar),Baden-Württemberg,Wernau (Neckar),73249,9.413654423,48.69417221,4,2609042129,,2609042129,,,,,,,,,,,0.0,0.0
3106830256264099267-2609042050-4,7167,2609042101,2609042101,1,,S,S1,Kirchheim(Teck)|Kirchheim(Teck)-Ötlingen|Wendlingen(Neckar),8006346,Wernau (Neckar),Baden-Württemberg,Wernau (Neckar),73249,9.413654423,48.69417221,4,2609042101,,2609042101,,,,,,,,,,,0.0,0.0
-1445914617040136913-2609042120-4,7169,2609042131,2609042131,1,,S,S1,Kirchheim(Teck)|Kirchheim(Teck)-Ötlingen|Wendlingen(Neckar),8006346,Wernau (Neckar),Baden-Württemberg,Wernau (Neckar),73249,9.413654423,48.69417221,4,2609042131,,2609042131,,,,,,,,,,,0.0,0.0
6090333868698703745-2609042125-12,7166,2609042158,2609042159,2,,S,S1,Stuttgart Hbf|Stuttgart-Bad Cannstatt|Stuttgart Neckarpark|Stuttgart-Untertürkheim|Stuttgart-Obertürkheim|Esslingen-Mettingen|Esslingen(Neckar)|Oberesslingen|Esslingen-Zell|Altbach|Plochingen,8006346,Wernau (Neckar),Baden-Württemberg,Wernau (Neckar),73249,9.413654423,48.69417221,4,2609042158,,2609042159,,,,,,,,,,,0.0,0.0
-5952953719627570212-2609042103-7,17564,2609042143,2609042144,3,,RE,MEX90,Schwäbisch Hall-Hessental|Gaildorf West|Murrhardt|Sulzbach(Murr)|Oppenweiler(Württ)|Backnang,8006479,Winnenden,Baden-Württemberg,Winnenden,71364,9.392155928,48.8795625,3,2609042146,,2609042148,,h,2,Störung,,,,,,,3.0,4.0
6924424662402192372-2609042112-9,7364,2609042139,2609042139,2,,S,S3,Stuttgart Hbf|Stuttgart-Bad Cannstatt|Stuttgart Nürnberger Str.|Stuttgart-Sommerrain|Fellbach|Waiblingen|Neustadt-Hohenacker|Schwaikheim,8006479,Winnenden,Baden-Württemberg,Winnenden,71364,9.392155928,48.8795625,3,2609042139,,2609042139,,,,,,,,,,,0.0,0.0
-4217556654966046239-2609042042-9,7362,2609042109,2609042109,2,,S,S3,Stuttgart Hbf|Stuttgart-Bad Cannstatt|Stuttgart Nürnberger Str.|Stuttgart-Sommerrain|Fellbach|Waiblingen|Neustadt-Hohenacker|Schwaikheim,8006479,Winnenden,Baden-Württemberg,Winnenden,71364,9.392155928,48.8795625,3,2609042109,,2609042109,,,,,,,,,,,0.0,0.0
3859668929434965477-2609042111-4,7367,2609042119,2609042120,3,,S,S3,Backnang|Maubach|Nellmersbach,8006479,Winnenden,Baden-Württemberg,Winnenden,71364,9.392155928,48.8795625,3,2609042121,,2609042122,,,,,,,,,,,2.0,2.0
970449513727673732-2609042141-4,7369,2609042149,2609042150,3,,S,S3,Backnang|Maubach|Nellmersbach,8006479,Winnenden,Baden-Württemberg,Winnenden,71364,9.392155928,48.8795625,3,2609042152,,2609042155,,,,,,,,,,,3.0,5.0
9208125594300952260-2609042057-4,88647,2609042115,2609042116,2,,ARV,RE90,Stuttgart Hbf|Stuttgart-Bad Cannstatt|Waiblingen,8006479,Winnenden,Baden-Württemberg,Winnenden,71364,9.392155928,48.8795625,3,2609042117,,2609042118,,r,,,,,,,,,2.0,2.0
2890455660221075834-2609042133-3,7269,2609042138,2609042138,1,,S,S2,Schorndorf|Weiler(Rems),8006485,Winterbach (b Schorndorf),Baden-Württemberg,Winterbach,73650,9.481549751,48.79842743,4,2609042138,,2609042138,,h,2,Bauarbeiten,,,,,,,0.0,0.0
3090077021401438649-2609042050-13,7262,2609042120,2609042120,2,,S,S2,Stuttgart Hbf|Stuttgart-Bad Cannstatt|Stuttgart Nürnberger Str.|Stuttgart-Sommerrain|Fellbach|Waiblingen|Rommelshausen|Stetten-Beinstein|Endersbach|Beutelsbach|Grunbach|Geradstetten,8006485,Winterbach (b Schorndorf),Baden-Württemberg,Winterbach,73650,9.481549751,48.79842743,4,2609042121,,2609042122,,h,2,Bauarbeiten,,,,,,,1.0,2.0
-7971444916294519755-2609042120-13,7264,2609042150,2609042150,2,,S,S2,Stuttgart Hbf|Stuttgart-Bad Cannstatt|Stuttgart Nürnberger Str.|Stuttgart-Sommerrain|Fellbach|Waiblingen|Rommelshausen|Stetten-Beinstein|Endersbach|Beutelsbach|Grunbach|Geradstetten,8006485,Winterbach (b Schorndorf),Baden-Württemberg,Winterbach,73650,9.481549751,48.79842743,4,2609042155,,2609042155,,h,2,Bauarbeiten,,,,,,,5.0,5.0
2628700476961371155-2609042103-3,7267,2609042108,2609042108,1,,S,S2,Schorndorf|Weiler(Rems),8006485,Winterbach (b Schorndorf),Baden-Württemberg,Winterbach,73650,9.481549751,48.79842743,4,2609042108,,2609042108,,h,2,Bauarbeiten,,,,,,,0.0,0.0
-5866427935955509808-2609042134-5,7067,2609042143,2609042144,1,,S,S60,Böblingen|Sindelfingen|Maichingen|Maichingen Nord,8003807,Magstadt,Baden-Württemberg,Magstadt,71106,8.965315746,48.73616033,6,2609042144,,2609042145,,,,,,,,,,,1.0,1.0
-5721042257730826301-2609042038-12,7066,2609042115,2609042115,2,,S,S60,Stuttgart-Feuerbach|Stuttgart-Zuffenhausen|Neuwirtshaus(Porscheplatz)|Korntal|Weilimdorf|Ditzingen|Höfingen|Leonberg|Rutesheim|Renningen|Renningen Süd,8003807,Magstadt,Baden-Württemberg,Magstadt,71106,8.965315746,48.73616033,6,2609042118,,2609042119,,,,,,,,,,,3.0,4.0
-279161464129784570-2609042139-3,7068,2609042145,2609042145,2,,S,S60,Renningen|Renningen Süd,8003807,Magstadt,Baden-Württemberg,Magstadt,71106,8.965315746,48.73616033,6,2609042145,,2609042146,,,,,,,,,,,0.0,1.0
-8158613416807274501-2609042104-5,7065,2609042113,2609042114,1,,S,S60,Böblingen|Sindelfingen|Maichingen|Maichingen Nord,8003807,Magstadt,Baden-Württemberg,Magstadt,71106,8.965315746,48.73616033,6,2609042122,,2609042122,,,,,,,,,,,9.0,8.0
-5866427935955509808-2609042134-4,7067,2609042141,2609042141,1,,S,S60,Böblingen|Sindelfingen|Maichingen,8003834,Maichingen Nord,Baden-Württemberg,Sindelfingen,71069,8.979416996,48.72750392,5,2609042143,,2609042143,,,,,,,,,,,2.0,2.0
-5721042257730826301-2609042038-13,7066,2609042117,2609042117,2,,S,S60,Stuttgart-Feuerbach|Stuttgart-Zuffenhausen|Neuwirtshaus(Porscheplatz)|Korntal|Weilimdorf|Ditzingen|Höfingen|Leonberg|Rutesheim|Renningen|Renningen Süd|Magstadt,8003834,Maichingen Nord,Baden-Württemberg,Sindelfingen,71069,8.979416996,48.72750392,5,2609042120,,2609042121,,,,,,,,,,,3.0,4.0
-279161464129784570-2609042139-4,7068,2609042147,2609042147,2,,S,S60,Renningen|Renningen Süd|Magstadt,8003834,Maichingen Nord,Baden-Württemberg,Sindelfingen,71069,8.979416996,48.72750392,5,2609042147,,2609042148,,,,,,,,,,,0.0,1.0
-8158613416807274501-2609042104-4,7065,2609042111,2609042111,1,,S,S60,Böblingen|Sindelfingen|Maichingen,8003834,Maichingen Nord,Baden-Württemberg,Sindelfingen,71069,8.979416996,48.72750392,5,2609042120,,2609042120,,,,,,,,,,,9.0,9.0
-5866427935955509808-2609042134-3,7067,2609042139,2609042140,1,,S,S60,Böblingen|Sindelfingen,8003808,Maichingen,Baden-Württemberg,Sindelfingen,71069,8.969606704,48.72162074,6,2609042140,,2609042141,,,,,,,,,,,1.0,1.0
-5721042257730826301-2609042038-14,7066,2609042119,2609042119,1,,S,S60,Stuttgart-Feuerbach|Stuttgart-Zuffenhausen|Neuwirtshaus(Porscheplatz)|Korntal|Weilimdorf|Ditzingen|Höfingen|Leonberg|Rutesheim|Renningen|Renningen Süd|Magstadt|Maichingen Nord,8003808,Maichingen,Baden-Württemberg,Sindelfingen,71069,8.969606704,48.72162074,6,2609042122,,2609042123,,,,,,,,,,,3.0,4.0
-279161464129784570-2609042139-5,7068,2609042149,2609042149,1,,S,S60,Renningen|Renningen Süd|Magstadt|Maichingen Nord,8003808,Maichingen,Baden-Württemberg,Sindelfingen,71069,8.969606704,48.72162074,6,2609042149,,2609042150,,,,,,,,,,,0.0,1.0
-8158613416807274501-2609042104-3,7065,2609042109,2609042110,1,,S,S60,Böblingen|Sindelfingen,8003808,Maichingen,Baden-Württemberg,Sindelfingen,71069,8.969606704,48.72162074,6,2609042118,,2609042119,,,,,,,,,,,9.0,9.0
-5866427935955509808-2609042134-6,7067,2609042147,2609042148,1,,S,S60,Böblingen|Sindelfingen|Maichingen|Maichingen Nord|Magstadt,8005001,Renningen Süd,Baden-Württemberg,Renningen,71272,8.932068278,48.76261937,6,2609042148,,2609042149,,,,,,,,,,,1.0,1.0
-5721042257730826301-2609042038-11,7066,2609042111,2609042111,2,,S,S60,Stuttgart-Feuerbach|Stuttgart-Zuffenhausen|Neuwirtshaus(Porscheplatz)|Korntal|Weilimdorf|Ditzingen|Höfingen|Leonberg|Rutesheim|Renningen,8005001,Renningen Süd,Baden-Württemberg,Renningen,71272,8.932068278,48.76261937,6,2609042114,,2609042115,,,,,,,,,,,3.0,4.0
-279161464129784570-2609042139-2,7068,2609042141,2609042141,2,,S,S60,Renningen,8005001,Renningen Süd,Baden-Württemberg,Renningen,71272,8.932068278,48.76261937,6,2609042141,,2609042142,,,,,,,,,,,0.0,1.0
-8158613416807274501-2609042104-6,7065,2609042117,2609042118,1,,S,S60,Böblingen|Sindelfingen|Maichingen|Maichingen Nord|Magstadt,8005001,Renningen Süd,Baden-Württemberg,Renningen,71272,8.932068278,48.76261937,6,2609042126,,2609042126,,,,,,,,,,,9.0,8.0
