ID,train_number,planned_arrival,planned_departure,planned_platform,planned_status,category_train,train,path,eva_nr,station_name,station_state,station_city,station_zipcode,station_long,station_lat,station_category,changed_arrival,changed_platform_arrival,changed_departure,changed_platform_departure,message_status,priority,info,arrival_hidden,departure_hidden,arrival_path,departure_path,arrival_status,departure_status,arrival_delay_m,departure_delay_m
-8319398400678058003-2609051050-6,7127,2609051109,2609051110,3,,S,S1,Kirchheim(Teck)|Kirchheim(Teck)-Ötlingen|Wendlingen(Neckar)|Wernau(Neckar)|Plochingen,8000508,Altbach,Baden-Württemberg,Altbach,73776,9.382434033,48.72031354,3,2609051110,,2609051111,,,,,,,,,,,1.0,1.0
-969977125013015245-2609051055-10,7124,2609051120,2609051120,4,,S,S1,Stuttgart Hbf|Stuttgart-Bad Cannstatt|Stuttgart Neckarpark|Stuttgart-Untertürkheim|Stuttgart-Obertürkheim|Esslingen-Mettingen|Esslingen(Neckar)|Oberesslingen|Esslingen-Zell,8000508,Altbach,Baden-Württemberg,Altbach,73776,9.382434033,48.72031354,3,2609051120,,2609051120,,,,,,,,,,,0.0,0.0
-5040164597006626382-2609051120-6,7129,2609051139,2609051140,3,,S,S1,Kirchheim(Teck)|Kirchheim(Teck)-Ötlingen|Wendlingen(Neckar)|Wernau(Neckar)|Plochingen,8000508,Altbach,Baden-Württemberg,Altbach,73776,9.382434033,48.72031354,3,2609051139,,2609051140,,,,,,,,,,,0.0,0.0
240389329078028238-2609051125-10,7126,2609051150,2609051150,4,,S,S1,Stuttgart Hbf|Stuttgart-Bad Cannstatt|Stuttgart Neckarpark|Stuttgart-Untertürkheim|Stuttgart-Obertürkheim|Esslingen-Mettingen|Esslingen(Neckar)|Oberesslingen|Esslingen-Zell,8000508,Altbach,Baden-Württemberg,Altbach,73776,9.382434033,48.72031354,3,2609051150,,2609051150,,,,,,,,,,,0.0,0.0
1159985668244142556-2609051037-14,7420,2609051122,,1,,S,,Stuttgart Hbf|Stuttgart Nordbahnhof|Stuttgart-Feuerbach|Stuttgart-Zuffenhausen|Kornwestheim Pbf|Ludwigsburg|Favoritepark|Freiberg(Neckar)|Benningen(Neckar)|Marbach(Neckar)|Erdmannhausen|Kirchberg(Murr)|Burgstall(Murr),8000016,Backnang,Baden-Württemberg,Backnang,71522,9.425986107,48.94264844,3,2609051122,,,,,,,,,,,,,0.0,0.0
-4743712954769026670-2609051111-1,7327,,2609051111,,,S,S3,,8000016,Backnang,Baden-Württemberg,Backnang,71522,9.425986107,48.94264844,3,,,2609051111,,,,,,,,,,,0.0,0.0
-4910924940869376561-2609051100-5,88617,2609051123,2609051124,4,,ARV,RE90,Stuttgart Hbf|Stuttgart-Bad Cannstatt|Waiblingen|Winnenden,8000016,Backnang,Baden-Württemberg,Backnang,71522,9.425986107,48.94264844,3,2609051124,,2609051125,,r,,,,,,,,,1.0,1.0
7987117432775573230-2609051032-7,17526,2609051106,,3,,RB,,Gaildorf West|Fichtenberg|Fornsbach|Murrhardt|Sulzbach(Murr)|Oppenweiler(Württ),8000016,Backnang,Baden-Württemberg,Backnang,71522,9.425986107,48.94264844,3,2609051106,,,,,,,,,,,,,0.0,0.0
4518629887515619781-2609051042-12,7322,2609051118,,5,,S,,Stuttgart Hbf|Stuttgart-Bad Cannstatt|Stuttgart Nürnberger Str.|Stuttgart-Sommerrain|Fellbach|Waiblingen|Neustadt-Hohenacker|Schwaikheim|Winnenden|Nellmersbach|Maubach,8000016,Backnang,Baden-Württemberg,Backnang,71522,9.425986107,48.94264844,3,2609051118,,,,,,,,,,,,,0.0,0.0
-1975987368948360309-2609051103-6,17528,2609051136,2609051137,4,,RE,MEX90,Schwäbisch Hall-Hessental|Gaildorf West|Murrhardt|Sulzbach(Murr)|Oppenweiler(Württ),8000016,Backnang,Baden-Württemberg,Backnang,71522,9.425986107,48.94264844,3,2609051141,,2609051142,,,,,,,,,,,5.0,5.0
-2837347101663805561-2609051133-1,7429,,2609051133,,,S,S4,,8000016,Backnang,Baden-Württemberg,Backnang,71522,9.425986107,48.94264844,3,,,2609051133,,,,,,,,,,,0.0,0.0
5579615522999161398-2609051103-1,7427,,2609051103,,,S,S4,,8000016,Backnang,Baden-Württemberg,Backnang,71522,9.425986107,48.94264844,3,,,2609051104,5,,,,,,,,,,0.0,1.0
-3955134605586594139-2609051141-1,7329,,2609051141,,,S,S3,,8000016,Backnang,Baden-Württemberg,Backnang,71522,9.425986107,48.94264844,3,,,2609051145,,,,,,,,,,,0.0,4.0
5820964745098673010-2609051112-12,7324,2609051148,,5,,S,,Stuttgart Hbf|Stuttgart-Bad Cannstatt|Stuttgart Nürnberger Str.|Stuttgart-Sommerrain|Fellbach|Waiblingen|Neustadt-Hohenacker|Schwaikheim|Winnenden|Nellmersbach|Maubach,8000016,Backnang,Baden-Württemberg,Backnang,71522,9.425986107,48.94264844,3,2609051149,,,,,,,,,,,,,1.0,0.0
-3549649593139872718-2609051152-1,17523,,2609051152,,,RB,MEX19,,8000016,Backnang,Baden-Württemberg,Backnang,71522,9.425986107,48.94264844,3,,,2609051152,,,,,,,,,,,0.0,0.0
-5873691979165749702-2609051107-14,7422,2609051152,,1,,S,,Stuttgart Hbf|Stuttgart Nordbahnhof|Stuttgart-Feuerbach|Stuttgart-Zuffenhausen|Kornwestheim Pbf|Ludwigsburg|Favoritepark|Freiberg(Neckar)|Benningen(Neckar)|Marbach(Neckar)|Erdmannhausen|Kirchberg(Murr)|Burgstall(Murr),8000016,Backnang,Baden-Württemberg,Backnang,71522,9.425986107,48.94264844,3,2609051152,,,,,,,,,,,,,0.0,0.0
1159985668244142556-2609051037-9,7420,2609051102,2609051103,1,,S,S4,Stuttgart Hbf|Stuttgart Nordbahnhof|Stuttgart-Feuerbach|Stuttgart-Zuffenhausen|Kornwestheim Pbf|Ludwigsburg|Favoritepark|Freiberg(Neckar),8000873,Benningen (Neckar),Baden-Württemberg,Benningen am Neckar,71726,9.244299075,48.94379773,5,2609051103,,2609051104,,,,,,,,,,,1.0,1.0
-2837347101663805561-2609051133-6,7429,2609051157,2609051157,2,,S,S4,Backnang|Burgstall(Murr)|Kirchberg(Murr)|Erdmannhausen|Marbach(Neckar),8000873,Benningen (Neckar),Baden-Württemberg,Benningen am Neckar,71726,9.244299075,48.94379773,5,2609051157,,2609051158,,,,,,,,,,,0.0,1.0
5579615522999161398-2609051103-6,7427,2609051127,2609051127,2,,S,S4,Backnang|Burgstall(Murr)|Kirchberg(Murr)|Erdmannhausen|Marbach(Neckar),8000873,Benningen (Neckar),Baden-Württemberg,Benningen am Neckar,71726,9.244299075,48.94379773,5,2609051129,,2609051130,,,,,,,,,,,2.0,3.0
-5873691979165749702-2609051107-9,7422,2609051132,2609051133,1,,S,S4,Stuttgart Hbf|Stuttgart Nordbahnhof|Stuttgart-Feuerbach|Stuttgart-Zuffenhausen|Kornwestheim Pbf|Ludwigsburg|Favoritepark|Freiberg(Neckar),8000873,Benningen (Neckar),Baden-Württemberg,Benningen am Neckar,71726,9.244299075,48.94379773,5,2609051133,,2609051134,,,,,,,,,,,1.0,1.0
1816762967766826943-2609051120-10,7224,2609051143,2609051143,1,,S,S2,Stuttgart Hbf|Stuttgart-Bad Cannstatt|Stuttgart Nürnberger Str.|Stuttgart-Sommerrain|Fellbach|Waiblingen|Rommelshausen|Stetten-Beinstein|Endersbach,8000934,Beutelsbach,Baden-Württemberg,Weinstadt,71384,9.38551589,48.81038925,5,2609051144,,2609051144,,,,,,,,,,,1.0,1.0
-7250951253539911335-2609051133-6,7229,2609051145,2609051145,2,,S,S2,Schorndorf|Weiler(Rems)|Winterbach(b Schorndorf)|Geradstetten|Grunbach,8000934,Beutelsbach,Baden-Württemberg,Weinstadt,71384,9.38551589,48.81038925,5,2609051145,,2609051145,,,,,,,,,,,0.0,0.0
390998906735625917-2609051050-10,7222,2609051113,2609051113,1,,S,S2,Stuttgart Hbf|Stuttgart-Bad Cannstatt|Stuttgart Nürnberger Str.|Stuttgart-Sommerrain|Fellbach|Waiblingen|Rommelshausen|Stetten-Beinstein|Endersbach,8000934,Beutelsbach,Baden-Württemberg,Weinstadt,71384,9.38551589,48.81038925,5,2609051114,,2609051115,,,,,,,,,,,1.0,2.0
8822962995701899685-2609051103-6,7227,2609051115,2609051115,2,,S,S2,Schorndorf|Weiler(Rems)|Winterbach(b Schorndorf)|Geradstetten|Grunbach,8000934,Beutelsbach,Baden-Württemberg,Weinstadt,71384,9.38551589,48.81038925,5,2609051115,,2609051116,,,,,,,,,,,0.0,1.0
-4066129194446209997-2609051104-1,19510,,2609051104,,,RE,MEX17,,8000038,Bietigheim-Bissingen,Baden-Württemberg,Bietigheim-Bissingen,74321,9.137217396,48.94794988,2,,,2609051104,,,,,,,,,,,0.0,0.0
7213038134863444723-2609051114-12,19515,2609051150,,,,RE,,Pforzheim Hbf|Eutingen(Baden)|Niefern|Enzberg|Mühlacker|Mühlacker Rößlesweg|Illingen(Württ)|Vaihingen(Enz)|Sersheim|Sachsenheim|Ellental,8000038,Bietigheim-Bissingen,Baden-Württemberg,Bietigheim-Bissingen,74321,9.137217396,48.94794988,2,2609051151,7,,,,,,,,,,,,1.0,0.0
-1150164891390066969-2609051132-1,19560,,2609051132,,,RE,MEX17,,8000038,Bietigheim-Bissingen,Baden-Württemberg,Bietigheim-Bissingen,74321,9.137217396,48.94794988,2,,,2609051132,,,,,,,,,,,0.0,0.0
4222597120820300264-2609051044-12,19553,2609051124,,7,,RE,,Pforzheim Hbf|Eutingen(Baden)|Niefern|Enzberg|Mühlacker|Mühlacker Rößlesweg|Illingen(Württ)|Vaihingen(Enz)|Sersheim|Sachsenheim|Ellental,8000038,Bietigheim-Bissingen,Baden-Württemberg,Bietigheim-Bissingen,74321,9.137217396,48.94794988,2,2609051125,,,,,,,,,,,,,1.0,0.0
1836435062166220832-2609051046-6,7726,2609051100,2609051100,3,,S,S1,Herrenberg|Nufringen|Gärtringen|Ehningen(b Böblingen)|Hulb,8001055,Böblingen,Baden-Württemberg,Böblingen,71034,9.004531864,48.68784871,3,2609051101,,2609051101,,,,,,,,,,,1.0,1.0
-4332350823739140402-2609051116-4,7725,2609051130,2609051130,4,,S,S1,Stuttgart-Vaihingen|Stuttgart-Rohr|Goldberg(Württ),8001055,Böblingen,Baden-Württemberg,Böblingen,71034,9.004531864,48.68784871,3,2609051137,,2609051138,,,,,,,,,,,7.0,8.0
2059911478828825113-2609051116-6,7728,2609051130,2609051130,3,,S,S1,Herrenberg|Nufringen|Gärtringen|Ehningen(b Böblingen)|Hulb,8001055,Böblingen,Baden-Württemberg,Böblingen,71034,9.004531864,48.68784871,3,2609051131,,2609051134,,,,,,,,,,,1.0,4.0
3478175582673079827-2609051013-15,17650,2609051120,2609051121,2,,RE,RE14b,Freudenstadt Hbf|Grüntal-Wittlensweiler|Dornstetten-Aach|Dornstetten|Schopfloch(b Freudenstadt)|Bittelbronn|Horb-Heiligenfeld|Hochdorf(b Horb)|Eutingen Nord|Eutingen im Gäu|Ergenzingen|Bondorf(b Herrenberg)|Gäufelden|Herrenberg,8001055,Böblingen,Baden-Württemberg,Böblingen,71034,9.004531864,48.68784871,3,2609051121,,2609051127,,,,,,,,,,,1.0,6.0
-3464896272991464276-2609051132-12,8093,2609051155,,1,,WEG,,Dettenhausen|Weil im Schönbuch Untere Halde|Weil im Schönbuch Röte|Weil im Schönbuch Troppel|Holzgerlingen Buch|Holzgerlingen Bf|Holzgerlingen Hülben|Böblingen Zimmerschlag|Böblingen Heusteigstr|Böblingen Südbf|Böblingen Danziger Str,8001055,Böblingen,Baden-Württemberg,Böblingen,71034,9.004531864,48.68784871,3,2609051155,,,,,,,,,,,,,0.0,0.0
-6210723054566268000-2609051108-16,7028,2609051156,,5,,S,,Stuttgart-Feuerbach|Stuttgart-Zuffenhausen|Neuwirtshaus(Porscheplatz)|Korntal|Weilimdorf|Ditzingen|Höfingen|Leonberg|Rutesheim|Renningen|Renningen Süd|Magstadt|Maichingen Nord|Maichingen|Sindelfingen,8001055,Böblingen,Baden-Württemberg,Böblingen,71034,9.004531864,48.68784871,3,2609051156,,,,,,,,,,,,,0.0,0.0
4024171604693270332-2609051135-1,8092,,2609051135,,,WEG,RB46,,8001055,Böblingen,Baden-Württemberg,Böblingen,71034,9.004531864,48.68784871,3,,,2609051138,,,,,,,,,,,0.0,3.0
5055363904167634352-2609051101-3,28479,2609051126,,2,,RE,,Stuttgart Hbf|Stuttgart-Vaihingen,8001055,Böblingen,Baden-Württemberg,Böblingen,71034,9.004531864,48.68784871,3,2609051134,,,,,,,,,,,,,8.0,0.0
3909020846593855559-2609051133-1,28478,,2609051133,,,RE,RESB,,8001055,Böblingen,Baden-Württemberg,Böblingen,71034,9.004531864,48.68784871,3,,,2609051139,,,,,,,,,,,0.0,6.0
-2280240461628246576-2609051046-4,7723,2609051100,2609051100,4,,S,S1,Stuttgart-Vaihingen|Stuttgart-Rohr|Goldberg(Württ),8001055,Böblingen,Baden-Württemberg,Böblingen,71034,9.004531864,48.68784871,3,2609051100,,2609051100,,,,,,,,,,,0.0,0.0
-8375167329740848278-2609051104-1,7025,,2609051104,,,S,S60,,8001055,Böblingen,Baden-Württemberg,Böblingen,71034,9.004531864,48.68784871,3,,,2609051104,,,,,,,,,,,0.0,0.0
4990382490229382217-2609051105-1,8088,,2609051105,,,WEG,RB46,,8001055,Böblingen,Baden-Württemberg,Böblingen,71034,9.004531864,48.68784871,3,,,2609051105,,,,,,,,,,,0.0,0.0
-7543730555449738385-2609051038-16,7026,2609051126,,5,,S,,Stuttgart-Feuerbach|Stuttgart-Zuffenhausen|Neuwirtshaus(Porscheplatz)|Korntal|Weilimdorf|Ditzingen|Höfingen|Leonberg|Rutesheim|Renningen|Renningen Süd|Magstadt|Maichingen Nord|Maichingen|Sindelfingen,8001055,Böblingen,Baden-Württemberg,Böblingen,71034,9.004531864,48.68784871,3,2609051128,,,,,,,,,,,,,2.0,0.0
-2997586613667252816-2609051134-1,7027,,2609051134,,,S,S60,,8001055,Böblingen,Baden-Württemberg,Böblingen,71034,9.004531864,48.68784871,3,,,2609051134,,,,,,,,,,,0.0,0.0
9100079379909334000-2609051015-9,17648,2609051120,2609051121,2,,RE,RE14a,Oberndorf(Neckar)|Sulz(Neckar)|Horb|Eutingen im Gäu|Ergenzingen|Bondorf(b Herrenberg)|Gäufelden|Herrenberg,8001055,Böblingen,Baden-Württemberg,Böblingen,71034,9.004531864,48.68784871,3,2609051121,,2609051127,,,,,,,,,,,1.0,6.0
-8026614727318925664-2609051102-12,8089,2609051125,,1,,WEG,,Dettenhausen|Weil im Schönbuch Untere Halde|Weil im Schönbuch Röte|Weil im Schönbuch Troppel|Holzgerlingen Buch|Holzgerlingen Bf|Holzgerlingen Hülben|Böblingen Zimmerschlag|Böblingen Heusteigstr|Böblingen Südbf|Böblingen Danziger Str,8001055,Böblingen,Baden-Württemberg,Böblingen,71034,9.004531864,48.68784871,3,2609051126,,,,,,,,,,,,,1.0,0.0
1159985668244142556-2609051037-13,7420,2609051117,2609051117,1,,S,S4,Stuttgart Hbf|Stuttgart Nordbahnhof|Stuttgart-Feuerbach|Stuttgart-Zuffenhausen|Kornwestheim Pbf|Ludwigsburg|Favoritepark|Freiberg(Neckar)|Benningen(Neckar)|Marbach(Neckar)|Erdmannhausen|Kirchberg(Murr),8001296,Burgstall (Murr),Baden-Württemberg,Burgstetten,71576,9.36973562,48.92851826,6,2609051117,,2609051117,,,,,,,,,,,0.0,0.0
-2837347101663805561-2609051133-2,7429,2609051137,2609051138,1,,S,S4,Backnang,8001296,Burgstall (Murr),Baden-Württemberg,Burgstetten,71576,9.36973562,48.92851826,6,2609051137,,2609051139,,,,,,,,,,,0.0,1.0
5579615522999161398-2609051103-2,7427,2609051107,2609051108,1,,S,S4,Backnang,8001296,Burgstall (Murr),Baden-Württemberg,Burgstetten,71576,9.36973562,48.92851826,6,2609051108,,2609051110,,,,,,,,,,,1.0,2.0
-5873691979165749702-2609051107-13,7422,2609051147,2609051147,1,,S,S4,Stuttgart Hbf|Stuttgart Nordbahnhof|Stuttgart-Feuerbach|Stuttgart-Zuffenhausen|Kornwestheim Pbf|Ludwigsburg|Favoritepark|Freiberg(Neckar)|Benningen(Neckar)|Marbach(Neckar)|Erdmannhausen|Kirchberg(Murr),8001296,Burgstall (Murr),Baden-Württemberg,Burgstetten,71576,9.36973562,48.92851826,6,2609051147,,2609051147,,,,,,,,,,,0.0,0.0
-8184927979055909549-2609051034-11,7023,2609051109,2609051109,3,,S,S60,Böblingen|Sindelfingen|Maichingen|Maichingen Nord|Magstadt|Renningen Süd|Renningen|Rutesheim|Leonberg|Höfingen,8001476,Ditzingen,Baden-Württemberg,Ditzingen,71254,9.067095186,48.82358726,4,2609051109,,2609051110,,,,,,,,,,,0.0,1.0
-8927650748585631039-2609051117-8,7624,2609051136,2609051136,2,,S,S6,Stuttgart Hbf|Stuttgart Nordbahnhof|Stuttgart-Feuerbach|Stuttgart-Zuffenhausen|Neuwirtshaus(Porscheplatz)|Korntal|Weilimdorf,8001476,Ditzingen,Baden-Württemberg,Ditzingen,71254,9.067095186,48.82358726,4,2609051137,,2609051137,,,,,,,,,,,1.0,1.0
-6210723054566268000-2609051108-6,7028,2609051121,2609051121,2,,S,S60,Stuttgart-Feuerbach|Stuttgart-Zuffenhausen|Neuwirtshaus(Porscheplatz)|Korntal|Weilimdorf,8001476,Ditzingen,Baden-Württemberg,Ditzingen,71254,9.067095186,48.82358726,4,2609051121,,2609051121,,,,,,,,,,,0.0,0.0
-5323490408373253678-2609051138-6,7030,2609051151,2609051151,2,,S,S60,Stuttgart-Feuerbach|Stuttgart-Zuffenhausen|Neuwirtshaus(Porscheplatz)|Korntal|Weilimdorf,8001476,Ditzingen,Baden-Württemberg,Ditzingen,71254,9.067095186,48.82358726,4,2609051151,,2609051151,,,,,,,,,,,0.0,0.0
-8375167329740848278-2609051104-11,7025,2609051139,2609051139,3,,S,S60,Böblingen|Sindelfingen|Maichingen|Maichingen Nord|Magstadt|Renningen Süd|Renningen|Rutesheim|Leonberg|Höfingen,8001476,Ditzingen,Baden-Württemberg,Ditzingen,71254,9.067095186,48.82358726,4,2609051139,,2609051140,,,,,,,,,,,0.0,1.0
-7002229200786107058-2609051047-8,7622,2609051106,2609051106,2,,S,S6,Stuttgart Hbf|Stuttgart Nordbahnhof|Stuttgart-Feuerbach|Stuttgart-Zuffenhausen|Neuwirtshaus(Porscheplatz)|Korntal|Weilimdorf,8001476,Ditzingen,Baden-Württemberg,Ditzingen,71254,9.067095186,48.82358726,4,2609051106,,2609051106,,,,,,,,,,,0.0,0.0
6476044054617913836-2609051133-7,7629,2609051154,2609051154,3,,S,S6,Weil der Stadt|Malmsheim|Renningen|Rutesheim|Leonberg|Höfingen,8001476,Ditzingen,Baden-Württemberg,Ditzingen,71254,9.067095186,48.82358726,4,2609051154,,2609051154,,,,,,,,,,,0.0,0.0
-6961087395599132139-2609051103-7,7627,2609051124,2609051124,3,,S,S6,Weil der Stadt|Malmsheim|Renningen|Rutesheim|Leonberg|Höfingen,8001476,Ditzingen,Baden-Württemberg,Ditzingen,71254,9.067095186,48.82358726,4,2609051124,,2609051125,,,,,,,,,,,0.0,1.0
8916848914768293115-2609051103-3,7924,2609051110,2609051110,2,,S,S2,Filderstadt|Stuttgart Flughafen/Messe,8001650,Echterdingen,Baden-Württemberg,Echterdingen,70771,9.169307175,48.69214787,4,2609051110,,2609051111,,,,,,,,,,,0.0,1.0
2065487702491461927-2609051135-5,7927,2609051149,2609051150,1,,S,S2,Stuttgart-Vaihingen|Stuttgart-Rohr|Oberaichen|Leinfelden,8001650,Echterdingen,Baden-Württemberg,Echterdingen,70771,9.169307175,48.69214787,4,2609051149,,2609051150,,,,,,,,,,,0.0,0.0
3620324444254856529-2609051105-5,7925,2609051119,2609051120,1,,S,S2,Stuttgart-Vaihingen|Stuttgart-Rohr|Oberaichen|Leinfelden,8001650,Echterdingen,Baden-Württemberg,Echterdingen,70771,9.169307175,48.69214787,4,2609051119,,2609051120,,,,,,,,,,,0.0,0.0
-2704305237079306941-2609051133-3,7926,2609051140,2609051140,2,,S,S2,Filderstadt|Stuttgart Flughafen/Messe,8001650,Echterdingen,Baden-Württemberg,Echterdingen,70771,9.169307175,48.69214787,4,2609051140,,2609051140,,,,,,,,,,,0.0,0.0
-4332350823739140402-2609051116-6,7725,2609051135,2609051135,2,,S,S1,Stuttgart-Vaihingen|Stuttgart-Rohr|Goldberg(Württ)|Böblingen|Hulb,8001689,Ehningen (b Böblingen),Baden-Württemberg,Ehningen,71139,8.944310368,48.66275549,4,2609051143,,2609051143,,,,,,,,,,,8.0,8.0
2059911478828825113-2609051116-4,7728,2609051125,2609051125,1,,S,S1,Herrenberg|Nufringen|Gärtringen,8001689,Ehningen (b Böblingen),Baden-Württemberg,Ehningen,71139,8.944310368,48.66275549,4,2609051125,,2609051125,,,,,,,,,,,0.0,0.0
41668567353075799-2609051146-4,7730,2609051155,2609051155,1,,S,S1,Herrenberg|Nufringen|Gärtringen,8001689,Ehningen (b Böblingen),Baden-Württemberg,Ehningen,71139,8.944310368,48.66275549,4,2609051155,,2609051156,,,,,,,,,,,0.0,1.0
-2280240461628246576-2609051046-6,7723,2609051105,2609051105,2,,S,S1,Stuttgart-Vaihingen|Stuttgart-Rohr|Goldberg(Württ)|Böblingen|Hulb,8001689,Ehningen (b Böblingen),Baden-Württemberg,Ehningen,71139,8.944310368,48.66275549,4,2609051105,,2609051105,,,,,,,,,,,0.0,0.0
1816762967766826943-2609051120-9,7224,2609051141,2609051141,2,,S,S2,Stuttgart Hbf|Stuttgart-Bad Cannstatt|Stuttgart Nürnberger Str.|Stuttgart-Sommerrain|Fellbach|Waiblingen|Rommelshausen|Stetten-Beinstein,8001785,Endersbach,Baden-Württemberg,Weinstadt,71384,9.370192421,48.81317323,4,2609051142,,2609051142,,,,,,,,,,,1.0,1.0
-7250951253539911335-2609051133-7,7229,2609051147,2609051147,3,,S,S2,Schorndorf|Weiler(Rems)|Winterbach(b Schorndorf)|Geradstetten|Grunbach|Beutelsbach,8001785,Endersbach,Baden-Württemberg,Weinstadt,71384,9.370192421,48.81317323,4,2609051147,,2609051147,,,,,,,,,,,0.0,0.0
390998906735625917-2609051050-9,7222,2609051111,2609051111,2,,S,S2,Stuttgart Hbf|Stuttgart-Bad Cannstatt|Stuttgart Nürnberger Str.|Stuttgart-Sommerrain|Fellbach|Waiblingen|Rommelshausen|Stetten-Beinstein,8001785,Endersbach,Baden-Württemberg,Weinstadt,71384,9.370192421,48.81317323,4,2609051112,,2609051113,,,,,,,,,,,1.0,2.0
8822962995701899685-2609051103-7,7227,2609051117,2609051117,3,,S,S2,Schorndorf|Weiler(Rems)|Winterbach(b Schorndorf)|Geradstetten|Grunbach|Beutelsbach,8001785,Endersbach,Baden-Württemberg,Weinstadt,71384,9.370192421,48.81317323,4,2609051117,,2609051118,,,,,,,,,,,0.0,1.0
1159985668244142556-2609051037-11,7420,2609051110,2609051110,1,,S,S4,Stuttgart Hbf|Stuttgart Nordbahnhof|Stuttgart-Feuerbach|Stuttgart-Zuffenhausen|Kornwestheim Pbf|Ludwigsburg|Favoritepark|Freiberg(Neckar)|Benningen(Neckar)|Marbach(Neckar),8001827,Erdmannhausen,Baden-Württemberg,Erdmannhausen,71729,9.298930848,48.9483447,6,2609051110,,2609051111,,,,,,,,,,,0.0,1.0
-2837347101663805561-2609051133-4,7429,2609051147,2609051148,1,,S,S4,Backnang|Burgstall(Murr)|Kirchberg(Murr),8001827,Erdmannhausen,Baden-Württemberg,Erdmannhausen,71729,9.298930848,48.9483447,6,2609051147,,2609051148,,,,,,,,,,,0.0,0.0
5579615522999161398-2609051103-4,7427,2609051117,2609051118,1,,S,S4,Backnang|Burgstall(Murr)|Kirchberg(Murr),8001827,Erdmannhausen,Baden-Württemberg,Erdmannhausen,71729,9.298930848,48.9483447,6,2609051118,,2609051118,,,,,,,,,,,1.0,0.0
-5873691979165749702-2609051107-11,7422,2609051140,2609051140,1,,S,S4,Stuttgart Hbf|Stuttgart Nordbahnhof|Stuttgart-Feuerbach|Stuttgart-Zuffenhausen|Kornwestheim Pbf|Ludwigsburg|Favoritepark|Freiberg(Neckar)|Benningen(Neckar)|Marbach(Neckar),8001827,Erdmannhausen,Baden-Württemberg,Erdmannhausen,71729,9.298930848,48.9483447,6,2609051140,,2609051141,,,,,,,,,,,0.0,1.0
-8319398400678058003-2609051050-9,7127,2609051117,2609051117,7,,S,S1,Kirchheim(Teck)|Kirchheim(Teck)-Ötlingen|Wendlingen(Neckar)|Wernau(Neckar)|Plochingen|Altbach|Esslingen-Zell|Oberesslingen,8001920,Esslingen (Neckar),Baden-Württemberg,Esslingen am Neckar,73728,9.300578149,48.73854148,3,2609051118,,2609051119,,,,,,,,,,,1.0,2.0
-4261201065849809774-2609051103-3,19135,2609051114,2609051115,5,,ARV,MEX16,Stuttgart Hbf|Stuttgart-Bad Cannstatt,8001920,Esslingen (Neckar),Baden-Württemberg,Esslingen am Neckar,73728,9.300578149,48.73854148,3,2609051115,,2609051115,,,,,,,,,,,1.0,0.0
-969977125013015245-2609051055-7,7124,2609051112,2609051113,8,,S,S1,Stuttgart Hbf|Stuttgart-Bad Cannstatt|Stuttgart Neckarpark|Stuttgart-Untertürkheim|Stuttgart-Obertürkheim|Esslingen-Mettingen,8001920,Esslingen (Neckar),Baden-Württemberg,Esslingen am Neckar,73728,9.300578149,48.73854148,3,2609051112,,2609051113,,,,,,,,,,,0.0,0.0
8056505330798593907-2609050706-11,119,2609051159,2609051203,5,,ICE,,Münster(Westf)Hbf|Recklinghausen Hbf|Gelsenkirchen Hbf|Oberhausen Hbf|Duisburg Hbf|Düsseldorf Hbf|Köln Messe/Deutz Gl.11-12|Frankfurt(M) Flughafen Fernbf|Mannheim Hbf|Vaihingen(Enz),8001920,Esslingen (Neckar),Baden-Württemberg,Esslingen am Neckar,73728,9.300578149,48.73854148,3,2609051158,,2609051204,,,,,,,,,,,-1.0,1.0
-5040164597006626382-2609051120-9,7129,2609051147,2609051147,7,,S,S1,Kirchheim(Teck)|Kirchheim(Teck)-Ötlingen|Wendlingen(Neckar)|Wernau(Neckar)|Plochingen|Altbach|Esslingen-Zell|Oberesslingen,8001920,Esslingen (Neckar),Baden-Württemberg,Esslingen am Neckar,73728,9.300578149,48.73854148,3,2609051147,,2609051147,,,,,,,,,,,0.0,0.0
8782205486610339804-2609051016-14,19132,2609051104,2609051105,3,,ARV,MEX16,Geislingen(Steige)|Geislingen(Steige)West|Kuchen|Gingen(Fils)|Süßen|Salach|Eislingen(Fils)|Göppingen|Faurndau|Uhingen|Ebersbach(Fils)|Reichenbach(Fils)|Plochingen,8001920,Esslingen (Neckar),Baden-Württemberg,Esslingen am Neckar,73728,9.300578149,48.73854148,3,2609051104,,2609051105,,,,,,,,,,,0.0,0.0
-8401269000654257227-2609051140-3,19193,2609051151,2609051154,5,,ARV,MEX16,Stuttgart Hbf|Stuttgart-Bad Cannstatt,8001920,Esslingen (Neckar),Baden-Württemberg,Esslingen am Neckar,73728,9.300578149,48.73854148,3,2609051154,,2609051154,,,,,,,,,,,3.0,0.0
400157404087783375-2609050753-10,915,2609051149,2609051153,6,,ICE,,Dortmund Hbf|Herne-Wanne-Eickel Hbf|Gelsenkirchen Hbf|Duisburg Hbf|Düsseldorf Hbf|Köln Messe/Deutz Gl.11-12|Frankfurt(M) Flughafen Fernbf|Mannheim Hbf|Vaihingen(Enz),8001920,Esslingen (Neckar),Baden-Württemberg,Esslingen am Neckar,73728,9.300578149,48.73854148,3,2609051151,,2609051155,,c,,,,,,,,,2.0,2.0
-8067296884655750468-2609050947-5,1094,2609051151,2609051158,2,,ICE,,München Hbf|Augsburg Hbf|Günzburg|Ulm Hbf,8001920,Esslingen (Neckar),Baden-Württemberg,Esslingen am Neckar,73728,9.300578149,48.73854148,3,2609051150,3,2609051158,3,,,,,,,,,,-1.0,0.0
-2497004780648081166-2609051116-8,19228,2609051155,2609051155,3,,RE,MEX12,Reutlingen Hbf|Metzingen(Württ)|Bempflingen|Nürtingen|Oberboihingen|Wendlingen(Neckar)|Plochingen,8001920,Esslingen (Neckar),Baden-Württemberg,Esslingen am Neckar,73728,9.300578149,48.73854148,3,2609051224,,2609051225,,h,2,Störung,,,Reutlingen Hbf|Metzingen(Württ)|Bempflingen|Nürtingen|Oberboihingen|Wendlingen(Neckar)|Plochingen,Stuttgart-Bad Cannstatt|Stuttgart Hbf,c,c,29.0,30.0
-5192346775995413924-2609051051-3,19219,2609051103,2609051105,6,,RE,MEX12,Stuttgart Hbf|Stuttgart-Bad Cannstatt,8001920,Esslingen (Neckar),Baden-Württemberg,Esslingen am Neckar,73728,9.300578149,48.73854148,3,2609051106,8,2609051106,8,c,,,,,,,,,3.0,1.0
240389329078028238-2609051125-7,7126,2609051142,2609051143,8,,S,S1,Stuttgart Hbf|Stuttgart-Bad Cannstatt|Stuttgart Neckarpark|Stuttgart-Untertürkheim|Stuttgart-Obertürkheim|Esslingen-Mettingen,8001920,Esslingen (Neckar),Baden-Württemberg,Esslingen am Neckar,73728,9.300578149,48.73854148,3,2609051142,,2609051143,,,,,,,,,,,0.0,0.0
6400024329867543402-2609051112-2,19314,2609051119,2609051122,3,,RE,MEX18,Plochingen,8001920,Esslingen (Neckar),Baden-Württemberg,Esslingen am Neckar,73728,9.300578149,48.73854148,3,2609051119,2,2609051121,2,h,2,Störung,,,,,,,0.0,-1.0
-3179589318804646358-2609051120-2,19315,2609051134,2609051135,6,,RE,MEX18,Kornwestheim Pbf,8001920,Esslingen (Neckar),Baden-Württemberg,Esslingen am Neckar,73728,9.300578149,48.73854148,3,2609051136,,2609051136,,c,,,,,,,,,2.0,1.0
-5662113840288646356-2609050905-12,4210,2609051109,2609051110,3,,RE,RE5,Friedrichshafen Stadt|Meckenbeuren|Ravensburg|Aulendorf|Bad Schussenried|Biberach(Riß)|Laupheim West|Ulm Hbf|Geislingen(Steige)|Göppingen|Plochingen,8001920,Esslingen (Neckar),Baden-Württemberg,Esslingen am Neckar,73728,9.300578149,48.73854148,3,2609051115,,2609051116,,,,,,,,,,,6.0,6.0
-3341498008289999279-2609051137-2,4215,2609051145,2609051147,5,,RE,RE5,Stuttgart Hbf,8001920,Esslingen (Neckar),Baden-Württemberg,Esslingen am Neckar,73728,9.300578149,48.73854148,3,2609051148,,2609051149,,h,2,Störung,,,,,,,3.0,2.0
-3142617915589997314-2609051048-14,19134,2609051140,2609051140,3,,ARV,MEX16,Geislingen(Steige)|Geislingen(Steige)West|Kuchen|Gingen(Fils)|Süßen|Salach|Eislingen(Fils)|Göppingen|Faurndau|Uhingen|Ebersbach(Fils)|Reichenbach(Fils)|Plochingen,8001920,Esslingen (Neckar),Baden-Württemberg,Esslingen am Neckar,73728,9.300578149,48.73854148,3,2609051140,,2609051140,,,,,,,,,,,0.0,0.0
-8319398400678058003-2609051050-10,7127,2609051119,2609051120,3,,S,S1,Kirchheim(Teck)|Kirchheim(Teck)-Ötlingen|Wendlingen(Neckar)|Wernau(Neckar)|Plochingen|Altbach|Esslingen-Zell|Oberesslingen|Esslingen(Neckar),8001921,Esslingen-Mettingen,Baden-Württemberg,Esslingen am Neckar,73733,9.275799007,48.74696655,3,2609051121,,2609051122,,,,,,,,,,,2.0,2.0
-969977125013015245-2609051055-6,7124,2609051109,2609051109,4,,S,S1,Stuttgart Hbf|Stuttgart-Bad Cannstatt|Stuttgart Neckarpark|Stuttgart-Untertürkheim|Stuttgart-Obertürkheim,8001921,Esslingen-Mettingen,Baden-Württemberg,Esslingen am Neckar,73733,9.275799007,48.74696655,3,2609051110,,2609051111,,,,,,,,,,,1.0,2.0
-5040164597006626382-2609051120-10,7129,2609051149,2609051150,3,,S,S1,Kirchheim(Teck)|Kirchheim(Teck)-Ötlingen|Wendlingen(Neckar)|Wernau(Neckar)|Plochingen|Altbach|Esslingen-Zell|Oberesslingen|Esslingen(Neckar),8001921,Esslingen-Mettingen,Baden-Württemberg,Esslingen am Neckar,73733,9.275799007,48.74696655,3,2609051149,,2609051150,,,,,,,,,,,0.0,0.0
240389329078028238-2609051125-6,7126,2609051139,2609051139,4,,S,S1,Stuttgart Hbf|Stuttgart-Bad Cannstatt|Stuttgart Neckarpark|Stuttgart-Untertürkheim|Stuttgart-Obertürkheim,8001921,Esslingen-Mettingen,Baden-Württemberg,Esslingen am Neckar,73733,9.275799007,48.74696655,3,2609051139,,2609051140,,,,,,,,,,,0.0,1.0
-8319398400678058003-2609051050-7,7127,2609051112,2609051112,3,,S,S1,Kirchheim(Teck)|Kirchheim(Teck)-Ötlingen|Wendlingen(Neckar)|Wernau(Neckar)|Plochingen|Altbach,8006642,Esslingen-Zell,Baden-Württemberg,Esslingen am Neckar,73730,9.359739507,48.72436142,3,2609051113,,2609051113,,,,,,,,,,,1.0,1.0
-969977125013015245-2609051055-9,7124,2609051117,2609051118,4,,S,S1,Stuttgart Hbf|Stuttgart-Bad Cannstatt|Stuttgart Neckarpark|Stuttgart-Untertürkheim|Stuttgart-Obertürkheim|Esslingen-Mettingen|Esslingen(Neckar)|Oberesslingen,8006642,Esslingen-Zell,Baden-Württemberg,Esslingen am Neckar,73730,9.359739507,48.72436142,3,2609051117,,2609051118,,,,,,,,,,,0.0,0.0
-5040164597006626382-2609051120-7,7129,2609051142,2609051142,3,,S,S1,Kirchheim(Teck)|Kirchheim(Teck)-Ötlingen|Wendlingen(Neckar)|Wernau(Neckar)|Plochingen|Altbach,8006642,Esslingen-Zell,Baden-Württemberg,Esslingen am Neckar,73730,9.359739507,48.72436142,3,2609051142,,2609051142,,,,,,,,,,,0.0,0.0
240389329078028238-2609051125-9,7126,2609051147,2609051148,4,,S,S1,Stuttgart Hbf|Stuttgart-Bad Cannstatt|Stuttgart Neckarpark|Stuttgart-Untertürkheim|Stuttgart-Obertürkheim|Esslingen-Mettingen|Esslingen(Neckar)|Oberesslingen,8006642,Esslingen-Zell,Baden-Württemberg,Esslingen am Neckar,73730,9.359739507,48.72436142,3,2609051147,,2609051148,,,,,,,,,,,0.0,0.0
3857297737128192069-2609051137-7,7424,2609051156,2609051156,1,,S,S4,Stuttgart Hbf|Stuttgart Nordbahnhof|Stuttgart-Feuerbach|Stuttgart-Zuffenhausen|Kornwestheim Pbf|Ludwigsburg,8001967,Favoritepark,Baden-Württemberg,Ludwigsburg,71634,9.180574277,48.90948451,5,2609051158,,2609051159,,,,,,,,,,,2.0,3.0
5579615522999161398-2609051103-8,7427,2609051133,2609051134,2,,S,S4,Backnang|Burgstall(Murr)|Kirchberg(Murr)|Erdmannhausen|Marbach(Neckar)|Benningen(Neckar)|Freiberg(Neckar),8001967,Favoritepark,Baden-Württemberg,Ludwigsburg,71634,9.180574277,48.90948451,5,2609051136,,2609051137,,,,,,,,,,,3.0,3.0
-5873691979165749702-2609051107-7,7422,2609051126,2609051126,1,,S,S4,Stuttgart Hbf|Stuttgart Nordbahnhof|Stuttgart-Feuerbach|Stuttgart-Zuffenhausen|Kornwestheim Pbf|Ludwigsburg,8001967,Favoritepark,Baden-Württemberg,Ludwigsburg,71634,9.180574277,48.90948451,5,2609051126,,2609051127,,,,,,,,,,,0.0,1.0
-3819715688037003939-2609051033-8,7425,2609051103,2609051104,2,,S,S4,Backnang|Burgstall(Murr)|Kirchberg(Murr)|Erdmannhausen|Marbach(Neckar)|Benningen(Neckar)|Freiberg(Neckar),8001967,Favoritepark,Baden-Württemberg,Ludwigsburg,71634,9.180574277,48.90948451,5,2609051104,,2609051106,,,,,,,,,,,1.0,2.0
1816762967766826943-2609051120-5,7224,2609051131,2609051132,1,,S,S2,Stuttgart Hbf|Stuttgart-Bad Cannstatt|Stuttgart Nürnberger Str.|Stuttgart-Sommerrain,8001974,Fellbach,Baden-Württemberg,Fellbach,70736,9.270645988,48.8202936,3,2609051131,,2609051132,,,,,,,,,,,0.0,0.0
-4743712954769026670-2609051111-8,7327,2609051132,2609051133,4,,S,S3,Backnang|Maubach|Nellmersbach|Winnenden|Schwaikheim|Neustadt-Hohenacker|Waiblingen,8001974,Fellbach,Baden-Württemberg,Fellbach,70736,9.270645988,48.8202936,3,2609051134,,2609051134,,,,,,,,,,,2.0,1.0
-7250951253539911335-2609051133-11,7229,2609051157,2609051158,4,,S,S2,Schorndorf|Weiler(Rems)|Winterbach(b Schorndorf)|Geradstetten|Grunbach|Beutelsbach|Endersbach|Stetten-Beinstein|Rommelshausen|Waiblingen,8001974,Fellbach,Baden-Württemberg,Fellbach,70736,9.270645988,48.8202936,3,2609051157,,2609051158,,,,,,,,,,,0.0,0.0
7865685729445651076-2609051041-8,7325,2609051102,2609051103,4,,S,S3,Backnang|Maubach|Nellmersbach|Winnenden|Schwaikheim|Neustadt-Hohenacker|Waiblingen,8001974,Fellbach,Baden-Württemberg,Fellbach,70736,9.270645988,48.8202936,3,2609051103,,2609051103,,,,,,,,,,,1.0,0.0
390998906735625917-2609051050-5,7222,2609051101,2609051102,1,,S,S2,Stuttgart Hbf|Stuttgart-Bad Cannstatt|Stuttgart Nürnberger Str.|Stuttgart-Sommerrain,8001974,Fellbach,Baden-Württemberg,Fellbach,70736,9.270645988,48.8202936,3,2609051102,,2609051103,,,,,,,,,,,1.0,1.0
8822962995701899685-2609051103-11,7227,2609051127,2609051128,4,,S,S2,Schorndorf|Weiler(Rems)|Winterbach(b Schorndorf)|Geradstetten|Grunbach|Beutelsbach|Endersbach|Stetten-Beinstein|Rommelshausen|Waiblingen,8001974,Fellbach,Baden-Württemberg,Fellbach,70736,9.270645988,48.8202936,3,2609051127,,2609051128,,,,,,,,,,,0.0,0.0
5820964745098673010-2609051112-5,7324,2609051126,2609051127,1,,S,S3,Stuttgart Hbf|Stuttgart-Bad Cannstatt|Stuttgart Nürnberger Str.|Stuttgart-Sommerrain,8001974,Fellbach,Baden-Württemberg,Fellbach,70736,9.270645988,48.8202936,3,2609051126,,2609051127,,,,,,,,,,,0.0,0.0
9036342965798539047-2609051142-5,7326,2609051156,2609051157,1,,S,S3,Stuttgart Hbf|Stuttgart-Bad Cannstatt|Stuttgart Nürnberger Str.|Stuttgart-Sommerrain,8001974,Fellbach,Baden-Württemberg,Fellbach,70736,9.270645988,48.8202936,3,2609051156,,2609051157,,,,,,,,,,,0.0,0.0
8916848914768293115-2609051103-2,7924,2609051107,2609051108,2,,S,S2,Filderstadt,8005768,Stuttgart Flughafen/Messe,Baden-Württemberg,Leinfelden-Echterdingen,70629,9.193411574,48.69075193,4,2609051107,,2609051108,,,,,,,,,,,0.0,0.0
2065487702491461927-2609051135-6,7927,2609051152,2609051153,1,,S,S2,Stuttgart-Vaihingen|Stuttgart-Rohr|Oberaichen|Leinfelden|Echterdingen,8005768,Stuttgart Flughafen/Messe,Baden-Württemberg,Leinfelden-Echterdingen,70629,9.193411574,48.69075193,4,2609051152,,2609051153,,,,,,,,,,,0.0,0.0
3620324444254856529-2609051105-6,7925,2609051122,2609051123,1,,S,S2,Stuttgart-Vaihingen|Stuttgart-Rohr|Oberaichen|Leinfelden|Echterdingen,8005768,Stuttgart Flughafen/Messe,Baden-Württemberg,Leinfelden-Echterdingen,70629,9.193411574,48.69075193,4,2609051122,,2609051123,,,,,,,,,,,0.0,0.0
-2704305237079306941-2609051133-2,7926,2609051137,2609051138,2,,S,S2,Filderstadt,8005768,Stuttgart Flughafen/Messe,Baden-Württemberg,Leinfelden-Echterdingen,70629,9.193411574,48.69075193,4,2609051137,,2609051138,,,,,,,,,,,0.0,0.0
3857297737128192069-2609051137-8,7424,2609051159,2609051159,3,,S,S4,Stuttgart Hbf|Stuttgart Nordbahnhof|Stuttgart-Feuerbach|Stuttgart-Zuffenhausen|Kornwestheim Pbf|Ludwigsburg|Favoritepark,8002065,Freiberg (Neckar),Baden-Württemberg,Freiberg am Neckar,71691,9.197530085,48.92994974,5,2609051201,,2609051202,,,,,,,,,,,2.0,3.0
5579615522999161398-2609051103-7,7427,2609051130,2609051131,2,,S,S4,Backnang|Burgstall(Murr)|Kirchberg(Murr)|Erdmannhausen|Marbach(Neckar)|Benningen(Neckar),8002065,Freiberg (Neckar),Baden-Württemberg,Freiberg am Neckar,71691,9.197530085,48.92994974,5,2609051133,,2609051134,,,,,,,,,,,3.0,3.0
-5873691979165749702-2609051107-8,7422,2609051129,2609051129,3,,S,S4,Stuttgart Hbf|Stuttgart Nordbahnhof|Stuttgart-Feuerbach|Stuttgart-Zuffenhausen|Kornwestheim Pbf|Ludwigsburg|Favoritepark,8002065,Freiberg (Neckar),Baden-Württemberg,Freiberg am Neckar,71691,9.197530085,48.92994974,5,2609051129,,2609051130,,,,,,,,,,,0.0,1.0
-3819715688037003939-2609051033-7,7425,2609051100,2609051101,2,,S,S4,Backnang|Burgstall(Murr)|Kirchberg(Murr)|Erdmannhausen|Marbach(Neckar)|Benningen(Neckar),8002065,Freiberg (Neckar),Baden-Württemberg,Freiberg am Neckar,71691,9.197530085,48.92994974,5,2609051101,,2609051102,,,,,,,,,,,1.0,1.0
-4332350823739140402-2609051116-7,7725,2609051138,2609051138,1,,S,S1,Stuttgart-Vaihingen|Stuttgart-Rohr|Goldberg(Württ)|Böblingen|Hulb|Ehningen(b Böblingen),8002165,Gärtringen,Baden-Württemberg,Gärtringen,71116,8.908864487,48.64080021,5,2609051146,,2609051147,,,,,,,,,,,8.0,9.0
2059911478828825113-2609051116-3,7728,2609051122,2609051122,2,,S,S1,Herrenberg|Nufringen,8002165,Gärtringen,Baden-Württemberg,Gärtringen,71116,8.908864487,48.64080021,5,2609051122,,2609051122,,,,,,,,,,,0.0,0.0
41668567353075799-2609051146-3,7730,2609051152,2609051152,2,,S,S1,Herrenberg|Nufringen,8002165,Gärtringen,Baden-Württemberg,Gärtringen,71116,8.908864487,48.64080021,5,2609051152,,2609051153,,,,,,,,,,,0.0,1.0
-2280240461628246576-2609051046-7,7723,2609051108,2609051108,1,,S,S1,Stuttgart-Vaihingen|Stuttgart-Rohr|Goldberg(Württ)|Böblingen|Hulb|Ehningen(b Böblingen),8002165,Gärtringen,Baden-Württemberg,Gärtringen,71116,8.908864487,48.64080021,5,2609051108,,2609051109,,,,,,,,,,,0.0,1.0
1816762967766826943-2609051120-12,7224,2609051147,2609051147,2,,S,S2,Stuttgart Hbf|Stuttgart-Bad Cannstatt|Stuttgart Nürnberger Str.|Stuttgart-Sommerrain|Fellbach|Waiblingen|Rommelshausen|Stetten-Beinstein|Endersbach|Beutelsbach|Grunbach,8002240,Geradstetten,Baden-Württemberg,Remshalden,73630,9.439522346,48.80527689,5,2609051148,,2609051149,,,,,,,,,,,1.0,2.0
-7250951253539911335-2609051133-4,7229,2609051140,2609051141,1,,S,S2,Schorndorf|Weiler(Rems)|Winterbach(b Schorndorf),8002240,Geradstetten,Baden-Württemberg,Remshalden,73630,9.439522346,48.80527689,5,2609051140,,2609051141,,,,,,,,,,,0.0,0.0
390998906735625917-2609051050-12,7222,2609051117,2609051117,2,,S,S2,Stuttgart Hbf|Stuttgart-Bad Cannstatt|Stuttgart Nürnberger Str.|Stuttgart-Sommerrain|Fellbach|Waiblingen|Rommelshausen|Stetten-Beinstein|Endersbach|Beutelsbach|Grunbach,8002240,Geradstetten,Baden-Württemberg,Remshalden,73630,9.439522346,48.80527689,5,2609051119,,2609051119,,,,,,,,,,,2.0,2.0
8822962995701899685-2609051103-4,7227,2609051110,2609051111,1,,S,S2,Schorndorf|Weiler(Rems)|Winterbach(b Schorndorf),8002240,Geradstetten,Baden-Württemberg,Remshalden,73630,9.439522346,48.80527689,5,2609051111,,2609051111,,,,,,,,,,,1.0,0.0
1836435062166220832-2609051046-7,7726,2609051102,2609051102,2,,S,S1,Herrenberg|Nufringen|Gärtringen|Ehningen(b Böblingen)|Hulb|Böblingen,8005201,Goldberg,Baden-Württemberg,Böblingen,71032,9.019733387,48.69651581,5,2609051103,,2609051104,,,,,,,,,,,1.0,2.0
-4332350823739140402-2609051116-3,7725,2609051128,2609051128,1,,S,S1,Stuttgart-Vaihingen|Stuttgart-Rohr,8005201,Goldberg,Baden-Württemberg,Böblingen,71032,9.019733387,48.69651581,5,2609051135,,2609051136,,,,,,,,,,,7.0,8.0
2059911478828825113-2609051116-7,7728,2609051132,2609051132,2,,S,S1,Herrenberg|Nufringen|Gärtringen|Ehningen(b Böblingen)|Hulb|Böblingen,8005201,Goldberg,Baden-Württemberg,Böblingen,71032,9.019733387,48.69651581,5,2609051135,,2609051136,,,,,,,,,,,3.0,4.0
-2940847191023482874-2609051146-3,7727,2609051158,2609051158,1,,S,S1,Stuttgart-Vaihingen|Stuttgart-Rohr,8005201,Goldberg,Baden-Württemberg,Böblingen,71032,9.019733387,48.69651581,5,2609051158,,2609051159,,,,,,,,,,,0.0,1.0
1816762967766826943-2609051120-11,7224,2609051145,2609051145,3,,S,S2,Stuttgart Hbf|Stuttgart-Bad Cannstatt|Stuttgart Nürnberger Str.|Stuttgart-Sommerrain|Fellbach|Waiblingen|Rommelshausen|Stetten-Beinstein|Endersbach|Beutelsbach,8002448,Grunbach,Baden-Württemberg,Remshalden,73630,9.419580601,48.810414,4,2609051146,,2609051147,,,,,,,,,,,1.0,2.0
-7250951253539911335-2609051133-5,7229,2609051142,2609051143,2,,S,S2,Schorndorf|Weiler(Rems)|Winterbach(b Schorndorf)|Geradstetten,8002448,Grunbach,Baden-Württemberg,Remshalden,73630,9.419580601,48.810414,4,2609051142,,2609051143,,,,,,,,,,,0.0,0.0
390998906735625917-2609051050-11,7222,2609051115,2609051115,3,,S,S2,Stuttgart Hbf|Stuttgart-Bad Cannstatt|Stuttgart Nürnberger Str.|Stuttgart-Sommerrain|Fellbach|Waiblingen|Rommelshausen|Stetten-Beinstein|Endersbach|Beutelsbach,8002448,Grunbach,Baden-Württemberg,Remshalden,73630,9.419580601,48.810414,4,2609051117,,2609051118,,,,,,,,,,,2.0,3.0
8822962995701899685-2609051103-5,7227,2609051112,2609051113,2,,S,S2,Schorndorf|Weiler(Rems)|Winterbach(b Schorndorf)|Geradstetten,8002448,Grunbach,Baden-Württemberg,Remshalden,73630,9.419580601,48.810414,4,2609051112,,2609051113,,,,,,,,,,,0.0,0.0
-4332350823739140402-2609051116-9,7725,2609051145,,3,,S,,Stuttgart-Vaihingen|Stuttgart-Rohr|Goldberg(Württ)|Böblingen|Hulb|Ehningen(b Böblingen)|Gärtringen|Nufringen,8002785,Herrenberg,Baden-Württemberg,Herrenberg,71083,8.862625253,48.59395697,3,2609051153,2,,,,,,,,,,,,8.0,0.0
2059911478828825113-2609051116-1,7728,,2609051116,,,S,S1,,8002785,Herrenberg,Baden-Württemberg,Herrenberg,71083,8.862625253,48.59395697,3,,,2609051116,,,,,,,,,,,0.0,0.0
3478175582673079827-2609051013-14,17650,2609051110,2609051111,1,,RE,RE14b,Freudenstadt Hbf|Grüntal-Wittlensweiler|Dornstetten-Aach|Dornstetten|Schopfloch(b Freudenstadt)|Bittelbronn|Horb-Heiligenfeld|Hochdorf(b Horb)|Eutingen Nord|Eutingen im Gäu|Ergenzingen|Bondorf(b Herrenberg)|Gäufelden,8002785,Herrenberg,Baden-Württemberg,Herrenberg,71083,8.862625253,48.59395697,3,2609051111,,2609051112,,,,,,,,,,,1.0,1.0
-6756266786588562673-2609051117-2,1985,2609051147,2609051147,4,,IC,,Stuttgart Hbf,8002785,Herrenberg,Baden-Württemberg,Herrenberg,71083,8.862625253,48.59395697,3,2609051156,,2609051157,,,,,,,,,,,9.0,10.0
41668567353075799-2609051146-1,7730,,2609051146,,,S,S1,,8002785,Herrenberg,Baden-Württemberg,Herrenberg,71083,8.862625253,48.59395697,3,,,2609051146,,,,,,,,,,,0.0,0.0
-2280240461628246576-2609051046-9,7723,2609051115,,3,,S,,Stuttgart-Vaihingen|Stuttgart-Rohr|Goldberg(Württ)|Böblingen|Hulb|Ehningen(b Böblingen)|Gärtringen|Nufringen,8002785,Herrenberg,Baden-Württemberg,Herrenberg,71083,8.862625253,48.59395697,3,2609051115,,,,,,,,,,,,,0.0,0.0
9100079379909334000-2609051015-8,17648,2609051110,2609051111,1,,RE,RE14a,Oberndorf(Neckar)|Sulz(Neckar)|Horb|Eutingen im Gäu|Ergenzingen|Bondorf(b Herrenberg)|Gäufelden,8002785,Herrenberg,Baden-Württemberg,Herrenberg,71083,8.862625253,48.59395697,3,2609051111,,2609051112,,,,,,,,,,,1.0,1.0
-7093344832780173961-2609051117-2,51985,2609051147,2609051147,4,,RE,IC87,Stuttgart Hbf,8002785,Herrenberg,Baden-Württemberg,Herrenberg,71083,8.862625253,48.59395697,3,2609051156,,2609051157,,,,,,,,,,,9.0,10.0
-8184927979055909549-2609051034-10,7023,2609051105,2609051106,1,,S,S60,Böblingen|Sindelfingen|Maichingen|Maichingen Nord|Magstadt|Renningen Süd|Renningen|Rutesheim|Leonberg,8002892,Höfingen,Baden-Württemberg,Leonberg,71229,9.026180834,48.81503436,5,2609051106,,2609051107,,,,,,,,,,,1.0,1.0
-8927650748585631039-2609051117-9,7624,2609051139,2609051139,2,,S,S6,Stuttgart Hbf|Stuttgart Nordbahnhof|Stuttgart-Feuerbach|Stuttgart-Zuffenhausen|Neuwirtshaus(Porscheplatz)|Korntal|Weilimdorf|Ditzingen,8002892,Höfingen,Baden-Württemberg,Leonberg,71229,9.026180834,48.81503436,5,2609051140,,2609051141,,,,,,,,,,,1.0,2.0
-6210723054566268000-2609051108-7,7028,2609051124,2609051124,2,,S,S60,Stuttgart-Feuerbach|Stuttgart-Zuffenhausen|Neuwirtshaus(Porscheplatz)|Korntal|Weilimdorf|Ditzingen,8002892,Höfingen,Baden-Württemberg,Leonberg,71229,9.026180834,48.81503436,5,2609051124,,2609051124,,,,,,,,,,,0.0,0.0
-5323490408373253678-2609051138-7,7030,2609051154,2609051154,2,,S,S60,Stuttgart-Feuerbach|Stuttgart-Zuffenhausen|Neuwirtshaus(Porscheplatz)|Korntal|Weilimdorf|Ditzingen,8002892,Höfingen,Baden-Württemberg,Leonberg,71229,9.026180834,48.81503436,5,2609051154,,2609051155,,,,,,,,,,,0.0,1.0
-8375167329740848278-2609051104-10,7025,2609051135,2609051136,1,,S,S60,Böblingen|Sindelfingen|Maichingen|Maichingen Nord|Magstadt|Renningen Süd|Renningen|Rutesheim|Leonberg,8002892,Höfingen,Baden-Württemberg,Leonberg,71229,9.026180834,48.81503436,5,2609051136,,2609051136,,,,,,,,,,,1.0,0.0
-7002229200786107058-2609051047-9,7622,2609051109,2609051109,2,,S,S6,Stuttgart Hbf|Stuttgart Nordbahnhof|Stuttgart-Feuerbach|Stuttgart-Zuffenhausen|Neuwirtshaus(Porscheplatz)|Korntal|Weilimdorf|Ditzingen,8002892,Höfingen,Baden-Württemberg,Leonberg,71229,9.026180834,48.81503436,5,2609051109,,2609051110,,,,,,,,,,,0.0,1.0
6476044054617913836-2609051133-6,7629,2609051150,2609051151,1,,S,S6,Weil der Stadt|Malmsheim|Renningen|Rutesheim|Leonberg,8002892,Höfingen,Baden-Württemberg,Leonberg,71229,9.026180834,48.81503436,5,2609051150,,2609051151,,,,,,,,,,,0.0,0.0
-6961087395599132139-2609051103-6,7627,2609051120,2609051121,1,,S,S6,Weil der Stadt|Malmsheim|Renningen|Rutesheim|Leonberg,8002892,Höfingen,Baden-Württemberg,Leonberg,71229,9.026180834,48.81503436,5,2609051121,,2609051122,,,,,,,,,,,1.0,1.0
-4332350823739140402-2609051116-5,7725,2609051132,2609051132,1,,S,S1,Stuttgart-Vaihingen|Stuttgart-Rohr|Goldberg(Württ)|Böblingen,8003022,Hulb,Baden-Württemberg,Böblingen-Hulb,71032,8.982396429,48.67924173,5,2609051140,,2609051140,,,,,,,,,,,8.0,8.0
2059911478828825113-2609051116-5,7728,2609051128,2609051128,2,,S,S1,Herrenberg|Nufringen|Gärtringen|Ehningen(b Böblingen),8003022,Hulb,Baden-Württemberg,Böblingen-Hulb,71032,8.982396429,48.67924173,5,2609051128,,2609051129,,,,,,,,,,,0.0,1.0
41668567353075799-2609051146-5,7730,2609051158,2609051158,2,,S,S1,Herrenberg|Nufringen|Gärtringen|Ehningen(b Böblingen),8003022,Hulb,Baden-Württemberg,Böblingen-Hulb,71032,8.982396429,48.67924173,5,2609051158,,2609051159,,,,,,,,,,,0.0,1.0
-2280240461628246576-2609051046-5,7723,2609051102,2609051102,1,,S,S1,Stuttgart-Vaihingen|Stuttgart-Rohr|Goldberg(Württ)|Böblingen,8003022,Hulb,Baden-Württemberg,Böblingen-Hulb,71032,8.982396429,48.67924173,5,2609051102,,2609051102,,,,,,,,,,,0.0,0.0
8916848914768293115-2609051103-1,7924,,2609051103,,,S,S2,,8001984,Filderstadt,Baden-Württemberg,Filderstadt,70794,9.217581315,48.67649151,5,,,2609051103,,,,,,,,,,,0.0,0.0
2065487702491461927-2609051135-7,7927,2609051157,,1,,S,,Stuttgart-Vaihingen|Stuttgart-Rohr|Oberaichen|Leinfelden|Echterdingen|Stuttgart Flughafen/Messe,8001984,Filderstadt,Baden-Württemberg,Filderstadt,70794,9.217581315,48.67649151,5,2609051157,,,,,,,,,,,,,0.0,0.0
3620324444254856529-2609051105-7,7925,2609051127,,1,,S,,Stuttgart-Vaihingen|Stuttgart-Rohr|Oberaichen|Leinfelden|Echterdingen|Stuttgart Flughafen/Messe,8001984,Filderstadt,Baden-Württemberg,Filderstadt,70794,9.217581315,48.67649151,5,2609051127,,,,,,,,,,,,,0.0,0.0
-2704305237079306941-2609051133-1,7926,,2609051133,,,S,S2,,8001984,Filderstadt,Baden-Württemberg,Filderstadt,70794,9.217581315,48.67649151,5,,,2609051133,,,,,,,,,,,0.0,0.0
1159985668244142556-2609051037-12,7420,2609051113,2609051113,2,,S,S4,Stuttgart Hbf|Stuttgart Nordbahnhof|Stuttgart-Feuerbach|Stuttgart-Zuffenhausen|Kornwestheim Pbf|Ludwigsburg|Favoritepark|Freiberg(Neckar)|Benningen(Neckar)|Marbach(Neckar)|Erdmannhausen,8003266,Kirchberg (Murr),Baden-Württemberg,Kirchberg an der Murr,71737,9.328210283,48.93928182,6,2609051113,,2609051114,,,,,,,,,,,0.0,1.0
-2837347101663805561-2609051133-3,7429,2609051142,2609051145,1,,S,S4,Backnang|Burgstall(Murr),8003266,Kirchberg (Murr),Baden-Württemberg,Kirchberg an der Murr,71737,9.328210283,48.93928182,6,2609051142,,2609051145,,,,,,,,,,,0.0,0.0
5579615522999161398-2609051103-3,7427,2609051112,2609051115,1,,S,S4,Backnang|Burgstall(Murr),8003266,Kirchberg (Murr),Baden-Württemberg,Kirchberg an der Murr,71737,9.328210283,48.93928182,6,2609051113,,2609051115,,,,,,,,,,,1.0,0.0
-5873691979165749702-2609051107-12,7422,2609051143,2609051143,2,,S,S4,Stuttgart Hbf|Stuttgart Nordbahnhof|Stuttgart-Feuerbach|Stuttgart-Zuffenhausen|Kornwestheim Pbf|Ludwigsburg|Favoritepark|Freiberg(Neckar)|Benningen(Neckar)|Marbach(Neckar)|Erdmannhausen,8003266,Kirchberg (Murr),Baden-Württemberg,Kirchberg an der Murr,71737,9.328210283,48.93928182,6,2609051143,,2609051144,,,,,,,,,,,0.0,1.0
-3857622875781178481-2609051025-15,7122,2609051109,,2,,S,,Stuttgart Hbf|Stuttgart-Bad Cannstatt|Stuttgart Neckarpark|Stuttgart-Untertürkheim|Stuttgart-Obertürkheim|Esslingen-Mettingen|Esslingen(Neckar)|Oberesslingen|Esslingen-Zell|Altbach|Plochingen|Wernau(Neckar)|Wendlingen(Neckar)|Kirchheim(Teck)-Ötlingen,8003280,Kirchheim (Teck),Baden-Württemberg,Kirchheim unter Teck,73230,9.443872422,48.64415981,4,2609051109,,,,,,,,,,,,,0.0,0.0
-969977125013015245-2609051055-15,7124,2609051139,,2,,S,,Stuttgart Hbf|Stuttgart-Bad Cannstatt|Stuttgart Neckarpark|Stuttgart-Untertürkheim|Stuttgart-Obertürkheim|Esslingen-Mettingen|Esslingen(Neckar)|Oberesslingen|Esslingen-Zell|Altbach|Plochingen|Wernau(Neckar)|Wendlingen(Neckar)|Kirchheim(Teck)-Ötlingen,8003280,Kirchheim (Teck),Baden-Württemberg,Kirchheim unter Teck,73230,9.443872422,48.64415981,4,2609051142,,,,,,,,,,,,,3.0,0.0
633552765667881929-2609051117-1,37963,,2609051117,,,RB,RB64,,8003280,Kirchheim (Teck),Baden-Württemberg,Kirchheim unter Teck,73230,9.443872422,48.64415981,4,,,2609051117,,,,,,,,,,,0.0,0.0
-5040164597006626382-2609051120-1,7129,,2609051120,,,S,S1,,8003280,Kirchheim (Teck),Baden-Württemberg,Kirchheim unter Teck,73230,9.443872422,48.64415981,4,,,2609051120,,,,,,,,,,,0.0,0.0
4319851270136748987-2609051054-7,37962,2609051112,,1,,RB,,Oberlenningen|Unterlenningen|Brucken|Owen(Teck)|Dettingen(Teck)|Kirchheim(Teck)Süd,8003280,Kirchheim (Teck),Baden-Württemberg,Kirchheim unter Teck,73230,9.443872422,48.64415981,4,2609051112,,,,,,,,,,,,,0.0,0.0
4736637014602700336-2609051150-1,7131,,2609051150,,,S,S1,,8003280,Kirchheim (Teck),Baden-Württemberg,Kirchheim unter Teck,73230,9.443872422,48.64415981,4,,,2609051151,,,,,,,,,,,0.0,1.0
-3857622875781178481-2609051025-14,7122,2609051106,2609051107,1,,S,S1,Stuttgart Hbf|Stuttgart-Bad Cannstatt|Stuttgart Neckarpark|Stuttgart-Untertürkheim|Stuttgart-Obertürkheim|Esslingen-Mettingen|Esslingen(Neckar)|Oberesslingen|Esslingen-Zell|Altbach|Plochingen|Wernau(Neckar)|Wendlingen(Neckar),8003282,Kirchheim (Teck)-Ötlingen,Baden-Württemberg,Kirchheim unter Teck,73230,9.416261302,48.65782388,5,2609051106,,2609051108,,,,,,,,,,,0.0,1.0
-969977125013015245-2609051055-14,7124,2609051137,2609051137,1,,S,S1,Stuttgart Hbf|Stuttgart-Bad Cannstatt|Stuttgart Neckarpark|Stuttgart-Untertürkheim|Stuttgart-Obertürkheim|Esslingen-Mettingen|Esslingen(Neckar)|Oberesslingen|Esslingen-Zell|Altbach|Plochingen|Wernau(Neckar)|Wendlingen(Neckar),8003282,Kirchheim (Teck)-Ötlingen,Baden-Württemberg,Kirchheim unter Teck,73230,9.416261302,48.65782388,5,2609051139,,2609051140,,,,,,,,,,,2.0,3.0
-5040164597006626382-2609051120-2,7129,2609051123,2609051123,1,,S,S1,Kirchheim(Teck),8003282,Kirchheim (Teck)-Ötlingen,Baden-Württemberg,Kirchheim unter Teck,73230,9.416261302,48.65782388,5,2609051123,,2609051123,,,,,,,,,,,0.0,0.0
4736637014602700336-2609051150-2,7131,2609051153,2609051153,1,,S,S1,Kirchheim(Teck),8003282,Kirchheim (Teck)-Ötlingen,Baden-Württemberg,Kirchheim unter Teck,73230,9.416261302,48.65782388,5,2609051153,,2609051154,,,,,,,,,,,0.0,1.0
-8184927979055909549-2609051034-13,7023,2609051113,2609051114,3,,S,S60,Böblingen|Sindelfingen|Maichingen|Maichingen Nord|Magstadt|Renningen Süd|Renningen|Rutesheim|Leonberg|Höfingen|Ditzingen|Weilimdorf,8003409,Korntal,Baden-Württemberg,Korntal,70825,9.121099128,48.82640246,4,2609051114,,2609051115,,,,,,,,,,,1.0,1.0
2788688485397500442-2609051135-1,1138,,2609051135,,,WEG,RB47,,8003409,Korntal,Baden-Württemberg,Korntal,70825,9.121099128,48.82640246,4,,,2609051137,,,,,,,,,,,0.0,2.0
-3226483960404455661-2609051131-7,1139,2609051154,,7,,WEG,,Heimerdingen|Hemmingen|Schwieberdingen|Münchingen|Münchingen Rührberg|Korntal Gymnasium,8003409,Korntal,Baden-Württemberg,Korntal,70825,9.121099128,48.82640246,4,2609051154,,,,,,,,,,,,,0.0,0.0
-8927650748585631039-2609051117-6,7624,2609051131,2609051131,1,,S,S6,Stuttgart Hbf|Stuttgart Nordbahnhof|Stuttgart-Feuerbach|Stuttgart-Zuffenhausen|Neuwirtshaus(Porscheplatz),8003409,Korntal,Baden-Württemberg,Korntal,70825,9.121099128,48.82640246,4,2609051132,,2609051133,,,,,,,,,,,1.0,2.0
-6210723054566268000-2609051108-4,7028,2609051116,2609051116,1,,S,S60,Stuttgart-Feuerbach|Stuttgart-Zuffenhausen|Neuwirtshaus(Porscheplatz),8003409,Korntal,Baden-Württemberg,Korntal,70825,9.121099128,48.82640246,4,2609051116,,2609051116,,,,,,,,,,,0.0,0.0
-9156801270615549982-2609051101-7,1133,2609051124,,7,,WEG,,Heimerdingen|Hemmingen|Schwieberdingen|Münchingen|Münchingen Rührberg|Korntal Gymnasium,8003409,Korntal,Baden-Württemberg,Korntal,70825,9.121099128,48.82640246,4,2609051124,,,,,,,,,,,,,0.0,0.0
-5323490408373253678-2609051138-4,7030,2609051146,2609051146,1,,S,S60,Stuttgart-Feuerbach|Stuttgart-Zuffenhausen|Neuwirtshaus(Porscheplatz),8003409,Korntal,Baden-Württemberg,Korntal,70825,9.121099128,48.82640246,4,2609051146,,2609051147,,,,,,,,,,,0.0,1.0
-8375167329740848278-2609051104-13,7025,2609051143,2609051144,3,,S,S60,Böblingen|Sindelfingen|Maichingen|Maichingen Nord|Magstadt|Renningen Süd|Renningen|Rutesheim|Leonberg|Höfingen|Ditzingen|Weilimdorf,8003409,Korntal,Baden-Württemberg,Korntal,70825,9.121099128,48.82640246,4,2609051144,,2609051144,,,,,,,,,,,1.0,0.0
-7002229200786107058-2609051047-6,7622,2609051101,2609051101,1,,S,S6,Stuttgart Hbf|Stuttgart Nordbahnhof|Stuttgart-Feuerbach|Stuttgart-Zuffenhausen|Neuwirtshaus(Porscheplatz),8003409,Korntal,Baden-Württemberg,Korntal,70825,9.121099128,48.82640246,4,2609051101,,2609051101,,,,,,,,,,,0.0,0.0
6476044054617913836-2609051133-9,7629,2609051158,2609051159,3,,S,S6,Weil der Stadt|Malmsheim|Renningen|Rutesheim|Leonberg|Höfingen|Ditzingen|Weilimdorf,8003409,Korntal,Baden-Württemberg,Korntal,70825,9.121099128,48.82640246,4,2609051158,,2609051159,,,,,,,,,,,0.0,0.0
-6961087395599132139-2609051103-9,7627,2609051128,2609051129,3,,S,S6,Weil der Stadt|Malmsheim|Renningen|Rutesheim|Leonberg|Höfingen|Ditzingen|Weilimdorf,8003409,Korntal,Baden-Württemberg,Korntal,70825,9.121099128,48.82640246,4,2609051129,,2609051129,,,,,,,,,,,1.0,0.0
1089482890210972054-2609051105-1,1132,,2609051105,,,WEG,RB47,,8003409,Korntal,Baden-Württemberg,Korntal,70825,9.121099128,48.82640246,4,,,2609051105,,,,,,,,,,,0.0,0.0
-156452342497214952-2609051146-2,7529,2609051149,2609051150,3,,S,S5,Ludwigsburg,8003411,Kornwestheim Pbf,Baden-Württemberg,Kornwestheim,70806,9.179967278,48.86215948,3,2609051150,,2609051150,,,,,,,,,,,1.0,0.0
3857297737128192069-2609051137-5,7424,2609051150,2609051150,4,,S,S4,Stuttgart Hbf|Stuttgart Nordbahnhof|Stuttgart-Feuerbach|Stuttgart-Zuffenhausen,8003411,Kornwestheim Pbf,Baden-Württemberg,Kornwestheim,70806,9.179967278,48.86215948,3,2609051150,,2609051151,,,,,,,,,,,0.0,1.0
3852770285149226156-2609051057-5,7524,2609051110,2609051110,4,,S,S5,Stuttgart Hbf|Stuttgart Nordbahnhof|Stuttgart-Feuerbach|Stuttgart-Zuffenhausen,8003411,Kornwestheim Pbf,Baden-Württemberg,Kornwestheim,70806,9.179967278,48.86215948,3,2609051111,,2609051111,,,,,,,,,,,1.0,1.0
-4085161512540611151-2609051116-2,7527,2609051119,2609051120,3,,S,S5,Ludwigsburg,8003411,Kornwestheim Pbf,Baden-Württemberg,Kornwestheim,70806,9.179967278,48.86215948,3,2609051119,,2609051120,,,,,,,,,,,0.0,0.0
5579615522999161398-2609051103-10,7427,2609051140,2609051140,3,,S,S4,Backnang|Burgstall(Murr)|Kirchberg(Murr)|Erdmannhausen|Marbach(Neckar)|Benningen(Neckar)|Freiberg(Neckar)|Favoritepark|Ludwigsburg,8003411,Kornwestheim Pbf,Baden-Württemberg,Kornwestheim,70806,9.179967278,48.86215948,3,2609051143,,2609051144,,,,,,,,,,,3.0,4.0
-5873691979165749702-2609051107-5,7422,2609051120,2609051120,4,,S,S4,Stuttgart Hbf|Stuttgart Nordbahnhof|Stuttgart-Feuerbach|Stuttgart-Zuffenhausen,8003411,Kornwestheim Pbf,Baden-Württemberg,Kornwestheim,70806,9.179967278,48.86215948,3,2609051120,,2609051121,,,,,,,,,,,0.0,1.0
-5264062284338054420-2609051127-5,7526,2609051140,2609051140,4,,S,S5,Stuttgart Hbf|Stuttgart Nordbahnhof|Stuttgart-Feuerbach|Stuttgart-Zuffenhausen,8003411,Kornwestheim Pbf,Baden-Württemberg,Kornwestheim,70806,9.179967278,48.86215948,3,2609051140,,2609051140,,,,,,,,,,,0.0,0.0
6400024329867543402-2609051112-3,19314,2609051142,,7,,RE,,Plochingen|Esslingen(Neckar),8003411,Kornwestheim Pbf,Baden-Württemberg,Kornwestheim,70806,9.179967278,48.86215948,3,2609051137,,,,h,2,Störung,,,,,,,-5.0,0.0
-3179589318804646358-2609051120-1,19315,,2609051120,,,RE,MEX18,,8003411,Kornwestheim Pbf,Baden-Württemberg,Kornwestheim,70806,9.179967278,48.86215948,3,,,2609051121,,,,,,,,,,,0.0,1.0
-3819715688037003939-2609051033-10,7425,2609051110,2609051110,3,,S,S4,Backnang|Burgstall(Murr)|Kirchberg(Murr)|Erdmannhausen|Marbach(Neckar)|Benningen(Neckar)|Freiberg(Neckar)|Favoritepark|Ludwigsburg,8003411,Kornwestheim Pbf,Baden-Württemberg,Kornwestheim,70806,9.179967278,48.86215948,3,2609051111,,2609051112,,,,,,,,,,,1.0,2.0
8916848914768293115-2609051103-4,7924,2609051112,2609051113,2,,S,S2,Filderstadt|Stuttgart Flughafen/Messe|Echterdingen,8003622,Leinfelden,Baden-Württemberg,Leinfelden-Echterdingen,70771,9.142859698,48.6964193,4,2609051112,,2609051113,,,,,,,,,,,0.0,0.0
2065487702491461927-2609051135-4,7927,2609051146,2609051147,1,,S,S2,Stuttgart-Vaihingen|Stuttgart-Rohr|Oberaichen,8003622,Leinfelden,Baden-Württemberg,Leinfelden-Echterdingen,70771,9.142859698,48.6964193,4,2609051146,,2609051147,,,,,,,,,,,0.0,0.0
3620324444254856529-2609051105-4,7925,2609051116,2609051117,1,,S,S2,Stuttgart-Vaihingen|Stuttgart-Rohr|Oberaichen,8003622,Leinfelden,Baden-Württemberg,Leinfelden-Echterdingen,70771,9.142859698,48.6964193,4,2609051116,,2609051117,,,,,,,,,,,0.0,0.0
-2704305237079306941-2609051133-4,7926,2609051142,2609051143,2,,S,S2,Filderstadt|Stuttgart Flughafen/Messe|Echterdingen,8003622,Leinfelden,Baden-Württemberg,Leinfelden-Echterdingen,70771,9.142859698,48.6964193,4,2609051142,,2609051143,,,,,,,,,,,0.0,0.0
-8184927979055909549-2609051034-9,7023,2609051102,2609051102,1,,S,S60,Böblingen|Sindelfingen|Maichingen|Maichingen Nord|Magstadt|Renningen Süd|Renningen|Rutesheim,8003652,Leonberg,Baden-Württemberg,Leonberg,71229,9.004025993,48.79970547,3,2609051102,,2609051103,,,,,,,,,,,0.0,1.0
-8927650748585631039-2609051117-10,7624,2609051143,2609051143,2,,S,S6,Stuttgart Hbf|Stuttgart Nordbahnhof|Stuttgart-Feuerbach|Stuttgart-Zuffenhausen|Neuwirtshaus(Porscheplatz)|Korntal|Weilimdorf|Ditzingen|Höfingen,8003652,Leonberg,Baden-Württemberg,Leonberg,71229,9.004025993,48.79970547,3,2609051144,,2609051144,,,,,,,,,,,1.0,1.0
-6210723054566268000-2609051108-8,7028,2609051128,2609051128,2,,S,S60,Stuttgart-Feuerbach|Stuttgart-Zuffenhausen|Neuwirtshaus(Porscheplatz)|Korntal|Weilimdorf|Ditzingen|Höfingen,8003652,Leonberg,Baden-Württemberg,Leonberg,71229,9.004025993,48.79970547,3,2609051128,,2609051129,,,,,,,,,,,0.0,1.0
-5323490408373253678-2609051138-8,7030,2609051158,2609051158,2,,S,S60,Stuttgart-Feuerbach|Stuttgart-Zuffenhausen|Neuwirtshaus(Porscheplatz)|Korntal|Weilimdorf|Ditzingen|Höfingen,8003652,Leonberg,Baden-Württemberg,Leonberg,71229,9.004025993,48.79970547,3,2609051158,,2609051159,,,,,,,,,,,0.0,1.0
-8375167329740848278-2609051104-9,7025,2609051132,2609051132,1,,S,S60,Böblingen|Sindelfingen|Maichingen|Maichingen Nord|Magstadt|Renningen Süd|Renningen|Rutesheim,8003652,Leonberg,Baden-Württemberg,Leonberg,71229,9.004025993,48.79970547,3,2609051132,,2609051132,,,,,,,,,,,0.0,0.0
-7002229200786107058-2609051047-10,7622,2609051113,2609051113,2,,S,S6,Stuttgart Hbf|Stuttgart Nordbahnhof|Stuttgart-Feuerbach|Stuttgart-Zuffenhausen|Neuwirtshaus(Porscheplatz)|Korntal|Weilimdorf|Ditzingen|Höfingen,8003652,Leonberg,Baden-Württemberg,Leonberg,71229,9.004025993,48.79970547,3,2609051113,,2609051113,,,,,,,,,,,0.0,0.0
6476044054617913836-2609051133-5,7629,2609051147,2609051147,1,,S,S6,Weil der Stadt|Malmsheim|Renningen|Rutesheim,8003652,Leonberg,Baden-Württemberg,Leonberg,71229,9.004025993,48.79970547,3,2609051147,,2609051147,,,,,,,,,,,0.0,0.0
-6961087395599132139-2609051103-5,7627,2609051117,2609051117,1,,S,S6,Weil der Stadt|Malmsheim|Renningen|Rutesheim,8003652,Leonberg,Baden-Württemberg,Leonberg,71229,9.004025993,48.79970547,3,2609051117,,2609051118,,,,,,,,,,,0.0,1.0
-156452342497214952-2609051146-1,7529,,2609051146,,,S,S5,,8000235,Ludwigsburg,Baden-Württemberg,Ludwigsburg,71638,9.185229823,48.89208622,3,,,2609051147,,,,,,,,,,,0.0,1.0
3857297737128192069-2609051137-6,7424,2609051153,2609051154,2,,S,S4,Stuttgart Hbf|Stuttgart Nordbahnhof|Stuttgart-Feuerbach|Stuttgart-Zuffenhausen|Kornwestheim Pbf,8000235,Ludwigsburg,Baden-Württemberg,Ludwigsburg,71638,9.185229823,48.89208622,3,2609051154,,2609051156,,,,,,,,,,,1.0,2.0
3852770285149226156-2609051057-6,7524,2609051113,,2,,S,,Stuttgart Hbf|Stuttgart Nordbahnhof|Stuttgart-Feuerbach|Stuttgart-Zuffenhausen|Kornwestheim Pbf,8000235,Ludwigsburg,Baden-Württemberg,Ludwigsburg,71638,9.185229823,48.89208622,3,2609051115,,,,,,,,,,,,,2.0,0.0
-4085161512540611151-2609051116-1,7527,,2609051116,,,S,S5,,8000235,Ludwigsburg,Baden-Württemberg,Ludwigsburg,71638,9.185229823,48.89208622,3,,,2609051116,,,,,,,,,,,0.0,0.0
5579615522999161398-2609051103-9,7427,2609051136,2609051137,3,,S,S4,Backnang|Burgstall(Murr)|Kirchberg(Murr)|Erdmannhausen|Marbach(Neckar)|Benningen(Neckar)|Freiberg(Neckar)|Favoritepark,8000235,Ludwigsburg,Baden-Württemberg,Ludwigsburg,71638,9.185229823,48.89208622,3,2609051139,,2609051141,,,,,,,,,,,3.0,4.0
-5873691979165749702-2609051107-6,7422,2609051123,2609051124,2,,S,S4,Stuttgart Hbf|Stuttgart Nordbahnhof|Stuttgart-Feuerbach|Stuttgart-Zuffenhausen|Kornwestheim Pbf,8000235,Ludwigsburg,Baden-Württemberg,Ludwigsburg,71638,9.185229823,48.89208622,3,2609051123,,2609051124,,,,,,,,,,,0.0,0.0
-5264062284338054420-2609051127-6,7526,2609051143,,2,,S,,Stuttgart Hbf|Stuttgart Nordbahnhof|Stuttgart-Feuerbach|Stuttgart-Zuffenhausen|Kornwestheim Pbf,8000235,Ludwigsburg,Baden-Württemberg,Ludwigsburg,71638,9.185229823,48.89208622,3,2609051144,,,,,,,,,,,,,1.0,0.0
-3819715688037003939-2609051033-9,7425,2609051106,2609051107,3,,S,S4,Backnang|Burgstall(Murr)|Kirchberg(Murr)|Erdmannhausen|Marbach(Neckar)|Benningen(Neckar)|Freiberg(Neckar)|Favoritepark,8000235,Ludwigsburg,Baden-Württemberg,Ludwigsburg,71638,9.185229823,48.89208622,3,2609051107,,2609051108,,,,,,,,,,,1.0,1.0
-8927650748585631039-2609051117-13,7624,2609051154,2609051154,1,,S,S6,Stuttgart Hbf|Stuttgart Nordbahnhof|Stuttgart-Feuerbach|Stuttgart-Zuffenhausen|Neuwirtshaus(Porscheplatz)|Korntal|Weilimdorf|Ditzingen|Höfingen|Leonberg|Rutesheim|Renningen,8003831,Malmsheim,Baden-Württemberg,Renningen,71272,8.905105557,48.77183564,5,2609051154,,2609051155,,,,,,,,,,,0.0,1.0
-7002229200786107058-2609051047-13,7622,2609051124,2609051124,1,,S,S6,Stuttgart Hbf|Stuttgart Nordbahnhof|Stuttgart-Feuerbach|Stuttgart-Zuffenhausen|Neuwirtshaus(Porscheplatz)|Korntal|Weilimdorf|Ditzingen|Höfingen|Leonberg|Rutesheim|Renningen,8003831,Malmsheim,Baden-Württemberg,Renningen,71272,8.905105557,48.77183564,5,2609051124,,2609051124,,,,,,,,,,,0.0,0.0
6476044054617913836-2609051133-2,7629,2609051135,2609051135,2,,S,S6,Weil der Stadt,8003831,Malmsheim,Baden-Württemberg,Renningen,71272,8.905105557,48.77183564,5,2609051136,,2609051136,,,,,,,,,,,1.0,1.0
-6961087395599132139-2609051103-2,7627,2609051105,2609051105,2,,S,S6,Weil der Stadt,8003831,Malmsheim,Baden-Württemberg,Renningen,71272,8.905105557,48.77183564,5,2609051107,,2609051108,,,,,,,,,,,2.0,3.0
1159985668244142556-2609051037-10,7420,2609051105,2609051108,1,,S,S4,Stuttgart Hbf|Stuttgart Nordbahnhof|Stuttgart-Feuerbach|Stuttgart-Zuffenhausen|Kornwestheim Pbf|Ludwigsburg|Favoritepark|Freiberg(Neckar)|Benningen(Neckar),8003853,Marbach (Neckar),Baden-Württemberg,Marbach am Neckar,71672,9.264611825,48.9437708,3,2609051105,,2609051108,,,,,,,,,,,0.0,0.0
-2837347101663805561-2609051133-5,7429,2609051151,2609051155,1,,S,S4,Backnang|Burgstall(Murr)|Kirchberg(Murr)|Erdmannhausen,8003853,Marbach (Neckar),Baden-Württemberg,Marbach am Neckar,71672,9.264611825,48.9437708,3,2609051151,,2609051155,,,,,,,,,,,0.0,0.0
5579615522999161398-2609051103-5,7427,2609051121,2609051125,,,S,S4,Backnang|Burgstall(Murr)|Kirchberg(Murr)|Erdmannhausen,8003853,Marbach (Neckar),Baden-Württemberg,Marbach am Neckar,71672,9.264611825,48.9437708,3,2609051122,1,2609051127,1,,,,,,,,,,1.0,2.0
-5873691979165749702-2609051107-10,7422,2609051135,2609051138,1,,S,S4,Stuttgart Hbf|Stuttgart Nordbahnhof|Stuttgart-Feuerbach|Stuttgart-Zuffenhausen|Kornwestheim Pbf|Ludwigsburg|Favoritepark|Freiberg(Neckar)|Benningen(Neckar),8003853,Marbach (Neckar),Baden-Württemberg,Marbach am Neckar,71672,9.264611825,48.9437708,3,2609051135,,2609051138,,,,,,,,,,,0.0,0.0
-4743712954769026670-2609051111-2,7327,2609051113,2609051114,1,,S,S3,Backnang,8003913,Maubach,Baden-Württemberg,Backnang,71522,9.419487062,48.92623463,4,2609051114,,2609051114,,,,,,,,,,,1.0,0.0
4518629887515619781-2609051042-11,7322,2609051114,2609051115,2,,S,S3,Stuttgart Hbf|Stuttgart-Bad Cannstatt|Stuttgart Nürnberger Str.|Stuttgart-Sommerrain|Fellbach|Waiblingen|Neustadt-Hohenacker|Schwaikheim|Winnenden|Nellmersbach,8003913,Maubach,Baden-Württemberg,Backnang,71522,9.419487062,48.92623463,4,2609051115,,2609051116,,,,,,,,,,,1.0,1.0
-3955134605586594139-2609051141-2,7329,2609051143,2609051144,1,,S,S3,Backnang,8003913,Maubach,Baden-Württemberg,Backnang,71522,9.419487062,48.92623463,4,2609051148,,2609051149,,,,,,,,,,,5.0,5.0
5820964745098673010-2609051112-11,7324,2609051144,2609051145,2,,S,S3,Stuttgart Hbf|Stuttgart-Bad Cannstatt|Stuttgart Nürnberger Str.|Stuttgart-Sommerrain|Fellbach|Waiblingen|Neustadt-Hohenacker|Schwaikheim|Winnenden|Nellmersbach,8003913,Maubach,Baden-Württemberg,Backnang,71522,9.419487062,48.92623463,4,2609051146,,2609051147,,,,,,,,,,,2.0,2.0
-4743712954769026670-2609051111-3,7327,2609051116,2609051116,1,,S,S3,Backnang|Maubach,8004233,Nellmersbach,Baden-Württemberg,Leutenbach,71397,9.415421538,48.90336425,5,2609051116,,2609051118,,,,,,,,,,,0.0,2.0
4518629887515619781-2609051042-10,7322,2609051111,2609051112,2,,S,S3,Stuttgart Hbf|Stuttgart-Bad Cannstatt|Stuttgart Nürnberger Str.|Stuttgart-Sommerrain|Fellbach|Waiblingen|Neustadt-Hohenacker|Schwaikheim|Winnenden,8004233,Nellmersbach,Baden-Württemberg,Leutenbach,71397,9.415421538,48.90336425,5,2609051112,,2609051113,,,,,,,,,,,1.0,1.0
-3955134605586594139-2609051141-3,7329,2609051146,2609051146,1,,S,S3,Backnang|Maubach,8004233,Nellmersbach,Baden-Württemberg,Leutenbach,71397,9.415421538,48.90336425,5,2609051151,,2609051152,,,,,,,,,,,5.0,6.0
5820964745098673010-2609051112-10,7324,2609051141,2609051142,2,,S,S3,Stuttgart Hbf|Stuttgart-Bad Cannstatt|Stuttgart Nürnberger Str.|Stuttgart-Sommerrain|Fellbach|Waiblingen|Neustadt-Hohenacker|Schwaikheim|Winnenden,8004233,Nellmersbach,Baden-Württemberg,Leutenbach,71397,9.415421538,48.90336425,5,2609051143,,2609051144,,,,,,,,,,,2.0,2.0
-4743712954769026670-2609051111-6,7327,2609051125,2609051125,2,,S,S3,Backnang|Maubach|Nellmersbach|Winnenden|Schwaikheim,8004333,Neustadt-Hohenacker,Baden-Württemberg,Waiblingen,71336,9.32455106,48.85921668,5,2609051126,,2609051126,,,,,,,,,,,1.0,1.0
4518629887515619781-2609051042-7,7322,2609051103,2609051103,1,,S,S3,Stuttgart Hbf|Stuttgart-Bad Cannstatt|Stuttgart Nürnberger Str.|Stuttgart-Sommerrain|Fellbach|Waiblingen,8004333,Neustadt-Hohenacker,Baden-Württemberg,Waiblingen,71336,9.32455106,48.85921668,5,2609051104,,2609051104,,,,,,,,,,,1.0,1.0
-3955134605586594139-2609051141-6,7329,2609051155,2609051155,2,,S,S3,Backnang|Maubach|Nellmersbach|Winnenden|Schwaikheim,8004333,Neustadt-Hohenacker,Baden-Württemberg,Waiblingen,71336,9.32455106,48.85921668,5,2609051200,,2609051201,,,,,,,,,,,5.0,6.0
5820964745098673010-2609051112-7,7324,2609051133,2609051133,1,,S,S3,Stuttgart Hbf|Stuttgart-Bad Cannstatt|Stuttgart Nürnberger Str.|Stuttgart-Sommerrain|Fellbach|Waiblingen,8004333,Neustadt-Hohenacker,Baden-Württemberg,Waiblingen,71336,9.32455106,48.85921668,5,2609051133,,2609051134,,,,,,,,,,,0.0,1.0
-8184927979055909549-2609051034-14,7023,2609051116,2609051116,2,,S,S60,Böblingen|Sindelfingen|Maichingen|Maichingen Nord|Magstadt|Renningen Süd|Renningen|Rutesheim|Leonberg|Höfingen|Ditzingen|Weilimdorf|Korntal,8004338,Neuwirtshaus (Porscheplatz),Baden-Württemberg,Stuttgart,70435,9.151955614,48.83384734,4,2609051117,,2609051118,,,,,,,,,,,1.0,2.0
8203649348842138698-2609051147-5,7626,2609051158,2609051159,1,,S,S6,Stuttgart Hbf|Stuttgart Nordbahnhof|Stuttgart-Feuerbach|Stuttgart-Zuffenhausen,8004338,Neuwirtshaus (Porscheplatz),Baden-Württemberg,Stuttgart,70435,9.151955614,48.83384734,4,2609051158,,2609051159,,,,,,,,,,,0.0,0.0
-6402095136362730142-2609051033-10,7625,2609051101,2609051101,2,,S,S6,Weil der Stadt|Malmsheim|Renningen|Rutesheim|Leonberg|Höfingen|Ditzingen|Weilimdorf|Korntal,8004338,Neuwirtshaus (Porscheplatz),Baden-Württemberg,Stuttgart,70435,9.151955614,48.83384734,4,2609051101,,2609051102,,,,,,,,,,,0.0,1.0
-8927650748585631039-2609051117-5,7624,2609051128,2609051129,1,,S,S6,Stuttgart Hbf|Stuttgart Nordbahnhof|Stuttgart-Feuerbach|Stuttgart-Zuffenhausen,8004338,Neuwirtshaus (Porscheplatz),Baden-Württemberg,Stuttgart,70435,9.151955614,48.83384734,4,2609051130,,2609051130,,,,,,,,,,,2.0,1.0
-6210723054566268000-2609051108-3,7028,2609051113,2609051113,1,,S,S60,Stuttgart-Feuerbach|Stuttgart-Zuffenhausen,8004338,Neuwirtshaus (Porscheplatz),Baden-Württemberg,Stuttgart,70435,9.151955614,48.83384734,4,2609051113,,2609051113,,,,,,,,,,,0.0,0.0
-5323490408373253678-2609051138-3,7030,2609051143,2609051143,1,,S,S60,Stuttgart-Feuerbach|Stuttgart-Zuffenhausen,8004338,Neuwirtshaus (Porscheplatz),Baden-Württemberg,Stuttgart,70435,9.151955614,48.83384734,4,2609051144,,2609051144,,,,,,,,,,,1.0,1.0
-8375167329740848278-2609051104-14,7025,2609051146,2609051146,2,,S,S60,Böblingen|Sindelfingen|Maichingen|Maichingen Nord|Magstadt|Renningen Süd|Renningen|Rutesheim|Leonberg|Höfingen|Ditzingen|Weilimdorf|Korntal,8004338,Neuwirtshaus (Porscheplatz),Baden-Württemberg,Stuttgart,70435,9.151955614,48.83384734,4,2609051146,,2609051147,,,,,,,,,,,0.0,1.0
-6961087395599132139-2609051103-10,7627,2609051131,2609051131,2,,S,S6,Weil der Stadt|Malmsheim|Renningen|Rutesheim|Leonberg|Höfingen|Ditzingen|Weilimdorf|Korntal,8004338,Neuwirtshaus (Porscheplatz),Baden-Württemberg,Stuttgart,70435,9.151955614,48.83384734,4,2609051131,,2609051132,,,,,,,,,,,0.0,1.0
-4332350823739140402-2609051116-8,7725,2609051141,2609051141,1,,S,S1,Stuttgart-Vaihingen|Stuttgart-Rohr|Goldberg(Württ)|Böblingen|Hulb|Ehningen(b Böblingen)|Gärtringen,8004490,Nufringen,Baden-Württemberg,Nufringen,71154,8.889817485,48.62010967,5,2609051149,,2609051149,,,,,,,,,,,8.0,8.0
2059911478828825113-2609051116-2,7728,2609051119,2609051119,2,,S,S1,Herrenberg,8004490,Nufringen,Baden-Württemberg,Nufringen,71154,8.889817485,48.62010967,5,2609051119,,2609051120,,,,,,,,,,,0.0,1.0
41668567353075799-2609051146-2,7730,2609051149,2609051149,2,,S,S1,Herrenberg,8004490,Nufringen,Baden-Württemberg,Nufringen,71154,8.889817485,48.62010967,5,2609051149,,2609051150,,,,,,,,,,,0.0,1.0
-2280240461628246576-2609051046-8,7723,2609051111,2609051111,1,,S,S1,Stuttgart-Vaihingen|Stuttgart-Rohr|Goldberg(Württ)|Böblingen|Hulb|Ehningen(b Böblingen)|Gärtringen,8004490,Nufringen,Baden-Württemberg,Nufringen,71154,8.889817485,48.62010967,5,2609051111,,2609051111,,,,,,,,,,,0.0,0.0
8916848914768293115-2609051103-5,7924,2609051115,2609051115,2,,S,S2,Filderstadt|Stuttgart Flughafen/Messe|Echterdingen|Leinfelden,8004496,Oberaichen,Baden-Württemberg,Leinfelden-Echterdingen,70771,9.12743664,48.70512422,5,2609051115,,2609051115,,,,,,,,,,,0.0,0.0
2065487702491461927-2609051135-3,7927,2609051144,2609051144,1,,S,S2,Stuttgart-Vaihingen|Stuttgart-Rohr,8004496,Oberaichen,Baden-Württemberg,Leinfelden-Echterdingen,70771,9.12743664,48.70512422,5,2609051144,,2609051145,,,,,,,,,,,0.0,1.0
3620324444254856529-2609051105-3,7925,2609051114,2609051114,1,,S,S2,Stuttgart-Vaihingen|Stuttgart-Rohr,8004496,Oberaichen,Baden-Württemberg,Leinfelden-Echterdingen,70771,9.12743664,48.70512422,5,2609051114,,2609051115,,,,,,,,,,,0.0,1.0
-2704305237079306941-2609051133-5,7926,2609051145,2609051145,2,,S,S2,Filderstadt|Stuttgart Flughafen/Messe|Echterdingen|Leinfelden,8004496,Oberaichen,Baden-Württemberg,Leinfelden-Echterdingen,70771,9.12743664,48.70512422,5,2609051145,,2609051145,,,,,,,,,,,0.0,0.0
-8319398400678058003-2609051050-8,7127,2609051114,2609051115,3,,S,S1,Kirchheim(Teck)|Kirchheim(Teck)-Ötlingen|Wendlingen(Neckar)|Wernau(Neckar)|Plochingen|Altbach|Esslingen-Zell,8004528,Oberesslingen,Baden-Württemberg,Esslingen am Neckar,73730,9.327277435,48.72983585,3,2609051115,,2609051116,,,,,,,,,,,1.0,1.0
-969977125013015245-2609051055-8,7124,2609051115,2609051115,4,,S,S1,Stuttgart Hbf|Stuttgart-Bad Cannstatt|Stuttgart Neckarpark|Stuttgart-Untertürkheim|Stuttgart-Obertürkheim|Esslingen-Mettingen|Esslingen(Neckar),8004528,Oberesslingen,Baden-Württemberg,Esslingen am Neckar,73730,9.327277435,48.72983585,3,2609051115,,2609051115,,,,,,,,,,,0.0,0.0
-5040164597006626382-2609051120-8,7129,2609051144,2609051145,3,,S,S1,Kirchheim(Teck)|Kirchheim(Teck)-Ötlingen|Wendlingen(Neckar)|Wernau(Neckar)|Plochingen|Altbach|Esslingen-Zell,8004528,Oberesslingen,Baden-Württemberg,Esslingen am Neckar,73730,9.327277435,48.72983585,3,2609051144,,2609051145,,,,,,,,,,,0.0,0.0
240389329078028238-2609051125-8,7126,2609051145,2609051145,4,,S,S1,Stuttgart Hbf|Stuttgart-Bad Cannstatt|Stuttgart Neckarpark|Stuttgart-Untertürkheim|Stuttgart-Obertürkheim|Esslingen-Mettingen|Esslingen(Neckar),8004528,Oberesslingen,Baden-Württemberg,Esslingen am Neckar,73730,9.327277435,48.72983585,3,2609051145,,2609051145,,,,,,,,,,,0.0,0.0
-8319398400678058003-2609051050-5,7127,2609051105,2609051107,9,,S,S1,Kirchheim(Teck)|Kirchheim(Teck)-Ötlingen|Wendlingen(Neckar)|Wernau(Neckar),8000302,Plochingen,Baden-Württemberg,Plochingen,73207,9.411294578,48.71293906,2,2609051107,,2609051108,,,,,,,,,,,2.0,1.0
6290307180311974297-2609051113-13,19136,2609051155,2609051155,3,,ARV,MEX16,Geislingen(Steige)|Geislingen(Steige)West|Kuchen|Gingen(Fils)|Süßen|Salach|Eislingen(Fils)|Göppingen|Faurndau|Uhingen|Ebersbach(Fils)|Reichenbach(Fils),8000302,Plochingen,Baden-Württemberg,Plochingen,73207,9.411294578,48.71293906,2,2609051155,,2609051155,,,,,,,,,,,0.0,0.0
-4261201065849809774-2609051103-4,19135,2609051121,2609051127,4,,ARV,MEX16,Stuttgart Hbf|Stuttgart-Bad Cannstatt|Esslingen(Neckar),8000302,Plochingen,Baden-Württemberg,Plochingen,73207,9.411294578,48.71293906,2,2609051121,,2609051127,,,,,,,,,,,0.0,0.0
-969977125013015245-2609051055-11,7124,2609051123,2609051126,9,,S,S1,Stuttgart Hbf|Stuttgart-Bad Cannstatt|Stuttgart Neckarpark|Stuttgart-Untertürkheim|Stuttgart-Obertürkheim|Esslingen-Mettingen|Esslingen(Neckar)|Oberesslingen|Esslingen-Zell|Altbach,8000302,Plochingen,Baden-Württemberg,Plochingen,73207,9.411294578,48.71293906,2,2609051123,,2609051128,,,,,,,,,,,0.0,2.0
-5040164597006626382-2609051120-5,7129,2609051135,2609051137,9,,S,S1,Kirchheim(Teck)|Kirchheim(Teck)-Ötlingen|Wendlingen(Neckar)|Wernau(Neckar),8000302,Plochingen,Baden-Württemberg,Plochingen,73207,9.411294578,48.71293906,2,2609051136,,2609051137,,,,,,,,,,,1.0,0.0
-2497004780648081166-2609051116-7,19228,2609051147,2609051148,6,,RE,MEX12,Reutlingen Hbf|Metzingen(Württ)|Bempflingen|Nürtingen|Oberboihingen|Wendlingen(Neckar),8000302,Plochingen,Baden-Württemberg,Plochingen,73207,9.411294578,48.71293906,2,2609051217,,2609051218,,h,2,Störung,,,Reutlingen Hbf|Metzingen(Württ)|Bempflingen|Nürtingen|Oberboihingen|Wendlingen(Neckar),Esslingen(Neckar)|Stuttgart-Bad Cannstatt|Stuttgart Hbf,c,c,30.0,30.0
-5192346775995413924-2609051051-4,19219,2609051111,2609051112,9,,RE,MEX12,Stuttgart Hbf|Stuttgart-Bad Cannstatt|Esslingen(Neckar),8000302,Plochingen,Baden-Württemberg,Plochingen,73207,9.411294578,48.71293906,2,2609051113,,2609051114,,,,,,,,,,,2.0,2.0
240389329078028238-2609051125-11,7126,2609051153,2609051155,9,,S,S1,Stuttgart Hbf|Stuttgart-Bad Cannstatt|Stuttgart Neckarpark|Stuttgart-Untertürkheim|Stuttgart-Obertürkheim|Esslingen-Mettingen|Esslingen(Neckar)|Oberesslingen|Esslingen-Zell|Altbach,8000302,Plochingen,Baden-Württemberg,Plochingen,73207,9.411294578,48.71293906,2,2609051153,,2609051155,,,,,,,,,,,0.0,0.0
6400024329867543402-2609051112-1,19314,,2609051112,,,RE,MEX18,,8000302,Plochingen,Baden-Württemberg,Plochingen,73207,9.411294578,48.71293906,2,,,2609051112,6,h,2,Störung,,,,,,,0.0,0.0
-3179589318804646358-2609051120-3,19315,2609051142,,9,,RE,,Kornwestheim Pbf|Esslingen(Neckar),8000302,Plochingen,Baden-Württemberg,Plochingen,73207,9.411294578,48.71293906,2,2609051142,10,,,c,,,,,,,,,0.0,0.0
-5662113840288646356-2609050905-11,4210,2609051102,2609051103,1,,RE,RE5,Friedrichshafen Stadt|Meckenbeuren|Ravensburg|Aulendorf|Bad Schussenried|Biberach(Riß)|Laupheim West|Ulm Hbf|Geislingen(Steige)|Göppingen,8000302,Plochingen,Baden-Württemberg,Plochingen,73207,9.411294578,48.71293906,2,2609051106,,2609051107,,,,,,,,,,,4.0,4.0
1234179832557474006-2609051042-4,19133,2609051100,2609051100,4,,ARV,MEX16,Stuttgart Hbf|Stuttgart-Bad Cannstatt|Esslingen(Neckar),8000302,Plochingen,Baden-Württemberg,Plochingen,73207,9.411294578,48.71293906,2,2609051105,,2609051106,,,,,,,,,,,5.0,6.0
-3341498008289999279-2609051137-3,4215,2609051153,2609051155,4,,RE,RE5,Stuttgart Hbf|Esslingen(Neckar),8000302,Plochingen,Baden-Württemberg,Plochingen,73207,9.411294578,48.71293906,2,2609051154,,2609051155,,h,2,Störung,,,,,,,1.0,0.0
-3142617915589997314-2609051048-13,19134,2609051128,2609051134,1,,ARV,MEX16,Geislingen(Steige)|Geislingen(Steige)West|Kuchen|Gingen(Fils)|Süßen|Salach|Eislingen(Fils)|Göppingen|Faurndau|Uhingen|Ebersbach(Fils)|Reichenbach(Fils),8000302,Plochingen,Baden-Württemberg,Plochingen,73207,9.411294578,48.71293906,2,2609051128,,2609051134,,,,,,,,,,,0.0,0.0
-8927650748585631039-2609051117-12,7624,2609051149,2609051152,3,,S,S6,Stuttgart Hbf|Stuttgart Nordbahnhof|Stuttgart-Feuerbach|Stuttgart-Zuffenhausen|Neuwirtshaus(Porscheplatz)|Korntal|Weilimdorf|Ditzingen|Höfingen|Leonberg|Rutesheim,8000313,Renningen,Baden-Württemberg,Renningen,71272,8.932650148,48.77515509,3,2609051150,,2609051152,,,,,,,,,,,1.0,0.0
-1586374643525494892-2609051142-1,26148,,2609051142,,,SWE,RB76,,8000313,Renningen,Baden-Württemberg,Renningen,71272,8.932650148,48.77515509,3,,,2609051142,,,,,,,,,,,0.0,0.0
-6210723054566268000-2609051108-10,7028,2609051134,2609051139,3,,S,S60,Stuttgart-Feuerbach|Stuttgart-Zuffenhausen|Neuwirtshaus(Porscheplatz)|Korntal|Weilimdorf|Ditzingen|Höfingen|Leonberg|Rutesheim,8000313,Renningen,Baden-Württemberg,Renningen,71272,8.932650148,48.77515509,3,2609051135,,2609051139,,,,,,,,,,,1.0,0.0
-8375167329740848278-2609051104-7,7025,2609051120,2609051126,2,,S,S60,Böblingen|Sindelfingen|Maichingen|Maichingen Nord|Magstadt|Renningen Süd,8000313,Renningen,Baden-Württemberg,Renningen,71272,8.932650148,48.77515509,3,2609051121,,2609051126,,,,,,,,,,,1.0,0.0
-7002229200786107058-2609051047-12,7622,2609051119,2609051122,3,,S,S6,Stuttgart Hbf|Stuttgart Nordbahnhof|Stuttgart-Feuerbach|Stuttgart-Zuffenhausen|Neuwirtshaus(Porscheplatz)|Korntal|Weilimdorf|Ditzingen|Höfingen|Leonberg|Rutesheim,8000313,Renningen,Baden-Württemberg,Renningen,71272,8.932650148,48.77515509,3,2609051119,,2609051122,,,,,,,,,,,0.0,0.0
6476044054617913836-2609051133-3,7629,2609051137,2609051141,2,,S,S6,Weil der Stadt|Malmsheim,8000313,Renningen,Baden-Württemberg,Renningen,71272,8.932650148,48.77515509,3,2609051138,,2609051141,,,,,,,,,,,1.0,0.0
-7543730555449738385-2609051038-10,7026,2609051104,2609051109,3,,S,S60,Stuttgart-Feuerbach|Stuttgart-Zuffenhausen|Neuwirtshaus(Porscheplatz)|Korntal|Weilimdorf|Ditzingen|Höfingen|Leonberg|Rutesheim,8000313,Renningen,Baden-Württemberg,Renningen,71272,8.932650148,48.77515509,3,2609051104,,2609051111,,,,,,,,,,,0.0,2.0
-6961087395599132139-2609051103-3,7627,2609051107,2609051111,2,,S,S6,Weil der Stadt|Malmsheim,8000313,Renningen,Baden-Württemberg,Renningen,71272,8.932650148,48.77515509,3,2609051110,,2609051111,,,,,,,,,,,3.0,0.0
-2997586613667252816-2609051134-7,7027,2609051150,2609051156,2,,S,S60,Böblingen|Sindelfingen|Maichingen|Maichingen Nord|Magstadt|Renningen Süd,8000313,Renningen,Baden-Württemberg,Renningen,71272,8.932650148,48.77515509,3,2609051151,,2609051156,,,,,,,,,,,1.0,0.0
-2703726817123092516-2609051110-6,26147,2609051132,,4,,SWE,,Calw|Calw-Heumaden|Althengstett|Ostelsheim|Weil der Stadt,8000313,Renningen,Baden-Württemberg,Renningen,71272,8.932650148,48.77515509,3,2609051135,4,,,,,,,,,,,,3.0,0.0
1816762967766826943-2609051120-7,7224,2609051137,2609051137,1,,S,S2,Stuttgart Hbf|Stuttgart-Bad Cannstatt|Stuttgart Nürnberger Str.|Stuttgart-Sommerrain|Fellbach|Waiblingen,8005157,Rommelshausen,Baden-Württemberg,Kernen,71394,9.319175885,48.81552017,4,2609051138,,2609051138,,,,,,,,,,,1.0,1.0
-7250951253539911335-2609051133-9,7229,2609051151,2609051152,2,,S,S2,Schorndorf|Weiler(Rems)|Winterbach(b Schorndorf)|Geradstetten|Grunbach|Beutelsbach|Endersbach|Stetten-Beinstein,8005157,Rommelshausen,Baden-Württemberg,Kernen,71394,9.319175885,48.81552017,4,2609051151,,2609051152,,,,,,,,,,,0.0,0.0
390998906735625917-2609051050-7,7222,2609051107,2609051107,1,,S,S2,Stuttgart Hbf|Stuttgart-Bad Cannstatt|Stuttgart Nürnberger Str.|Stuttgart-Sommerrain|Fellbach|Waiblingen,8005157,Rommelshausen,Baden-Württemberg,Kernen,71394,9.319175885,48.81552017,4,2609051108,,2609051109,,,,,,,,,,,1.0,2.0
8822962995701899685-2609051103-9,7227,2609051121,2609051122,2,,S,S2,Schorndorf|Weiler(Rems)|Winterbach(b Schorndorf)|Geradstetten|Grunbach|Beutelsbach|Endersbach|Stetten-Beinstein,8005157,Rommelshausen,Baden-Württemberg,Kernen,71394,9.319175885,48.81552017,4,2609051122,,2609051123,,,,,,,,,,,1.0,1.0
-8927650748585631039-2609051117-11,7624,2609051146,2609051146,2,,S,S6,Stuttgart Hbf|Stuttgart Nordbahnhof|Stuttgart-Feuerbach|Stuttgart-Zuffenhausen|Neuwirtshaus(Porscheplatz)|Korntal|Weilimdorf|Ditzingen|Höfingen|Leonberg,8005236,Rutesheim,Baden-Württemberg,Leonberg,71229,8.960325242,48.79031093,5,2609051147,,2609051148,,,,,,,,,,,1.0,2.0
-6210723054566268000-2609051108-9,7028,2609051131,2609051131,2,,S,S60,Stuttgart-Feuerbach|Stuttgart-Zuffenhausen|Neuwirtshaus(Porscheplatz)|Korntal|Weilimdorf|Ditzingen|Höfingen|Leonberg,8005236,Rutesheim,Baden-Württemberg,Leonberg,71229,8.960325242,48.79031093,5,2609051132,,2609051132,,,,,,,,,,,1.0,1.0
-8375167329740848278-2609051104-8,7025,2609051128,2609051129,1,,S,S60,Böblingen|Sindelfingen|Maichingen|Maichingen Nord|Magstadt|Renningen Süd|Renningen,8005236,Rutesheim,Baden-Württemberg,Leonberg,71229,8.960325242,48.79031093,5,2609051128,,2609051129,,,,,,,,,,,0.0,0.0
-7002229200786107058-2609051047-11,7622,2609051116,2609051116,2,,S,S6,Stuttgart Hbf|Stuttgart Nordbahnhof|Stuttgart-Feuerbach|Stuttgart-Zuffenhausen|Neuwirtshaus(Porscheplatz)|Korntal|Weilimdorf|Ditzingen|Höfingen|Leonberg,8005236,Rutesheim,Baden-Württemberg,Leonberg,71229,8.960325242,48.79031093,5,2609051116,,2609051117,,,,,,,,,,,0.0,1.0
6476044054617913836-2609051133-4,7629,2609051143,2609051144,1,,S,S6,Weil der Stadt|Malmsheim|Renningen,8005236,Rutesheim,Baden-Württemberg,Leonberg,71229,8.960325242,48.79031093,5,2609051144,,2609051145,,,,,,,,,,,1.0,1.0
-7543730555449738385-2609051038-9,7026,2609051101,2609051101,2,,S,S60,Stuttgart-Feuerbach|Stuttgart-Zuffenhausen|Neuwirtshaus(Porscheplatz)|Korntal|Weilimdorf|Ditzingen|Höfingen|Leonberg,8005236,Rutesheim,Baden-Württemberg,Leonberg,71229,8.960325242,48.79031093,5,2609051101,,2609051102,,,,,,,,,,,0.0,1.0
-6961087395599132139-2609051103-4,7627,2609051113,2609051114,1,,S,S6,Weil der Stadt|Malmsheim|Renningen,8005236,Rutesheim,Baden-Württemberg,Leonberg,71229,8.960325242,48.79031093,5,2609051114,,2609051114,,,,,,,,,,,1.0,0.0
-2997586613667252816-2609051134-8,7027,2609051158,2609051159,1,,S,S60,Böblingen|Sindelfingen|Maichingen|Maichingen Nord|Magstadt|Renningen Süd|Renningen,8005236,Rutesheim,Baden-Württemberg,Leonberg,71229,8.960325242,48.79031093,5,2609051158,,2609051159,,,,,,,,,,,0.0,0.0
1816762967766826943-2609051120-15,7224,2609051155,,14,,S,,Stuttgart Hbf|Stuttgart-Bad Cannstatt|Stuttgart Nürnberger Str.|Stuttgart-Sommerrain|Fellbach|Waiblingen|Rommelshausen|Stetten-Beinstein|Endersbach|Beutelsbach|Grunbach|Geradstetten|Winterbach(b Schorndorf)|Weiler(Rems),8005424,Schorndorf,Baden-Württemberg,Schorndorf,73614,9.525686251,48.80693898,3,2609051155,1,,,,,,,,,,,,0.0,0.0
5322716827489361771-2609051047-4,19413,2609051113,2609051114,2,,ARV,MEX13,Stuttgart Hbf|Stuttgart-Bad Cannstatt|Waiblingen,8005424,Schorndorf,Baden-Württemberg,Schorndorf,73614,9.525686251,48.80693898,3,2609051113,,2609051115,,,,,,,,,,,0.0,1.0
-7250951253539911335-2609051133-1,7229,,2609051133,,,S,S2,,8005424,Schorndorf,Baden-Württemberg,Schorndorf,73614,9.525686251,48.80693898,3,,,2609051133,1,,,,,,,,,,0.0,0.0
4596878481391844981-2609051120-4,19465,2609051143,2609051144,2,,ARV,MEX13,Stuttgart Hbf|Stuttgart-Bad Cannstatt|Waiblingen,8005424,Schorndorf,Baden-Württemberg,Schorndorf,73614,9.525686251,48.80693898,3,2609051144,,2609051145,,,,,,,,,,,1.0,1.0
390998906735625917-2609051050-15,7222,2609051125,,1,,S,,Stuttgart Hbf|Stuttgart-Bad Cannstatt|Stuttgart Nürnberger Str.|Stuttgart-Sommerrain|Fellbach|Waiblingen|Rommelshausen|Stetten-Beinstein|Endersbach|Beutelsbach|Grunbach|Geradstetten|Winterbach(b Schorndorf)|Weiler(Rems),8005424,Schorndorf,Baden-Württemberg,Schorndorf,73614,9.525686251,48.80693898,3,2609051125,14,,,,,,,,,,,,0.0,0.0
8346067640937780112-2609051028-5,19675,2609051128,2609051129,2,,ARV,RE1,Pforzheim Hbf|Mühlacker|Vaihingen(Enz)|Stuttgart Hbf,8005424,Schorndorf,Baden-Württemberg,Schorndorf,73614,9.525686251,48.80693898,3,2609051128,,2609051129,,,,,,,,,,,0.0,0.0
-7198946583689104380-2609050952-17,19466,2609051113,2609051114,3,,ARV,MEX13,Crailsheim|Jagstzell|Ellwangen|Schrezheim|Schwabsberg|Goldshöfe|Hofen(b Aalen)|Wasseralfingen|Aalen Hbf|Mögglingen(Gmünd)|Böbingen(Rems)|Schwäbisch Gmünd|Lorch(Württ)|Waldhausen(b Schorndorf)|Plüderhausen|Urbach(b Schorndorf),8005424,Schorndorf,Baden-Württemberg,Schorndorf,73614,9.525686251,48.80693898,3,2609051120,,2609051121,,,,,,,,,,,7.0,7.0
8822962995701899685-2609051103-1,7227,,2609051103,,,S,S2,,8005424,Schorndorf,Baden-Württemberg,Schorndorf,73614,9.525686251,48.80693898,3,,,2609051103,14,,,,,,,,,,0.0,0.0
-2690453283388249865-2609051107-9,19418,2609051143,2609051144,3,,ARV,MEX13,Aalen Hbf|Mögglingen(Gmünd)|Böbingen(Rems)|Schwäbisch Gmünd|Lorch(Württ)|Waldhausen(b Schorndorf)|Plüderhausen|Urbach(b Schorndorf),8005424,Schorndorf,Baden-Württemberg,Schorndorf,73614,9.525686251,48.80693898,3,2609051144,,2609051145,,,,,,,,,,,1.0,1.0
-4743712954769026670-2609051111-5,7327,2609051122,2609051123,1,,S,S3,Backnang|Maubach|Nellmersbach|Winnenden,8005454,Schwaikheim,Baden-Württemberg,Schwaikheim,71409,9.354747358,48.86832665,4,2609051123,,2609051124,,,,,,,,,,,1.0,1.0
4518629887515619781-2609051042-8,7322,2609051106,2609051106,2,,S,S3,Stuttgart Hbf|Stuttgart-Bad Cannstatt|Stuttgart Nürnberger Str.|Stuttgart-Sommerrain|Fellbach|Waiblingen|Neustadt-Hohenacker,8005454,Schwaikheim,Baden-Württemberg,Schwaikheim,71409,9.354747358,48.86832665,4,2609051106,,2609051107,,,,,,,,,,,0.0,1.0
-3955134605586594139-2609051141-5,7329,2609051152,2609051153,1,,S,S3,Backnang|Maubach|Nellmersbach|Winnenden,8005454,Schwaikheim,Baden-Württemberg,Schwaikheim,71409,9.354747358,48.86832665,4,2609051157,,2609051158,,,,,,,,,,,5.0,5.0
5820964745098673010-2609051112-8,7324,2609051136,2609051136,2,,S,S3,Stuttgart Hbf|Stuttgart-Bad Cannstatt|Stuttgart Nürnberger Str.|Stuttgart-Sommerrain|Fellbach|Waiblingen|Neustadt-Hohenacker,8005454,Schwaikheim,Baden-Württemberg,Schwaikheim,71409,9.354747358,48.86832665,4,2609051136,,2609051138,,,,,,,,,,,0.0,2.0
-6210723054566268000-2609051108-15,7028,2609051152,2609051153,1,,S,S60,Stuttgart-Feuerbach|Stuttgart-Zuffenhausen|Neuwirtshaus(Porscheplatz)|Korntal|Weilimdorf|Ditzingen|Höfingen|Leonberg|Rutesheim|Renningen|Renningen Süd|Magstadt|Maichingen Nord|Maichingen,8005574,Sindelfingen,Baden-Württemberg,Sindelfingen,71063,8.999262079,48.70387346,6,2609051153,,2609051153,,,,,,,,,,,1.0,0.0
-8375167329740848278-2609051104-2,7025,2609051106,2609051107,1,,S,S60,Böblingen,8005574,Sindelfingen,Baden-Württemberg,Sindelfingen,71063,8.999262079,48.70387346,6,2609051107,,2609051107,,,,,,,,,,,1.0,0.0
-7543730555449738385-2609051038-15,7026,2609051122,2609051123,1,,S,S60,Stuttgart-Feuerbach|Stuttgart-Zuffenhausen|Neuwirtshaus(Porscheplatz)|Korntal|Weilimdorf|Ditzingen|Höfingen|Leonberg|Rutesheim|Renningen|Renningen Süd|Magstadt|Maichingen Nord|Maichingen,8005574,Sindelfingen,Baden-Württemberg,Sindelfingen,71063,8.999262079,48.70387346,6,2609051124,,2609051124,,,,,,,,,,,2.0,1.0
-2997586613667252816-2609051134-2,7027,2609051136,2609051137,1,,S,S60,Böblingen,8005574,Sindelfingen,Baden-Württemberg,Sindelfingen,71063,8.999262079,48.70387346,6,2609051136,,2609051137,,,,,,,,,,,0.0,0.0
1816762967766826943-2609051120-8,7224,2609051139,2609051139,1,,S,S2,Stuttgart Hbf|Stuttgart-Bad Cannstatt|Stuttgart Nürnberger Str.|Stuttgart-Sommerrain|Fellbach|Waiblingen|Rommelshausen,8005726,Stetten-Beinstein,Baden-Württemberg,Weinstadt,71384,9.352769725,48.81199601,5,2609051140,,2609051141,,,,,,,,,,,1.0,2.0
-7250951253539911335-2609051133-8,7229,2609051149,2609051149,2,,S,S2,Schorndorf|Weiler(Rems)|Winterbach(b Schorndorf)|Geradstetten|Grunbach|Beutelsbach|Endersbach,8005726,Stetten-Beinstein,Baden-Württemberg,Weinstadt,71384,9.352769725,48.81199601,5,2609051149,,2609051149,,,,,,,,,,,0.0,0.0
390998906735625917-2609051050-8,7222,2609051109,2609051109,1,,S,S2,Stuttgart Hbf|Stuttgart-Bad Cannstatt|Stuttgart Nürnberger Str.|Stuttgart-Sommerrain|Fellbach|Waiblingen|Rommelshausen,8005726,Stetten-Beinstein,Baden-Württemberg,Weinstadt,71384,9.352769725,48.81199601,5,2609051111,,2609051111,,,,,,,,,,,2.0,2.0
8822962995701899685-2609051103-8,7227,2609051119,2609051119,2,,S,S2,Schorndorf|Weiler(Rems)|Winterbach(b Schorndorf)|Geradstetten|Grunbach|Beutelsbach|Endersbach,8005726,Stetten-Beinstein,Baden-Württemberg,Weinstadt,71384,9.352769725,48.81199601,5,2609051119,,2609051120,,,,,,,,,,,0.0,1.0
8661285633611669203-2609051152-1,19221,,2609051152,,,RE,MEX12,,8000096,Stuttgart Hbf,Baden-Württemberg,Stuttgart,70173,9.183172973,48.78473069,1,,,2609051152,13,,,,,,,,,,0.0,0.0
-4867022663021090956-2609051157-1,7528,,2609051157,,,S,S5,,8000096,Stuttgart Hbf,Baden-Württemberg,Stuttgart,70173,9.183172973,48.78473069,1,,,2609051158,,,,,,,,,,,0.0,1.0
-8319398400678058003-2609051050-15,7127,2609051135,,4,,S,,Kirchheim(Teck)|Kirchheim(Teck)-Ötlingen|Wendlingen(Neckar)|Wernau(Neckar)|Plochingen|Altbach|Esslingen-Zell|Oberesslingen|Esslingen(Neckar)|Esslingen-Mettingen|Stuttgart-Obertürkheim|Stuttgart-Untertürkheim|Stuttgart Neckarpark|Stuttgart-Bad Cannstatt,8000096,Stuttgart Hbf,Baden-Württemberg,Stuttgart,70173,9.183172973,48.78473069,1,2609051135,,,,,,,,,,,,,0.0,0.0
-513768940106917907-2609051155-1,7128,,2609051155,,,S,S1,,8000096,Stuttgart Hbf,Baden-Württemberg,Stuttgart,70173,9.183172973,48.78473069,1,,,2609051156,,,,,,,,,,,0.0,1.0
9011011619156863439-2609050928-5,610,2609051143,2609051149,9,,ICE,,München Hbf|München-Pasing|Augsburg Hbf|Ulm Hbf,8000096,Stuttgart Hbf,Baden-Württemberg,Stuttgart,70173,9.183172973,48.78473069,1,2609051141,,2609051149,,h,1,Störung,,,,,,,-2.0,0.0
1816762967766826943-2609051120-1,7224,,2609051120,,,S,S2,,8000096,Stuttgart Hbf,Baden-Württemberg,Stuttgart,70173,9.183172973,48.78473069,1,,,2609051121,,,,,,,,,,,0.0,1.0
-4261201065849809774-2609051103-1,19135,,2609051103,,,ARV,MEX16,,8000096,Stuttgart Hbf,Baden-Württemberg,Stuttgart,70173,9.183172973,48.78473069,1,,,2609051103,,,,,,,,,,,0.0,0.0
-4743712954769026670-2609051111-12,7327,2609051147,,4,,S,,Backnang|Maubach|Nellmersbach|Winnenden|Schwaikheim|Neustadt-Hohenacker|Waiblingen|Fellbach|Stuttgart-Sommerrain|Stuttgart Nürnberger Str.|Stuttgart-Bad Cannstatt,8000096,Stuttgart Hbf,Baden-Württemberg,Stuttgart,70173,9.183172973,48.78473069,1,2609051147,,,,,,,,,,,,,0.0,0.0
8203649348842138698-2609051147-1,7626,,2609051147,,,S,S6,,8000096,Stuttgart Hbf,Baden-Württemberg,Stuttgart,70173,9.183172973,48.78473069,1,,,2609051147,,,,,,,,,,,0.0,0.0
6188604961085333086-2609051046-6,7525,2609051105,,1,,S,,Ludwigsburg|Kornwestheim Pbf|Stuttgart-Zuffenhausen|Stuttgart-Feuerbach|Stuttgart Nordbahnhof,8000096,Stuttgart Hbf,Baden-Württemberg,Stuttgart,70173,9.183172973,48.78473069,1,2609051106,,,,,,,,,,,,,1.0,0.0
3478175582673079827-2609051013-17,17650,2609051142,,6,,RE,,Freudenstadt Hbf|Grüntal-Wittlensweiler|Dornstetten-Aach|Dornstetten|Schopfloch(b Freudenstadt)|Bittelbronn|Horb-Heiligenfeld|Hochdorf(b Horb)|Eutingen Nord|Eutingen im Gäu|Ergenzingen|Bondorf(b Herrenberg)|Gäufelden|Herrenberg|Böblingen|Stuttgart-Vaihingen,8000096,Stuttgart Hbf,Baden-Württemberg,Stuttgart,70173,9.183172973,48.78473069,1,2609051150,,,,,,,,,,,,,8.0,0.0
3857297737128192069-2609051137-1,7424,,2609051137,,,S,S4,,8000096,Stuttgart Hbf,Baden-Württemberg,Stuttgart,70173,9.183172973,48.78473069,1,,,2609051137,,,,,,,,,,,0.0,0.0
2269193621654513451-2609050516-11,593,2609051111,2609051117,15,,ICE,,Berlin Gesundbrunnen|Berlin Hbf|Berlin Südkreuz|Lutherstadt Wittenberg Hbf|Leipzig Hbf|Erfurt Hbf|Eisenach Hbf|Fulda|Frankfurt(Main)Süd|Mannheim Hbf,8000096,Stuttgart Hbf,Baden-Württemberg,Stuttgart,70173,9.183172973,48.78473069,1,2609051110,,2609051117,,,,,,,,,,,-1.0,0.0
8782205486610339804-2609051016-16,19132,2609051116,,10,,ARV,,Geislingen(Steige)|Geislingen(Steige)West|Kuchen|Gingen(Fils)|Süßen|Salach|Eislingen(Fils)|Göppingen|Faurndau|Uhingen|Ebersbach(Fils)|Reichenbach(Fils)|Plochingen|Esslingen(Neckar)|Stuttgart-Bad Cannstatt,8000096,Stuttgart Hbf,Baden-Württemberg,Stuttgart,70173,9.183172973,48.78473069,1,2609051116,14,,,,,,,,,,,,0.0,0.0
7865685729445651076-2609051041-12,7325,2609051117,,4,,S,,Backnang|Maubach|Nellmersbach|Winnenden|Schwaikheim|Neustadt-Hohenacker|Waiblingen|Fellbach|Stuttgart-Sommerrain|Stuttgart Nürnberger Str.|Stuttgart-Bad Cannstatt,8000096,Stuttgart Hbf,Baden-Württemberg,Stuttgart,70173,9.183172973,48.78473069,1,2609051119,,,,,,,,,,,,,2.0,0.0
4596878481391844981-2609051120-1,19465,,2609051120,,,ARV,MEX13,,8000096,Stuttgart Hbf,Baden-Württemberg,Stuttgart,70173,9.183172973,48.78473069,1,,,2609051121,9,,,,,,,,,,0.0,1.0
-6402095136362730142-2609051033-14,7625,2609051115,,2,,S,,Weil der Stadt|Malmsheim|Renningen|Rutesheim|Leonberg|Höfingen|Ditzingen|Weilimdorf|Korntal|Neuwirtshaus(Porscheplatz)|Stuttgart-Zuffenhausen|Stuttgart-Feuerbach|Stuttgart Nordbahnhof,8000096,Stuttgart Hbf,Baden-Württemberg,Stuttgart,70173,9.183172973,48.78473069,1,2609051115,,,,,,,,,,,,,0.0,0.0
-8927650748585631039-2609051117-1,7624,,2609051117,,,S,S6,,8000096,Stuttgart Hbf,Baden-Württemberg,Stuttgart,70173,9.183172973,48.78473069,1,,,2609051119,,,,,,,,,,,0.0,2.0
-4910924940869376561-2609051100-1,88617,,2609051100,,,ARV,RE90,,8000096,Stuttgart Hbf,Baden-Württemberg,Stuttgart,70173,9.183172973,48.78473069,1,,,2609051101,,r,,,,,,,,,0.0,1.0
-7652621644337424665-2609050837-7,282,2609051132,,5,,IC,,Zürich HB|Schaffhausen|Singen(Hohentwiel)|Tuttlingen|Rottweil|Horb,8000096,Stuttgart Hbf,Baden-Württemberg,Stuttgart,70173,9.183172973,48.78473069,1,2609051227,6,,,c,,,,,Zürich HB|Schaffhausen|Singen(Hohentwiel)|Tuttlingen|Rottweil|Horb,,,,55.0,0.0
-4085161512540611151-2609051116-6,7527,2609051135,,2,,S,,Ludwigsburg|Kornwestheim Pbf|Stuttgart-Zuffenhausen|Stuttgart-Feuerbach|Stuttgart Nordbahnhof,8000096,Stuttgart Hbf,Baden-Württemberg,Stuttgart,70173,9.183172973,48.78473069,1,2609051135,,,,,,,,,,,,,0.0,0.0
177633655577527440-2609051020-15,7125,2609051105,,4,,S,,Kirchheim(Teck)|Kirchheim(Teck)-Ötlingen|Wendlingen(Neckar)|Wernau(Neckar)|Plochingen|Altbach|Esslingen-Zell|Oberesslingen|Esslingen(Neckar)|Esslingen-Mettingen|Stuttgart-Obertürkheim|Stuttgart-Untertürkheim|Stuttgart Neckarpark|Stuttgart-Bad Cannstatt,8000096,Stuttgart Hbf,Baden-Württemberg,Stuttgart,70173,9.183172973,48.78473069,1,2609051105,,,,,,,,,,,,,0.0,0.0
2453076408455294627-2609051007-12,19416,2609051111,,13,,ARV,,Aalen Hbf|Mögglingen(Gmünd)|Böbingen(Rems)|Schwäbisch Gmünd|Lorch(Württ)|Waldhausen(b Schorndorf)|Plüderhausen|Urbach(b Schorndorf)|Schorndorf|Waiblingen|Stuttgart-Bad Cannstatt,8000096,Stuttgart Hbf,Baden-Württemberg,Stuttgart,70173,9.183172973,48.78473069,1,2609051113,9,,,,,,,,,,,,2.0,0.0
-8401269000654257227-2609051140-1,19193,,2609051140,,,ARV,MEX16,,8000096,Stuttgart Hbf,Baden-Württemberg,Stuttgart,70173,9.183172973,48.78473069,1,,,2609051141,16,,,,,,,,,,0.0,1.0
4152739802628459938-2609051155-1,17525,,2609051155,,,RE,MEX90,,8000096,Stuttgart Hbf,Baden-Württemberg,Stuttgart,70173,9.183172973,48.78473069,1,,,2609051157,,,,,,,,,,,0.0,2.0
4324436365304867650-2609051030-5,1093,2609051153,,7,,ICE,,Darmstadt Hbf|Bensheim|Weinheim(Bergstr)Hbf|Heidelberg Hbf,8000096,Stuttgart Hbf,Baden-Württemberg,Stuttgart,70173,9.183172973,48.78473069,1,2609051155,,,,,,,,,,,,,2.0,0.0
8346067640937780112-2609051028-4,19675,2609051059,2609051106,16,,ARV,RE1,Pforzheim Hbf|Mühlacker|Vaihingen(Enz),8000096,Stuttgart Hbf,Baden-Württemberg,Stuttgart,70173,9.183172973,48.78473069,1,2609051059,,2609051106,,,,,,,,,,,0.0,0.0
5055363904167634352-2609051101-1,28479,,2609051101,,,RE,RESB,,8000096,Stuttgart Hbf,Baden-Württemberg,Stuttgart,70173,9.183172973,48.78473069,1,,,2609051109,8,,,,,,,,,,0.0,8.0
3909020846593855559-2609051133-3,28478,2609051155,,5,,RE,,Böblingen|Stuttgart-Vaihingen,8000096,Stuttgart Hbf,Baden-Württemberg,Stuttgart,70173,9.183172973,48.78473069,1,2609051203,,,,,,,,,,,,,8.0,0.0
-5129383843345630107-2609051032-8,19011,2609051130,,7,,ARV,,Karlsruhe Hbf|Karlsruhe-Durlach|Weingarten(Baden)|Untergrombach|Bruchsal Bildungszentrum|Bruchsal|Vaihingen(Enz),8000096,Stuttgart Hbf,Baden-Württemberg,Stuttgart,70173,9.183172973,48.78473069,1,2609051134,,,,,,,,,,,,,4.0,0.0
-6756266786588562673-2609051117-1,1985,,2609051117,,,IC,,,8000096,Stuttgart Hbf,Baden-Württemberg,Stuttgart,70173,9.183172973,48.78473069,1,,,2609051117,7,,,,,,,,,,0.0,0.0
5579615522999161398-2609051103-14,7427,2609051155,,2,,S,,Backnang|Burgstall(Murr)|Kirchberg(Murr)|Erdmannhausen|Marbach(Neckar)|Benningen(Neckar)|Freiberg(Neckar)|Favoritepark|Ludwigsburg|Kornwestheim Pbf|Stuttgart-Zuffenhausen|Stuttgart-Feuerbach|Stuttgart Nordbahnhof,8000096,Stuttgart Hbf,Baden-Württemberg,Stuttgart,70173,9.183172973,48.78473069,1,2609051156,,,,,,,,,,,,,1.0,0.0
-7198946583689104380-2609050952-20,19466,2609051139,,13,,ARV,,Crailsheim|Jagstzell|Ellwangen|Schrezheim|Schwabsberg|Goldshöfe|Hofen(b Aalen)|Wasseralfingen|Aalen Hbf|Mögglingen(Gmünd)|Böbingen(Rems)|Schwäbisch Gmünd|Lorch(Württ)|Waldhausen(b Schorndorf)|Plüderhausen|Urbach(b Schorndorf)|Schorndorf|Waiblingen|Stuttgart-Bad Cannstatt,8000096,Stuttgart Hbf,Baden-Württemberg,Stuttgart,70173,9.183172973,48.78473069,1,2609051145,14,,,,,,,,,,,,6.0,0.0
-2581794648370185689-2609051132-1,19012,,2609051132,,,ARV,RE1,,8000096,Stuttgart Hbf,Baden-Württemberg,Stuttgart,70173,9.183172973,48.78473069,1,,,2609051230,,,,,,,,Vaihingen(Enz)|Bruchsal|Bruchsal Bildungszentrum|Untergrombach|Weingarten(Baden)|Karlsruhe-Durlach|Karlsruhe Hbf,,,0.0,58.0
8822962995701899685-2609051103-15,7227,2609051140,,3,,S,,Schorndorf|Weiler(Rems)|Winterbach(b Schorndorf)|Geradstetten|Grunbach|Beutelsbach|Endersbach|Stetten-Beinstein|Rommelshausen|Waiblingen|Fellbach|Stuttgart-Sommerrain|Stuttgart Nürnberger Str.|Stuttgart-Bad Cannstatt,8000096,Stuttgart Hbf,Baden-Württemberg,Stuttgart,70173,9.183172973,48.78473069,1,2609051140,,,,,,,,,,,,,0.0,0.0
5820964745098673010-2609051112-1,7324,,2609051112,,,S,S3,,8000096,Stuttgart Hbf,Baden-Württemberg,Stuttgart,70173,9.183172973,48.78473069,1,,,2609051112,,,,,,,,,,,0.0,0.0
-6012005053401607387-2609051122-1,770,,2609051122,,,ICE,,,8000096,Stuttgart Hbf,Baden-Württemberg,Stuttgart,70173,9.183172973,48.78473069,1,,,2609051124,,,,,,,,,,,0.0,2.0
-5873691979165749702-2609051107-1,7422,,2609051107,,,S,S4,,8000096,Stuttgart Hbf,Baden-Württemberg,Stuttgart,70173,9.183172973,48.78473069,1,,,2609051107,,,,,,,,,,,0.0,0.0
1693494407392386618-2609051033-15,7225,2609051110,,3,,S,,Schorndorf|Weiler(Rems)|Winterbach(b Schorndorf)|Geradstetten|Grunbach|Beutelsbach|Endersbach|Stetten-Beinstein|Rommelshausen|Waiblingen|Fellbach|Stuttgart-Sommerrain|Stuttgart Nürnberger Str.|Stuttgart-Bad Cannstatt,8000096,Stuttgart Hbf,Baden-Württemberg,Stuttgart,70173,9.183172973,48.78473069,1,2609051111,,,,,,,,,,,,,1.0,0.0
-6461311717929619482-2609050936-5,50282,2609051132,,5,,RE,,Singen(Hohentwiel)|Tuttlingen|Rottweil|Horb,8000096,Stuttgart Hbf,Baden-Württemberg,Stuttgart,70173,9.183172973,48.78473069,1,2609051227,6,,,c,,,,,Singen(Hohentwiel)|Tuttlingen|Rottweil|Horb,,,,55.0,0.0
9036342965798539047-2609051142-1,7326,,2609051142,,,S,S3,,8000096,Stuttgart Hbf,Baden-Württemberg,Stuttgart,70173,9.183172973,48.78473069,1,,,2609051142,,,,,,,,,,,0.0,0.0
-5264062284338054420-2609051127-1,7526,,2609051127,,,S,S5,,8000096,Stuttgart Hbf,Baden-Württemberg,Stuttgart,70173,9.183172973,48.78473069,1,,,2609051127,,,,,,,,,,,0.0,0.0
8797923397467745795-2609051150-1,7226,,2609051150,,,S,S2,,8000096,Stuttgart Hbf,Baden-Württemberg,Stuttgart,70173,9.183172973,48.78473069,1,,,2609051150,,,,,,,,,,,0.0,0.0
-6883084288850585182-2609050837-21,88612,2609051105,,12,,ARV,,Nürnberg Hbf|Nürnberg-Stein|Roßtal|Heilsbronn|Wicklesgreuth|Ansbach|Leutershausen-Wiedersbach|Dombühl|Schnelldorf|Crailsheim|Eckartshausen-Ilshofen|Schwäbisch Hall-Hessental|Gaildorf West|Murrhardt|Sulzbach(Murr)|Oppenweiler(Württ)|Backnang|Winnenden|Waiblingen|Stuttgart-Bad Cannstatt,8000096,Stuttgart Hbf,Baden-Württemberg,Stuttgart,70173,9.183172973,48.78473069,1,2609051106,,,,r,,,,,,,,,1.0,0.0
240389329078028238-2609051125-1,7126,,2609051125,,,S,S1,,8000096,Stuttgart Hbf,Baden-Württemberg,Stuttgart,70173,9.183172973,48.78473069,1,,,2609051125,,,,,,,,,,,0.0,0.0
5828379386631724042-2609051016-10,19226,2609051108,,9,,RE,,Reutlingen Hbf|Metzingen(Württ)|Bempflingen|Nürtingen|Oberboihingen|Wendlingen(Neckar)|Plochingen|Esslingen(Neckar)|Stuttgart-Bad Cannstatt,8000096,Stuttgart Hbf,Baden-Württemberg,Stuttgart,70173,9.183172973,48.78473069,1,2609051110,13,,,,,,,,,,,,2.0,0.0
-5662113840288646356-2609050905-13,4210,2609051120,,11,,RE,,Friedrichshafen Stadt|Meckenbeuren|Ravensburg|Aulendorf|Bad Schussenried|Biberach(Riß)|Laupheim West|Ulm Hbf|Geislingen(Steige)|Göppingen|Plochingen|Esslingen(Neckar),8000096,Stuttgart Hbf,Baden-Württemberg,Stuttgart,70173,9.183172973,48.78473069,1,2609051126,,,,,,,,,,,,,6.0,0.0
-6961087395599132139-2609051103-14,7627,2609051145,,1,,S,,Weil der Stadt|Malmsheim|Renningen|Rutesheim|Leonberg|Höfingen|Ditzingen|Weilimdorf|Korntal|Neuwirtshaus(Porscheplatz)|Stuttgart-Zuffenhausen|Stuttgart-Feuerbach|Stuttgart Nordbahnhof,8000096,Stuttgart Hbf,Baden-Württemberg,Stuttgart,70173,9.183172973,48.78473069,1,2609051145,,,,,,,,,,,,,0.0,0.0
6272330987217970843-2609051111-1,19385,,2609051111,,,RE,RE6,,8000096,Stuttgart Hbf,Baden-Württemberg,Stuttgart,70173,9.183172973,48.78473069,1,,,2609051112,,,,,,,,,,,0.0,1.0
-1383251403817765975-2609051149-1,19415,,2609051149,,,ARV,MEX13,,8000096,Stuttgart Hbf,Baden-Württemberg,Stuttgart,70173,9.183172973,48.78473069,1,,,2609051154,14,,,,,,,,,,0.0,5.0
-3819715688037003939-2609051033-14,7425,2609051125,,1,,S,,Backnang|Burgstall(Murr)|Kirchberg(Murr)|Erdmannhausen|Marbach(Neckar)|Benningen(Neckar)|Freiberg(Neckar)|Favoritepark|Ludwigsburg|Kornwestheim Pbf|Stuttgart-Zuffenhausen|Stuttgart-Feuerbach|Stuttgart Nordbahnhof,8000096,Stuttgart Hbf,Baden-Württemberg,Stuttgart,70173,9.183172973,48.78473069,1,2609051126,,,,,,,,,,,,,1.0,0.0
9100079379909334000-2609051015-11,17648,2609051142,,6,,RE,,Oberndorf(Neckar)|Sulz(Neckar)|Horb|Eutingen im Gäu|Ergenzingen|Bondorf(b Herrenberg)|Gäufelden|Herrenberg|Böblingen|Stuttgart-Vaihingen,8000096,Stuttgart Hbf,Baden-Württemberg,Stuttgart,70173,9.183172973,48.78473069,1,2609051150,,,,,,,,,,,,,8.0,0.0
-7093344832780173961-2609051117-1,51985,,2609051117,,,RE,IC87,,8000096,Stuttgart Hbf,Baden-Württemberg,Stuttgart,70173,9.183172973,48.78473069,1,,,2609051117,7,,,,,,,,,,0.0,0.0
-3341498008289999279-2609051137-1,4215,,2609051137,,,RE,RE5,,8000096,Stuttgart Hbf,Baden-Württemberg,Stuttgart,70173,9.183172973,48.78473069,1,,,2609051138,,h,2,Störung,,,,,,,0.0,1.0
-3142617915589997314-2609051048-16,19134,2609051150,,10,,ARV,,Geislingen(Steige)|Geislingen(Steige)West|Kuchen|Gingen(Fils)|Süßen|Salach|Eislingen(Fils)|Göppingen|Faurndau|Uhingen|Ebersbach(Fils)|Reichenbach(Fils)|Plochingen|Esslingen(Neckar)|Stuttgart-Bad Cannstatt,8000096,Stuttgart Hbf,Baden-Württemberg,Stuttgart,70173,9.183172973,48.78473069,1,2609051152,11,,,,,,,,,,,,2.0,0.0
6365727839651983627-2609050941-4,2164,2609051153,,11,,IC,,Nürnberg Hbf|Ansbach|Aalen Hbf,8000096,Stuttgart Hbf,Baden-Württemberg,Stuttgart,70173,9.183172973,48.78473069,1,,,,,,,,,,,,c,,0.0,0.0
-8319398400678058003-2609051050-13,7127,2609051127,2609051127,1,,S,S1,Kirchheim(Teck)|Kirchheim(Teck)-Ötlingen|Wendlingen(Neckar)|Wernau(Neckar)|Plochingen|Altbach|Esslingen-Zell|Oberesslingen|Esslingen(Neckar)|Esslingen-Mettingen|Stuttgart-Obertürkheim|Stuttgart-Untertürkheim,8006743,Stuttgart Neckarpark,Baden-Württemberg,Stuttgart,70372,9.24106855,48.79194362,4,2609051129,,2609051129,,,,,,,,,,,2.0,2.0
-969977125013015245-2609051055-3,7124,2609051102,2609051102,2,,S,S1,Stuttgart Hbf|Stuttgart-Bad Cannstatt,8006743,Stuttgart Neckarpark,Baden-Württemberg,Stuttgart,70372,9.24106855,48.79194362,4,2609051103,,2609051103,,,,,,,,,,,1.0,1.0
-5040164597006626382-2609051120-13,7129,2609051157,2609051157,1,,S,S1,Kirchheim(Teck)|Kirchheim(Teck)-Ötlingen|Wendlingen(Neckar)|Wernau(Neckar)|Plochingen|Altbach|Esslingen-Zell|Oberesslingen|Esslingen(Neckar)|Esslingen-Mettingen|Stuttgart-Obertürkheim|Stuttgart-Untertürkheim,8006743,Stuttgart Neckarpark,Baden-Württemberg,Stuttgart,70372,9.24106855,48.79194362,4,2609051157,,2609051157,,,,,,,,,,,0.0,0.0
240389329078028238-2609051125-3,7126,2609051132,2609051132,2,,S,S1,Stuttgart Hbf|Stuttgart-Bad Cannstatt,8006743,Stuttgart Neckarpark,Baden-Württemberg,Stuttgart,70372,9.24106855,48.79194362,4,2609051132,,2609051132,,,,,,,,,,,0.0,0.0
8203649348842138698-2609051147-2,7626,2609051150,2609051152,3,,S,S6,Stuttgart Hbf,8005767,Stuttgart Nord,Baden-Württemberg,Stuttgard-Nord,70174,9.188061449,48.80374161,5,2609051150,,2609051152,,,,,,,,,,,0.0,0.0
6188604961085333086-2609051046-5,7525,2609051059,2609051101,4,,S,S5,Ludwigsburg|Kornwestheim Pbf|Stuttgart-Zuffenhausen|Stuttgart-Feuerbach,8005767,Stuttgart Nord,Baden-Württemberg,Stuttgard-Nord,70174,9.188061449,48.80374161,5,2609051059,,2609051102,,,,,,,,,,,0.0,1.0
-156452342497214952-2609051146-5,7529,2609051159,2609051201,4,,S,S5,Ludwigsburg|Kornwestheim Pbf|Stuttgart-Zuffenhausen|Stuttgart-Feuerbach,8005767,Stuttgart Nord,Baden-Württemberg,Stuttgard-Nord,70174,9.188061449,48.80374161,5,2609051159,,2609051202,,,,,,,,,,,0.0,1.0
3857297737128192069-2609051137-2,7424,2609051140,2609051141,3,,S,S4,Stuttgart Hbf,8005767,Stuttgart Nord,Baden-Württemberg,Stuttgard-Nord,70174,9.188061449,48.80374161,5,2609051141,,2609051142,,,,,,,,,,,1.0,1.0
3852770285149226156-2609051057-2,7524,2609051100,2609051101,3,,S,S5,Stuttgart Hbf,8005767,Stuttgart Nord,Baden-Württemberg,Stuttgard-Nord,70174,9.188061449,48.80374161,5,2609051102,,2609051103,,,,,,,,,,,2.0,2.0
-6402095136362730142-2609051033-13,7625,2609051109,2609051111,4,,S,S6,Weil der Stadt|Malmsheim|Renningen|Rutesheim|Leonberg|Höfingen|Ditzingen|Weilimdorf|Korntal|Neuwirtshaus(Porscheplatz)|Stuttgart-Zuffenhausen|Stuttgart-Feuerbach,8005767,Stuttgart Nord,Baden-Württemberg,Stuttgard-Nord,70174,9.188061449,48.80374161,5,2609051109,,2609051111,,,,,,,,,,,0.0,0.0
-8927650748585631039-2609051117-2,7624,2609051120,2609051122,3,,S,S6,Stuttgart Hbf,8005767,Stuttgart Nord,Baden-Württemberg,Stuttgard-Nord,70174,9.188061449,48.80374161,5,2609051122,,2609051123,,,,,,,,,,,2.0,1.0
-4085161512540611151-2609051116-5,7527,2609051129,2609051131,4,,S,S5,Ludwigsburg|Kornwestheim Pbf|Stuttgart-Zuffenhausen|Stuttgart-Feuerbach,8005767,Stuttgart Nord,Baden-Württemberg,Stuttgard-Nord,70174,9.188061449,48.80374161,5,2609051129,,2609051131,,,,,,,,,,,0.0,0.0
5579615522999161398-2609051103-13,7427,2609051149,2609051151,4,,S,S4,Backnang|Burgstall(Murr)|Kirchberg(Murr)|Erdmannhausen|Marbach(Neckar)|Benningen(Neckar)|Freiberg(Neckar)|Favoritepark|Ludwigsburg|Kornwestheim Pbf|Stuttgart-Zuffenhausen|Stuttgart-Feuerbach,8005767,Stuttgart Nord,Baden-Württemberg,Stuttgard-Nord,70174,9.188061449,48.80374161,5,2609051152,,2609051153,,,,,,,,,,,3.0,2.0
-5873691979165749702-2609051107-2,7422,2609051110,2609051111,3,,S,S4,Stuttgart Hbf,8005767,Stuttgart Nord,Baden-Württemberg,Stuttgard-Nord,70174,9.188061449,48.80374161,5,2609051112,,2609051112,,,,,,,,,,,2.0,1.0
-5264062284338054420-2609051127-2,7526,2609051130,2609051131,3,,S,S5,Stuttgart Hbf,8005767,Stuttgart Nord,Baden-Württemberg,Stuttgard-Nord,70174,9.188061449,48.80374161,5,2609051131,,2609051131,,,,,,,,,,,1.0,0.0
-6961087395599132139-2609051103-13,7627,2609051139,2609051141,4,,S,S6,Weil der Stadt|Malmsheim|Renningen|Rutesheim|Leonberg|Höfingen|Ditzingen|Weilimdorf|Korntal|Neuwirtshaus(Porscheplatz)|Stuttgart-Zuffenhausen|Stuttgart-Feuerbach,8005767,Stuttgart Nord,Baden-Württemberg,Stuttgard-Nord,70174,9.188061449,48.80374161,5,2609051139,,2609051141,,,,,,,,,,,0.0,0.0
-3819715688037003939-2609051033-13,7425,2609051119,2609051121,4,,S,S4,Backnang|Burgstall(Murr)|Kirchberg(Murr)|Erdmannhausen|Marbach(Neckar)|Benningen(Neckar)|Freiberg(Neckar)|Favoritepark|Ludwigsburg|Kornwestheim Pbf|Stuttgart-Zuffenhausen|Stuttgart-Feuerbach,8005767,Stuttgart Nord,Baden-Württemberg,Stuttgard-Nord,70174,9.188061449,48.80374161,5,2609051119,,2609051122,,,,,,,,,,,0.0,1.0
1816762967766826943-2609051120-3,7224,2609051127,2609051127,4,,S,S2,Stuttgart Hbf|Stuttgart-Bad Cannstatt,8004357,Stuttgart Nürnberger Straße,Baden-Württemberg,Stuttgart,70374,9.234576905,48.80656062,5,2609051127,,2609051127,,,,,,,,,,,0.0,0.0
-4743712954769026670-2609051111-10,7327,2609051137,2609051138,1,,S,S3,Backnang|Maubach|Nellmersbach|Winnenden|Schwaikheim|Neustadt-Hohenacker|Waiblingen|Fellbach|Stuttgart-Sommerrain,8004357,Stuttgart Nürnberger Straße,Baden-Württemberg,Stuttgart,70374,9.234576905,48.80656062,5,2609051138,,2609051139,,,,,,,,,,,1.0,1.0
7865685729445651076-2609051041-10,7325,2609051107,2609051108,1,,S,S3,Backnang|Maubach|Nellmersbach|Winnenden|Schwaikheim|Neustadt-Hohenacker|Waiblingen|Fellbach|Stuttgart-Sommerrain,8004357,Stuttgart Nürnberger Straße,Baden-Württemberg,Stuttgart,70374,9.234576905,48.80656062,5,2609051107,,2609051108,,,,,,,,,,,0.0,0.0
8822962995701899685-2609051103-13,7227,2609051132,2609051133,1,,S,S2,Schorndorf|Weiler(Rems)|Winterbach(b Schorndorf)|Geradstetten|Grunbach|Beutelsbach|Endersbach|Stetten-Beinstein|Rommelshausen|Waiblingen|Fellbach|Stuttgart-Sommerrain,8004357,Stuttgart Nürnberger Straße,Baden-Württemberg,Stuttgart,70374,9.234576905,48.80656062,5,2609051133,,2609051133,,,,,,,,,,,1.0,0.0
5820964745098673010-2609051112-3,7324,2609051122,2609051122,4,,S,S3,Stuttgart Hbf|Stuttgart-Bad Cannstatt,8004357,Stuttgart Nürnberger Straße,Baden-Württemberg,Stuttgart,70374,9.234576905,48.80656062,5,2609051122,,2609051123,,,,,,,,,,,0.0,1.0
1693494407392386618-2609051033-13,7225,2609051102,2609051103,1,,S,S2,Schorndorf|Weiler(Rems)|Winterbach(b Schorndorf)|Geradstetten|Grunbach|Beutelsbach|Endersbach|Stetten-Beinstein|Rommelshausen|Waiblingen|Fellbach|Stuttgart-Sommerrain,8004357,Stuttgart Nürnberger Straße,Baden-Württemberg,Stuttgart,70374,9.234576905,48.80656062,5,2609051103,,2609051104,,,,,,,,,,,1.0,1.0
9036342965798539047-2609051142-3,7326,2609051152,2609051152,4,,S,S3,Stuttgart Hbf|Stuttgart-Bad Cannstatt,8004357,Stuttgart Nürnberger Straße,Baden-Württemberg,Stuttgart,70374,9.234576905,48.80656062,5,2609051152,,2609051153,,,,,,,,,,,0.0,1.0
8797923397467745795-2609051150-3,7226,2609051157,2609051157,4,,S,S2,Stuttgart Hbf|Stuttgart-Bad Cannstatt,8004357,Stuttgart Nürnberger Straße,Baden-Württemberg,Stuttgart,70374,9.234576905,48.80656062,5,2609051157,,2609051157,,,,,,,,,,,0.0,0.0
8661285633611669203-2609051152-2,19221,2609051155,2609051156,8,,RE,MEX12,Stuttgart Hbf,8005769,Stuttgart-Bad Cannstatt,Baden-Württemberg,Stuttgart,70372,9.217468636,48.80127978,3,2609051156,4,2609051158,4,,,,,,,,,,1.0,2.0
-8319398400678058003-2609051050-14,7127,2609051130,2609051131,2,,S,S1,Kirchheim(Teck)|Kirchheim(Teck)-Ötlingen|Wendlingen(Neckar)|Wernau(Neckar)|Plochingen|Altbach|Esslingen-Zell|Oberesslingen|Esslingen(Neckar)|Esslingen-Mettingen|Stuttgart-Obertürkheim|Stuttgart-Untertürkheim|Stuttgart Neckarpark,8005769,Stuttgart-Bad Cannstatt,Baden-Württemberg,Stuttgart,70372,9.217468636,48.80127978,3,2609051131,,2609051132,,,,,,,,,,,1.0,1.0
-513768940106917907-2609051155-2,7128,2609051158,2609051159,3,,S,S1,Stuttgart Hbf,8005769,Stuttgart-Bad Cannstatt,Baden-Württemberg,Stuttgart,70372,9.217468636,48.80127978,3,2609051201,,2609051202,,,,,,,,,,,3.0,3.0
1816762967766826943-2609051120-2,7224,2609051124,2609051124,3,,S,S2,Stuttgart Hbf,8005769,Stuttgart-Bad Cannstatt,Baden-Württemberg,Stuttgart,70372,9.217468636,48.80127978,3,2609051124,,2609051125,,,,,,,,,,,0.0,1.0
-4261201065849809774-2609051103-2,19135,2609051107,2609051108,8,,ARV,MEX16,Stuttgart Hbf,8005769,Stuttgart-Bad Cannstatt,Baden-Württemberg,Stuttgart,70372,9.217468636,48.80127978,3,2609051107,,2609051108,,,,,,,,,,,0.0,0.0
-4743712954769026670-2609051111-11,7327,2609051141,2609051143,2,,S,S3,Backnang|Maubach|Nellmersbach|Winnenden|Schwaikheim|Neustadt-Hohenacker|Waiblingen|Fellbach|Stuttgart-Sommerrain|Stuttgart Nürnberger Str.,8005769,Stuttgart-Bad Cannstatt,Baden-Württemberg,Stuttgart,70372,9.217468636,48.80127978,3,2609051141,,2609051143,,,,,,,,,,,0.0,0.0
8782205486610339804-2609051016-15,19132,2609051112,2609051112,5,,ARV,MEX16,Geislingen(Steige)|Geislingen(Steige)West|Kuchen|Gingen(Fils)|Süßen|Salach|Eislingen(Fils)|Göppingen|Faurndau|Uhingen|Ebersbach(Fils)|Reichenbach(Fils)|Plochingen|Esslingen(Neckar),8005769,Stuttgart-Bad Cannstatt,Baden-Württemberg,Stuttgart,70372,9.217468636,48.80127978,3,2609051112,,2609051112,,,,,,,,,,,0.0,0.0
7865685729445651076-2609051041-11,7325,2609051111,2609051113,2,,S,S3,Backnang|Maubach|Nellmersbach|Winnenden|Schwaikheim|Neustadt-Hohenacker|Waiblingen|Fellbach|Stuttgart-Sommerrain|Stuttgart Nürnberger Str.,8005769,Stuttgart-Bad Cannstatt,Baden-Württemberg,Stuttgart,70372,9.217468636,48.80127978,3,2609051111,,2609051113,,,,,,,,,,,0.0,0.0
4596878481391844981-2609051120-2,19465,2609051124,2609051125,7,,ARV,MEX13,Stuttgart Hbf,8005769,Stuttgart-Bad Cannstatt,Baden-Württemberg,Stuttgart,70372,9.217468636,48.80127978,3,2609051124,,2609051125,,,,,,,,,,,0.0,0.0
-4910924940869376561-2609051100-2,88617,2609051103,2609051104,7,,ARV,RE90,Stuttgart Hbf,8005769,Stuttgart-Bad Cannstatt,Baden-Württemberg,Stuttgart,70372,9.217468636,48.80127978,3,2609051104,,2609051105,,r,,,,,,,,,1.0,1.0
177633655577527440-2609051020-14,7125,2609051100,2609051101,2,,S,S1,Kirchheim(Teck)|Kirchheim(Teck)-Ötlingen|Wendlingen(Neckar)|Wernau(Neckar)|Plochingen|Altbach|Esslingen-Zell|Oberesslingen|Esslingen(Neckar)|Esslingen-Mettingen|Stuttgart-Obertürkheim|Stuttgart-Untertürkheim|Stuttgart Neckarpark,8005769,Stuttgart-Bad Cannstatt,Baden-Württemberg,Stuttgart,70372,9.217468636,48.80127978,3,2609051100,,2609051101,,,,,,,,,,,0.0,0.0
2453076408455294627-2609051007-11,19416,2609051106,2609051107,6,,ARV,MEX13,Aalen Hbf|Mögglingen(Gmünd)|Böbingen(Rems)|Schwäbisch Gmünd|Lorch(Württ)|Waldhausen(b Schorndorf)|Plüderhausen|Urbach(b Schorndorf)|Schorndorf|Waiblingen,8005769,Stuttgart-Bad Cannstatt,Baden-Württemberg,Stuttgart,70372,9.217468636,48.80127978,3,2609051106,,2609051108,,,,,,,,,,,0.0,1.0
-8401269000654257227-2609051140-2,19193,2609051143,2609051144,8,,ARV,MEX16,Stuttgart Hbf,8005769,Stuttgart-Bad Cannstatt,Baden-Württemberg,Stuttgart,70372,9.217468636,48.80127978,3,2609051144,,2609051145,,,,,,,,,,,1.0,1.0
4152739802628459938-2609051155-2,17525,2609051158,2609051159,7,,RE,MEX90,Stuttgart Hbf,8005769,Stuttgart-Bad Cannstatt,Baden-Württemberg,Stuttgart,70372,9.217468636,48.80127978,3,2609051201,,2609051204,,,,,,,,,,,3.0,5.0
-1975987368948360309-2609051103-9,17528,2609051158,2609051158,6,,RE,MEX90,Schwäbisch Hall-Hessental|Gaildorf West|Murrhardt|Sulzbach(Murr)|Oppenweiler(Württ)|Backnang|Winnenden|Waiblingen,8005769,Stuttgart-Bad Cannstatt,Baden-Württemberg,Stuttgart,70372,9.217468636,48.80127978,3,2609051204,,2609051205,,,,,,,,,,,6.0,7.0
-7198946583689104380-2609050952-19,19466,2609051135,2609051135,6,,ARV,MEX13,Crailsheim|Jagstzell|Ellwangen|Schrezheim|Schwabsberg|Goldshöfe|Hofen(b Aalen)|Wasseralfingen|Aalen Hbf|Mögglingen(Gmünd)|Böbingen(Rems)|Schwäbisch Gmünd|Lorch(Württ)|Waldhausen(b Schorndorf)|Plüderhausen|Urbach(b Schorndorf)|Schorndorf|Waiblingen,8005769,Stuttgart-Bad Cannstatt,Baden-Württemberg,Stuttgart,70372,9.217468636,48.80127978,3,2609051139,,2609051140,,,,,,,,,,,4.0,5.0
8822962995701899685-2609051103-14,7227,2609051135,2609051136,2,,S,S2,Schorndorf|Weiler(Rems)|Winterbach(b Schorndorf)|Geradstetten|Grunbach|Beutelsbach|Endersbach|Stetten-Beinstein|Rommelshausen|Waiblingen|Fellbach|Stuttgart-Sommerrain|Stuttgart Nürnberger Str.,8005769,Stuttgart-Bad Cannstatt,Baden-Württemberg,Stuttgart,70372,9.217468636,48.80127978,3,2609051136,,2609051136,,,,,,,,,,,1.0,0.0
5820964745098673010-2609051112-2,7324,2609051116,2609051119,3,,S,S3,Stuttgart Hbf,8005769,Stuttgart-Bad Cannstatt,Baden-Württemberg,Stuttgart,70372,9.217468636,48.80127978,3,2609051116,,2609051119,,,,,,,,,,,0.0,0.0
1693494407392386618-2609051033-14,7225,2609051105,2609051106,2,,S,S2,Schorndorf|Weiler(Rems)|Winterbach(b Schorndorf)|Geradstetten|Grunbach|Beutelsbach|Endersbach|Stetten-Beinstein|Rommelshausen|Waiblingen|Fellbach|Stuttgart-Sommerrain|Stuttgart Nürnberger Str.,8005769,Stuttgart-Bad Cannstatt,Baden-Württemberg,Stuttgart,70372,9.217468636,48.80127978,3,2609051106,,2609051107,,,,,,,,,,,1.0,1.0
9036342965798539047-2609051142-2,7326,2609051146,2609051149,3,,S,S3,Stuttgart Hbf,8005769,Stuttgart-Bad Cannstatt,Baden-Württemberg,Stuttgart,70372,9.217468636,48.80127978,3,2609051146,,2609051150,,,,,,,,,,,0.0,1.0
8797923397467745795-2609051150-2,7226,2609051154,2609051154,3,,S,S2,Stuttgart Hbf,8005769,Stuttgart-Bad Cannstatt,Baden-Württemberg,Stuttgart,70372,9.217468636,48.80127978,3,2609051154,,2609051154,,,,,,,,,,,0.0,0.0
-6883084288850585182-2609050837-20,88612,2609051058,2609051102,6,,ARV,RE90,Nürnberg Hbf|Nürnberg-Stein|Roßtal|Heilsbronn|Wicklesgreuth|Ansbach|Leutershausen-Wiedersbach|Dombühl|Schnelldorf|Crailsheim|Eckartshausen-Ilshofen|Schwäbisch Hall-Hessental|Gaildorf West|Murrhardt|Sulzbach(Murr)|Oppenweiler(Württ)|Backnang|Winnenden|Waiblingen,8005769,Stuttgart-Bad Cannstatt,Baden-Württemberg,Stuttgart,70372,9.217468636,48.80127978,3,2609051101,,2609051102,,r,,,,,,,,,3.0,0.0
240389329078028238-2609051125-2,7126,2609051128,2609051129,3,,S,S1,Stuttgart Hbf,8005769,Stuttgart-Bad Cannstatt,Baden-Württemberg,Stuttgart,70372,9.217468636,48.80127978,3,2609051128,,2609051129,,,,,,,,,,,0.0,0.0
5828379386631724042-2609051016-9,19226,2609051103,2609051104,5,,RE,MEX12,Reutlingen Hbf|Metzingen(Württ)|Bempflingen|Nürtingen|Oberboihingen|Wendlingen(Neckar)|Plochingen|Esslingen(Neckar),8005769,Stuttgart-Bad Cannstatt,Baden-Württemberg,Stuttgart,70372,9.217468636,48.80127978,3,2609051103,1,2609051106,1,,,,,,,,,,0.0,2.0
-1383251403817765975-2609051149-2,19415,2609051152,2609051152,7,,ARV,MEX13,Stuttgart Hbf,8005769,Stuttgart-Bad Cannstatt,Baden-Württemberg,Stuttgart,70372,9.217468636,48.80127978,3,2609051158,,2609051159,,,,,,,,,,,6.0,7.0
-3142617915589997314-2609051048-15,19134,2609051146,2609051147,5,,ARV,MEX16,Geislingen(Steige)|Geislingen(Steige)West|Kuchen|Gingen(Fils)|Süßen|Salach|Eislingen(Fils)|Göppingen|Faurndau|Uhingen|Ebersbach(Fils)|Reichenbach(Fils)|Plochingen|Esslingen(Neckar),8005769,Stuttgart-Bad Cannstatt,Baden-Württemberg,Stuttgart,70372,9.217468636,48.80127978,3,2609051147,,2609051148,,,,,,,,,,,1.0,1.0
-8184927979055909549-2609051034-16,7023,2609051121,,1a,,S,,Böblingen|Sindelfingen|Maichingen|Maichingen Nord|Magstadt|Renningen Süd|Renningen|Rutesheim|Leonberg|Höfingen|Ditzingen|Weilimdorf|Korntal|Neuwirtshaus(Porscheplatz)|Stuttgart-Zuffenhausen,8005770,Stuttgart-Feuerbach,Baden-Württemberg,Feuerbach,70469,9.169186287,48.81363554,3,2609051122,,,,,,,,,,,,,1.0,0.0
8203649348842138698-2609051147-3,7626,2609051154,2609051154,2,,S,S6,Stuttgart Hbf|Stuttgart Nordbahnhof,8005770,Stuttgart-Feuerbach,Baden-Württemberg,Feuerbach,70469,9.169186287,48.81363554,3,2609051154,,2609051154,,,,,,,,,,,0.0,0.0
-156452342497214952-2609051146-4,7529,2609051156,2609051156,1,,S,S5,Ludwigsburg|Kornwestheim Pbf|Stuttgart-Zuffenhausen,8005770,Stuttgart-Feuerbach,Baden-Württemberg,Feuerbach,70469,9.169186287,48.81363554,3,2609051156,,2609051157,,,,,,,,,,,0.0,1.0
3857297737128192069-2609051137-3,7424,2609051143,2609051144,2,,S,S4,Stuttgart Hbf|Stuttgart Nordbahnhof,8005770,Stuttgart-Feuerbach,Baden-Württemberg,Feuerbach,70469,9.169186287,48.81363554,3,2609051143,,2609051144,,,,,,,,,,,0.0,0.0
3852770285149226156-2609051057-3,7524,2609051103,2609051104,2,,S,S5,Stuttgart Hbf|Stuttgart Nordbahnhof,8005770,Stuttgart-Feuerbach,Baden-Württemberg,Feuerbach,70469,9.169186287,48.81363554,3,2609051104,,2609051105,,,,,,,,,,,1.0,1.0
-6402095136362730142-2609051033-12,7625,2609051106,2609051106,1,,S,S6,Weil der Stadt|Malmsheim|Renningen|Rutesheim|Leonberg|Höfingen|Ditzingen|Weilimdorf|Korntal|Neuwirtshaus(Porscheplatz)|Stuttgart-Zuffenhausen,8005770,Stuttgart-Feuerbach,Baden-Württemberg,Feuerbach,70469,9.169186287,48.81363554,3,2609051106,,2609051107,,,,,,,,,,,0.0,1.0
-8927650748585631039-2609051117-3,7624,2609051124,2609051124,2,,S,S6,Stuttgart Hbf|Stuttgart Nordbahnhof,8005770,Stuttgart-Feuerbach,Baden-Württemberg,Feuerbach,70469,9.169186287,48.81363554,3,2609051125,,2609051126,,,,,,,,,,,1.0,2.0
-4085161512540611151-2609051116-4,7527,2609051126,2609051126,1,,S,S5,Ludwigsburg|Kornwestheim Pbf|Stuttgart-Zuffenhausen,8005770,Stuttgart-Feuerbach,Baden-Württemberg,Feuerbach,70469,9.169186287,48.81363554,3,2609051126,,2609051127,,,,,,,,,,,0.0,1.0
-6210723054566268000-2609051108-1,7028,,2609051108,,,S,S60,,8005770,Stuttgart-Feuerbach,Baden-Württemberg,Feuerbach,70469,9.169186287,48.81363554,3,,,2609051108,,,,,,,,,,,0.0,0.0
5579615522999161398-2609051103-12,7427,2609051146,2609051147,1,,S,S4,Backnang|Burgstall(Murr)|Kirchberg(Murr)|Erdmannhausen|Marbach(Neckar)|Benningen(Neckar)|Freiberg(Neckar)|Favoritepark|Ludwigsburg|Kornwestheim Pbf|Stuttgart-Zuffenhausen,8005770,Stuttgart-Feuerbach,Baden-Württemberg,Feuerbach,70469,9.169186287,48.81363554,3,2609051150,,2609051150,,,,,,,,,,,4.0,3.0
-5873691979165749702-2609051107-3,7422,2609051113,2609051114,2,,S,S4,Stuttgart Hbf|Stuttgart Nordbahnhof,8005770,Stuttgart-Feuerbach,Baden-Württemberg,Feuerbach,70469,9.169186287,48.81363554,3,2609051114,,2609051114,,,,,,,,,,,1.0,0.0
-5323490408373253678-2609051138-1,7030,,2609051138,,,S,S60,,8005770,Stuttgart-Feuerbach,Baden-Württemberg,Feuerbach,70469,9.169186287,48.81363554,3,,,2609051139,,,,,,,,,,,0.0,1.0
-8375167329740848278-2609051104-16,7025,2609051151,,1a,,S,,Böblingen|Sindelfingen|Maichingen|Maichingen Nord|Magstadt|Renningen Süd|Renningen|Rutesheim|Leonberg|Höfingen|Ditzingen|Weilimdorf|Korntal|Neuwirtshaus(Porscheplatz)|Stuttgart-Zuffenhausen,8005770,Stuttgart-Feuerbach,Baden-Württemberg,Feuerbach,70469,9.169186287,48.81363554,3,2609051151,,,,,,,,,,,,,0.0,0.0
-5264062284338054420-2609051127-3,7526,2609051133,2609051134,2,,S,S5,Stuttgart Hbf|Stuttgart Nordbahnhof,8005770,Stuttgart-Feuerbach,Baden-Württemberg,Feuerbach,70469,9.169186287,48.81363554,3,2609051133,,2609051134,,,,,,,,,,,0.0,0.0
-6961087395599132139-2609051103-12,7627,2609051136,2609051136,1,,S,S6,Weil der Stadt|Malmsheim|Renningen|Rutesheim|Leonberg|Höfingen|Ditzingen|Weilimdorf|Korntal|Neuwirtshaus(Porscheplatz)|Stuttgart-Zuffenhausen,8005770,Stuttgart-Feuerbach,Baden-Württemberg,Feuerbach,70469,9.169186287,48.81363554,3,2609051136,,2609051137,,,,,,,,,,,0.0,1.0
-3819715688037003939-2609051033-12,7425,2609051116,2609051117,1,,S,S4,Backnang|Burgstall(Murr)|Kirchberg(Murr)|Erdmannhausen|Marbach(Neckar)|Benningen(Neckar)|Freiberg(Neckar)|Favoritepark|Ludwigsburg|Kornwestheim Pbf|Stuttgart-Zuffenhausen,8005770,Stuttgart-Feuerbach,Baden-Württemberg,Feuerbach,70469,9.169186287,48.81363554,3,2609051117,,2609051117,,,,,,,,,,,1.0,0.0
-8319398400678058003-2609051050-11,7127,2609051122,2609051122,5,,S,S1,Kirchheim(Teck)|Kirchheim(Teck)-Ötlingen|Wendlingen(Neckar)|Wernau(Neckar)|Plochingen|Altbach|Esslingen-Zell|Oberesslingen|Esslingen(Neckar)|Esslingen-Mettingen,8005772,Stuttgart-Obertürkheim,Baden-Württemberg,Stuttgart,70329,9.268167932,48.76175015,4,2609051123,,2609051124,,,,,,,,,,,1.0,2.0
-969977125013015245-2609051055-5,7124,2609051107,2609051107,6,,S,S1,Stuttgart Hbf|Stuttgart-Bad Cannstatt|Stuttgart Neckarpark|Stuttgart-Untertürkheim,8005772,Stuttgart-Obertürkheim,Baden-Württemberg,Stuttgart,70329,9.268167932,48.76175015,4,2609051107,,2609051108,,,,,,,,,,,0.0,1.0
-5040164597006626382-2609051120-11,7129,2609051152,2609051152,5,,S,S1,Kirchheim(Teck)|Kirchheim(Teck)-Ötlingen|Wendlingen(Neckar)|Wernau(Neckar)|Plochingen|Altbach|Esslingen-Zell|Oberesslingen|Esslingen(Neckar)|Esslingen-Mettingen,8005772,Stuttgart-Obertürkheim,Baden-Württemberg,Stuttgart,70329,9.268167932,48.76175015,4,2609051152,,2609051152,,,,,,,,,,,0.0,0.0
240389329078028238-2609051125-5,7126,2609051137,2609051137,6,,S,S1,Stuttgart Hbf|Stuttgart-Bad Cannstatt|Stuttgart Neckarpark|Stuttgart-Untertürkheim,8005772,Stuttgart-Obertürkheim,Baden-Württemberg,Stuttgart,70329,9.268167932,48.76175015,4,2609051137,,2609051137,,,,,,,,,,,0.0,0.0
1836435062166220832-2609051046-8,7726,2609051107,2609051108,3,,S,S1,Herrenberg|Nufringen|Gärtringen|Ehningen(b Böblingen)|Hulb|Böblingen|Goldberg(Württ),8005773,Stuttgart-Rohr,Baden-Württemberg,Stuttgart,70565,9.108158025,48.71799427,4,2609051109,,2609051109,,,,,,,,,,,2.0,1.0
-4332350823739140402-2609051116-2,7725,2609051117,2609051123,2,,S,S1,Stuttgart-Vaihingen,8005773,Stuttgart-Rohr,Baden-Württemberg,Stuttgart,70565,9.108158025,48.71799427,4,2609051118,,2609051128,,,,,,,,,,,1.0,5.0
2059911478828825113-2609051116-8,7728,2609051137,2609051138,3,,S,S1,Herrenberg|Nufringen|Gärtringen|Ehningen(b Böblingen)|Hulb|Böblingen|Goldberg(Württ),8005773,Stuttgart-Rohr,Baden-Württemberg,Stuttgart,70565,9.108158025,48.71799427,4,2609051141,,2609051142,,,,,,,,,,,4.0,4.0
8916848914768293115-2609051103-6,7924,2609051118,2609051119,3,,S,S2,Filderstadt|Stuttgart Flughafen/Messe|Echterdingen|Leinfelden|Oberaichen,8005773,Stuttgart-Rohr,Baden-Württemberg,Stuttgart,70565,9.108158025,48.71799427,4,2609051118,,2609051120,,,,,,,,,,,0.0,1.0
2065487702491461927-2609051135-2,7927,2609051136,2609051142,2,,S,S2,Stuttgart-Vaihingen,8005773,Stuttgart-Rohr,Baden-Württemberg,Stuttgart,70565,9.108158025,48.71799427,4,2609051137,,2609051142,,,,,,,,,,,1.0,0.0
-2940847191023482874-2609051146-2,7727,2609051147,2609051153,2,,S,S1,Stuttgart-Vaihingen,8005773,Stuttgart-Rohr,Baden-Württemberg,Stuttgart,70565,9.108158025,48.71799427,4,2609051147,,2609051153,,,,,,,,,,,0.0,0.0
3620324444254856529-2609051105-2,7925,2609051106,2609051112,2,,S,S2,Stuttgart-Vaihingen,8005773,Stuttgart-Rohr,Baden-Württemberg,Stuttgart,70565,9.108158025,48.71799427,4,2609051107,,2609051112,,,,,,,,,,,1.0,0.0
-2704305237079306941-2609051133-6,7926,2609051148,2609051149,3,,S,S2,Filderstadt|Stuttgart Flughafen/Messe|Echterdingen|Leinfelden|Oberaichen,8005773,Stuttgart-Rohr,Baden-Württemberg,Stuttgart,70565,9.108158025,48.71799427,4,2609051148,,2609051150,,,,,,,,,,,0.0,1.0
1816762967766826943-2609051120-4,7224,2609051129,2609051129,4,,S,S2,Stuttgart Hbf|Stuttgart-Bad Cannstatt|Stuttgart Nürnberger Str.,8005774,Stuttgart-Sommerrain,Baden-Württemberg,Stuttgart,70374,9.248369749,48.81521824,5,2609051129,,2609051130,,,,,,,,,,,0.0,1.0
-4743712954769026670-2609051111-9,7327,2609051135,2609051135,1,,S,S3,Backnang|Maubach|Nellmersbach|Winnenden|Schwaikheim|Neustadt-Hohenacker|Waiblingen|Fellbach,8005774,Stuttgart-Sommerrain,Baden-Württemberg,Stuttgart,70374,9.248369749,48.81521824,5,2609051136,,2609051136,,,,,,,,,,,1.0,1.0
7865685729445651076-2609051041-9,7325,2609051105,2609051105,1,,S,S3,Backnang|Maubach|Nellmersbach|Winnenden|Schwaikheim|Neustadt-Hohenacker|Waiblingen|Fellbach,8005774,Stuttgart-Sommerrain,Baden-Württemberg,Stuttgart,70374,9.248369749,48.81521824,5,2609051105,,2609051106,,,,,,,,,,,0.0,1.0
8822962995701899685-2609051103-12,7227,2609051130,2609051130,1,,S,S2,Schorndorf|Weiler(Rems)|Winterbach(b Schorndorf)|Geradstetten|Grunbach|Beutelsbach|Endersbach|Stetten-Beinstein|Rommelshausen|Waiblingen|Fellbach,8005774,Stuttgart-Sommerrain,Baden-Württemberg,Stuttgart,70374,9.248369749,48.81521824,5,2609051130,,2609051131,,,,,,,,,,,0.0,1.0
5820964745098673010-2609051112-4,7324,2609051124,2609051124,4,,S,S3,Stuttgart Hbf|Stuttgart-Bad Cannstatt|Stuttgart Nürnberger Str.,8005774,Stuttgart-Sommerrain,Baden-Württemberg,Stuttgart,70374,9.248369749,48.81521824,5,2609051124,,2609051125,,,,,,,,,,,0.0,1.0
1693494407392386618-2609051033-12,7225,2609051100,2609051100,1,,S,S2,Schorndorf|Weiler(Rems)|Winterbach(b Schorndorf)|Geradstetten|Grunbach|Beutelsbach|Endersbach|Stetten-Beinstein|Rommelshausen|Waiblingen|Fellbach,8005774,Stuttgart-Sommerrain,Baden-Württemberg,Stuttgart,70374,9.248369749,48.81521824,5,2609051101,,2609051102,,,,,,,,,,,1.0,2.0
9036342965798539047-2609051142-4,7326,2609051154,2609051154,4,,S,S3,Stuttgart Hbf|Stuttgart-Bad Cannstatt|Stuttgart Nürnberger Str.,8005774,Stuttgart-Sommerrain,Baden-Württemberg,Stuttgart,70374,9.248369749,48.81521824,5,2609051154,,2609051155,,,,,,,,,,,0.0,1.0
8797923397467745795-2609051150-4,7226,2609051159,2609051159,4,,S,S2,Stuttgart Hbf|Stuttgart-Bad Cannstatt|Stuttgart Nürnberger Str.,8005774,Stuttgart-Sommerrain,Baden-Württemberg,Stuttgart,70374,9.248369749,48.81521824,5,2609051159,,2609051159,,,,,,,,,,,0.0,0.0
-8319398400678058003-2609051050-12,7127,2609051125,2609051125,5,,S,S1,Kirchheim(Teck)|Kirchheim(Teck)-Ötlingen|Wendlingen(Neckar)|Wernau(Neckar)|Plochingen|Altbach|Esslingen-Zell|Oberesslingen|Esslingen(Neckar)|Esslingen-Mettingen|Stuttgart-Obertürkheim,8005775,Stuttgart-Untertürkheim Pbf,Baden-Württemberg,Stuttgart,70327,9.250467074,48.77984679,3,2609051126,,2609051127,,,,,,,,,,,1.0,2.0
-969977125013015245-2609051055-4,7124,2609051104,2609051104,6,,S,S1,Stuttgart Hbf|Stuttgart-Bad Cannstatt|Stuttgart Neckarpark,8005775,Stuttgart-Untertürkheim Pbf,Baden-Württemberg,Stuttgart,70327,9.250467074,48.77984679,3,2609051105,,2609051105,,,,,,,,,,,1.0,1.0
-5040164597006626382-2609051120-12,7129,2609051155,2609051155,5,,S,S1,Kirchheim(Teck)|Kirchheim(Teck)-Ötlingen|Wendlingen(Neckar)|Wernau(Neckar)|Plochingen|Altbach|Esslingen-Zell|Oberesslingen|Esslingen(Neckar)|Esslingen-Mettingen|Stuttgart-Obertürkheim,8005775,Stuttgart-Untertürkheim Pbf,Baden-Württemberg,Stuttgart,70327,9.250467074,48.77984679,3,2609051155,,2609051155,,,,,,,,,,,0.0,0.0
240389329078028238-2609051125-4,7126,2609051134,2609051134,6,,S,S1,Stuttgart Hbf|Stuttgart-Bad Cannstatt|Stuttgart Neckarpark,8005775,Stuttgart-Untertürkheim Pbf,Baden-Württemberg,Stuttgart,70327,9.250467074,48.77984679,3,2609051134,,2609051134,,,,,,,,,,,0.0,0.0
1836435062166220832-2609051046-9,7726,2609051110,,3,,S,,Herrenberg|Nufringen|Gärtringen|Ehningen(b Böblingen)|Hulb|Böblingen|Goldberg(Württ)|Stuttgart-Rohr,8005776,Stuttgart-Vaihingen,Baden-Württemberg,Stuttgart,70563,9.113913368,48.72698116,3,2609051111,,,,,,,,,,,,,1.0,0.0
-4332350823739140402-2609051116-1,7725,,2609051116,,,S,S1,,8005776,Stuttgart-Vaihingen,Baden-Württemberg,Stuttgart,70563,9.113913368,48.72698116,3,,,2609051117,,,,,,,,,,,0.0,1.0
2059911478828825113-2609051116-9,7728,2609051140,,3,,S,,Herrenberg|Nufringen|Gärtringen|Ehningen(b Böblingen)|Hulb|Böblingen|Goldberg(Württ)|Stuttgart-Rohr,8005776,Stuttgart-Vaihingen,Baden-Württemberg,Stuttgart,70563,9.113913368,48.72698116,3,2609051143,,,,,,,,,,,,,3.0,0.0
8916848914768293115-2609051103-7,7924,2609051120,,2,,S,,Filderstadt|Stuttgart Flughafen/Messe|Echterdingen|Leinfelden|Oberaichen|Stuttgart-Rohr,8005776,Stuttgart-Vaihingen,Baden-Württemberg,Stuttgart,70563,9.113913368,48.72698116,3,2609051121,,,,,,,,,,,,,1.0,0.0
3478175582673079827-2609051013-16,17650,2609051128,2609051128,4,,RE,RE14b,Freudenstadt Hbf|Grüntal-Wittlensweiler|Dornstetten-Aach|Dornstetten|Schopfloch(b Freudenstadt)|Bittelbronn|Horb-Heiligenfeld|Hochdorf(b Horb)|Eutingen Nord|Eutingen im Gäu|Ergenzingen|Bondorf(b Herrenberg)|Gäufelden|Herrenberg|Böblingen,8005776,Stuttgart-Vaihingen,Baden-Württemberg,Stuttgart,70563,9.113913368,48.72698116,3,2609051135,,2609051136,,,,,,,,,,,7.0,8.0
5055363904167634352-2609051101-2,28479,2609051115,2609051118,6,,RE,RESB,Stuttgart Hbf,8005776,Stuttgart-Vaihingen,Baden-Württemberg,Stuttgart,70563,9.113913368,48.72698116,3,2609051125,4,2609051125,4,,,,,,,,,,10.0,7.0
3909020846593855559-2609051133-2,28478,2609051141,2609051141,4,,RE,RESB,Böblingen,8005776,Stuttgart-Vaihingen,Baden-Württemberg,Stuttgart,70563,9.113913368,48.72698116,3,2609051147,,2609051147,,,,,,,,,,,6.0,6.0
2065487702491461927-2609051135-1,7927,,2609051135,,,S,S2,,8005776,Stuttgart-Vaihingen,Baden-Württemberg,Stuttgart,70563,9.113913368,48.72698116,3,,,2609051135,,,,,,,,,,,0.0,0.0
-2940847191023482874-2609051146-1,7727,,2609051146,,,S,S1,,8005776,Stuttgart-Vaihingen,Baden-Württemberg,Stuttgart,70563,9.113913368,48.72698116,3,,,2609051146,,,,,,,,,,,0.0,0.0
3620324444254856529-2609051105-1,7925,,2609051105,,,S,S2,,8005776,Stuttgart-Vaihingen,Baden-Württemberg,Stuttgart,70563,9.113913368,48.72698116,3,,,2609051106,,,,,,,,,,,0.0,1.0
-2704305237079306941-2609051133-7,7926,2609051150,,2,,S,,Filderstadt|Stuttgart Flughafen/Messe|Echterdingen|Leinfelden|Oberaichen|Stuttgart-Rohr,8005776,Stuttgart-Vaihingen,Baden-Württemberg,Stuttgart,70563,9.113913368,48.72698116,3,2609051152,,,,,,,,,,,,,2.0,0.0
9100079379909334000-2609051015-10,17648,2609051128,2609051128,4,,RE,RE14a,Oberndorf(Neckar)|Sulz(Neckar)|Horb|Eutingen im Gäu|Ergenzingen|Bondorf(b Herrenberg)|Gäufelden|Herrenberg|Böblingen,8005776,Stuttgart-Vaihingen,Baden-Württemberg,Stuttgart,70563,9.113913368,48.72698116,3,2609051135,,2609051136,,,,,,,,,,,7.0,8.0
-8184927979055909549-2609051034-12,7023,2609051111,2609051111,2,,S,S60,Böblingen|Sindelfingen|Maichingen|Maichingen Nord|Magstadt|Renningen Süd|Renningen|Rutesheim|Leonberg|Höfingen|Ditzingen,8006268,Stuttgart-Weilimdorf,Baden-Württemberg,Stuttgart,70499,9.094370086,48.82208429,5,2609051112,,2609051113,,,,,,,,,,,1.0,2.0
-8927650748585631039-2609051117-7,7624,2609051133,2609051134,1,,S,S6,Stuttgart Hbf|Stuttgart Nordbahnhof|Stuttgart-Feuerbach|Stuttgart-Zuffenhausen|Neuwirtshaus(Porscheplatz)|Korntal,8006268,Stuttgart-Weilimdorf,Baden-Württemberg,Stuttgart,70499,9.094370086,48.82208429,5,2609051134,,2609051135,,,,,,,,,,,1.0,1.0
-6210723054566268000-2609051108-5,7028,2609051118,2609051118,1,,S,S60,Stuttgart-Feuerbach|Stuttgart-Zuffenhausen|Neuwirtshaus(Porscheplatz)|Korntal,8006268,Stuttgart-Weilimdorf,Baden-Württemberg,Stuttgart,70499,9.094370086,48.82208429,5,2609051118,,2609051118,,,,,,,,,,,0.0,0.0
-5323490408373253678-2609051138-5,7030,2609051148,2609051148,1,,S,S60,Stuttgart-Feuerbach|Stuttgart-Zuffenhausen|Neuwirtshaus(Porscheplatz)|Korntal,8006268,Stuttgart-Weilimdorf,Baden-Württemberg,Stuttgart,70499,9.094370086,48.82208429,5,2609051148,,2609051149,,,,,,,,,,,0.0,1.0
-8375167329740848278-2609051104-12,7025,2609051141,2609051141,2,,S,S60,Böblingen|Sindelfingen|Maichingen|Maichingen Nord|Magstadt|Renningen Süd|Renningen|Rutesheim|Leonberg|Höfingen|Ditzingen,8006268,Stuttgart-Weilimdorf,Baden-Württemberg,Stuttgart,70499,9.094370086,48.82208429,5,2609051141,,2609051142,,,,,,,,,,,0.0,1.0
-7002229200786107058-2609051047-7,7622,2609051103,2609051104,1,,S,S6,Stuttgart Hbf|Stuttgart Nordbahnhof|Stuttgart-Feuerbach|Stuttgart-Zuffenhausen|Neuwirtshaus(Porscheplatz)|Korntal,8006268,Stuttgart-Weilimdorf,Baden-Württemberg,Stuttgart,70499,9.094370086,48.82208429,5,2609051103,,2609051104,,,,,,,,,,,0.0,0.0
6476044054617913836-2609051133-8,7629,2609051156,2609051156,2,,S,S6,Weil der Stadt|Malmsheim|Renningen|Rutesheim|Leonberg|Höfingen|Ditzingen,8006268,Stuttgart-Weilimdorf,Baden-Württemberg,Stuttgart,70499,9.094370086,48.82208429,5,2609051156,,2609051157,,,,,,,,,,,0.0,1.0
-6961087395599132139-2609051103-8,7627,2609051126,2609051126,2,,S,S6,Weil der Stadt|Malmsheim|Renningen|Rutesheim|Leonberg|Höfingen|Ditzingen,8006268,Stuttgart-Weilimdorf,Baden-Württemberg,Stuttgart,70499,9.094370086,48.82208429,5,2609051126,,2609051127,,,,,,,,,,,0.0,1.0
-8184927979055909549-2609051034-15,7023,2609051118,2609051119,12,,S,S60,Böblingen|Sindelfingen|Maichingen|Maichingen Nord|Magstadt|Renningen Süd|Renningen|Rutesheim|Leonberg|Höfingen|Ditzingen|Weilimdorf|Korntal|Neuwirtshaus(Porscheplatz),8005778,Stuttgart-Zuffenhausen,Baden-Württemberg,Stuttgart,70435,9.167156375,48.82960884,3,2609051119,,2609051120,,,,,,,,,,,1.0,1.0
8203649348842138698-2609051147-4,7626,2609051156,2609051157,11,,S,S6,Stuttgart Hbf|Stuttgart Nordbahnhof|Stuttgart-Feuerbach,8005778,Stuttgart-Zuffenhausen,Baden-Württemberg,Stuttgart,70435,9.167156375,48.82960884,3,2609051156,,2609051157,,,,,,,,,,,0.0,0.0
-156452342497214952-2609051146-3,7529,2609051153,2609051154,2,,S,S5,Ludwigsburg|Kornwestheim Pbf,8005778,Stuttgart-Zuffenhausen,Baden-Württemberg,Stuttgart,70435,9.167156375,48.82960884,3,2609051153,,2609051154,,,,,,,,,,,0.0,0.0
3857297737128192069-2609051137-4,7424,2609051146,2609051147,4,,S,S4,Stuttgart Hbf|Stuttgart Nordbahnhof|Stuttgart-Feuerbach,8005778,Stuttgart-Zuffenhausen,Baden-Württemberg,Stuttgart,70435,9.167156375,48.82960884,3,2609051146,,2609051147,,,,,,,,,,,0.0,0.0
3852770285149226156-2609051057-4,7524,2609051106,2609051107,4,,S,S5,Stuttgart Hbf|Stuttgart Nordbahnhof|Stuttgart-Feuerbach,8005778,Stuttgart-Zuffenhausen,Baden-Württemberg,Stuttgart,70435,9.167156375,48.82960884,3,2609051107,,2609051108,,,,,,,,,,,1.0,1.0
-6402095136362730142-2609051033-11,7625,2609051103,2609051104,12,,S,S6,Weil der Stadt|Malmsheim|Renningen|Rutesheim|Leonberg|Höfingen|Ditzingen|Weilimdorf|Korntal|Neuwirtshaus(Porscheplatz),8005778,Stuttgart-Zuffenhausen,Baden-Württemberg,Stuttgart,70435,9.167156375,48.82960884,3,2609051103,,2609051104,,,,,,,,,,,0.0,0.0
-8927650748585631039-2609051117-4,7624,2609051126,2609051127,11,,S,S6,Stuttgart Hbf|Stuttgart Nordbahnhof|Stuttgart-Feuerbach,8005778,Stuttgart-Zuffenhausen,Baden-Württemberg,Stuttgart,70435,9.167156375,48.82960884,3,2609051128,,2609051128,,,,,,,,,,,2.0,1.0
-4085161512540611151-2609051116-3,7527,2609051123,2609051124,2,,S,S5,Ludwigsburg|Kornwestheim Pbf,8005778,Stuttgart-Zuffenhausen,Baden-Württemberg,Stuttgart,70435,9.167156375,48.82960884,3,2609051123,,2609051124,,,,,,,,,,,0.0,0.0
-6210723054566268000-2609051108-2,7028,2609051111,2609051111,12,,S,S60,Stuttgart-Feuerbach,8005778,Stuttgart-Zuffenhausen,Baden-Württemberg,Stuttgart,70435,9.167156375,48.82960884,3,2609051111,,2609051111,,,,,,,,,,,0.0,0.0
5579615522999161398-2609051103-11,7427,2609051143,2609051144,2,,S,S4,Backnang|Burgstall(Murr)|Kirchberg(Murr)|Erdmannhausen|Marbach(Neckar)|Benningen(Neckar)|Freiberg(Neckar)|Favoritepark|Ludwigsburg|Kornwestheim Pbf,8005778,Stuttgart-Zuffenhausen,Baden-Württemberg,Stuttgart,70435,9.167156375,48.82960884,3,2609051147,,2609051148,,,,,,,,,,,4.0,4.0
-5873691979165749702-2609051107-4,7422,2609051116,2609051117,4,,S,S4,Stuttgart Hbf|Stuttgart Nordbahnhof|Stuttgart-Feuerbach,8005778,Stuttgart-Zuffenhausen,Baden-Württemberg,Stuttgart,70435,9.167156375,48.82960884,3,2609051116,,2609051117,,,,,,,,,,,0.0,0.0
-5323490408373253678-2609051138-2,7030,2609051141,2609051141,12,,S,S60,Stuttgart-Feuerbach,8005778,Stuttgart-Zuffenhausen,Baden-Württemberg,Stuttgart,70435,9.167156375,48.82960884,3,2609051141,,2609051141,,,,,,,,,,,0.0,0.0
-8375167329740848278-2609051104-15,7025,2609051148,2609051149,12,,S,S60,Böblingen|Sindelfingen|Maichingen|Maichingen Nord|Magstadt|Renningen Süd|Renningen|Rutesheim|Leonberg|Höfingen|Ditzingen|Weilimdorf|Korntal|Neuwirtshaus(Porscheplatz),8005778,Stuttgart-Zuffenhausen,Baden-Württemberg,Stuttgart,70435,9.167156375,48.82960884,3,2609051149,,2609051149,,,,,,,,,,,1.0,0.0
-5264062284338054420-2609051127-4,7526,2609051136,2609051137,4,,S,S5,Stuttgart Hbf|Stuttgart Nordbahnhof|Stuttgart-Feuerbach,8005778,Stuttgart-Zuffenhausen,Baden-Württemberg,Stuttgart,70435,9.167156375,48.82960884,3,2609051136,,2609051137,,,,,,,,,,,0.0,0.0
-6961087395599132139-2609051103-11,7627,2609051133,2609051134,12,,S,S6,Weil der Stadt|Malmsheim|Renningen|Rutesheim|Leonberg|Höfingen|Ditzingen|Weilimdorf|Korntal|Neuwirtshaus(Porscheplatz),8005778,Stuttgart-Zuffenhausen,Baden-Württemberg,Stuttgart,70435,9.167156375,48.82960884,3,2609051133,,2609051134,,,,,,,,,,,0.0,0.0
-3819715688037003939-2609051033-11,7425,2609051113,2609051114,2,,S,S4,Backnang|Burgstall(Murr)|Kirchberg(Murr)|Erdmannhausen|Marbach(Neckar)|Benningen(Neckar)|Freiberg(Neckar)|Favoritepark|Ludwigsburg|Kornwestheim Pbf,8005778,Stuttgart-Zuffenhausen,Baden-Württemberg,Stuttgart,70435,9.167156375,48.82960884,3,2609051114,,2609051115,,,,,,,,,,,1.0,1.0
1816762967766826943-2609051120-6,7224,2609051134,2609051135,7,,S,S2,Stuttgart Hbf|Stuttgart-Bad Cannstatt|Stuttgart Nürnberger Str.|Stuttgart-Sommerrain|Fellbach,8000180,Waiblingen,Baden-Württemberg,Waiblingen,71332,9.300476874,48.8262444,3,2609051136,,2609051136,,,,,,,,,,,2.0,1.0
5322716827489361771-2609051047-3,19413,2609051102,2609051102,6,,ARV,MEX13,Stuttgart Hbf|Stuttgart-Bad Cannstatt,8000180,Waiblingen,Baden-Württemberg,Waiblingen,71332,9.300476874,48.8262444,3,2609051102,7,2609051103,7,,,,,,,,,,0.0,1.0
-4743712954769026670-2609051111-7,7327,2609051129,2609051130,1,,S,S3,Backnang|Maubach|Nellmersbach|Winnenden|Schwaikheim|Neustadt-Hohenacker,8000180,Waiblingen,Baden-Württemberg,Waiblingen,71332,9.300476874,48.8262444,3,2609051130,,2609051132,,,,,,,,,,,1.0,2.0
-7250951253539911335-2609051133-10,7229,2609051154,2609051155,5,,S,S2,Schorndorf|Weiler(Rems)|Winterbach(b Schorndorf)|Geradstetten|Grunbach|Beutelsbach|Endersbach|Stetten-Beinstein|Rommelshausen,8000180,Waiblingen,Baden-Württemberg,Waiblingen,71332,9.300476874,48.8262444,3,2609051154,,2609051155,,,,,,,,,,,0.0,0.0
7865685729445651076-2609051041-7,7325,2609051059,2609051100,1,,S,S3,Backnang|Maubach|Nellmersbach|Winnenden|Schwaikheim|Neustadt-Hohenacker,8000180,Waiblingen,Baden-Württemberg,Waiblingen,71332,9.300476874,48.8262444,3,2609051101,,2609051101,,,,,,,,,,,2.0,1.0
4596878481391844981-2609051120-3,19465,2609051132,2609051132,6,,ARV,MEX13,Stuttgart Hbf|Stuttgart-Bad Cannstatt,8000180,Waiblingen,Baden-Württemberg,Waiblingen,71332,9.300476874,48.8262444,3,2609051132,7,2609051133,7,,,,,,,,,,0.0,1.0
-4910924940869376561-2609051100-3,88617,2609051110,2609051110,3,,ARV,RE90,Stuttgart Hbf|Stuttgart-Bad Cannstatt,8000180,Waiblingen,Baden-Württemberg,Waiblingen,71332,9.300476874,48.8262444,3,2609051111,,2609051112,,r,,,,,,,,,1.0,2.0
390998906735625917-2609051050-6,7222,2609051104,2609051105,7,,S,S2,Stuttgart Hbf|Stuttgart-Bad Cannstatt|Stuttgart Nürnberger Str.|Stuttgart-Sommerrain|Fellbach,8000180,Waiblingen,Baden-Württemberg,Waiblingen,71332,9.300476874,48.8262444,3,2609051106,,2609051107,,,,,,,,,,,2.0,2.0
4518629887515619781-2609051042-6,7322,2609051059,2609051100,3,,S,S3,Stuttgart Hbf|Stuttgart-Bad Cannstatt|Stuttgart Nürnberger Str.|Stuttgart-Sommerrain|Fellbach,8000180,Waiblingen,Baden-Württemberg,Waiblingen,71332,9.300476874,48.8262444,3,2609051100,,2609051101,,,,,,,,,,,1.0,1.0
-1975987368948360309-2609051103-8,17528,2609051150,2609051151,1,,RE,MEX90,Schwäbisch Hall-Hessental|Gaildorf West|Murrhardt|Sulzbach(Murr)|Oppenweiler(Württ)|Backnang|Winnenden,8000180,Waiblingen,Baden-Württemberg,Waiblingen,71332,9.300476874,48.8262444,3,2609051156,,2609051158,,,,,,,,,,,6.0,7.0
-7198946583689104380-2609050952-18,19466,2609051128,2609051128,6,,ARV,MEX13,Crailsheim|Jagstzell|Ellwangen|Schrezheim|Schwabsberg|Goldshöfe|Hofen(b Aalen)|Wasseralfingen|Aalen Hbf|Mögglingen(Gmünd)|Böbingen(Rems)|Schwäbisch Gmünd|Lorch(Württ)|Waldhausen(b Schorndorf)|Plüderhausen|Urbach(b Schorndorf)|Schorndorf,8000180,Waiblingen,Baden-Württemberg,Waiblingen,71332,9.300476874,48.8262444,3,2609051133,,2609051133,,,,,,,,,,,5.0,5.0
-3955134605586594139-2609051141-7,7329,2609051159,2609051200,1,,S,S3,Backnang|Maubach|Nellmersbach|Winnenden|Schwaikheim|Neustadt-Hohenacker,8000180,Waiblingen,Baden-Württemberg,Waiblingen,71332,9.300476874,48.8262444,3,2609051204,,2609051205,,,,,,,,,,,5.0,5.0
8822962995701899685-2609051103-10,7227,2609051124,2609051125,5,,S,S2,Schorndorf|Weiler(Rems)|Winterbach(b Schorndorf)|Geradstetten|Grunbach|Beutelsbach|Endersbach|Stetten-Beinstein|Rommelshausen,8000180,Waiblingen,Baden-Württemberg,Waiblingen,71332,9.300476874,48.8262444,3,2609051125,,2609051125,,,,,,,,,,,1.0,0.0
5820964745098673010-2609051112-6,7324,2609051129,2609051130,3,,S,S3,Stuttgart Hbf|Stuttgart-Bad Cannstatt|Stuttgart Nürnberger Str.|Stuttgart-Sommerrain|Fellbach,8000180,Waiblingen,Baden-Württemberg,Waiblingen,71332,9.300476874,48.8262444,3,2609051129,,2609051130,,,,,,,,,,,0.0,0.0
9036342965798539047-2609051142-6,7326,2609051159,2609051200,3,,S,S3,Stuttgart Hbf|Stuttgart-Bad Cannstatt|Stuttgart Nürnberger Str.|Stuttgart-Sommerrain|Fellbach,8000180,Waiblingen,Baden-Württemberg,Waiblingen,71332,9.300476874,48.8262444,3,2609051159,,2609051200,,,,,,,,,,,0.0,0.0
-2690453283388249865-2609051107-10,19418,2609051158,2609051158,6,,ARV,MEX13,Aalen Hbf|Mögglingen(Gmünd)|Böbingen(Rems)|Schwäbisch Gmünd|Lorch(Württ)|Waldhausen(b Schorndorf)|Plüderhausen|Urbach(b Schorndorf)|Schorndorf,8000180,Waiblingen,Baden-Württemberg,Waiblingen,71332,9.300476874,48.8262444,3,2609051158,,2609051159,,,,,,,,,,,0.0,1.0
-8927650748585631039-2609051117-14,7624,2609051157,,2,,S,,Stuttgart Hbf|Stuttgart Nordbahnhof|Stuttgart-Feuerbach|Stuttgart-Zuffenhausen|Neuwirtshaus(Porscheplatz)|Korntal|Weilimdorf|Ditzingen|Höfingen|Leonberg|Rutesheim|Renningen|Malmsheim,8006271,Weil der Stadt,Baden-Württemberg,Weil der Stadt,71263,8.873189074,48.7557357,4,2609051158,,,,,,,,,,,,,1.0,0.0
-1586374643525494892-2609051142-2,26148,2609051145,2609051147,141,,SWE,RB76,Renningen,8006271,Weil der Stadt,Baden-Württemberg,Weil der Stadt,71263,8.873189074,48.7557357,4,2609051147,,2609051149,,,,,,,,,,,2.0,2.0
-7002229200786107058-2609051047-14,7622,2609051127,,2,,S,,Stuttgart Hbf|Stuttgart Nordbahnhof|Stuttgart-Feuerbach|Stuttgart-Zuffenhausen|Neuwirtshaus(Porscheplatz)|Korntal|Weilimdorf|Ditzingen|Höfingen|Leonberg|Rutesheim|Renningen|Malmsheim,8006271,Weil der Stadt,Baden-Württemberg,Weil der Stadt,71263,8.873189074,48.7557357,4,2609051127,,,,,,,,,,,,,0.0,0.0
6476044054617913836-2609051133-1,7629,,2609051133,,,S,S6,,8006271,Weil der Stadt,Baden-Württemberg,Weil der Stadt,71263,8.873189074,48.7557357,4,,,2609051133,,,,,,,,,,,0.0,0.0
-6961087395599132139-2609051103-1,7627,,2609051103,,,S,S6,,8006271,Weil der Stadt,Baden-Württemberg,Weil der Stadt,71263,8.873189074,48.7557357,4,,,2609051104,,,,,,,,,,,0.0,1.0
-2703726817123092516-2609051110-5,26147,2609051128,2609051128,141,,SWE,RB76,Calw|Calw-Heumaden|Althengstett|Ostelsheim,8006271,Weil der Stadt,Baden-Württemberg,Weil der Stadt,71263,8.873189074,48.7557357,4,2609051129,,2609051130,,,,,,,,,,,1.0,2.0
1816762967766826943-2609051120-14,7224,2609051152,2609051152,1,,S,S2,Stuttgart Hbf|Stuttgart-Bad Cannstatt|Stuttgart Nürnberger Str.|Stuttgart-Sommerrain|Fellbach|Waiblingen|Rommelshausen|Stetten-Beinstein|Endersbach|Beutelsbach|Grunbach|Geradstetten|Winterbach(b Schorndorf),8006277,Weiler (Rems),Baden-Württemberg,Schorndorf,76314,9.501891172,48.80034585,5,2609051153,,2609051154,,,,,,,,,,,1.0,2.0
-7250951253539911335-2609051133-2,7229,2609051136,2609051136,2,,S,S2,Schorndorf,8006277,Weiler (Rems),Baden-Württemberg,Schorndorf,76314,9.501891172,48.80034585,5,2609051136,,2609051136,,,,,,,,,,,0.0,0.0
390998906735625917-2609051050-14,7222,2609051122,2609051122,1,,S,S2,Stuttgart Hbf|Stuttgart-Bad Cannstatt|Stuttgart Nürnberger Str.|Stuttgart-Sommerrain|Fellbach|Waiblingen|Rommelshausen|Stetten-Beinstein|Endersbach|Beutelsbach|Grunbach|Geradstetten|Winterbach(b Schorndorf),8006277,Weiler (Rems),Baden-Württemberg,Schorndorf,76314,9.501891172,48.80034585,5,2609051124,,2609051124,,,,,,,,,,,2.0,2.0
8822962995701899685-2609051103-2,7227,2609051106,2609051106,2,,S,S2,Schorndorf,8006277,Weiler (Rems),Baden-Württemberg,Schorndorf,76314,9.501891172,48.80034585,5,2609051106,,2609051106,,,,,,,,,,,0.0,0.0
-2528578121548994735-2609051129-3,16054,2609051159,,3,,RE,,Ulm Hbf|Merklingen - Schwäbische Alb,8006331,Wendlingen (Neckar),Baden-Württemberg,Wendlingen am Neckar,73240,9.373662098,48.67368917,3,2609051158,,,,h,2,Störung,,,,,,,-1.0,0.0
-3857622875781178481-2609051025-13,7122,2609051102,2609051103,11,,S,S1,Stuttgart Hbf|Stuttgart-Bad Cannstatt|Stuttgart Neckarpark|Stuttgart-Untertürkheim|Stuttgart-Obertürkheim|Esslingen-Mettingen|Esslingen(Neckar)|Oberesslingen|Esslingen-Zell|Altbach|Plochingen|Wernau(Neckar),8006331,Wendlingen (Neckar),Baden-Württemberg,Wendlingen am Neckar,73240,9.373662098,48.67368917,3,2609051102,,2609051103,,,,,,,,,,,0.0,0.0
-969977125013015245-2609051055-13,7124,2609051133,2609051133,11,,S,S1,Stuttgart Hbf|Stuttgart-Bad Cannstatt|Stuttgart Neckarpark|Stuttgart-Untertürkheim|Stuttgart-Obertürkheim|Esslingen-Mettingen|Esslingen(Neckar)|Oberesslingen|Esslingen-Zell|Altbach|Plochingen|Wernau(Neckar),8006331,Wendlingen (Neckar),Baden-Württemberg,Wendlingen am Neckar,73240,9.373662098,48.67368917,3,2609051134,,2609051135,,,,,,,,,,,1.0,2.0
-5040164597006626382-2609051120-3,7129,2609051127,2609051128,12,,S,S1,Kirchheim(Teck)|Kirchheim(Teck)-Ötlingen,8006331,Wendlingen (Neckar),Baden-Württemberg,Wendlingen am Neckar,73240,9.373662098,48.67368917,3,2609051127,,2609051128,,,,,,,,,,,0.0,0.0
-8090272443996757561-2609051124-1,16053,,2609051124,,,RE,RE200,,8006331,Wendlingen (Neckar),Baden-Württemberg,Wendlingen am Neckar,73240,9.373662098,48.67368917,3,,,2609051125,,,,,,,,,,,0.0,1.0
-2497004780648081166-2609051116-6,19228,2609051140,2609051141,1,,RE,MEX12,Reutlingen Hbf|Metzingen(Württ)|Bempflingen|Nürtingen|Oberboihingen,8006331,Wendlingen (Neckar),Baden-Württemberg,Wendlingen am Neckar,73240,9.373662098,48.67368917,3,2609051209,,2609051211,,h,2,Störung,,,Reutlingen Hbf|Metzingen(Württ)|Bempflingen|Nürtingen|Oberboihingen,Plochingen|Esslingen(Neckar)|Stuttgart-Bad Cannstatt|Stuttgart Hbf,c,c,29.0,30.0
-5192346775995413924-2609051051-5,19219,2609051118,2609051118,2,,RE,MEX12,Stuttgart Hbf|Stuttgart-Bad Cannstatt|Esslingen(Neckar)|Plochingen,8006331,Wendlingen (Neckar),Baden-Württemberg,Wendlingen am Neckar,73240,9.373662098,48.67368917,3,2609051122,,2609051123,,,,,,,,,,,4.0,5.0
4736637014602700336-2609051150-3,7131,2609051157,2609051158,12,,S,S1,Kirchheim(Teck)|Kirchheim(Teck)-Ötlingen,8006331,Wendlingen (Neckar),Baden-Württemberg,Wendlingen am Neckar,73240,9.373662098,48.67368917,3,2609051157,,2609051158,,,,,,,,,,,0.0,0.0
-8319398400678058003-2609051050-4,7127,2609051101,2609051101,1,,S,S1,Kirchheim(Teck)|Kirchheim(Teck)-Ötlingen|Wendlingen(Neckar),8006346,Wernau (Neckar),Baden-Württemberg,Wernau (Neckar),73249,9.413654423,48.69417221,4,2609051103,,2609051104,,,,,,,,,,,2.0,3.0
-969977125013015245-2609051055-12,7124,2609051129,2609051129,2,,S,S1,Stuttgart Hbf|Stuttgart-Bad Cannstatt|Stuttgart Neckarpark|Stuttgart-Untertürkheim|Stuttgart-Obertürkheim|Esslingen-Mettingen|Esslingen(Neckar)|Oberesslingen|Esslingen-Zell|Altbach|Plochingen,8006346,Wernau (Neckar),Baden-Württemberg,Wernau (Neckar),73249,9.413654423,48.69417221,4,2609051131,,2609051131,,,,,,,,,,,2.0,2.0
-5040164597006626382-2609051120-4,7129,2609051131,2609051131,1,,S,S1,Kirchheim(Teck)|Kirchheim(Teck)-Ötlingen|Wendlingen(Neckar),8006346,Wernau (Neckar),Baden-Württemberg,Wernau (Neckar),73249,9.413654423,48.69417221,4,2609051131,,2609051131,,,,,,,,,,,0.0,0.0
240389329078028238-2609051125-12,7126,2609051158,2609051159,2,,S,S1,Stuttgart Hbf|Stuttgart-Bad Cannstatt|Stuttgart Neckarpark|Stuttgart-Untertürkheim|Stuttgart-Obertürkheim|Esslingen-Mettingen|Esslingen(Neckar)|Oberesslingen|Esslingen-Zell|Altbach|Plochingen,8006346,Wernau (Neckar),Baden-Württemberg,Wernau (Neckar),73249,9.413654423,48.69417221,4,2609051158,,2609051159,,,,,,,,,,,0.0,0.0
-4743712954769026670-2609051111-4,7327,2609051119,2609051120,3,,S,S3,Backnang|Maubach|Nellmersbach,8006479,Winnenden,Baden-Württemberg,Winnenden,71364,9.392155928,48.8795625,3,2609051120,,2609051120,,,,,,,,,,,1.0,0.0
-4910924940869376561-2609051100-4,88617,2609051117,2609051118,2,,ARV,RE90,Stuttgart Hbf|Stuttgart-Bad Cannstatt|Waiblingen,8006479,Winnenden,Baden-Württemberg,Winnenden,71364,9.392155928,48.8795625,3,2609051118,,2609051119,,r,,,,,,,,,1.0,1.0
4518629887515619781-2609051042-9,7322,2609051109,2609051109,2,,S,S3,Stuttgart Hbf|Stuttgart-Bad Cannstatt|Stuttgart Nürnberger Str.|Stuttgart-Sommerrain|Fellbach|Waiblingen|Neustadt-Hohenacker|Schwaikheim,8006479,Winnenden,Baden-Württemberg,Winnenden,71364,9.392155928,48.8795625,3,2609051109,,2609051110,,,,,,,,,,,0.0,1.0
-1975987368948360309-2609051103-7,17528,2609051143,2609051144,3,,RE,MEX90,Schwäbisch Hall-Hessental|Gaildorf West|Murrhardt|Sulzbach(Murr)|Oppenweiler(Württ)|Backnang,8006479,Winnenden,Baden-Württemberg,Winnenden,71364,9.392155928,48.8795625,3,2609051148,,2609051149,,,,,,,,,,,5.0,5.0
-3955134605586594139-2609051141-4,7329,2609051149,2609051150,3,,S,S3,Backnang|Maubach|Nellmersbach,8006479,Winnenden,Baden-Württemberg,Winnenden,71364,9.392155928,48.8795625,3,2609051154,,2609051155,,,,,,,,,,,5.0,5.0
5820964745098673010-2609051112-9,7324,2609051139,2609051139,2,,S,S3,Stuttgart Hbf|Stuttgart-Bad Cannstatt|Stuttgart Nürnberger Str.|Stuttgart-Sommerrain|Fellbach|Waiblingen|Neustadt-Hohenacker|Schwaikheim,8006479,Winnenden,Baden-Württemberg,Winnenden,71364,9.392155928,48.8795625,3,2609051140,,2609051141,,,,,,,,,,,1.0,2.0
1816762967766826943-2609051120-13,7224,2609051150,2609051150,2,,S,S2,Stuttgart Hbf|Stuttgart-Bad Cannstatt|Stuttgart Nürnberger Str.|Stuttgart-Sommerrain|Fellbach|Waiblingen|Rommelshausen|Stetten-Beinstein|Endersbach|Beutelsbach|Grunbach|Geradstetten,8006485,Winterbach (b Schorndorf),Baden-Württemberg,Winterbach,73650,9.481549751,48.79842743,4,2609051151,,2609051151,,,,,,,,,,,1.0,1.0
-7250951253539911335-2609051133-3,7229,2609051138,2609051138,1,,S,S2,Schorndorf|Weiler(Rems),8006485,Winterbach (b Schorndorf),Baden-Württemberg,Winterbach,73650,9.481549751,48.79842743,4,2609051138,,2609051138,,,,,,,,,,,0.0,0.0
390998906735625917-2609051050-13,7222,2609051120,2609051120,2,,S,S2,Stuttgart Hbf|Stuttgart-Bad Cannstatt|Stuttgart Nürnberger Str.|Stuttgart-Sommerrain|Fellbach|Waiblingen|Rommelshausen|Stetten-Beinstein|Endersbach|Beutelsbach|Grunbach|Geradstetten,8006485,Winterbach (b Schorndorf),Baden-Württemberg,Winterbach,73650,9.481549751,48.79842743,4,2609051122,,2609051122,,,,,,,,,,,2.0,2.0
8822962995701899685-2609051103-3,7227,2609051108,2609051108,1,,S,S2,Schorndorf|Weiler(Rems),8006485,Winterbach (b Schorndorf),Baden-Württemberg,Winterbach,73650,9.481549751,48.79842743,4,2609051108,,2609051108,,,,,,,,,,,0.0,0.0
-6210723054566268000-2609051108-12,7028,2609051145,2609051145,2,,S,S60,Stuttgart-Feuerbach|Stuttgart-Zuffenhausen|Neuwirtshaus(Porscheplatz)|Korntal|Weilimdorf|Ditzingen|Höfingen|Leonberg|Rutesheim|Renningen|Renningen Süd,8003807,Magstadt,Baden-Württemberg,Magstadt,71106,8.965315746,48.73616033,6,2609051145,,2609051146,,,,,,,,,,,0.0,1.0
-8375167329740848278-2609051104-5,7025,2609051113,2609051114,1,,S,S60,Böblingen|Sindelfingen|Maichingen|Maichingen Nord,8003807,Magstadt,Baden-Württemberg,Magstadt,71106,8.965315746,48.73616033,6,2609051114,,2609051114,,,,,,,,,,,1.0,0.0
-7543730555449738385-2609051038-12,7026,2609051115,2609051115,2,,S,S60,Stuttgart-Feuerbach|Stuttgart-Zuffenhausen|Neuwirtshaus(Porscheplatz)|Korntal|Weilimdorf|Ditzingen|Höfingen|Leonberg|Rutesheim|Renningen|Renningen Süd,8003807,Magstadt,Baden-Württemberg,Magstadt,71106,8.965315746,48.73616033,6,2609051117,,2609051118,,,,,,,,,,,2.0,3.0
-2997586613667252816-2609051134-5,7027,2609051143,2609051144,1,,S,S60,Böblingen|Sindelfingen|Maichingen|Maichingen Nord,8003807,Magstadt,Baden-Württemberg,Magstadt,71106,8.965315746,48.73616033,6,2609051144,,2609051145,,,,,,,,,,,1.0,1.0
-6210723054566268000-2609051108-13,7028,2609051147,2609051147,2,,S,S60,Stuttgart-Feuerbach|Stuttgart-Zuffenhausen|Neuwirtshaus(Porscheplatz)|Korntal|Weilimdorf|Ditzingen|Höfingen|Leonberg|Rutesheim|Renningen|Renningen Süd|Magstadt,8003834,Maichingen Nord,Baden-Württemberg,Sindelfingen,71069,8.979416996,48.72750392,5,2609051148,,2609051148,,,,,,,,,,,1.0,1.0
-8375167329740848278-2609051104-4,7025,2609051111,2609051111,1,,S,S60,Böblingen|Sindelfingen|Maichingen,8003834,Maichingen Nord,Baden-Württemberg,Sindelfingen,71069,8.979416996,48.72750392,5,2609051112,,2609051112,,,,,,,,,,,1.0,1.0
-7543730555449738385-2609051038-13,7026,2609051117,2609051117,2,,S,S60,Stuttgart-Feuerbach|Stuttgart-Zuffenhausen|Neuwirtshaus(Porscheplatz)|Korntal|Weilimdorf|Ditzingen|Höfingen|Leonberg|Rutesheim|Renningen|Renningen Süd|Magstadt,8003834,Maichingen Nord,Baden-Württemberg,Sindelfingen,71069,8.979416996,48.72750392,5,2609051119,,2609051120,,,,,,,,,,,2.0,3.0
-2997586613667252816-2609051134-4,7027,2609051141,2609051141,1,,S,S60,Böblingen|Sindelfingen|Maichingen,8003834,Maichingen Nord,Baden-Württemberg,Sindelfingen,71069,8.979416996,48.72750392,5,2609051142,,2609051142,,,,,,,,,,,1.0,1.0
-6210723054566268000-2609051108-14,7028,2609051149,2609051149,1,,S,S60,Stuttgart-Feuerbach|Stuttgart-Zuffenhausen|Neuwirtshaus(Porscheplatz)|Korntal|Weilimdorf|Ditzingen|Höfingen|Leonberg|Rutesheim|Renningen|Renningen Süd|Magstadt|Maichingen Nord,8003808,Maichingen,Baden-Württemberg,Sindelfingen,71069,8.969606704,48.72162074,6,2609051149,,2609051150,,,,,,,,,,,0.0,1.0
-8375167329740848278-2609051104-3,7025,2609051109,2609051110,1,,S,S60,Böblingen|Sindelfingen,8003808,Maichingen,Baden-Württemberg,Sindelfingen,71069,8.969606704,48.72162074,6,2609051110,,2609051110,,,,,,,,,,,1.0,0.0
-7543730555449738385-2609051038-14,7026,2609051119,2609051119,1,,S,S60,Stuttgart-Feuerbach|Stuttgart-Zuffenhausen|Neuwirtshaus(Porscheplatz)|Korntal|Weilimdorf|Ditzingen|Höfingen|Leonberg|Rutesheim|Renningen|Renningen Süd|Magstadt|Maichingen Nord,8003808,Maichingen,Baden-Württemberg,Sindelfingen,71069,8.969606704,48.72162074,6,2609051121,,2609051122,,,,,,,,,,,2.0,3.0
-2997586613667252816-2609051134-3,7027,2609051139,2609051140,1,,S,S60,Böblingen|Sindelfingen,8003808,Maichingen,Baden-Württemberg,Sindelfingen,71069,8.969606704,48.72162074,6,2609051139,,2609051141,,,,,,,,,,,0.0,1.0
-6210723054566268000-2609051108-11,7028,2609051141,2609051141,2,,S,S60,Stuttgart-Feuerbach|Stuttgart-Zuffenhausen|Neuwirtshaus(Porscheplatz)|Korntal|Weilimdorf|Ditzingen|Höfingen|Leonberg|Rutesheim|Renningen,8005001,Renningen Süd,Baden-Württemberg,Renningen,71272,8.932068278,48.76261937,6,2609051141,,2609051142,,,,,,,,,,,0.0,1.0
-8375167329740848278-2609051104-6,7025,2609051117,2609051118,1,,S,S60,Böblingen|Sindelfingen|Maichingen|Maichingen Nord|Magstadt,8005001,Renningen Süd,Baden-Württemberg,Renningen,71272,8.932068278,48.76261937,6,2609051117,,2609051118,,,,,,,,,,,0.0,0.0
-7543730555449738385-2609051038-11,7026,2609051111,2609051111,2,,S,S60,Stuttgart-Feuerbach|Stuttgart-Zuffenhausen|Neuwirtshaus(Porscheplatz)|Korntal|Weilimdorf|Ditzingen|Höfingen|Leonberg|Rutesheim|Renningen,8005001,Renningen Süd,Baden-Württemberg,Renningen,71272,8.932068278,48.76261937,6,2609051113,,2609051114,,,,,,,,,,,2.0,3.0
-2997586613667252816-2609051134-6,7027,2609051147,2609051148,1,,S,S60,Böblingen|Sindelfingen|Maichingen|Maichingen Nord|Magstadt,8005001,Renningen Süd,Baden-Württemberg,Renningen,71272,8.932068278,48.76261937,6,2609051148,,2609051148,,,,,,,,,,,1.0,0.0
